
build/debug/cable-lock.elf:     file format elf32-littlearm

Sections:
Idx Name          Size      VMA       LMA       File off  Algn
  0 .isr_vector   000001d8  08000000  08000000  00001000  2**0
                  CONTENTS, ALLOC, LOAD, READONLY, DATA
  1 .text         000010c0  080001d8  080001d8  000011d8  2**2
                  CONTENTS, ALLOC, LOAD, READONLY, CODE
  2 .rodata       00000010  08001298  08001298  00002298  2**2
                  CONTENTS, ALLOC, LOAD, READONLY, DATA
  3 .ARM.extab    00000000  080012a8  080012a8  0000300c  2**0
                  CONTENTS, READONLY
  4 .ARM          00000000  080012a8  080012a8  0000300c  2**0
                  CONTENTS, READONLY
  5 .preinit_array 00000000  080012a8  080012a8  0000300c  2**0
                  CONTENTS, ALLOC, LOAD, DATA
  6 .init_array   00000004  080012a8  080012a8  000022a8  2**2
                  CONTENTS, ALLOC, LOAD, READONLY, DATA
  7 .fini_array   00000004  080012ac  080012ac  000022ac  2**2
                  CONTENTS, ALLOC, LOAD, READONLY, DATA
  8 .data         0000000c  20000000  080012b0  00003000  2**2
                  CONTENTS, ALLOC, LOAD, DATA
  9 .bss          00000020  2000000c  080012bc  0000300c  2**2
                  ALLOC
 10 ._user_heap_stack 00000604  2000002c  080012bc  0000302c  2**0
                  ALLOC
 11 .ARM.attributes 00000030  00000000  00000000  0000300c  2**0
                  CONTENTS, READONLY
 12 .comment      00000039  00000000  00000000  0000303c  2**0
                  CONTENTS, READONLY
 13 .debug_info   00005c84  00000000  00000000  00003075  2**0
                  CONTENTS, READONLY, DEBUGGING, OCTETS
 14 .debug_abbrev 00001547  00000000  00000000  00008cf9  2**0
                  CONTENTS, READONLY, DEBUGGING, OCTETS
 15 .debug_loclists 0000177f  00000000  00000000  0000a240  2**0
                  CONTENTS, READONLY, DEBUGGING, OCTETS
 16 .debug_aranges 00000628  00000000  00000000  0000b9c0  2**3
                  CONTENTS, READONLY, DEBUGGING, OCTETS
 17 .debug_rnglists 0000048f  00000000  00000000  0000bfe8  2**0
                  CONTENTS, READONLY, DEBUGGING, OCTETS
 18 .debug_line   00004382  00000000  00000000  0000c477  2**0
                  CONTENTS, READONLY, DEBUGGING, OCTETS
 19 .debug_str    00001f5d  00000000  00000000  000107f9  2**0
                  CONTENTS, READONLY, DEBUGGING, OCTETS
 20 .debug_frame  00000c48  00000000  00000000  00012758  2**2
                  CONTENTS, READONLY, DEBUGGING, OCTETS
 21 .debug_line_str 0000004c  00000000  00000000  000133a0  2**0
                  CONTENTS, READONLY, DEBUGGING, OCTETS

Disassembly of section .text:

080001d8 <__do_global_dtors_aux>:
 80001d8:	b508      	push	{r3, lr}
 80001da:	4b06      	ldr	r3, [pc, #24]	@ (80001f4 <__do_global_dtors_aux+0x1c>)
 80001dc:	781a      	ldrb	r2, [r3, #0]
 80001de:	b93a      	cbnz	r2, 80001f0 <__do_global_dtors_aux+0x18>
 80001e0:	4a05      	ldr	r2, [pc, #20]	@ (80001f8 <__do_global_dtors_aux+0x20>)
 80001e2:	b11a      	cbz	r2, 80001ec <__do_global_dtors_aux+0x14>
 80001e4:	4805      	ldr	r0, [pc, #20]	@ (80001fc <__do_global_dtors_aux+0x24>)
 80001e6:	f3af 8000 	nop.w
 80001ea:	4b02      	ldr	r3, [pc, #8]	@ (80001f4 <__do_global_dtors_aux+0x1c>)
 80001ec:	2201      	movs	r2, #1
 80001ee:	701a      	strb	r2, [r3, #0]
 80001f0:	bd08      	pop	{r3, pc}
 80001f2:	bf00      	nop
 80001f4:	2000000c 	.word	0x2000000c
 80001f8:	00000000 	.word	0x00000000
 80001fc:	08001280 	.word	0x08001280

08000200 <frame_dummy>:
 8000200:	b508      	push	{r3, lr}
 8000202:	4b03      	ldr	r3, [pc, #12]	@ (8000210 <frame_dummy+0x10>)
 8000204:	b11b      	cbz	r3, 800020e <frame_dummy+0xe>
 8000206:	4903      	ldr	r1, [pc, #12]	@ (8000214 <frame_dummy+0x14>)
 8000208:	4803      	ldr	r0, [pc, #12]	@ (8000218 <frame_dummy+0x18>)
 800020a:	f3af 8000 	nop.w
 800020e:	bd08      	pop	{r3, pc}
 8000210:	00000000 	.word	0x00000000
 8000214:	20000010 	.word	0x20000010
 8000218:	08001280 	.word	0x08001280

0800021c <cable_lock>:
#include "main.h"

void cable_lock() {
 800021c:	b510      	push	{r4, lr}
  // 5. As soon as this is detected, the program opens the relay, disabling charging.
  // 6. The program then activates the motor for 0.5 seconds in the opposite direction to disengage the locking pin, allowing the cable to be removed.
  // 7. Next we need to wait for the cable to be unplugged, which is detected by the CP pin going consistently high for 1 second.
  // 8. Go back to step 1 and wait for the next cable connection.

  HAL_GPIO_WritePin(GPIOB, MOTOR_MODE1_Pin, GPIO_PIN_RESET);
 800021e:	4c4c      	ldr	r4, [pc, #304]	@ (8000350 <cable_lock+0x134>)
 8000220:	2200      	movs	r2, #0
 8000222:	2180      	movs	r1, #128	@ 0x80
 8000224:	4620      	mov	r0, r4
 8000226:	f000 fb08 	bl	800083a <HAL_GPIO_WritePin>
  HAL_GPIO_WritePin(GPIOB, MOTOR_MODE2_Pin, GPIO_PIN_RESET);
 800022a:	2200      	movs	r2, #0
 800022c:	f44f 7100 	mov.w	r1, #512	@ 0x200
 8000230:	4620      	mov	r0, r4
 8000232:	f000 fb02 	bl	800083a <HAL_GPIO_WritePin>
 8000236:	e018      	b.n	800026a <cable_lock+0x4e>
    // If the cable is not yet connected, enter standby and wake on CP falling edge.
    // Wakeup from standby triggers a full reset, so execution resumes at main() and
    // re-enters this function; CP_Pin will already be low on that pass.
    // This is step 1
    if (HAL_GPIO_ReadPin(GPIOA, CP_Pin) == GPIO_PIN_SET) {
      __HAL_PWR_CLEAR_FLAG(PWR_FLAG_WUF1);
 8000238:	4b46      	ldr	r3, [pc, #280]	@ (8000354 <cable_lock+0x138>)
 800023a:	2201      	movs	r2, #1
 800023c:	619a      	str	r2, [r3, #24]
      HAL_PWR_EnableWakeUpPin(PWR_WAKEUP_PIN1_LOW);
 800023e:	2021      	movs	r0, #33	@ 0x21
 8000240:	f000 fb1c 	bl	800087c <HAL_PWR_EnableWakeUpPin>
      HAL_PWR_EnterSTANDBYMode();
 8000244:	f000 fb2a 	bl	800089c <HAL_PWR_EnterSTANDBYMode>
 8000248:	e016      	b.n	8000278 <cable_lock+0x5c>
    while (1) {
      if (HAL_GPIO_ReadPin(GPIOA, CP_Pin) == GPIO_PIN_SET) {
        if (high_since == 0) high_since = HAL_GetTick();
        if (HAL_GetTick() - high_since >= 1000) break;
      } else {
        high_since = 0;
 800024a:	2400      	movs	r4, #0
      if (HAL_GPIO_ReadPin(GPIOA, CP_Pin) == GPIO_PIN_SET) {
 800024c:	2102      	movs	r1, #2
 800024e:	f04f 4090 	mov.w	r0, #1207959552	@ 0x48000000
 8000252:	f000 faeb 	bl	800082c <HAL_GPIO_ReadPin>
 8000256:	2801      	cmp	r0, #1
 8000258:	d1f7      	bne.n	800024a <cable_lock+0x2e>
        if (high_since == 0) high_since = HAL_GetTick();
 800025a:	2c00      	cmp	r4, #0
 800025c:	d073      	beq.n	8000346 <cable_lock+0x12a>
        if (HAL_GetTick() - high_since >= 1000) break;
 800025e:	f000 f963 	bl	8000528 <HAL_GetTick>
 8000262:	1b00      	subs	r0, r0, r4
 8000264:	f5b0 7f7a 	cmp.w	r0, #1000	@ 0x3e8
 8000268:	d3f0      	bcc.n	800024c <cable_lock+0x30>
    if (HAL_GPIO_ReadPin(GPIOA, CP_Pin) == GPIO_PIN_SET) {
 800026a:	2102      	movs	r1, #2
 800026c:	f04f 4090 	mov.w	r0, #1207959552	@ 0x48000000
 8000270:	f000 fadc 	bl	800082c <HAL_GPIO_ReadPin>
 8000274:	2801      	cmp	r0, #1
 8000276:	d0df      	beq.n	8000238 <cable_lock+0x1c>
    HAL_GPIO_WritePin(GPIOB, MOTOR_SLEEP_Pin, GPIO_PIN_SET);   // Wake DRV8801 from sleep
 8000278:	4c35      	ldr	r4, [pc, #212]	@ (8000350 <cable_lock+0x134>)
 800027a:	2201      	movs	r2, #1
 800027c:	2120      	movs	r1, #32
 800027e:	4620      	mov	r0, r4
 8000280:	f000 fadb 	bl	800083a <HAL_GPIO_WritePin>
    HAL_Delay(1);                                               // tWAKE: allow device to initialise
 8000284:	2001      	movs	r0, #1
 8000286:	f000 f955 	bl	8000534 <HAL_Delay>
    HAL_GPIO_WritePin(GPIOB, MOTOR_PHASE_Pin, GPIO_PIN_SET);   // Set direction: engage
 800028a:	2201      	movs	r2, #1
 800028c:	2140      	movs	r1, #64	@ 0x40
 800028e:	4620      	mov	r0, r4
 8000290:	f000 fad3 	bl	800083a <HAL_GPIO_WritePin>
    HAL_GPIO_WritePin(GPIOB, MOTOR_ENABLE_Pin, GPIO_PIN_SET);  // Enable H-bridge outputs
 8000294:	2201      	movs	r2, #1
 8000296:	2110      	movs	r1, #16
 8000298:	4620      	mov	r0, r4
 800029a:	f000 face 	bl	800083a <HAL_GPIO_WritePin>
    HAL_Delay(500);
 800029e:	f44f 70fa 	mov.w	r0, #500	@ 0x1f4
 80002a2:	f000 f947 	bl	8000534 <HAL_Delay>
    HAL_GPIO_WritePin(GPIOB, MOTOR_ENABLE_Pin, GPIO_PIN_RESET); // Disable outputs
 80002a6:	2200      	movs	r2, #0
 80002a8:	2110      	movs	r1, #16
 80002aa:	4620      	mov	r0, r4
 80002ac:	f000 fac5 	bl	800083a <HAL_GPIO_WritePin>
    HAL_GPIO_WritePin(GPIOB, MOTOR_SLEEP_Pin, GPIO_PIN_RESET); // Return DRV8801 to sleep
 80002b0:	2200      	movs	r2, #0
 80002b2:	2120      	movs	r1, #32
 80002b4:	4620      	mov	r0, r4
 80002b6:	f000 fac0 	bl	800083a <HAL_GPIO_WritePin>
    HAL_GPIO_WritePin(GPIOC, RELAY_Pin, GPIO_PIN_SET);
 80002ba:	f504 6480 	add.w	r4, r4, #1024	@ 0x400
 80002be:	2201      	movs	r2, #1
 80002c0:	f44f 4180 	mov.w	r1, #16384	@ 0x4000
 80002c4:	4620      	mov	r0, r4
 80002c6:	f000 fab8 	bl	800083a <HAL_GPIO_WritePin>
    HAL_GPIO_WritePin(GPIOC, LED_Pin, GPIO_PIN_SET);
 80002ca:	2201      	movs	r2, #1
 80002cc:	f44f 4100 	mov.w	r1, #32768	@ 0x8000
 80002d0:	4620      	mov	r0, r4
 80002d2:	f000 fab2 	bl	800083a <HAL_GPIO_WritePin>
    while (HAL_GPIO_ReadPin(GPIOA, BUTTON_Pin) == GPIO_PIN_SET) {
 80002d6:	2108      	movs	r1, #8
 80002d8:	f04f 4090 	mov.w	r0, #1207959552	@ 0x48000000
 80002dc:	f000 faa6 	bl	800082c <HAL_GPIO_ReadPin>
 80002e0:	2801      	cmp	r0, #1
 80002e2:	d0f8      	beq.n	80002d6 <cable_lock+0xba>
    HAL_GPIO_WritePin(GPIOC, LED_Pin, GPIO_PIN_RESET);
 80002e4:	4c1c      	ldr	r4, [pc, #112]	@ (8000358 <cable_lock+0x13c>)
 80002e6:	2200      	movs	r2, #0
 80002e8:	f44f 4100 	mov.w	r1, #32768	@ 0x8000
 80002ec:	4620      	mov	r0, r4
 80002ee:	f000 faa4 	bl	800083a <HAL_GPIO_WritePin>
    HAL_GPIO_WritePin(GPIOC, RELAY_Pin, GPIO_PIN_RESET);
 80002f2:	2200      	movs	r2, #0
 80002f4:	f44f 4180 	mov.w	r1, #16384	@ 0x4000
 80002f8:	4620      	mov	r0, r4
 80002fa:	f000 fa9e 	bl	800083a <HAL_GPIO_WritePin>
    HAL_GPIO_WritePin(GPIOB, MOTOR_SLEEP_Pin, GPIO_PIN_SET);   // Wake DRV8801 from sleep
 80002fe:	f5a4 6480 	sub.w	r4, r4, #1024	@ 0x400
 8000302:	2201      	movs	r2, #1
 8000304:	2120      	movs	r1, #32
 8000306:	4620      	mov	r0, r4
 8000308:	f000 fa97 	bl	800083a <HAL_GPIO_WritePin>
    HAL_Delay(1);                                               // tWAKE: allow device to initialise
 800030c:	2001      	movs	r0, #1
 800030e:	f000 f911 	bl	8000534 <HAL_Delay>
    HAL_GPIO_WritePin(GPIOB, MOTOR_PHASE_Pin, GPIO_PIN_RESET); // Set direction: disengage
 8000312:	2200      	movs	r2, #0
 8000314:	2140      	movs	r1, #64	@ 0x40
 8000316:	4620      	mov	r0, r4
 8000318:	f000 fa8f 	bl	800083a <HAL_GPIO_WritePin>
    HAL_GPIO_WritePin(GPIOB, MOTOR_ENABLE_Pin, GPIO_PIN_SET);  // Enable H-bridge outputs
 800031c:	2201      	movs	r2, #1
 800031e:	2110      	movs	r1, #16
 8000320:	4620      	mov	r0, r4
 8000322:	f000 fa8a 	bl	800083a <HAL_GPIO_WritePin>
    HAL_Delay(500);
 8000326:	f44f 70fa 	mov.w	r0, #500	@ 0x1f4
 800032a:	f000 f903 	bl	8000534 <HAL_Delay>
    HAL_GPIO_WritePin(GPIOB, MOTOR_ENABLE_Pin, GPIO_PIN_RESET); // Disable outputs
 800032e:	2200      	movs	r2, #0
 8000330:	2110      	movs	r1, #16
 8000332:	4620      	mov	r0, r4
 8000334:	f000 fa81 	bl	800083a <HAL_GPIO_WritePin>
    HAL_GPIO_WritePin(GPIOB, MOTOR_SLEEP_Pin, GPIO_PIN_RESET); // Return DRV8801 to sleep
 8000338:	2200      	movs	r2, #0
 800033a:	2120      	movs	r1, #32
 800033c:	4620      	mov	r0, r4
 800033e:	f000 fa7c 	bl	800083a <HAL_GPIO_WritePin>
    uint32_t high_since = 0;
 8000342:	2400      	movs	r4, #0
 8000344:	e782      	b.n	800024c <cable_lock+0x30>
        if (high_since == 0) high_since = HAL_GetTick();
 8000346:	f000 f8ef 	bl	8000528 <HAL_GetTick>
 800034a:	4604      	mov	r4, r0
 800034c:	e787      	b.n	800025e <cable_lock+0x42>
 800034e:	bf00      	nop
 8000350:	48000400 	.word	0x48000400
 8000354:	40007000 	.word	0x40007000
 8000358:	48000800 	.word	0x48000800

0800035c <MX_GPIO_Init>:
  * @brief GPIO Initialization Function
  * @param None
  * @retval None
  */
static void MX_GPIO_Init(void)
{
 800035c:	e92d 41f0 	stmdb	sp!, {r4, r5, r6, r7, r8, lr}
 8000360:	b088      	sub	sp, #32
  GPIO_InitTypeDef GPIO_InitStruct = {0};
 8000362:	ad03      	add	r5, sp, #12
 8000364:	2400      	movs	r4, #0
 8000366:	9403      	str	r4, [sp, #12]
 8000368:	9404      	str	r4, [sp, #16]
 800036a:	9405      	str	r4, [sp, #20]
 800036c:	9406      	str	r4, [sp, #24]
 800036e:	9407      	str	r4, [sp, #28]
  /* USER CODE BEGIN MX_GPIO_Init_1 */

  /* USER CODE END MX_GPIO_Init_1 */

  /* GPIO Ports Clock Enable */
  __HAL_RCC_GPIOC_CLK_ENABLE();
 8000370:	4b2a      	ldr	r3, [pc, #168]	@ (800041c <MX_GPIO_Init+0xc0>)
 8000372:	6cda      	ldr	r2, [r3, #76]	@ 0x4c
 8000374:	f042 0204 	orr.w	r2, r2, #4
 8000378:	64da      	str	r2, [r3, #76]	@ 0x4c
 800037a:	6cda      	ldr	r2, [r3, #76]	@ 0x4c
 800037c:	f002 0204 	and.w	r2, r2, #4
 8000380:	9200      	str	r2, [sp, #0]
 8000382:	9a00      	ldr	r2, [sp, #0]
  __HAL_RCC_GPIOA_CLK_ENABLE();
 8000384:	6cda      	ldr	r2, [r3, #76]	@ 0x4c
 8000386:	f042 0201 	orr.w	r2, r2, #1
 800038a:	64da      	str	r2, [r3, #76]	@ 0x4c
 800038c:	6cda      	ldr	r2, [r3, #76]	@ 0x4c
 800038e:	f002 0201 	and.w	r2, r2, #1
 8000392:	9201      	str	r2, [sp, #4]
 8000394:	9a01      	ldr	r2, [sp, #4]
  __HAL_RCC_GPIOB_CLK_ENABLE();
 8000396:	6cda      	ldr	r2, [r3, #76]	@ 0x4c
 8000398:	f042 0202 	orr.w	r2, r2, #2
 800039c:	64da      	str	r2, [r3, #76]	@ 0x4c
 800039e:	6cdb      	ldr	r3, [r3, #76]	@ 0x4c
 80003a0:	f003 0302 	and.w	r3, r3, #2
 80003a4:	9302      	str	r3, [sp, #8]
 80003a6:	9b02      	ldr	r3, [sp, #8]

  /*Configure GPIO pin Output Level */
  HAL_GPIO_WritePin(GPIOC, RELAY_Pin|LED_Pin, GPIO_PIN_RESET);
 80003a8:	f8df 8078 	ldr.w	r8, [pc, #120]	@ 8000424 <MX_GPIO_Init+0xc8>
 80003ac:	4622      	mov	r2, r4
 80003ae:	f44f 4140 	mov.w	r1, #49152	@ 0xc000
 80003b2:	4640      	mov	r0, r8
 80003b4:	f000 fa41 	bl	800083a <HAL_GPIO_WritePin>

  /*Configure GPIO pin Output Level */
  HAL_GPIO_WritePin(GPIOB, MOTOR_ENABLE_Pin|MOTOR_SLEEP_Pin|MOTOR_PHASE_Pin|MOTOR_MODE1_Pin
 80003b8:	4e19      	ldr	r6, [pc, #100]	@ (8000420 <MX_GPIO_Init+0xc4>)
 80003ba:	4622      	mov	r2, r4
 80003bc:	f44f 713c 	mov.w	r1, #752	@ 0x2f0
 80003c0:	4630      	mov	r0, r6
 80003c2:	f000 fa3a 	bl	800083a <HAL_GPIO_WritePin>
                          |MOTOR_MODE2_Pin, GPIO_PIN_RESET);

  /*Configure GPIO pins : RELAY_Pin LED_Pin */
  GPIO_InitStruct.Pin = RELAY_Pin|LED_Pin;
 80003c6:	f44f 4340 	mov.w	r3, #49152	@ 0xc000
 80003ca:	9303      	str	r3, [sp, #12]
  GPIO_InitStruct.Mode = GPIO_MODE_OUTPUT_PP;
 80003cc:	2701      	movs	r7, #1
 80003ce:	9704      	str	r7, [sp, #16]
  GPIO_InitStruct.Pull = GPIO_NOPULL;
 80003d0:	9405      	str	r4, [sp, #20]
  GPIO_InitStruct.Speed = GPIO_SPEED_FREQ_LOW;
 80003d2:	9406      	str	r4, [sp, #24]
  HAL_GPIO_Init(GPIOC, &GPIO_InitStruct);
 80003d4:	4629      	mov	r1, r5
 80003d6:	4640      	mov	r0, r8
 80003d8:	f000 f92e 	bl	8000638 <HAL_GPIO_Init>

  /*Configure GPIO pins : CP_Pin BUTTON_Pin */
  GPIO_InitStruct.Pin = CP_Pin|BUTTON_Pin;
 80003dc:	230a      	movs	r3, #10
 80003de:	9303      	str	r3, [sp, #12]
  GPIO_InitStruct.Mode = GPIO_MODE_INPUT;
 80003e0:	9404      	str	r4, [sp, #16]
  GPIO_InitStruct.Pull = GPIO_NOPULL;
 80003e2:	9405      	str	r4, [sp, #20]
  HAL_GPIO_Init(GPIOA, &GPIO_InitStruct);
 80003e4:	4629      	mov	r1, r5
 80003e6:	f04f 4090 	mov.w	r0, #1207959552	@ 0x48000000
 80003ea:	f000 f925 	bl	8000638 <HAL_GPIO_Init>

  /*Configure GPIO pins : MOTOR_ENABLE_Pin MOTOR_SLEEP_Pin MOTOR_PHASE_Pin MOTOR_MODE1_Pin
                           MOTOR_MODE2_Pin */
  GPIO_InitStruct.Pin = MOTOR_ENABLE_Pin|MOTOR_SLEEP_Pin|MOTOR_PHASE_Pin|MOTOR_MODE1_Pin
 80003ee:	f44f 733c 	mov.w	r3, #752	@ 0x2f0
 80003f2:	9303      	str	r3, [sp, #12]
                          |MOTOR_MODE2_Pin;
  GPIO_InitStruct.Mode = GPIO_MODE_OUTPUT_PP;
 80003f4:	9704      	str	r7, [sp, #16]
  GPIO_InitStruct.Pull = GPIO_NOPULL;
 80003f6:	9405      	str	r4, [sp, #20]
  GPIO_InitStruct.Speed = GPIO_SPEED_FREQ_LOW;
 80003f8:	9406      	str	r4, [sp, #24]
  HAL_GPIO_Init(GPIOB, &GPIO_InitStruct);
 80003fa:	4629      	mov	r1, r5
 80003fc:	4630      	mov	r0, r6
 80003fe:	f000 f91b 	bl	8000638 <HAL_GPIO_Init>

  /*Configure GPIO pin : MOTOR_FAULT_Pin */
  GPIO_InitStruct.Pin = MOTOR_FAULT_Pin;
 8000402:	f44f 7380 	mov.w	r3, #256	@ 0x100
 8000406:	9303      	str	r3, [sp, #12]
  GPIO_InitStruct.Mode = GPIO_MODE_INPUT;
 8000408:	9404      	str	r4, [sp, #16]
  GPIO_InitStruct.Pull = GPIO_NOPULL;
 800040a:	9405      	str	r4, [sp, #20]
  HAL_GPIO_Init(MOTOR_FAULT_GPIO_Port, &GPIO_InitStruct);
 800040c:	4629      	mov	r1, r5
 800040e:	4630      	mov	r0, r6
 8000410:	f000 f912 	bl	8000638 <HAL_GPIO_Init>

  /* USER CODE BEGIN MX_GPIO_Init_2 */

  /* USER CODE END MX_GPIO_Init_2 */
}
 8000414:	b008      	add	sp, #32
 8000416:	e8bd 81f0 	ldmia.w	sp!, {r4, r5, r6, r7, r8, pc}
 800041a:	bf00      	nop
 800041c:	40021000 	.word	0x40021000
 8000420:	48000400 	.word	0x48000400
 8000424:	48000800 	.word	0x48000800

08000428 <Error_Handler>:
  \details Disables IRQ interrupts by setting the I-bit in the CPSR.
           Can only be executed in Privileged modes.
 */
__STATIC_FORCEINLINE void __disable_irq(void)
{
  __ASM volatile ("cpsid i" : : : "memory");
 8000428:	b672      	cpsid	i
void Error_Handler(void)
{
  /* USER CODE BEGIN Error_Handler_Debug */
  /* User can add his own implementation to report the HAL error return state */
  __disable_irq();
  while (1)
 800042a:	e7fe      	b.n	800042a <Error_Handler+0x2>

0800042c <SystemClock_Config>:
{
 800042c:	b530      	push	{r4, r5, lr}
 800042e:	b095      	sub	sp, #84	@ 0x54
  RCC_OscInitTypeDef RCC_OscInitStruct = {0};
 8000430:	ad06      	add	r5, sp, #24
 8000432:	2238      	movs	r2, #56	@ 0x38
 8000434:	2100      	movs	r1, #0
 8000436:	4628      	mov	r0, r5
 8000438:	f000 fef5 	bl	8001226 <memset>
  RCC_ClkInitTypeDef RCC_ClkInitStruct = {0};
 800043c:	2400      	movs	r4, #0
 800043e:	9401      	str	r4, [sp, #4]
 8000440:	9402      	str	r4, [sp, #8]
 8000442:	9403      	str	r4, [sp, #12]
 8000444:	9404      	str	r4, [sp, #16]
 8000446:	9405      	str	r4, [sp, #20]
  HAL_PWREx_ControlVoltageScaling(PWR_REGULATOR_VOLTAGE_SCALE1);
 8000448:	f44f 7000 	mov.w	r0, #512	@ 0x200
 800044c:	f000 fa38 	bl	80008c0 <HAL_PWREx_ControlVoltageScaling>
  RCC_OscInitStruct.OscillatorType = RCC_OSCILLATORTYPE_HSI;
 8000450:	2302      	movs	r3, #2
 8000452:	9306      	str	r3, [sp, #24]
  RCC_OscInitStruct.HSIState = RCC_HSI_ON;
 8000454:	f44f 7380 	mov.w	r3, #256	@ 0x100
 8000458:	9309      	str	r3, [sp, #36]	@ 0x24
  RCC_OscInitStruct.HSICalibrationValue = RCC_HSICALIBRATION_DEFAULT;
 800045a:	2340      	movs	r3, #64	@ 0x40
 800045c:	930a      	str	r3, [sp, #40]	@ 0x28
  RCC_OscInitStruct.PLL.PLLState = RCC_PLL_NONE;
 800045e:	940d      	str	r4, [sp, #52]	@ 0x34
  if (HAL_RCC_OscConfig(&RCC_OscInitStruct) != HAL_OK)
 8000460:	4628      	mov	r0, r5
 8000462:	f000 fae7 	bl	8000a34 <HAL_RCC_OscConfig>
 8000466:	b968      	cbnz	r0, 8000484 <SystemClock_Config+0x58>
  RCC_ClkInitStruct.ClockType = RCC_CLOCKTYPE_HCLK|RCC_CLOCKTYPE_SYSCLK
 8000468:	230f      	movs	r3, #15
 800046a:	9301      	str	r3, [sp, #4]
  RCC_ClkInitStruct.SYSCLKSource = RCC_SYSCLKSOURCE_HSI;
 800046c:	2301      	movs	r3, #1
 800046e:	9302      	str	r3, [sp, #8]
  RCC_ClkInitStruct.AHBCLKDivider = RCC_SYSCLK_DIV1;
 8000470:	4601      	mov	r1, r0
 8000472:	9003      	str	r0, [sp, #12]
  RCC_ClkInitStruct.APB1CLKDivider = RCC_HCLK_DIV1;
 8000474:	9004      	str	r0, [sp, #16]
  RCC_ClkInitStruct.APB2CLKDivider = RCC_HCLK_DIV1;
 8000476:	9005      	str	r0, [sp, #20]
  if (HAL_RCC_ClockConfig(&RCC_ClkInitStruct, FLASH_LATENCY_0) != HAL_OK)
 8000478:	a801      	add	r0, sp, #4
 800047a:	f000 fd93 	bl	8000fa4 <HAL_RCC_ClockConfig>
 800047e:	b918      	cbnz	r0, 8000488 <SystemClock_Config+0x5c>
}
 8000480:	b015      	add	sp, #84	@ 0x54
 8000482:	bd30      	pop	{r4, r5, pc}
    Error_Handler();
 8000484:	f7ff ffd0 	bl	8000428 <Error_Handler>
    Error_Handler();
 8000488:	f7ff ffce 	bl	8000428 <Error_Handler>

0800048c <main>:
{
 800048c:	b508      	push	{r3, lr}
  HAL_Init();
 800048e:	f000 f82f 	bl	80004f0 <HAL_Init>
  SystemClock_Config();
 8000492:	f7ff ffcb 	bl	800042c <SystemClock_Config>
  MX_GPIO_Init();
 8000496:	f7ff ff61 	bl	800035c <MX_GPIO_Init>
  cable_lock();
 800049a:	f7ff febf 	bl	800021c <cable_lock>
  while (1)
 800049e:	e7fe      	b.n	800049e <main+0x12>

080004a0 <HAL_InitTick>:
  */
__weak HAL_StatusTypeDef HAL_InitTick(uint32_t TickPriority)
{
  HAL_StatusTypeDef  status = HAL_OK;

  if (uwTickFreq != 0U)
 80004a0:	4b10      	ldr	r3, [pc, #64]	@ (80004e4 <HAL_InitTick+0x44>)
 80004a2:	681b      	ldr	r3, [r3, #0]
 80004a4:	b90b      	cbnz	r3, 80004aa <HAL_InitTick+0xa>
      status = HAL_ERROR;
    }
  }
  else
  {
    status = HAL_ERROR;
 80004a6:	2001      	movs	r0, #1
  }

  /* Return function status */
  return status;
}
 80004a8:	4770      	bx	lr
{
 80004aa:	b510      	push	{r4, lr}
 80004ac:	4604      	mov	r4, r0
    if (HAL_SYSTICK_Config(SystemCoreClock / (1000U / uwTickFreq)) == 0U)
 80004ae:	4a0e      	ldr	r2, [pc, #56]	@ (80004e8 <HAL_InitTick+0x48>)
 80004b0:	6810      	ldr	r0, [r2, #0]
 80004b2:	f44f 727a 	mov.w	r2, #1000	@ 0x3e8
 80004b6:	fbb2 f3f3 	udiv	r3, r2, r3
 80004ba:	fbb0 f0f3 	udiv	r0, r0, r3
 80004be:	f000 f8a7 	bl	8000610 <HAL_SYSTICK_Config>
 80004c2:	b968      	cbnz	r0, 80004e0 <HAL_InitTick+0x40>
      if (TickPriority < (1UL << __NVIC_PRIO_BITS))
 80004c4:	2c0f      	cmp	r4, #15
 80004c6:	d901      	bls.n	80004cc <HAL_InitTick+0x2c>
        status = HAL_ERROR;
 80004c8:	2001      	movs	r0, #1
 80004ca:	e00a      	b.n	80004e2 <HAL_InitTick+0x42>
        HAL_NVIC_SetPriority(SysTick_IRQn, TickPriority, 0U);
 80004cc:	4602      	mov	r2, r0
 80004ce:	4621      	mov	r1, r4
 80004d0:	f04f 30ff 	mov.w	r0, #4294967295	@ 0xffffffff
 80004d4:	f000 f88c 	bl	80005f0 <HAL_NVIC_SetPriority>
        uwTickPrio = TickPriority;
 80004d8:	4b04      	ldr	r3, [pc, #16]	@ (80004ec <HAL_InitTick+0x4c>)
 80004da:	601c      	str	r4, [r3, #0]
  HAL_StatusTypeDef  status = HAL_OK;
 80004dc:	2000      	movs	r0, #0
 80004de:	e000      	b.n	80004e2 <HAL_InitTick+0x42>
      status = HAL_ERROR;
 80004e0:	2001      	movs	r0, #1
}
 80004e2:	bd10      	pop	{r4, pc}
 80004e4:	20000000 	.word	0x20000000
 80004e8:	20000008 	.word	0x20000008
 80004ec:	20000004 	.word	0x20000004

080004f0 <HAL_Init>:
{
 80004f0:	b510      	push	{r4, lr}
  HAL_NVIC_SetPriorityGrouping(NVIC_PRIORITYGROUP_4);
 80004f2:	2003      	movs	r0, #3
 80004f4:	f000 f86a 	bl	80005cc <HAL_NVIC_SetPriorityGrouping>
  if (HAL_InitTick(TICK_INT_PRIORITY) != HAL_OK)
 80004f8:	200f      	movs	r0, #15
 80004fa:	f7ff ffd1 	bl	80004a0 <HAL_InitTick>
 80004fe:	b118      	cbz	r0, 8000508 <HAL_Init+0x18>
    status = HAL_ERROR;
 8000500:	2301      	movs	r3, #1
 8000502:	461c      	mov	r4, r3
}
 8000504:	4620      	mov	r0, r4
 8000506:	bd10      	pop	{r4, pc}
 8000508:	4604      	mov	r4, r0
    HAL_MspInit();
 800050a:	f000 f99b 	bl	8000844 <HAL_MspInit>
 800050e:	e7f9      	b.n	8000504 <HAL_Init+0x14>

08000510 <HAL_IncTick>:
  *      implementations in user file.
  * @retval None
  */
__weak void HAL_IncTick(void)
{
  uwTick += uwTickFreq;
 8000510:	4a03      	ldr	r2, [pc, #12]	@ (8000520 <HAL_IncTick+0x10>)
 8000512:	6813      	ldr	r3, [r2, #0]
 8000514:	4903      	ldr	r1, [pc, #12]	@ (8000524 <HAL_IncTick+0x14>)
 8000516:	6809      	ldr	r1, [r1, #0]
 8000518:	440b      	add	r3, r1
 800051a:	6013      	str	r3, [r2, #0]
}
 800051c:	4770      	bx	lr
 800051e:	bf00      	nop
 8000520:	20000028 	.word	0x20000028
 8000524:	20000000 	.word	0x20000000

08000528 <HAL_GetTick>:
  *       implementations in user file.
  * @retval tick value
  */
__weak uint32_t HAL_GetTick(void)
{
  return uwTick;
 8000528:	4b01      	ldr	r3, [pc, #4]	@ (8000530 <HAL_GetTick+0x8>)
 800052a:	6818      	ldr	r0, [r3, #0]
}
 800052c:	4770      	bx	lr
 800052e:	bf00      	nop
 8000530:	20000028 	.word	0x20000028

08000534 <HAL_Delay>:
  *       implementations in user file.
  * @param Delay specifies the delay time length, in milliseconds.
  * @retval None
  */
__weak void HAL_Delay(uint32_t Delay)
{
 8000534:	b538      	push	{r3, r4, r5, lr}
 8000536:	4604      	mov	r4, r0
  uint32_t tickstart = HAL_GetTick();
 8000538:	f7ff fff6 	bl	8000528 <HAL_GetTick>
 800053c:	4605      	mov	r5, r0
  uint32_t wait = Delay;

  /* Add a freq to guarantee minimum wait */
  if (wait < HAL_MAX_DELAY)
 800053e:	f1b4 3fff 	cmp.w	r4, #4294967295	@ 0xffffffff
 8000542:	d002      	beq.n	800054a <HAL_Delay+0x16>
  {
    wait += (uint32_t)(uwTickFreq);
 8000544:	4b04      	ldr	r3, [pc, #16]	@ (8000558 <HAL_Delay+0x24>)
 8000546:	681b      	ldr	r3, [r3, #0]
 8000548:	441c      	add	r4, r3
  }

  while ((HAL_GetTick() - tickstart) < wait)
 800054a:	f7ff ffed 	bl	8000528 <HAL_GetTick>
 800054e:	1b40      	subs	r0, r0, r5
 8000550:	42a0      	cmp	r0, r4
 8000552:	d3fa      	bcc.n	800054a <HAL_Delay+0x16>
  {
  }
}
 8000554:	bd38      	pop	{r3, r4, r5, pc}
 8000556:	bf00      	nop
 8000558:	20000000 	.word	0x20000000

0800055c <__NVIC_SetPriority>:
  \param [in]  priority  Priority to set.
  \note    The priority cannot be set for every processor exception.
 */
__STATIC_INLINE void __NVIC_SetPriority(IRQn_Type IRQn, uint32_t priority)
{
  if ((int32_t)(IRQn) >= 0)
 800055c:	2800      	cmp	r0, #0
 800055e:	db08      	blt.n	8000572 <__NVIC_SetPriority+0x16>
  {
    NVIC->IP[((uint32_t)IRQn)]               = (uint8_t)((priority << (8U - __NVIC_PRIO_BITS)) & (uint32_t)0xFFUL);
 8000560:	0109      	lsls	r1, r1, #4
 8000562:	b2c9      	uxtb	r1, r1
 8000564:	f100 4060 	add.w	r0, r0, #3758096384	@ 0xe0000000
 8000568:	f500 4061 	add.w	r0, r0, #57600	@ 0xe100
 800056c:	f880 1300 	strb.w	r1, [r0, #768]	@ 0x300
 8000570:	4770      	bx	lr
  }
  else
  {
    SCB->SHP[(((uint32_t)IRQn) & 0xFUL)-4UL] = (uint8_t)((priority << (8U - __NVIC_PRIO_BITS)) & (uint32_t)0xFFUL);
 8000572:	f000 000f 	and.w	r0, r0, #15
 8000576:	0109      	lsls	r1, r1, #4
 8000578:	b2c9      	uxtb	r1, r1
 800057a:	4b01      	ldr	r3, [pc, #4]	@ (8000580 <__NVIC_SetPriority+0x24>)
 800057c:	5419      	strb	r1, [r3, r0]
  }
}
 800057e:	4770      	bx	lr
 8000580:	e000ed14 	.word	0xe000ed14

08000584 <NVIC_EncodePriority>:
  \param [in]   PreemptPriority  Preemptive priority value (starting from 0).
  \param [in]       SubPriority  Subpriority value (starting from 0).
  \return                        Encoded priority. Value can be used in the function \ref NVIC_SetPriority().
 */
__STATIC_INLINE uint32_t NVIC_EncodePriority (uint32_t PriorityGroup, uint32_t PreemptPriority, uint32_t SubPriority)
{
 8000584:	b500      	push	{lr}
  uint32_t PriorityGroupTmp = (PriorityGroup & (uint32_t)0x07UL);   /* only values 0..7 are used          */
 8000586:	f000 0007 	and.w	r0, r0, #7
  uint32_t PreemptPriorityBits;
  uint32_t SubPriorityBits;

  PreemptPriorityBits = ((7UL - PriorityGroupTmp) > (uint32_t)(__NVIC_PRIO_BITS)) ? (uint32_t)(__NVIC_PRIO_BITS) : (uint32_t)(7UL - PriorityGroupTmp);
 800058a:	f1a0 0c03 	sub.w	ip, r0, #3
 800058e:	f1bc 0f04 	cmp.w	ip, #4
 8000592:	d807      	bhi.n	80005a4 <NVIC_EncodePriority+0x20>
 8000594:	f1c0 0e07 	rsb	lr, r0, #7
  SubPriorityBits     = ((PriorityGroupTmp + (uint32_t)(__NVIC_PRIO_BITS)) < (uint32_t)7UL) ? (uint32_t)0UL : (uint32_t)((PriorityGroupTmp - 7UL) + (uint32_t)(__NVIC_PRIO_BITS));
 8000598:	3004      	adds	r0, #4
 800059a:	2806      	cmp	r0, #6
 800059c:	d806      	bhi.n	80005ac <NVIC_EncodePriority+0x28>
 800059e:	f04f 0c00 	mov.w	ip, #0
 80005a2:	e003      	b.n	80005ac <NVIC_EncodePriority+0x28>
  PreemptPriorityBits = ((7UL - PriorityGroupTmp) > (uint32_t)(__NVIC_PRIO_BITS)) ? (uint32_t)(__NVIC_PRIO_BITS) : (uint32_t)(7UL - PriorityGroupTmp);
 80005a4:	f04f 0e04 	mov.w	lr, #4
  SubPriorityBits     = ((PriorityGroupTmp + (uint32_t)(__NVIC_PRIO_BITS)) < (uint32_t)7UL) ? (uint32_t)0UL : (uint32_t)((PriorityGroupTmp - 7UL) + (uint32_t)(__NVIC_PRIO_BITS));
 80005a8:	f04f 0c00 	mov.w	ip, #0

  return (
           ((PreemptPriority & (uint32_t)((1UL << (PreemptPriorityBits)) - 1UL)) << SubPriorityBits) |
 80005ac:	f04f 33ff 	mov.w	r3, #4294967295	@ 0xffffffff
 80005b0:	fa03 f00e 	lsl.w	r0, r3, lr
 80005b4:	ea21 0100 	bic.w	r1, r1, r0
 80005b8:	fa01 f10c 	lsl.w	r1, r1, ip
           ((SubPriority     & (uint32_t)((1UL << (SubPriorityBits    )) - 1UL)))
 80005bc:	fa03 f30c 	lsl.w	r3, r3, ip
 80005c0:	ea22 0203 	bic.w	r2, r2, r3
         );
}
 80005c4:	ea41 0002 	orr.w	r0, r1, r2
 80005c8:	bd00      	pop	{pc}
	...

080005cc <HAL_NVIC_SetPriorityGrouping>:
  reg_value  =  SCB->AIRCR;                                                   /* read old register configuration    */
 80005cc:	4a07      	ldr	r2, [pc, #28]	@ (80005ec <HAL_NVIC_SetPriorityGrouping+0x20>)
 80005ce:	68d3      	ldr	r3, [r2, #12]
  reg_value &= ~((uint32_t)(SCB_AIRCR_VECTKEY_Msk | SCB_AIRCR_PRIGROUP_Msk)); /* clear bits to change               */
 80005d0:	f423 63e0 	bic.w	r3, r3, #1792	@ 0x700
 80005d4:	041b      	lsls	r3, r3, #16
 80005d6:	0c1b      	lsrs	r3, r3, #16
                (PriorityGroupTmp << SCB_AIRCR_PRIGROUP_Pos)  );              /* Insert write key and priority group */
 80005d8:	0200      	lsls	r0, r0, #8
 80005da:	f400 60e0 	and.w	r0, r0, #1792	@ 0x700
                ((uint32_t)0x5FAUL << SCB_AIRCR_VECTKEY_Pos) |
 80005de:	4303      	orrs	r3, r0
  reg_value  =  (reg_value                                   |
 80005e0:	f043 63bf 	orr.w	r3, r3, #100139008	@ 0x5f80000
 80005e4:	f443 3300 	orr.w	r3, r3, #131072	@ 0x20000
  SCB->AIRCR =  reg_value;
 80005e8:	60d3      	str	r3, [r2, #12]
  /* Check the parameters */
  assert_param(IS_NVIC_PRIORITY_GROUP(PriorityGroup));

  /* Set the PRIGROUP[10:8] bits according to the PriorityGroup parameter value */
  NVIC_SetPriorityGrouping(PriorityGroup);
}
 80005ea:	4770      	bx	lr
 80005ec:	e000ed00 	.word	0xe000ed00

080005f0 <HAL_NVIC_SetPriority>:
  *         This parameter can be a value between 0 and 15
  *         A lower priority value indicates a higher priority.
  * @retval None
  */
void HAL_NVIC_SetPriority(IRQn_Type IRQn, uint32_t PreemptPriority, uint32_t SubPriority)
{
 80005f0:	b510      	push	{r4, lr}
 80005f2:	4604      	mov	r4, r0
  return ((uint32_t)((SCB->AIRCR & SCB_AIRCR_PRIGROUP_Msk) >> SCB_AIRCR_PRIGROUP_Pos));
 80005f4:	4b05      	ldr	r3, [pc, #20]	@ (800060c <HAL_NVIC_SetPriority+0x1c>)
 80005f6:	68d8      	ldr	r0, [r3, #12]
  assert_param(IS_NVIC_SUB_PRIORITY(SubPriority));
  assert_param(IS_NVIC_PREEMPTION_PRIORITY(PreemptPriority));

  prioritygroup = NVIC_GetPriorityGrouping();

  NVIC_SetPriority(IRQn, NVIC_EncodePriority(prioritygroup, PreemptPriority, SubPriority));
 80005f8:	f3c0 2002 	ubfx	r0, r0, #8, #3
 80005fc:	f7ff ffc2 	bl	8000584 <NVIC_EncodePriority>
 8000600:	4601      	mov	r1, r0
 8000602:	4620      	mov	r0, r4
 8000604:	f7ff ffaa 	bl	800055c <__NVIC_SetPriority>
}
 8000608:	bd10      	pop	{r4, pc}
 800060a:	bf00      	nop
 800060c:	e000ed00 	.word	0xe000ed00

08000610 <HAL_SYSTICK_Config>:
           function <b>SysTick_Config</b> is not included. In this case, the file <b><i>device</i>.h</b>
           must contain a vendor-specific implementation of this function.
 */
__STATIC_INLINE uint32_t SysTick_Config(uint32_t ticks)
{
  if ((ticks - 1UL) > SysTick_LOAD_RELOAD_Msk)
 8000610:	3801      	subs	r0, #1
 8000612:	f1b0 7f80 	cmp.w	r0, #16777216	@ 0x1000000
 8000616:	d20b      	bcs.n	8000630 <HAL_SYSTICK_Config+0x20>
  {
    return (1UL);                                                   /* Reload value impossible */
  }

  SysTick->LOAD  = (uint32_t)(ticks - 1UL);                         /* set reload register */
 8000618:	f04f 23e0 	mov.w	r3, #3758153728	@ 0xe000e000
 800061c:	6158      	str	r0, [r3, #20]
    SCB->SHP[(((uint32_t)IRQn) & 0xFUL)-4UL] = (uint8_t)((priority << (8U - __NVIC_PRIO_BITS)) & (uint32_t)0xFFUL);
 800061e:	4a05      	ldr	r2, [pc, #20]	@ (8000634 <HAL_SYSTICK_Config+0x24>)
 8000620:	21f0      	movs	r1, #240	@ 0xf0
 8000622:	f882 1023 	strb.w	r1, [r2, #35]	@ 0x23
  NVIC_SetPriority (SysTick_IRQn, (1UL << __NVIC_PRIO_BITS) - 1UL); /* set Priority for Systick Interrupt */
  SysTick->VAL   = 0UL;                                             /* Load the SysTick Counter Value */
 8000626:	2000      	movs	r0, #0
 8000628:	6198      	str	r0, [r3, #24]
  SysTick->CTRL  = SysTick_CTRL_CLKSOURCE_Msk |
 800062a:	2207      	movs	r2, #7
 800062c:	611a      	str	r2, [r3, #16]
                   SysTick_CTRL_TICKINT_Msk   |
                   SysTick_CTRL_ENABLE_Msk;                         /* Enable SysTick IRQ and SysTick Timer */
  return (0UL);                                                     /* Function successful */
 800062e:	4770      	bx	lr
    return (1UL);                                                   /* Reload value impossible */
 8000630:	2001      	movs	r0, #1
  *                  - 1  Function failed.
  */
uint32_t HAL_SYSTICK_Config(uint32_t TicksNumb)
{
   return SysTick_Config(TicksNumb);
}
 8000632:	4770      	bx	lr
 8000634:	e000ed00 	.word	0xe000ed00

08000638 <HAL_GPIO_Init>:
  * @param  GPIO_Init pointer to a GPIO_InitTypeDef structure that contains
  *         the configuration information for the specified GPIO peripheral.
  * @retval None
  */
void HAL_GPIO_Init(GPIO_TypeDef *GPIOx, GPIO_InitTypeDef const *GPIO_Init)
{
 8000638:	b570      	push	{r4, r5, r6, lr}
 800063a:	b082      	sub	sp, #8
  uint32_t position = 0x00U;
 800063c:	2300      	movs	r3, #0
  assert_param(IS_GPIO_ALL_INSTANCE(GPIOx));
  assert_param(IS_GPIO_PIN(GPIO_Init->Pin));
  assert_param(IS_GPIO_MODE(GPIO_Init->Mode));

  /* Configure the port pins */
  while (((GPIO_Init->Pin) >> position) != 0U)
 800063e:	e06d      	b.n	800071c <HAL_GPIO_Init+0xe4>
         ((GPIO_Init->Mode & GPIO_MODE) == MODE_AF))
      {
        /* Check the Speed parameter */
        assert_param(IS_GPIO_SPEED(GPIO_Init->Speed));
        /* Configure the IO Speed */
        temp = GPIOx->OSPEEDR;
 8000640:	6885      	ldr	r5, [r0, #8]
        temp &= ~(GPIO_OSPEEDR_OSPEED0 << (position * 2U));
 8000642:	ea4f 0e43 	mov.w	lr, r3, lsl #1
 8000646:	2403      	movs	r4, #3
 8000648:	fa04 f40e 	lsl.w	r4, r4, lr
 800064c:	ea25 0504 	bic.w	r5, r5, r4
        temp |= (GPIO_Init->Speed << (position * 2U));
 8000650:	68cc      	ldr	r4, [r1, #12]
 8000652:	fa04 f40e 	lsl.w	r4, r4, lr
 8000656:	432c      	orrs	r4, r5
        GPIOx->OSPEEDR = temp;
 8000658:	6084      	str	r4, [r0, #8]

        /* Configure the IO Output Type */
        temp = GPIOx->OTYPER;
 800065a:	6844      	ldr	r4, [r0, #4]
        temp &= ~(GPIO_OTYPER_OT0 << position) ;
 800065c:	ea24 040c 	bic.w	r4, r4, ip
        temp |= (((GPIO_Init->Mode & OUTPUT_TYPE) >> OUTPUT_TYPE_Pos) << position);
 8000660:	684d      	ldr	r5, [r1, #4]
 8000662:	f3c5 1c00 	ubfx	ip, r5, #4, #1
 8000666:	fa0c fc03 	lsl.w	ip, ip, r3
 800066a:	ea4c 0404 	orr.w	r4, ip, r4
        GPIOx->OTYPER = temp;
 800066e:	6044      	str	r4, [r0, #4]
 8000670:	e068      	b.n	8000744 <HAL_GPIO_Init+0x10c>
      }

      if (((GPIO_Init->Mode & GPIO_MODE) != MODE_ANALOG) ||
          (((GPIO_Init->Mode & GPIO_MODE) == MODE_ANALOG) && (GPIO_Init->Pull != GPIO_PULLUP)))
 8000672:	688c      	ldr	r4, [r1, #8]
      if (((GPIO_Init->Mode & GPIO_MODE) != MODE_ANALOG) ||
 8000674:	2c01      	cmp	r4, #1
 8000676:	d16b      	bne.n	8000750 <HAL_GPIO_Init+0x118>
 8000678:	e078      	b.n	800076c <HAL_GPIO_Init+0x134>
        /* Check the Alternate function parameters */
        assert_param(IS_GPIO_AF_INSTANCE(GPIOx));
        assert_param(IS_GPIO_AF(GPIO_Init->Alternate));

        /* Configure Alternate function mapped with the current IO */
        temp = GPIOx->AFR[position >> 3U];
 800067a:	08dd      	lsrs	r5, r3, #3
 800067c:	3508      	adds	r5, #8
 800067e:	f850 4025 	ldr.w	r4, [r0, r5, lsl #2]
        temp &= ~(0xFU << ((position & 0x07U) * 4U));
 8000682:	f003 0c07 	and.w	ip, r3, #7
 8000686:	ea4f 0c8c 	mov.w	ip, ip, lsl #2
 800068a:	f04f 0e0f 	mov.w	lr, #15
 800068e:	fa0e fe0c 	lsl.w	lr, lr, ip
 8000692:	ea24 0e0e 	bic.w	lr, r4, lr
        temp |= ((GPIO_Init->Alternate) << ((position & 0x07U) * 4U));
 8000696:	690c      	ldr	r4, [r1, #16]
 8000698:	fa04 f40c 	lsl.w	r4, r4, ip
 800069c:	ea44 040e 	orr.w	r4, r4, lr
        GPIOx->AFR[position >> 3U] = temp;
 80006a0:	f840 4025 	str.w	r4, [r0, r5, lsl #2]
 80006a4:	e068      	b.n	8000778 <HAL_GPIO_Init+0x140>
        /* Enable SYSCFG Clock */
        __HAL_RCC_SYSCFG_CLK_ENABLE();

        temp = SYSCFG->EXTICR[position >> 2U];
        temp &= ~(0x0FUL << (4U * (position & 0x03U)));
        temp |= (GPIO_GET_INDEX(GPIOx) << (4U * (position & 0x03U)));
 80006a6:	2405      	movs	r4, #5
 80006a8:	e000      	b.n	80006ac <HAL_GPIO_Init+0x74>
 80006aa:	2400      	movs	r4, #0
 80006ac:	fa04 f40e 	lsl.w	r4, r4, lr
 80006b0:	432c      	orrs	r4, r5
        SYSCFG->EXTICR[position >> 2U] = temp;
 80006b2:	f10c 0c02 	add.w	ip, ip, #2
 80006b6:	4d59      	ldr	r5, [pc, #356]	@ (800081c <HAL_GPIO_Init+0x1e4>)
 80006b8:	f845 402c 	str.w	r4, [r5, ip, lsl #2]

        /* Clear Rising Falling edge configuration */
        temp = EXTI->RTSR1;
 80006bc:	4c58      	ldr	r4, [pc, #352]	@ (8000820 <HAL_GPIO_Init+0x1e8>)
 80006be:	68a4      	ldr	r4, [r4, #8]
        temp &= ~(iocurrent);
 80006c0:	ea6f 0c02 	mvn.w	ip, r2
 80006c4:	ea24 0502 	bic.w	r5, r4, r2
        if ((GPIO_Init->Mode & TRIGGER_RISING) != 0x00U)
 80006c8:	684e      	ldr	r6, [r1, #4]
 80006ca:	f416 1f80 	tst.w	r6, #1048576	@ 0x100000
 80006ce:	d001      	beq.n	80006d4 <HAL_GPIO_Init+0x9c>
        {
          temp |= iocurrent;
 80006d0:	ea42 0504 	orr.w	r5, r2, r4
        }
        EXTI->RTSR1 = temp;
 80006d4:	4c52      	ldr	r4, [pc, #328]	@ (8000820 <HAL_GPIO_Init+0x1e8>)
 80006d6:	60a5      	str	r5, [r4, #8]

        temp = EXTI->FTSR1;
 80006d8:	68e4      	ldr	r4, [r4, #12]
        temp &= ~(iocurrent);
 80006da:	ea0c 0504 	and.w	r5, ip, r4
        if ((GPIO_Init->Mode & TRIGGER_FALLING) != 0x00U)
 80006de:	684e      	ldr	r6, [r1, #4]
 80006e0:	f416 1f00 	tst.w	r6, #2097152	@ 0x200000
 80006e4:	d001      	beq.n	80006ea <HAL_GPIO_Init+0xb2>
        {
          temp |= iocurrent;
 80006e6:	ea42 0504 	orr.w	r5, r2, r4
        }
        EXTI->FTSR1 = temp;
 80006ea:	4c4d      	ldr	r4, [pc, #308]	@ (8000820 <HAL_GPIO_Init+0x1e8>)
 80006ec:	60e5      	str	r5, [r4, #12]

        temp = EXTI->EMR1;
 80006ee:	6864      	ldr	r4, [r4, #4]
        temp &= ~(iocurrent);
 80006f0:	ea0c 0504 	and.w	r5, ip, r4
        if ((GPIO_Init->Mode & EXTI_EVT) != 0x00U)
 80006f4:	684e      	ldr	r6, [r1, #4]
 80006f6:	f416 3f00 	tst.w	r6, #131072	@ 0x20000
 80006fa:	d001      	beq.n	8000700 <HAL_GPIO_Init+0xc8>
        {
          temp |= iocurrent;
 80006fc:	ea42 0504 	orr.w	r5, r2, r4
        }
        EXTI->EMR1 = temp;
 8000700:	4c47      	ldr	r4, [pc, #284]	@ (8000820 <HAL_GPIO_Init+0x1e8>)
 8000702:	6065      	str	r5, [r4, #4]

        /* Clear EXTI line configuration */
        temp = EXTI->IMR1;
 8000704:	6824      	ldr	r4, [r4, #0]
        temp &= ~(iocurrent);
 8000706:	ea0c 0504 	and.w	r5, ip, r4
        if ((GPIO_Init->Mode & EXTI_IT) != 0x00U)
 800070a:	684e      	ldr	r6, [r1, #4]
 800070c:	f416 3f80 	tst.w	r6, #65536	@ 0x10000
 8000710:	d001      	beq.n	8000716 <HAL_GPIO_Init+0xde>
        {
          temp |= iocurrent;
 8000712:	ea42 0504 	orr.w	r5, r2, r4
        }
        EXTI->IMR1 = temp;
 8000716:	4a42      	ldr	r2, [pc, #264]	@ (8000820 <HAL_GPIO_Init+0x1e8>)
 8000718:	6015      	str	r5, [r2, #0]
      }
    }

    position++;
 800071a:	3301      	adds	r3, #1
  while (((GPIO_Init->Pin) >> position) != 0U)
 800071c:	680a      	ldr	r2, [r1, #0]
 800071e:	fa32 f403 	lsrs.w	r4, r2, r3
 8000722:	d079      	beq.n	8000818 <HAL_GPIO_Init+0x1e0>
    iocurrent = (GPIO_Init->Pin) & (1UL << position);
 8000724:	f04f 0c01 	mov.w	ip, #1
 8000728:	fa0c fc03 	lsl.w	ip, ip, r3
    if (iocurrent != 0x00u)
 800072c:	ea1c 0202 	ands.w	r2, ip, r2
 8000730:	d0f3      	beq.n	800071a <HAL_GPIO_Init+0xe2>
      if(((GPIO_Init->Mode & GPIO_MODE) == MODE_OUTPUT) ||
 8000732:	684c      	ldr	r4, [r1, #4]
 8000734:	f004 0e03 	and.w	lr, r4, #3
 8000738:	f10e 3eff 	add.w	lr, lr, #4294967295	@ 0xffffffff
 800073c:	f1be 0f01 	cmp.w	lr, #1
 8000740:	f67f af7e 	bls.w	8000640 <HAL_GPIO_Init+0x8>
      if (((GPIO_Init->Mode & GPIO_MODE) != MODE_ANALOG) ||
 8000744:	684c      	ldr	r4, [r1, #4]
 8000746:	f004 0c03 	and.w	ip, r4, #3
 800074a:	f1bc 0f03 	cmp.w	ip, #3
 800074e:	d090      	beq.n	8000672 <HAL_GPIO_Init+0x3a>
        temp = GPIOx->PUPDR;
 8000750:	68c5      	ldr	r5, [r0, #12]
        temp &= ~(GPIO_PUPDR_PUPD0 << (position * 2U));
 8000752:	005c      	lsls	r4, r3, #1
 8000754:	f04f 0c03 	mov.w	ip, #3
 8000758:	fa0c fc04 	lsl.w	ip, ip, r4
 800075c:	ea25 0e0c 	bic.w	lr, r5, ip
        temp |= ((GPIO_Init->Pull) << (position * 2U));
 8000760:	688d      	ldr	r5, [r1, #8]
 8000762:	fa05 fc04 	lsl.w	ip, r5, r4
 8000766:	ea4c 040e 	orr.w	r4, ip, lr
        GPIOx->PUPDR = temp;
 800076a:	60c4      	str	r4, [r0, #12]
      if ((GPIO_Init->Mode & GPIO_MODE) == MODE_AF)
 800076c:	684c      	ldr	r4, [r1, #4]
 800076e:	f004 0c03 	and.w	ip, r4, #3
 8000772:	f1bc 0f02 	cmp.w	ip, #2
 8000776:	d080      	beq.n	800067a <HAL_GPIO_Init+0x42>
      temp = GPIOx->MODER;
 8000778:	6805      	ldr	r5, [r0, #0]
      temp &= ~(GPIO_MODER_MODE0 << (position * 2U));
 800077a:	005c      	lsls	r4, r3, #1
 800077c:	f04f 0c03 	mov.w	ip, #3
 8000780:	fa0c fc04 	lsl.w	ip, ip, r4
 8000784:	ea25 0e0c 	bic.w	lr, r5, ip
      temp |= ((GPIO_Init->Mode & GPIO_MODE) << (position * 2U));
 8000788:	684d      	ldr	r5, [r1, #4]
 800078a:	f005 0c03 	and.w	ip, r5, #3
 800078e:	fa0c fc04 	lsl.w	ip, ip, r4
 8000792:	ea4c 040e 	orr.w	r4, ip, lr
      GPIOx->MODER = temp;
 8000796:	6004      	str	r4, [r0, #0]
      if ((GPIO_Init->Mode & EXTI_MODE) != 0x00u)
 8000798:	684c      	ldr	r4, [r1, #4]
 800079a:	f414 3f40 	tst.w	r4, #196608	@ 0x30000
 800079e:	d0bc      	beq.n	800071a <HAL_GPIO_Init+0xe2>
        __HAL_RCC_SYSCFG_CLK_ENABLE();
 80007a0:	4c20      	ldr	r4, [pc, #128]	@ (8000824 <HAL_GPIO_Init+0x1ec>)
 80007a2:	6e25      	ldr	r5, [r4, #96]	@ 0x60
 80007a4:	f045 0501 	orr.w	r5, r5, #1
 80007a8:	6625      	str	r5, [r4, #96]	@ 0x60
 80007aa:	6e24      	ldr	r4, [r4, #96]	@ 0x60
 80007ac:	f004 0401 	and.w	r4, r4, #1
 80007b0:	9401      	str	r4, [sp, #4]
 80007b2:	9c01      	ldr	r4, [sp, #4]
        temp = SYSCFG->EXTICR[position >> 2U];
 80007b4:	ea4f 0c93 	mov.w	ip, r3, lsr #2
 80007b8:	f10c 0502 	add.w	r5, ip, #2
 80007bc:	4c17      	ldr	r4, [pc, #92]	@ (800081c <HAL_GPIO_Init+0x1e4>)
 80007be:	f854 5025 	ldr.w	r5, [r4, r5, lsl #2]
        temp &= ~(0x0FUL << (4U * (position & 0x03U)));
 80007c2:	f003 0e03 	and.w	lr, r3, #3
 80007c6:	ea4f 0e8e 	mov.w	lr, lr, lsl #2
 80007ca:	240f      	movs	r4, #15
 80007cc:	fa04 f40e 	lsl.w	r4, r4, lr
 80007d0:	ea25 0504 	bic.w	r5, r5, r4
        temp |= (GPIO_GET_INDEX(GPIOx) << (4U * (position & 0x03U)));
 80007d4:	f1b0 4f90 	cmp.w	r0, #1207959552	@ 0x48000000
 80007d8:	f43f af67 	beq.w	80006aa <HAL_GPIO_Init+0x72>
 80007dc:	4c12      	ldr	r4, [pc, #72]	@ (8000828 <HAL_GPIO_Init+0x1f0>)
 80007de:	42a0      	cmp	r0, r4
 80007e0:	d012      	beq.n	8000808 <HAL_GPIO_Init+0x1d0>
 80007e2:	f504 6480 	add.w	r4, r4, #1024	@ 0x400
 80007e6:	42a0      	cmp	r0, r4
 80007e8:	d010      	beq.n	800080c <HAL_GPIO_Init+0x1d4>
 80007ea:	f504 6480 	add.w	r4, r4, #1024	@ 0x400
 80007ee:	42a0      	cmp	r0, r4
 80007f0:	d00e      	beq.n	8000810 <HAL_GPIO_Init+0x1d8>
 80007f2:	f504 6480 	add.w	r4, r4, #1024	@ 0x400
 80007f6:	42a0      	cmp	r0, r4
 80007f8:	d00c      	beq.n	8000814 <HAL_GPIO_Init+0x1dc>
 80007fa:	f504 6480 	add.w	r4, r4, #1024	@ 0x400
 80007fe:	42a0      	cmp	r0, r4
 8000800:	f43f af51 	beq.w	80006a6 <HAL_GPIO_Init+0x6e>
 8000804:	2406      	movs	r4, #6
 8000806:	e751      	b.n	80006ac <HAL_GPIO_Init+0x74>
 8000808:	2401      	movs	r4, #1
 800080a:	e74f      	b.n	80006ac <HAL_GPIO_Init+0x74>
 800080c:	2402      	movs	r4, #2
 800080e:	e74d      	b.n	80006ac <HAL_GPIO_Init+0x74>
 8000810:	2403      	movs	r4, #3
 8000812:	e74b      	b.n	80006ac <HAL_GPIO_Init+0x74>
 8000814:	2404      	movs	r4, #4
 8000816:	e749      	b.n	80006ac <HAL_GPIO_Init+0x74>
  }
}
 8000818:	b002      	add	sp, #8
 800081a:	bd70      	pop	{r4, r5, r6, pc}
 800081c:	40010000 	.word	0x40010000
 8000820:	40010400 	.word	0x40010400
 8000824:	40021000 	.word	0x40021000
 8000828:	48000400 	.word	0x48000400

0800082c <HAL_GPIO_ReadPin>:
  GPIO_PinState bitstatus;

  /* Check the parameters */
  assert_param(IS_GPIO_PIN(GPIO_Pin));

  if ((GPIOx->IDR & GPIO_Pin) != 0x00U)
 800082c:	6903      	ldr	r3, [r0, #16]
 800082e:	4219      	tst	r1, r3
 8000830:	d001      	beq.n	8000836 <HAL_GPIO_ReadPin+0xa>
  {
    bitstatus = GPIO_PIN_SET;
 8000832:	2001      	movs	r0, #1
 8000834:	4770      	bx	lr
  }
  else
  {
    bitstatus = GPIO_PIN_RESET;
 8000836:	2000      	movs	r0, #0
  }
  return bitstatus;
}
 8000838:	4770      	bx	lr

0800083a <HAL_GPIO_WritePin>:
{
  /* Check the parameters */
  assert_param(IS_GPIO_PIN(GPIO_Pin));
  assert_param(IS_GPIO_PIN_ACTION(PinState));

  if (PinState != GPIO_PIN_RESET)
 800083a:	b10a      	cbz	r2, 8000840 <HAL_GPIO_WritePin+0x6>
  {
    GPIOx->BSRR = (uint32_t)GPIO_Pin;
 800083c:	6181      	str	r1, [r0, #24]
 800083e:	4770      	bx	lr
  }
  else
  {
    GPIOx->BRR = (uint32_t)GPIO_Pin;
 8000840:	6281      	str	r1, [r0, #40]	@ 0x28
  }
}
 8000842:	4770      	bx	lr

08000844 <HAL_MspInit>:
/* USER CODE END 0 */
/**
  * Initializes the Global MSP.
  */
void HAL_MspInit(void)
{
 8000844:	b500      	push	{lr}
 8000846:	b083      	sub	sp, #12

  /* USER CODE BEGIN MspInit 0 */

  /* USER CODE END MspInit 0 */

  __HAL_RCC_SYSCFG_CLK_ENABLE();
 8000848:	4b0b      	ldr	r3, [pc, #44]	@ (8000878 <HAL_MspInit+0x34>)
 800084a:	6e1a      	ldr	r2, [r3, #96]	@ 0x60
 800084c:	f042 0201 	orr.w	r2, r2, #1
 8000850:	661a      	str	r2, [r3, #96]	@ 0x60
 8000852:	6e1a      	ldr	r2, [r3, #96]	@ 0x60
 8000854:	f002 0201 	and.w	r2, r2, #1
 8000858:	9200      	str	r2, [sp, #0]
 800085a:	9a00      	ldr	r2, [sp, #0]
  __HAL_RCC_PWR_CLK_ENABLE();
 800085c:	6d9a      	ldr	r2, [r3, #88]	@ 0x58
 800085e:	f042 5280 	orr.w	r2, r2, #268435456	@ 0x10000000
 8000862:	659a      	str	r2, [r3, #88]	@ 0x58
 8000864:	6d9b      	ldr	r3, [r3, #88]	@ 0x58
 8000866:	f003 5380 	and.w	r3, r3, #268435456	@ 0x10000000
 800086a:	9301      	str	r3, [sp, #4]
 800086c:	9b01      	ldr	r3, [sp, #4]

  /* System interrupt init*/

  /** Disable the internal Pull-Up in Dead Battery pins of UCPD peripheral
  */
  HAL_PWREx_DisableUCPDDeadBattery();
 800086e:	f000 f8ad 	bl	80009cc <HAL_PWREx_DisableUCPDDeadBattery>

  /* USER CODE BEGIN MspInit 1 */

  /* USER CODE END MspInit 1 */
}
 8000872:	b003      	add	sp, #12
 8000874:	bd00      	pop	{pc}
 8000876:	bf00      	nop
 8000878:	40021000 	.word	0x40021000

0800087c <HAL_PWR_EnableWakeUpPin>:
{
  assert_param(IS_PWR_WAKEUP_PIN(WakeUpPinPolarity));

  /* Specifies the Wake-Up pin polarity for the event detection
    (rising or falling edge) */
  MODIFY_REG(PWR->CR4, (PWR_CR3_EWUP & WakeUpPinPolarity), (WakeUpPinPolarity >> PWR_WUP_POLARITY_SHIFT));
 800087c:	4a06      	ldr	r2, [pc, #24]	@ (8000898 <HAL_PWR_EnableWakeUpPin+0x1c>)
 800087e:	68d3      	ldr	r3, [r2, #12]
 8000880:	f000 011f 	and.w	r1, r0, #31
 8000884:	ea23 0301 	bic.w	r3, r3, r1
 8000888:	ea43 1050 	orr.w	r0, r3, r0, lsr #5
 800088c:	60d0      	str	r0, [r2, #12]

  /* Enable wake-up pin */
  SET_BIT(PWR->CR3, (PWR_CR3_EWUP & WakeUpPinPolarity));
 800088e:	6893      	ldr	r3, [r2, #8]
 8000890:	4319      	orrs	r1, r3
 8000892:	6091      	str	r1, [r2, #8]


}
 8000894:	4770      	bx	lr
 8000896:	bf00      	nop
 8000898:	40007000 	.word	0x40007000

0800089c <HAL_PWR_EnterSTANDBYMode>:
  * @retval None
  */
void HAL_PWR_EnterSTANDBYMode(void)
{
  /* Set Stand-by mode */
  MODIFY_REG(PWR->CR1, PWR_CR1_LPMS, PWR_CR1_LPMS_STANDBY);
 800089c:	4a06      	ldr	r2, [pc, #24]	@ (80008b8 <HAL_PWR_EnterSTANDBYMode+0x1c>)
 800089e:	6813      	ldr	r3, [r2, #0]
 80008a0:	f023 0307 	bic.w	r3, r3, #7
 80008a4:	f043 0303 	orr.w	r3, r3, #3
 80008a8:	6013      	str	r3, [r2, #0]

  /* Set SLEEPDEEP bit of Cortex System Control Register */
  SET_BIT(SCB->SCR, ((uint32_t)SCB_SCR_SLEEPDEEP_Msk));
 80008aa:	4a04      	ldr	r2, [pc, #16]	@ (80008bc <HAL_PWR_EnterSTANDBYMode+0x20>)
 80008ac:	6913      	ldr	r3, [r2, #16]
 80008ae:	f043 0304 	orr.w	r3, r3, #4
 80008b2:	6113      	str	r3, [r2, #16]
/* This option is used to ensure that store operations are completed */
#if defined ( __CC_ARM)
  __force_stores();
#endif
  /* Request Wait For Interrupt */
  __WFI();
 80008b4:	bf30      	wfi
}
 80008b6:	4770      	bx	lr
 80008b8:	40007000 	.word	0x40007000
 80008bc:	e000ed00 	.word	0xe000ed00

080008c0 <HAL_PWREx_ControlVoltageScaling>:
{
  uint32_t wait_loop_index;

  assert_param(IS_PWR_VOLTAGE_SCALING_RANGE(VoltageScaling));

  if (VoltageScaling == PWR_REGULATOR_VOLTAGE_SCALE1_BOOST)
 80008c0:	2800      	cmp	r0, #0
 80008c2:	d136      	bne.n	8000932 <HAL_PWREx_ControlVoltageScaling+0x72>
  {
    /* If current range is range 2 */
    if (READ_BIT(PWR->CR1, PWR_CR1_VOS) == PWR_REGULATOR_VOLTAGE_SCALE2)
 80008c4:	4b3e      	ldr	r3, [pc, #248]	@ (80009c0 <HAL_PWREx_ControlVoltageScaling+0x100>)
 80008c6:	681b      	ldr	r3, [r3, #0]
 80008c8:	f403 63c0 	and.w	r3, r3, #1536	@ 0x600
 80008cc:	f5b3 6f80 	cmp.w	r3, #1024	@ 0x400
 80008d0:	d008      	beq.n	80008e4 <HAL_PWREx_ControlVoltageScaling+0x24>
    }
    /* If current range is range 1 normal or boost mode */
    else
    {
      /* Enable Range 1 Boost (no issue if bit already reset) */
      CLEAR_BIT(PWR->CR5, PWR_CR5_R1MODE);
 80008d2:	4a3b      	ldr	r2, [pc, #236]	@ (80009c0 <HAL_PWREx_ControlVoltageScaling+0x100>)
 80008d4:	f8d2 3080 	ldr.w	r3, [r2, #128]	@ 0x80
 80008d8:	f423 7380 	bic.w	r3, r3, #256	@ 0x100
 80008dc:	f8c2 3080 	str.w	r3, [r2, #128]	@ 0x80
    MODIFY_REG(PWR->CR1, PWR_CR1_VOS, PWR_REGULATOR_VOLTAGE_SCALE2);
    /* No need to wait for VOSF to be cleared for this transition */
    /* PWR_CR5_R1MODE bit setting has no effect in Range 2        */
  }

  return HAL_OK;
 80008e0:	2000      	movs	r0, #0
 80008e2:	4770      	bx	lr
      CLEAR_BIT(PWR->CR5, PWR_CR5_R1MODE);
 80008e4:	4a36      	ldr	r2, [pc, #216]	@ (80009c0 <HAL_PWREx_ControlVoltageScaling+0x100>)
 80008e6:	f8d2 3080 	ldr.w	r3, [r2, #128]	@ 0x80
 80008ea:	f423 7380 	bic.w	r3, r3, #256	@ 0x100
 80008ee:	f8c2 3080 	str.w	r3, [r2, #128]	@ 0x80
      MODIFY_REG(PWR->CR1, PWR_CR1_VOS, PWR_REGULATOR_VOLTAGE_SCALE1);
 80008f2:	6813      	ldr	r3, [r2, #0]
 80008f4:	f423 63c0 	bic.w	r3, r3, #1536	@ 0x600
 80008f8:	f443 7300 	orr.w	r3, r3, #512	@ 0x200
 80008fc:	6013      	str	r3, [r2, #0]
      wait_loop_index = ((PWR_FLAG_SETTING_DELAY_US * SystemCoreClock) / 1000000U) + 1U;
 80008fe:	4b31      	ldr	r3, [pc, #196]	@ (80009c4 <HAL_PWREx_ControlVoltageScaling+0x104>)
 8000900:	681b      	ldr	r3, [r3, #0]
 8000902:	2232      	movs	r2, #50	@ 0x32
 8000904:	fb02 f303 	mul.w	r3, r2, r3
 8000908:	4a2f      	ldr	r2, [pc, #188]	@ (80009c8 <HAL_PWREx_ControlVoltageScaling+0x108>)
 800090a:	fba2 2303 	umull	r2, r3, r2, r3
 800090e:	0c9b      	lsrs	r3, r3, #18
 8000910:	3301      	adds	r3, #1
      while ((HAL_IS_BIT_SET(PWR->SR2, PWR_SR2_VOSF)) && (wait_loop_index != 0U))
 8000912:	e000      	b.n	8000916 <HAL_PWREx_ControlVoltageScaling+0x56>
        wait_loop_index--;
 8000914:	3b01      	subs	r3, #1
      while ((HAL_IS_BIT_SET(PWR->SR2, PWR_SR2_VOSF)) && (wait_loop_index != 0U))
 8000916:	4a2a      	ldr	r2, [pc, #168]	@ (80009c0 <HAL_PWREx_ControlVoltageScaling+0x100>)
 8000918:	6952      	ldr	r2, [r2, #20]
 800091a:	f412 6f80 	tst.w	r2, #1024	@ 0x400
 800091e:	d001      	beq.n	8000924 <HAL_PWREx_ControlVoltageScaling+0x64>
 8000920:	2b00      	cmp	r3, #0
 8000922:	d1f7      	bne.n	8000914 <HAL_PWREx_ControlVoltageScaling+0x54>
      if (HAL_IS_BIT_SET(PWR->SR2, PWR_SR2_VOSF))
 8000924:	4b26      	ldr	r3, [pc, #152]	@ (80009c0 <HAL_PWREx_ControlVoltageScaling+0x100>)
 8000926:	695b      	ldr	r3, [r3, #20]
 8000928:	f413 6f80 	tst.w	r3, #1024	@ 0x400
 800092c:	d144      	bne.n	80009b8 <HAL_PWREx_ControlVoltageScaling+0xf8>
  return HAL_OK;
 800092e:	2000      	movs	r0, #0
 8000930:	4770      	bx	lr
  else if (VoltageScaling == PWR_REGULATOR_VOLTAGE_SCALE1)
 8000932:	f5b0 7f00 	cmp.w	r0, #512	@ 0x200
 8000936:	d008      	beq.n	800094a <HAL_PWREx_ControlVoltageScaling+0x8a>
    MODIFY_REG(PWR->CR1, PWR_CR1_VOS, PWR_REGULATOR_VOLTAGE_SCALE2);
 8000938:	4a21      	ldr	r2, [pc, #132]	@ (80009c0 <HAL_PWREx_ControlVoltageScaling+0x100>)
 800093a:	6813      	ldr	r3, [r2, #0]
 800093c:	f423 63c0 	bic.w	r3, r3, #1536	@ 0x600
 8000940:	f443 6380 	orr.w	r3, r3, #1024	@ 0x400
 8000944:	6013      	str	r3, [r2, #0]
  return HAL_OK;
 8000946:	2000      	movs	r0, #0
 8000948:	4770      	bx	lr
    if (READ_BIT(PWR->CR1, PWR_CR1_VOS) == PWR_REGULATOR_VOLTAGE_SCALE2)
 800094a:	4b1d      	ldr	r3, [pc, #116]	@ (80009c0 <HAL_PWREx_ControlVoltageScaling+0x100>)
 800094c:	681b      	ldr	r3, [r3, #0]
 800094e:	f403 63c0 	and.w	r3, r3, #1536	@ 0x600
 8000952:	f5b3 6f80 	cmp.w	r3, #1024	@ 0x400
 8000956:	d008      	beq.n	800096a <HAL_PWREx_ControlVoltageScaling+0xaa>
      SET_BIT(PWR->CR5, PWR_CR5_R1MODE);
 8000958:	4a19      	ldr	r2, [pc, #100]	@ (80009c0 <HAL_PWREx_ControlVoltageScaling+0x100>)
 800095a:	f8d2 3080 	ldr.w	r3, [r2, #128]	@ 0x80
 800095e:	f443 7380 	orr.w	r3, r3, #256	@ 0x100
 8000962:	f8c2 3080 	str.w	r3, [r2, #128]	@ 0x80
  return HAL_OK;
 8000966:	2000      	movs	r0, #0
 8000968:	4770      	bx	lr
      SET_BIT(PWR->CR5, PWR_CR5_R1MODE);
 800096a:	4a15      	ldr	r2, [pc, #84]	@ (80009c0 <HAL_PWREx_ControlVoltageScaling+0x100>)
 800096c:	f8d2 3080 	ldr.w	r3, [r2, #128]	@ 0x80
 8000970:	f443 7380 	orr.w	r3, r3, #256	@ 0x100
 8000974:	f8c2 3080 	str.w	r3, [r2, #128]	@ 0x80
      MODIFY_REG(PWR->CR1, PWR_CR1_VOS, PWR_REGULATOR_VOLTAGE_SCALE1);
 8000978:	6813      	ldr	r3, [r2, #0]
 800097a:	f423 63c0 	bic.w	r3, r3, #1536	@ 0x600
 800097e:	f443 7300 	orr.w	r3, r3, #512	@ 0x200
 8000982:	6013      	str	r3, [r2, #0]
      wait_loop_index = ((PWR_FLAG_SETTING_DELAY_US * SystemCoreClock) / 1000000U) + 1U;
 8000984:	4b0f      	ldr	r3, [pc, #60]	@ (80009c4 <HAL_PWREx_ControlVoltageScaling+0x104>)
 8000986:	681b      	ldr	r3, [r3, #0]
 8000988:	2232      	movs	r2, #50	@ 0x32
 800098a:	fb02 f303 	mul.w	r3, r2, r3
 800098e:	4a0e      	ldr	r2, [pc, #56]	@ (80009c8 <HAL_PWREx_ControlVoltageScaling+0x108>)
 8000990:	fba2 2303 	umull	r2, r3, r2, r3
 8000994:	0c9b      	lsrs	r3, r3, #18
 8000996:	3301      	adds	r3, #1
      while ((HAL_IS_BIT_SET(PWR->SR2, PWR_SR2_VOSF)) && (wait_loop_index != 0U))
 8000998:	e000      	b.n	800099c <HAL_PWREx_ControlVoltageScaling+0xdc>
        wait_loop_index--;
 800099a:	3b01      	subs	r3, #1
      while ((HAL_IS_BIT_SET(PWR->SR2, PWR_SR2_VOSF)) && (wait_loop_index != 0U))
 800099c:	4a08      	ldr	r2, [pc, #32]	@ (80009c0 <HAL_PWREx_ControlVoltageScaling+0x100>)
 800099e:	6952      	ldr	r2, [r2, #20]
 80009a0:	f412 6f80 	tst.w	r2, #1024	@ 0x400
 80009a4:	d001      	beq.n	80009aa <HAL_PWREx_ControlVoltageScaling+0xea>
 80009a6:	2b00      	cmp	r3, #0
 80009a8:	d1f7      	bne.n	800099a <HAL_PWREx_ControlVoltageScaling+0xda>
      if (HAL_IS_BIT_SET(PWR->SR2, PWR_SR2_VOSF))
 80009aa:	4b05      	ldr	r3, [pc, #20]	@ (80009c0 <HAL_PWREx_ControlVoltageScaling+0x100>)
 80009ac:	695b      	ldr	r3, [r3, #20]
 80009ae:	f413 6f80 	tst.w	r3, #1024	@ 0x400
 80009b2:	d103      	bne.n	80009bc <HAL_PWREx_ControlVoltageScaling+0xfc>
  return HAL_OK;
 80009b4:	2000      	movs	r0, #0
 80009b6:	4770      	bx	lr
        return HAL_TIMEOUT;
 80009b8:	2003      	movs	r0, #3
 80009ba:	4770      	bx	lr
        return HAL_TIMEOUT;
 80009bc:	2003      	movs	r0, #3
}
 80009be:	4770      	bx	lr
 80009c0:	40007000 	.word	0x40007000
 80009c4:	20000008 	.word	0x20000008
 80009c8:	431bde83 	.word	0x431bde83

080009cc <HAL_PWREx_DisableUCPDDeadBattery>:
  * @retval None
  */
void HAL_PWREx_DisableUCPDDeadBattery(void)
{
  /* Write 1 to disable the USB Type-C dead battery pull-down behavior */
  SET_BIT(PWR->CR3, PWR_CR3_UCPD_DBDIS);
 80009cc:	4a02      	ldr	r2, [pc, #8]	@ (80009d8 <HAL_PWREx_DisableUCPDDeadBattery+0xc>)
 80009ce:	6893      	ldr	r3, [r2, #8]
 80009d0:	f443 4380 	orr.w	r3, r3, #16384	@ 0x4000
 80009d4:	6093      	str	r3, [r2, #8]
}
 80009d6:	4770      	bx	lr
 80009d8:	40007000 	.word	0x40007000

080009dc <RCC_GetSysClockFreqFromPLLSource>:
  uint32_t sysclockfreq;

  /* PLL_VCO = (HSE_VALUE or HSI_VALUE/ PLLM) * PLLN
     SYSCLK = PLL_VCO / PLLR
   */
  pllsource = READ_BIT(RCC->PLLCFGR, RCC_PLLCFGR_PLLSRC);
 80009dc:	4b12      	ldr	r3, [pc, #72]	@ (8000a28 <RCC_GetSysClockFreqFromPLLSource+0x4c>)
 80009de:	68da      	ldr	r2, [r3, #12]
 80009e0:	f002 0203 	and.w	r2, r2, #3
  pllm = (READ_BIT(RCC->PLLCFGR, RCC_PLLCFGR_PLLM) >> RCC_PLLCFGR_PLLM_Pos) + 1U ;
 80009e4:	68db      	ldr	r3, [r3, #12]
 80009e6:	f3c3 1303 	ubfx	r3, r3, #4, #4
 80009ea:	3301      	adds	r3, #1

  switch (pllsource)
 80009ec:	2a03      	cmp	r2, #3
 80009ee:	d011      	beq.n	8000a14 <RCC_GetSysClockFreqFromPLLSource+0x38>
    pllvco = (HSE_VALUE / pllm) * (READ_BIT(RCC->PLLCFGR, RCC_PLLCFGR_PLLN) >> RCC_PLLCFGR_PLLN_Pos);
    break;

  case RCC_PLLSOURCE_HSI:  /* HSI used as PLL clock source */
  default:
    pllvco = (HSI_VALUE / pllm) * (READ_BIT(RCC->PLLCFGR, RCC_PLLCFGR_PLLN) >> RCC_PLLCFGR_PLLN_Pos);
 80009f0:	480e      	ldr	r0, [pc, #56]	@ (8000a2c <RCC_GetSysClockFreqFromPLLSource+0x50>)
 80009f2:	fbb0 f0f3 	udiv	r0, r0, r3
 80009f6:	4b0c      	ldr	r3, [pc, #48]	@ (8000a28 <RCC_GetSysClockFreqFromPLLSource+0x4c>)
 80009f8:	68db      	ldr	r3, [r3, #12]
 80009fa:	f3c3 2306 	ubfx	r3, r3, #8, #7
 80009fe:	fb03 f000 	mul.w	r0, r3, r0
    break;
  }

  pllr = ((READ_BIT(RCC->PLLCFGR, RCC_PLLCFGR_PLLR) >> RCC_PLLCFGR_PLLR_Pos) + 1U ) * 2U;
 8000a02:	4b09      	ldr	r3, [pc, #36]	@ (8000a28 <RCC_GetSysClockFreqFromPLLSource+0x4c>)
 8000a04:	68db      	ldr	r3, [r3, #12]
 8000a06:	f3c3 6341 	ubfx	r3, r3, #25, #2
 8000a0a:	3301      	adds	r3, #1
 8000a0c:	005b      	lsls	r3, r3, #1
  sysclockfreq = pllvco/pllr;

  return sysclockfreq;
}
 8000a0e:	fbb0 f0f3 	udiv	r0, r0, r3
 8000a12:	4770      	bx	lr
    pllvco = (HSE_VALUE / pllm) * (READ_BIT(RCC->PLLCFGR, RCC_PLLCFGR_PLLN) >> RCC_PLLCFGR_PLLN_Pos);
 8000a14:	4806      	ldr	r0, [pc, #24]	@ (8000a30 <RCC_GetSysClockFreqFromPLLSource+0x54>)
 8000a16:	fbb0 f0f3 	udiv	r0, r0, r3
 8000a1a:	4b03      	ldr	r3, [pc, #12]	@ (8000a28 <RCC_GetSysClockFreqFromPLLSource+0x4c>)
 8000a1c:	68db      	ldr	r3, [r3, #12]
 8000a1e:	f3c3 2306 	ubfx	r3, r3, #8, #7
 8000a22:	fb03 f000 	mul.w	r0, r3, r0
    break;
 8000a26:	e7ec      	b.n	8000a02 <RCC_GetSysClockFreqFromPLLSource+0x26>
 8000a28:	40021000 	.word	0x40021000
 8000a2c:	00f42400 	.word	0x00f42400
 8000a30:	007a1200 	.word	0x007a1200

08000a34 <HAL_RCC_OscConfig>:
  if (RCC_OscInitStruct == NULL)
 8000a34:	2800      	cmp	r0, #0
 8000a36:	f000 8251 	beq.w	8000edc <HAL_RCC_OscConfig+0x4a8>
{
 8000a3a:	b570      	push	{r4, r5, r6, lr}
 8000a3c:	b082      	sub	sp, #8
 8000a3e:	4604      	mov	r4, r0
  if (((RCC_OscInitStruct->OscillatorType) & RCC_OSCILLATORTYPE_HSE) == RCC_OSCILLATORTYPE_HSE)
 8000a40:	6803      	ldr	r3, [r0, #0]
 8000a42:	f013 0f01 	tst.w	r3, #1
 8000a46:	d037      	beq.n	8000ab8 <HAL_RCC_OscConfig+0x84>
    temp_sysclksrc = __HAL_RCC_GET_SYSCLK_SOURCE();
 8000a48:	4aa5      	ldr	r2, [pc, #660]	@ (8000ce0 <HAL_RCC_OscConfig+0x2ac>)
 8000a4a:	6893      	ldr	r3, [r2, #8]
 8000a4c:	f003 030c 	and.w	r3, r3, #12
    temp_pllckcfg = __HAL_RCC_GET_PLL_OSCSOURCE();
 8000a50:	68d2      	ldr	r2, [r2, #12]
 8000a52:	f002 0203 	and.w	r2, r2, #3
    if (((temp_sysclksrc == RCC_CFGR_SWS_PLL) && (temp_pllckcfg == RCC_PLLSOURCE_HSE)) || (temp_sysclksrc == RCC_CFGR_SWS_HSE))
 8000a56:	2b0c      	cmp	r3, #12
 8000a58:	d023      	beq.n	8000aa2 <HAL_RCC_OscConfig+0x6e>
 8000a5a:	2b08      	cmp	r3, #8
 8000a5c:	d023      	beq.n	8000aa6 <HAL_RCC_OscConfig+0x72>
      __HAL_RCC_HSE_CONFIG(RCC_OscInitStruct->HSEState);
 8000a5e:	6863      	ldr	r3, [r4, #4]
 8000a60:	f5b3 3f80 	cmp.w	r3, #65536	@ 0x10000
 8000a64:	d04e      	beq.n	8000b04 <HAL_RCC_OscConfig+0xd0>
 8000a66:	f5b3 2fa0 	cmp.w	r3, #327680	@ 0x50000
 8000a6a:	d051      	beq.n	8000b10 <HAL_RCC_OscConfig+0xdc>
 8000a6c:	4b9c      	ldr	r3, [pc, #624]	@ (8000ce0 <HAL_RCC_OscConfig+0x2ac>)
 8000a6e:	681a      	ldr	r2, [r3, #0]
 8000a70:	f422 3280 	bic.w	r2, r2, #65536	@ 0x10000
 8000a74:	601a      	str	r2, [r3, #0]
 8000a76:	681a      	ldr	r2, [r3, #0]
 8000a78:	f422 2280 	bic.w	r2, r2, #262144	@ 0x40000
 8000a7c:	601a      	str	r2, [r3, #0]
      if (RCC_OscInitStruct->HSEState != RCC_HSE_OFF)
 8000a7e:	6863      	ldr	r3, [r4, #4]
 8000a80:	2b00      	cmp	r3, #0
 8000a82:	d052      	beq.n	8000b2a <HAL_RCC_OscConfig+0xf6>
        tickstart = HAL_GetTick();
 8000a84:	f7ff fd50 	bl	8000528 <HAL_GetTick>
 8000a88:	4605      	mov	r5, r0
        while (READ_BIT(RCC->CR, RCC_CR_HSERDY) == 0U)
 8000a8a:	4b95      	ldr	r3, [pc, #596]	@ (8000ce0 <HAL_RCC_OscConfig+0x2ac>)
 8000a8c:	681b      	ldr	r3, [r3, #0]
 8000a8e:	f413 3f00 	tst.w	r3, #131072	@ 0x20000
 8000a92:	d111      	bne.n	8000ab8 <HAL_RCC_OscConfig+0x84>
          if ((HAL_GetTick() - tickstart) > HSE_TIMEOUT_VALUE)
 8000a94:	f7ff fd48 	bl	8000528 <HAL_GetTick>
 8000a98:	1b40      	subs	r0, r0, r5
 8000a9a:	2864      	cmp	r0, #100	@ 0x64
 8000a9c:	d9f5      	bls.n	8000a8a <HAL_RCC_OscConfig+0x56>
            return HAL_TIMEOUT;
 8000a9e:	2003      	movs	r0, #3
 8000aa0:	e225      	b.n	8000eee <HAL_RCC_OscConfig+0x4ba>
    if (((temp_sysclksrc == RCC_CFGR_SWS_PLL) && (temp_pllckcfg == RCC_PLLSOURCE_HSE)) || (temp_sysclksrc == RCC_CFGR_SWS_HSE))
 8000aa2:	2a03      	cmp	r2, #3
 8000aa4:	d1d9      	bne.n	8000a5a <HAL_RCC_OscConfig+0x26>
      if ((READ_BIT(RCC->CR, RCC_CR_HSERDY) != 0U) && (RCC_OscInitStruct->HSEState == RCC_HSE_OFF))
 8000aa6:	4b8e      	ldr	r3, [pc, #568]	@ (8000ce0 <HAL_RCC_OscConfig+0x2ac>)
 8000aa8:	681b      	ldr	r3, [r3, #0]
 8000aaa:	f413 3f00 	tst.w	r3, #131072	@ 0x20000
 8000aae:	d003      	beq.n	8000ab8 <HAL_RCC_OscConfig+0x84>
 8000ab0:	6863      	ldr	r3, [r4, #4]
 8000ab2:	2b00      	cmp	r3, #0
 8000ab4:	f000 8214 	beq.w	8000ee0 <HAL_RCC_OscConfig+0x4ac>
  if (((RCC_OscInitStruct->OscillatorType) & RCC_OSCILLATORTYPE_HSI) == RCC_OSCILLATORTYPE_HSI)
 8000ab8:	6823      	ldr	r3, [r4, #0]
 8000aba:	f013 0f02 	tst.w	r3, #2
 8000abe:	d05d      	beq.n	8000b7c <HAL_RCC_OscConfig+0x148>
    temp_sysclksrc = __HAL_RCC_GET_SYSCLK_SOURCE();
 8000ac0:	4a87      	ldr	r2, [pc, #540]	@ (8000ce0 <HAL_RCC_OscConfig+0x2ac>)
 8000ac2:	6893      	ldr	r3, [r2, #8]
 8000ac4:	f003 030c 	and.w	r3, r3, #12
    temp_pllckcfg = __HAL_RCC_GET_PLL_OSCSOURCE();
 8000ac8:	68d2      	ldr	r2, [r2, #12]
 8000aca:	f002 0203 	and.w	r2, r2, #3
    if (((temp_sysclksrc == RCC_CFGR_SWS_PLL) && (temp_pllckcfg == RCC_PLLSOURCE_HSI)) || (temp_sysclksrc == RCC_CFGR_SWS_HSI))
 8000ace:	2b0c      	cmp	r3, #12
 8000ad0:	d03a      	beq.n	8000b48 <HAL_RCC_OscConfig+0x114>
 8000ad2:	2b04      	cmp	r3, #4
 8000ad4:	d03a      	beq.n	8000b4c <HAL_RCC_OscConfig+0x118>
      if (RCC_OscInitStruct->HSIState != RCC_HSI_OFF)
 8000ad6:	68e3      	ldr	r3, [r4, #12]
 8000ad8:	2b00      	cmp	r3, #0
 8000ada:	d075      	beq.n	8000bc8 <HAL_RCC_OscConfig+0x194>
        __HAL_RCC_HSI_ENABLE();
 8000adc:	4a80      	ldr	r2, [pc, #512]	@ (8000ce0 <HAL_RCC_OscConfig+0x2ac>)
 8000ade:	6813      	ldr	r3, [r2, #0]
 8000ae0:	f443 7380 	orr.w	r3, r3, #256	@ 0x100
 8000ae4:	6013      	str	r3, [r2, #0]
        tickstart = HAL_GetTick();
 8000ae6:	f7ff fd1f 	bl	8000528 <HAL_GetTick>
 8000aea:	4605      	mov	r5, r0
        while (READ_BIT(RCC->CR, RCC_CR_HSIRDY) == 0U)
 8000aec:	4b7c      	ldr	r3, [pc, #496]	@ (8000ce0 <HAL_RCC_OscConfig+0x2ac>)
 8000aee:	681b      	ldr	r3, [r3, #0]
 8000af0:	f413 6f80 	tst.w	r3, #1024	@ 0x400
 8000af4:	d15f      	bne.n	8000bb6 <HAL_RCC_OscConfig+0x182>
          if ((HAL_GetTick() - tickstart) > HSI_TIMEOUT_VALUE)
 8000af6:	f7ff fd17 	bl	8000528 <HAL_GetTick>
 8000afa:	1b40      	subs	r0, r0, r5
 8000afc:	2802      	cmp	r0, #2
 8000afe:	d9f5      	bls.n	8000aec <HAL_RCC_OscConfig+0xb8>
            return HAL_TIMEOUT;
 8000b00:	2003      	movs	r0, #3
 8000b02:	e1f4      	b.n	8000eee <HAL_RCC_OscConfig+0x4ba>
      __HAL_RCC_HSE_CONFIG(RCC_OscInitStruct->HSEState);
 8000b04:	4a76      	ldr	r2, [pc, #472]	@ (8000ce0 <HAL_RCC_OscConfig+0x2ac>)
 8000b06:	6813      	ldr	r3, [r2, #0]
 8000b08:	f443 3380 	orr.w	r3, r3, #65536	@ 0x10000
 8000b0c:	6013      	str	r3, [r2, #0]
 8000b0e:	e7b6      	b.n	8000a7e <HAL_RCC_OscConfig+0x4a>
 8000b10:	f103 4380 	add.w	r3, r3, #1073741824	@ 0x40000000
 8000b14:	f5a3 333c 	sub.w	r3, r3, #192512	@ 0x2f000
 8000b18:	681a      	ldr	r2, [r3, #0]
 8000b1a:	f442 2280 	orr.w	r2, r2, #262144	@ 0x40000
 8000b1e:	601a      	str	r2, [r3, #0]
 8000b20:	681a      	ldr	r2, [r3, #0]
 8000b22:	f442 3280 	orr.w	r2, r2, #65536	@ 0x10000
 8000b26:	601a      	str	r2, [r3, #0]
 8000b28:	e7a9      	b.n	8000a7e <HAL_RCC_OscConfig+0x4a>
        tickstart = HAL_GetTick();
 8000b2a:	f7ff fcfd 	bl	8000528 <HAL_GetTick>
 8000b2e:	4605      	mov	r5, r0
        while (READ_BIT(RCC->CR, RCC_CR_HSERDY) != 0U)
 8000b30:	4b6b      	ldr	r3, [pc, #428]	@ (8000ce0 <HAL_RCC_OscConfig+0x2ac>)
 8000b32:	681b      	ldr	r3, [r3, #0]
 8000b34:	f413 3f00 	tst.w	r3, #131072	@ 0x20000
 8000b38:	d0be      	beq.n	8000ab8 <HAL_RCC_OscConfig+0x84>
          if ((HAL_GetTick() - tickstart) > HSE_TIMEOUT_VALUE)
 8000b3a:	f7ff fcf5 	bl	8000528 <HAL_GetTick>
 8000b3e:	1b40      	subs	r0, r0, r5
 8000b40:	2864      	cmp	r0, #100	@ 0x64
 8000b42:	d9f5      	bls.n	8000b30 <HAL_RCC_OscConfig+0xfc>
            return HAL_TIMEOUT;
 8000b44:	2003      	movs	r0, #3
 8000b46:	e1d2      	b.n	8000eee <HAL_RCC_OscConfig+0x4ba>
    if (((temp_sysclksrc == RCC_CFGR_SWS_PLL) && (temp_pllckcfg == RCC_PLLSOURCE_HSI)) || (temp_sysclksrc == RCC_CFGR_SWS_HSI))
 8000b48:	2a02      	cmp	r2, #2
 8000b4a:	d1c2      	bne.n	8000ad2 <HAL_RCC_OscConfig+0x9e>
      if ((READ_BIT(RCC->CR, RCC_CR_HSIRDY) != 0U) && (RCC_OscInitStruct->HSIState == RCC_HSI_OFF))
 8000b4c:	4b64      	ldr	r3, [pc, #400]	@ (8000ce0 <HAL_RCC_OscConfig+0x2ac>)
 8000b4e:	681b      	ldr	r3, [r3, #0]
 8000b50:	f413 6f80 	tst.w	r3, #1024	@ 0x400
 8000b54:	d003      	beq.n	8000b5e <HAL_RCC_OscConfig+0x12a>
 8000b56:	68e3      	ldr	r3, [r4, #12]
 8000b58:	2b00      	cmp	r3, #0
 8000b5a:	f000 81c3 	beq.w	8000ee4 <HAL_RCC_OscConfig+0x4b0>
        __HAL_RCC_HSI_CALIBRATIONVALUE_ADJUST(RCC_OscInitStruct->HSICalibrationValue);
 8000b5e:	4a60      	ldr	r2, [pc, #384]	@ (8000ce0 <HAL_RCC_OscConfig+0x2ac>)
 8000b60:	6853      	ldr	r3, [r2, #4]
 8000b62:	f023 43fe 	bic.w	r3, r3, #2130706432	@ 0x7f000000
 8000b66:	6921      	ldr	r1, [r4, #16]
 8000b68:	ea43 6301 	orr.w	r3, r3, r1, lsl #24
 8000b6c:	6053      	str	r3, [r2, #4]
        if (HAL_InitTick(uwTickPrio) != HAL_OK)
 8000b6e:	4b5d      	ldr	r3, [pc, #372]	@ (8000ce4 <HAL_RCC_OscConfig+0x2b0>)
 8000b70:	6818      	ldr	r0, [r3, #0]
 8000b72:	f7ff fc95 	bl	80004a0 <HAL_InitTick>
 8000b76:	2800      	cmp	r0, #0
 8000b78:	f040 81b6 	bne.w	8000ee8 <HAL_RCC_OscConfig+0x4b4>
  if (((RCC_OscInitStruct->OscillatorType) & RCC_OSCILLATORTYPE_LSI) == RCC_OSCILLATORTYPE_LSI)
 8000b7c:	6823      	ldr	r3, [r4, #0]
 8000b7e:	f013 0f08 	tst.w	r3, #8
 8000b82:	d04c      	beq.n	8000c1e <HAL_RCC_OscConfig+0x1ea>
    if(RCC_OscInitStruct->LSIState != RCC_LSI_OFF)
 8000b84:	6963      	ldr	r3, [r4, #20]
 8000b86:	b39b      	cbz	r3, 8000bf0 <HAL_RCC_OscConfig+0x1bc>
      __HAL_RCC_LSI_ENABLE();
 8000b88:	4a55      	ldr	r2, [pc, #340]	@ (8000ce0 <HAL_RCC_OscConfig+0x2ac>)
 8000b8a:	f8d2 3094 	ldr.w	r3, [r2, #148]	@ 0x94
 8000b8e:	f043 0301 	orr.w	r3, r3, #1
 8000b92:	f8c2 3094 	str.w	r3, [r2, #148]	@ 0x94
      tickstart = HAL_GetTick();
 8000b96:	f7ff fcc7 	bl	8000528 <HAL_GetTick>
 8000b9a:	4605      	mov	r5, r0
      while (READ_BIT(RCC->CSR, RCC_CSR_LSIRDY) == 0U)
 8000b9c:	4b50      	ldr	r3, [pc, #320]	@ (8000ce0 <HAL_RCC_OscConfig+0x2ac>)
 8000b9e:	f8d3 3094 	ldr.w	r3, [r3, #148]	@ 0x94
 8000ba2:	f013 0f02 	tst.w	r3, #2
 8000ba6:	d13a      	bne.n	8000c1e <HAL_RCC_OscConfig+0x1ea>
        if ((HAL_GetTick() - tickstart) > LSI_TIMEOUT_VALUE)
 8000ba8:	f7ff fcbe 	bl	8000528 <HAL_GetTick>
 8000bac:	1b40      	subs	r0, r0, r5
 8000bae:	2802      	cmp	r0, #2
 8000bb0:	d9f4      	bls.n	8000b9c <HAL_RCC_OscConfig+0x168>
          return HAL_TIMEOUT;
 8000bb2:	2003      	movs	r0, #3
 8000bb4:	e19b      	b.n	8000eee <HAL_RCC_OscConfig+0x4ba>
        __HAL_RCC_HSI_CALIBRATIONVALUE_ADJUST(RCC_OscInitStruct->HSICalibrationValue);
 8000bb6:	4a4a      	ldr	r2, [pc, #296]	@ (8000ce0 <HAL_RCC_OscConfig+0x2ac>)
 8000bb8:	6853      	ldr	r3, [r2, #4]
 8000bba:	f023 43fe 	bic.w	r3, r3, #2130706432	@ 0x7f000000
 8000bbe:	6921      	ldr	r1, [r4, #16]
 8000bc0:	ea43 6301 	orr.w	r3, r3, r1, lsl #24
 8000bc4:	6053      	str	r3, [r2, #4]
 8000bc6:	e7d9      	b.n	8000b7c <HAL_RCC_OscConfig+0x148>
        __HAL_RCC_HSI_DISABLE();
 8000bc8:	4a45      	ldr	r2, [pc, #276]	@ (8000ce0 <HAL_RCC_OscConfig+0x2ac>)
 8000bca:	6813      	ldr	r3, [r2, #0]
 8000bcc:	f423 7380 	bic.w	r3, r3, #256	@ 0x100
 8000bd0:	6013      	str	r3, [r2, #0]
        tickstart = HAL_GetTick();
 8000bd2:	f7ff fca9 	bl	8000528 <HAL_GetTick>
 8000bd6:	4605      	mov	r5, r0
        while (READ_BIT(RCC->CR, RCC_CR_HSIRDY) != 0U)
 8000bd8:	4b41      	ldr	r3, [pc, #260]	@ (8000ce0 <HAL_RCC_OscConfig+0x2ac>)
 8000bda:	681b      	ldr	r3, [r3, #0]
 8000bdc:	f413 6f80 	tst.w	r3, #1024	@ 0x400
 8000be0:	d0cc      	beq.n	8000b7c <HAL_RCC_OscConfig+0x148>
          if ((HAL_GetTick() - tickstart) > HSI_TIMEOUT_VALUE)
 8000be2:	f7ff fca1 	bl	8000528 <HAL_GetTick>
 8000be6:	1b40      	subs	r0, r0, r5
 8000be8:	2802      	cmp	r0, #2
 8000bea:	d9f5      	bls.n	8000bd8 <HAL_RCC_OscConfig+0x1a4>
            return HAL_TIMEOUT;
 8000bec:	2003      	movs	r0, #3
 8000bee:	e17e      	b.n	8000eee <HAL_RCC_OscConfig+0x4ba>
      __HAL_RCC_LSI_DISABLE();
 8000bf0:	4a3b      	ldr	r2, [pc, #236]	@ (8000ce0 <HAL_RCC_OscConfig+0x2ac>)
 8000bf2:	f8d2 3094 	ldr.w	r3, [r2, #148]	@ 0x94
 8000bf6:	f023 0301 	bic.w	r3, r3, #1
 8000bfa:	f8c2 3094 	str.w	r3, [r2, #148]	@ 0x94
      tickstart = HAL_GetTick();
 8000bfe:	f7ff fc93 	bl	8000528 <HAL_GetTick>
 8000c02:	4605      	mov	r5, r0
      while(READ_BIT(RCC->CSR, RCC_CSR_LSIRDY) != 0U)
 8000c04:	4b36      	ldr	r3, [pc, #216]	@ (8000ce0 <HAL_RCC_OscConfig+0x2ac>)
 8000c06:	f8d3 3094 	ldr.w	r3, [r3, #148]	@ 0x94
 8000c0a:	f013 0f02 	tst.w	r3, #2
 8000c0e:	d006      	beq.n	8000c1e <HAL_RCC_OscConfig+0x1ea>
        if((HAL_GetTick() - tickstart) > LSI_TIMEOUT_VALUE)
 8000c10:	f7ff fc8a 	bl	8000528 <HAL_GetTick>
 8000c14:	1b40      	subs	r0, r0, r5
 8000c16:	2802      	cmp	r0, #2
 8000c18:	d9f4      	bls.n	8000c04 <HAL_RCC_OscConfig+0x1d0>
          return HAL_TIMEOUT;
 8000c1a:	2003      	movs	r0, #3
 8000c1c:	e167      	b.n	8000eee <HAL_RCC_OscConfig+0x4ba>
  if (((RCC_OscInitStruct->OscillatorType) & RCC_OSCILLATORTYPE_LSE) == RCC_OSCILLATORTYPE_LSE)
 8000c1e:	6823      	ldr	r3, [r4, #0]
 8000c20:	f013 0f04 	tst.w	r3, #4
 8000c24:	f000 8083 	beq.w	8000d2e <HAL_RCC_OscConfig+0x2fa>
    if (__HAL_RCC_PWR_IS_CLK_DISABLED() != 0U)
 8000c28:	4b2d      	ldr	r3, [pc, #180]	@ (8000ce0 <HAL_RCC_OscConfig+0x2ac>)
 8000c2a:	6d9b      	ldr	r3, [r3, #88]	@ 0x58
 8000c2c:	f013 5f80 	tst.w	r3, #268435456	@ 0x10000000
 8000c30:	d137      	bne.n	8000ca2 <HAL_RCC_OscConfig+0x26e>
      __HAL_RCC_PWR_CLK_ENABLE();
 8000c32:	4b2b      	ldr	r3, [pc, #172]	@ (8000ce0 <HAL_RCC_OscConfig+0x2ac>)
 8000c34:	6d9a      	ldr	r2, [r3, #88]	@ 0x58
 8000c36:	f042 5280 	orr.w	r2, r2, #268435456	@ 0x10000000
 8000c3a:	659a      	str	r2, [r3, #88]	@ 0x58
 8000c3c:	6d9b      	ldr	r3, [r3, #88]	@ 0x58
 8000c3e:	f003 5380 	and.w	r3, r3, #268435456	@ 0x10000000
 8000c42:	9301      	str	r3, [sp, #4]
 8000c44:	9b01      	ldr	r3, [sp, #4]
      pwrclkchanged = SET;
 8000c46:	2301      	movs	r3, #1
 8000c48:	461e      	mov	r6, r3
    if (HAL_IS_BIT_CLR(PWR->CR1, PWR_CR1_DBP))
 8000c4a:	4b27      	ldr	r3, [pc, #156]	@ (8000ce8 <HAL_RCC_OscConfig+0x2b4>)
 8000c4c:	681b      	ldr	r3, [r3, #0]
 8000c4e:	f413 7f80 	tst.w	r3, #256	@ 0x100
 8000c52:	d029      	beq.n	8000ca8 <HAL_RCC_OscConfig+0x274>
    __HAL_RCC_LSE_CONFIG(RCC_OscInitStruct->LSEState);
 8000c54:	68a3      	ldr	r3, [r4, #8]
 8000c56:	2b01      	cmp	r3, #1
 8000c58:	d03a      	beq.n	8000cd0 <HAL_RCC_OscConfig+0x29c>
 8000c5a:	2b05      	cmp	r3, #5
 8000c5c:	d046      	beq.n	8000cec <HAL_RCC_OscConfig+0x2b8>
 8000c5e:	4b20      	ldr	r3, [pc, #128]	@ (8000ce0 <HAL_RCC_OscConfig+0x2ac>)
 8000c60:	f8d3 2090 	ldr.w	r2, [r3, #144]	@ 0x90
 8000c64:	f022 0201 	bic.w	r2, r2, #1
 8000c68:	f8c3 2090 	str.w	r2, [r3, #144]	@ 0x90
 8000c6c:	f8d3 2090 	ldr.w	r2, [r3, #144]	@ 0x90
 8000c70:	f022 0204 	bic.w	r2, r2, #4
 8000c74:	f8c3 2090 	str.w	r2, [r3, #144]	@ 0x90
    if (RCC_OscInitStruct->LSEState != RCC_LSE_OFF)
 8000c78:	68a3      	ldr	r3, [r4, #8]
 8000c7a:	2b00      	cmp	r3, #0
 8000c7c:	d044      	beq.n	8000d08 <HAL_RCC_OscConfig+0x2d4>
      tickstart = HAL_GetTick();
 8000c7e:	f7ff fc53 	bl	8000528 <HAL_GetTick>
 8000c82:	4605      	mov	r5, r0
      while (READ_BIT(RCC->BDCR, RCC_BDCR_LSERDY) == 0U)
 8000c84:	4b16      	ldr	r3, [pc, #88]	@ (8000ce0 <HAL_RCC_OscConfig+0x2ac>)
 8000c86:	f8d3 3090 	ldr.w	r3, [r3, #144]	@ 0x90
 8000c8a:	f013 0f02 	tst.w	r3, #2
 8000c8e:	d14d      	bne.n	8000d2c <HAL_RCC_OscConfig+0x2f8>
        if((HAL_GetTick() - tickstart) > RCC_LSE_TIMEOUT_VALUE)
 8000c90:	f7ff fc4a 	bl	8000528 <HAL_GetTick>
 8000c94:	1b40      	subs	r0, r0, r5
 8000c96:	f241 3388 	movw	r3, #5000	@ 0x1388
 8000c9a:	4298      	cmp	r0, r3
 8000c9c:	d9f2      	bls.n	8000c84 <HAL_RCC_OscConfig+0x250>
          return HAL_TIMEOUT;
 8000c9e:	2003      	movs	r0, #3
 8000ca0:	e125      	b.n	8000eee <HAL_RCC_OscConfig+0x4ba>
    FlagStatus       pwrclkchanged = RESET;
 8000ca2:	2300      	movs	r3, #0
 8000ca4:	461e      	mov	r6, r3
 8000ca6:	e7d0      	b.n	8000c4a <HAL_RCC_OscConfig+0x216>
      SET_BIT(PWR->CR1, PWR_CR1_DBP);
 8000ca8:	4a0f      	ldr	r2, [pc, #60]	@ (8000ce8 <HAL_RCC_OscConfig+0x2b4>)
 8000caa:	6813      	ldr	r3, [r2, #0]
 8000cac:	f443 7380 	orr.w	r3, r3, #256	@ 0x100
 8000cb0:	6013      	str	r3, [r2, #0]
      tickstart = HAL_GetTick();
 8000cb2:	f7ff fc39 	bl	8000528 <HAL_GetTick>
 8000cb6:	4605      	mov	r5, r0
      while (HAL_IS_BIT_CLR(PWR->CR1, PWR_CR1_DBP))
 8000cb8:	4b0b      	ldr	r3, [pc, #44]	@ (8000ce8 <HAL_RCC_OscConfig+0x2b4>)
 8000cba:	681b      	ldr	r3, [r3, #0]
 8000cbc:	f413 7f80 	tst.w	r3, #256	@ 0x100
 8000cc0:	d1c8      	bne.n	8000c54 <HAL_RCC_OscConfig+0x220>
        if ((HAL_GetTick() - tickstart) > RCC_DBP_TIMEOUT_VALUE)
 8000cc2:	f7ff fc31 	bl	8000528 <HAL_GetTick>
 8000cc6:	1b40      	subs	r0, r0, r5
 8000cc8:	2802      	cmp	r0, #2
 8000cca:	d9f5      	bls.n	8000cb8 <HAL_RCC_OscConfig+0x284>
          return HAL_TIMEOUT;
 8000ccc:	2003      	movs	r0, #3
 8000cce:	e10e      	b.n	8000eee <HAL_RCC_OscConfig+0x4ba>
    __HAL_RCC_LSE_CONFIG(RCC_OscInitStruct->LSEState);
 8000cd0:	4a03      	ldr	r2, [pc, #12]	@ (8000ce0 <HAL_RCC_OscConfig+0x2ac>)
 8000cd2:	f8d2 3090 	ldr.w	r3, [r2, #144]	@ 0x90
 8000cd6:	f043 0301 	orr.w	r3, r3, #1
 8000cda:	f8c2 3090 	str.w	r3, [r2, #144]	@ 0x90
 8000cde:	e7cb      	b.n	8000c78 <HAL_RCC_OscConfig+0x244>
 8000ce0:	40021000 	.word	0x40021000
 8000ce4:	20000004 	.word	0x20000004
 8000ce8:	40007000 	.word	0x40007000
 8000cec:	4b88      	ldr	r3, [pc, #544]	@ (8000f10 <HAL_RCC_OscConfig+0x4dc>)
 8000cee:	f8d3 2090 	ldr.w	r2, [r3, #144]	@ 0x90
 8000cf2:	f042 0204 	orr.w	r2, r2, #4
 8000cf6:	f8c3 2090 	str.w	r2, [r3, #144]	@ 0x90
 8000cfa:	f8d3 2090 	ldr.w	r2, [r3, #144]	@ 0x90
 8000cfe:	f042 0201 	orr.w	r2, r2, #1
 8000d02:	f8c3 2090 	str.w	r2, [r3, #144]	@ 0x90
 8000d06:	e7b7      	b.n	8000c78 <HAL_RCC_OscConfig+0x244>
      tickstart = HAL_GetTick();
 8000d08:	f7ff fc0e 	bl	8000528 <HAL_GetTick>
 8000d0c:	4605      	mov	r5, r0
      while (READ_BIT(RCC->BDCR, RCC_BDCR_LSERDY) != 0U)
 8000d0e:	4b80      	ldr	r3, [pc, #512]	@ (8000f10 <HAL_RCC_OscConfig+0x4dc>)
 8000d10:	f8d3 3090 	ldr.w	r3, [r3, #144]	@ 0x90
 8000d14:	f013 0f02 	tst.w	r3, #2
 8000d18:	d008      	beq.n	8000d2c <HAL_RCC_OscConfig+0x2f8>
        if((HAL_GetTick() - tickstart) > RCC_LSE_TIMEOUT_VALUE)
 8000d1a:	f7ff fc05 	bl	8000528 <HAL_GetTick>
 8000d1e:	1b40      	subs	r0, r0, r5
 8000d20:	f241 3388 	movw	r3, #5000	@ 0x1388
 8000d24:	4298      	cmp	r0, r3
 8000d26:	d9f2      	bls.n	8000d0e <HAL_RCC_OscConfig+0x2da>
          return HAL_TIMEOUT;
 8000d28:	2003      	movs	r0, #3
 8000d2a:	e0e0      	b.n	8000eee <HAL_RCC_OscConfig+0x4ba>
    if (pwrclkchanged == SET)
 8000d2c:	b9e6      	cbnz	r6, 8000d68 <HAL_RCC_OscConfig+0x334>
  if(((RCC_OscInitStruct->OscillatorType) & RCC_OSCILLATORTYPE_HSI48) == RCC_OSCILLATORTYPE_HSI48)
 8000d2e:	6823      	ldr	r3, [r4, #0]
 8000d30:	f013 0f20 	tst.w	r3, #32
 8000d34:	d035      	beq.n	8000da2 <HAL_RCC_OscConfig+0x36e>
    if(RCC_OscInitStruct->HSI48State != RCC_HSI48_OFF)
 8000d36:	69a3      	ldr	r3, [r4, #24]
 8000d38:	b1e3      	cbz	r3, 8000d74 <HAL_RCC_OscConfig+0x340>
      __HAL_RCC_HSI48_ENABLE();
 8000d3a:	4a75      	ldr	r2, [pc, #468]	@ (8000f10 <HAL_RCC_OscConfig+0x4dc>)
 8000d3c:	f8d2 3098 	ldr.w	r3, [r2, #152]	@ 0x98
 8000d40:	f043 0301 	orr.w	r3, r3, #1
 8000d44:	f8c2 3098 	str.w	r3, [r2, #152]	@ 0x98
      tickstart = HAL_GetTick();
 8000d48:	f7ff fbee 	bl	8000528 <HAL_GetTick>
 8000d4c:	4605      	mov	r5, r0
      while(READ_BIT(RCC->CRRCR, RCC_CRRCR_HSI48RDY) == 0U)
 8000d4e:	4b70      	ldr	r3, [pc, #448]	@ (8000f10 <HAL_RCC_OscConfig+0x4dc>)
 8000d50:	f8d3 3098 	ldr.w	r3, [r3, #152]	@ 0x98
 8000d54:	f013 0f02 	tst.w	r3, #2
 8000d58:	d123      	bne.n	8000da2 <HAL_RCC_OscConfig+0x36e>
        if((HAL_GetTick() - tickstart) > HSI48_TIMEOUT_VALUE)
 8000d5a:	f7ff fbe5 	bl	8000528 <HAL_GetTick>
 8000d5e:	1b40      	subs	r0, r0, r5
 8000d60:	2802      	cmp	r0, #2
 8000d62:	d9f4      	bls.n	8000d4e <HAL_RCC_OscConfig+0x31a>
          return HAL_TIMEOUT;
 8000d64:	2003      	movs	r0, #3
 8000d66:	e0c2      	b.n	8000eee <HAL_RCC_OscConfig+0x4ba>
      __HAL_RCC_PWR_CLK_DISABLE();
 8000d68:	4a69      	ldr	r2, [pc, #420]	@ (8000f10 <HAL_RCC_OscConfig+0x4dc>)
 8000d6a:	6d93      	ldr	r3, [r2, #88]	@ 0x58
 8000d6c:	f023 5380 	bic.w	r3, r3, #268435456	@ 0x10000000
 8000d70:	6593      	str	r3, [r2, #88]	@ 0x58
 8000d72:	e7dc      	b.n	8000d2e <HAL_RCC_OscConfig+0x2fa>
      __HAL_RCC_HSI48_DISABLE();
 8000d74:	4a66      	ldr	r2, [pc, #408]	@ (8000f10 <HAL_RCC_OscConfig+0x4dc>)
 8000d76:	f8d2 3098 	ldr.w	r3, [r2, #152]	@ 0x98
 8000d7a:	f023 0301 	bic.w	r3, r3, #1
 8000d7e:	f8c2 3098 	str.w	r3, [r2, #152]	@ 0x98
      tickstart = HAL_GetTick();
 8000d82:	f7ff fbd1 	bl	8000528 <HAL_GetTick>
 8000d86:	4605      	mov	r5, r0
      while(READ_BIT(RCC->CRRCR, RCC_CRRCR_HSI48RDY) != 0U)
 8000d88:	4b61      	ldr	r3, [pc, #388]	@ (8000f10 <HAL_RCC_OscConfig+0x4dc>)
 8000d8a:	f8d3 3098 	ldr.w	r3, [r3, #152]	@ 0x98
 8000d8e:	f013 0f02 	tst.w	r3, #2
 8000d92:	d006      	beq.n	8000da2 <HAL_RCC_OscConfig+0x36e>
        if((HAL_GetTick() - tickstart) > HSI48_TIMEOUT_VALUE)
 8000d94:	f7ff fbc8 	bl	8000528 <HAL_GetTick>
 8000d98:	1b40      	subs	r0, r0, r5
 8000d9a:	2802      	cmp	r0, #2
 8000d9c:	d9f4      	bls.n	8000d88 <HAL_RCC_OscConfig+0x354>
          return HAL_TIMEOUT;
 8000d9e:	2003      	movs	r0, #3
 8000da0:	e0a5      	b.n	8000eee <HAL_RCC_OscConfig+0x4ba>
  if (RCC_OscInitStruct->PLL.PLLState != RCC_PLL_NONE)
 8000da2:	69e3      	ldr	r3, [r4, #28]
 8000da4:	2b00      	cmp	r3, #0
 8000da6:	f000 80a1 	beq.w	8000eec <HAL_RCC_OscConfig+0x4b8>
    if (__HAL_RCC_GET_SYSCLK_SOURCE() != RCC_CFGR_SWS_PLL)
 8000daa:	4a59      	ldr	r2, [pc, #356]	@ (8000f10 <HAL_RCC_OscConfig+0x4dc>)
 8000dac:	6892      	ldr	r2, [r2, #8]
 8000dae:	f002 020c 	and.w	r2, r2, #12
 8000db2:	2a0c      	cmp	r2, #12
 8000db4:	d064      	beq.n	8000e80 <HAL_RCC_OscConfig+0x44c>
      if (RCC_OscInitStruct->PLL.PLLState == RCC_PLL_ON)
 8000db6:	2b02      	cmp	r3, #2
 8000db8:	d013      	beq.n	8000de2 <HAL_RCC_OscConfig+0x3ae>
        __HAL_RCC_PLL_DISABLE();
 8000dba:	4a55      	ldr	r2, [pc, #340]	@ (8000f10 <HAL_RCC_OscConfig+0x4dc>)
 8000dbc:	6813      	ldr	r3, [r2, #0]
 8000dbe:	f023 7380 	bic.w	r3, r3, #16777216	@ 0x1000000
 8000dc2:	6013      	str	r3, [r2, #0]
        tickstart = HAL_GetTick();
 8000dc4:	f7ff fbb0 	bl	8000528 <HAL_GetTick>
 8000dc8:	4604      	mov	r4, r0
        while (READ_BIT(RCC->CR, RCC_CR_PLLRDY) != 0U)
 8000dca:	4b51      	ldr	r3, [pc, #324]	@ (8000f10 <HAL_RCC_OscConfig+0x4dc>)
 8000dcc:	681b      	ldr	r3, [r3, #0]
 8000dce:	f013 7f00 	tst.w	r3, #33554432	@ 0x2000000
 8000dd2:	d04e      	beq.n	8000e72 <HAL_RCC_OscConfig+0x43e>
          if ((HAL_GetTick() - tickstart) > PLL_TIMEOUT_VALUE)
 8000dd4:	f7ff fba8 	bl	8000528 <HAL_GetTick>
 8000dd8:	1b00      	subs	r0, r0, r4
 8000dda:	2802      	cmp	r0, #2
 8000ddc:	d9f5      	bls.n	8000dca <HAL_RCC_OscConfig+0x396>
            return HAL_TIMEOUT;
 8000dde:	2003      	movs	r0, #3
 8000de0:	e085      	b.n	8000eee <HAL_RCC_OscConfig+0x4ba>
        __HAL_RCC_PLL_DISABLE();
 8000de2:	4a4b      	ldr	r2, [pc, #300]	@ (8000f10 <HAL_RCC_OscConfig+0x4dc>)
 8000de4:	6813      	ldr	r3, [r2, #0]
 8000de6:	f023 7380 	bic.w	r3, r3, #16777216	@ 0x1000000
 8000dea:	6013      	str	r3, [r2, #0]
        tickstart = HAL_GetTick();
 8000dec:	f7ff fb9c 	bl	8000528 <HAL_GetTick>
 8000df0:	4605      	mov	r5, r0
        while (READ_BIT(RCC->CR, RCC_CR_PLLRDY) != 0U)
 8000df2:	4b47      	ldr	r3, [pc, #284]	@ (8000f10 <HAL_RCC_OscConfig+0x4dc>)
 8000df4:	681b      	ldr	r3, [r3, #0]
 8000df6:	f013 7f00 	tst.w	r3, #33554432	@ 0x2000000
 8000dfa:	d006      	beq.n	8000e0a <HAL_RCC_OscConfig+0x3d6>
          if ((HAL_GetTick() - tickstart) > PLL_TIMEOUT_VALUE)
 8000dfc:	f7ff fb94 	bl	8000528 <HAL_GetTick>
 8000e00:	1b40      	subs	r0, r0, r5
 8000e02:	2802      	cmp	r0, #2
 8000e04:	d9f5      	bls.n	8000df2 <HAL_RCC_OscConfig+0x3be>
            return HAL_TIMEOUT;
 8000e06:	2003      	movs	r0, #3
 8000e08:	e071      	b.n	8000eee <HAL_RCC_OscConfig+0x4ba>
        __HAL_RCC_PLL_CONFIG(RCC_OscInitStruct->PLL.PLLSource,
 8000e0a:	4a41      	ldr	r2, [pc, #260]	@ (8000f10 <HAL_RCC_OscConfig+0x4dc>)
 8000e0c:	68d3      	ldr	r3, [r2, #12]
 8000e0e:	4941      	ldr	r1, [pc, #260]	@ (8000f14 <HAL_RCC_OscConfig+0x4e0>)
 8000e10:	4019      	ands	r1, r3
 8000e12:	6a23      	ldr	r3, [r4, #32]
 8000e14:	6a60      	ldr	r0, [r4, #36]	@ 0x24
 8000e16:	3801      	subs	r0, #1
 8000e18:	ea43 1300 	orr.w	r3, r3, r0, lsl #4
 8000e1c:	6aa0      	ldr	r0, [r4, #40]	@ 0x28
 8000e1e:	ea43 2300 	orr.w	r3, r3, r0, lsl #8
 8000e22:	6b20      	ldr	r0, [r4, #48]	@ 0x30
 8000e24:	0840      	lsrs	r0, r0, #1
 8000e26:	3801      	subs	r0, #1
 8000e28:	ea43 5340 	orr.w	r3, r3, r0, lsl #21
 8000e2c:	6b60      	ldr	r0, [r4, #52]	@ 0x34
 8000e2e:	0840      	lsrs	r0, r0, #1
 8000e30:	3801      	subs	r0, #1
 8000e32:	ea43 6340 	orr.w	r3, r3, r0, lsl #25
 8000e36:	6ae0      	ldr	r0, [r4, #44]	@ 0x2c
 8000e38:	ea43 63c0 	orr.w	r3, r3, r0, lsl #27
 8000e3c:	4319      	orrs	r1, r3
 8000e3e:	60d1      	str	r1, [r2, #12]
        __HAL_RCC_PLL_ENABLE();
 8000e40:	6813      	ldr	r3, [r2, #0]
 8000e42:	f043 7380 	orr.w	r3, r3, #16777216	@ 0x1000000
 8000e46:	6013      	str	r3, [r2, #0]
         __HAL_RCC_PLLCLKOUT_ENABLE(RCC_PLL_SYSCLK);
 8000e48:	68d3      	ldr	r3, [r2, #12]
 8000e4a:	f043 7380 	orr.w	r3, r3, #16777216	@ 0x1000000
 8000e4e:	60d3      	str	r3, [r2, #12]
        tickstart = HAL_GetTick();
 8000e50:	f7ff fb6a 	bl	8000528 <HAL_GetTick>
 8000e54:	4604      	mov	r4, r0
        while (READ_BIT(RCC->CR, RCC_CR_PLLRDY) == 0U)
 8000e56:	4b2e      	ldr	r3, [pc, #184]	@ (8000f10 <HAL_RCC_OscConfig+0x4dc>)
 8000e58:	681b      	ldr	r3, [r3, #0]
 8000e5a:	f013 7f00 	tst.w	r3, #33554432	@ 0x2000000
 8000e5e:	d106      	bne.n	8000e6e <HAL_RCC_OscConfig+0x43a>
          if ((HAL_GetTick() - tickstart) > PLL_TIMEOUT_VALUE)
 8000e60:	f7ff fb62 	bl	8000528 <HAL_GetTick>
 8000e64:	1b00      	subs	r0, r0, r4
 8000e66:	2802      	cmp	r0, #2
 8000e68:	d9f5      	bls.n	8000e56 <HAL_RCC_OscConfig+0x422>
            return HAL_TIMEOUT;
 8000e6a:	2003      	movs	r0, #3
 8000e6c:	e03f      	b.n	8000eee <HAL_RCC_OscConfig+0x4ba>
  return HAL_OK;
 8000e6e:	2000      	movs	r0, #0
 8000e70:	e03d      	b.n	8000eee <HAL_RCC_OscConfig+0x4ba>
        RCC->PLLCFGR &= ~(RCC_PLLCFGR_PLLSRC | RCC_PLL_SYSCLK | RCC_PLL_48M1CLK | RCC_PLL_ADCCLK);
 8000e72:	4a27      	ldr	r2, [pc, #156]	@ (8000f10 <HAL_RCC_OscConfig+0x4dc>)
 8000e74:	68d1      	ldr	r1, [r2, #12]
 8000e76:	4b28      	ldr	r3, [pc, #160]	@ (8000f18 <HAL_RCC_OscConfig+0x4e4>)
 8000e78:	400b      	ands	r3, r1
 8000e7a:	60d3      	str	r3, [r2, #12]
  return HAL_OK;
 8000e7c:	2000      	movs	r0, #0
 8000e7e:	e036      	b.n	8000eee <HAL_RCC_OscConfig+0x4ba>
      if((RCC_OscInitStruct->PLL.PLLState) == RCC_PLL_OFF)
 8000e80:	2b01      	cmp	r3, #1
 8000e82:	d036      	beq.n	8000ef2 <HAL_RCC_OscConfig+0x4be>
      temp_pllckcfg = RCC->PLLCFGR;
 8000e84:	4b22      	ldr	r3, [pc, #136]	@ (8000f10 <HAL_RCC_OscConfig+0x4dc>)
 8000e86:	68db      	ldr	r3, [r3, #12]
      if((READ_BIT(temp_pllckcfg, RCC_PLLCFGR_PLLSRC) != RCC_OscInitStruct->PLL.PLLSource) ||
 8000e88:	f003 0103 	and.w	r1, r3, #3
 8000e8c:	6a22      	ldr	r2, [r4, #32]
 8000e8e:	4291      	cmp	r1, r2
 8000e90:	d131      	bne.n	8000ef6 <HAL_RCC_OscConfig+0x4c2>
         (READ_BIT(temp_pllckcfg, RCC_PLLCFGR_PLLM) != (((RCC_OscInitStruct->PLL.PLLM) - 1U) << RCC_PLLCFGR_PLLM_Pos)) ||
 8000e92:	f003 02f0 	and.w	r2, r3, #240	@ 0xf0
 8000e96:	6a61      	ldr	r1, [r4, #36]	@ 0x24
 8000e98:	3901      	subs	r1, #1
      if((READ_BIT(temp_pllckcfg, RCC_PLLCFGR_PLLSRC) != RCC_OscInitStruct->PLL.PLLSource) ||
 8000e9a:	ebb2 1f01 	cmp.w	r2, r1, lsl #4
 8000e9e:	d12c      	bne.n	8000efa <HAL_RCC_OscConfig+0x4c6>
         (READ_BIT(temp_pllckcfg, RCC_PLLCFGR_PLLN) != ((RCC_OscInitStruct->PLL.PLLN) << RCC_PLLCFGR_PLLN_Pos)) ||
 8000ea0:	f403 42fe 	and.w	r2, r3, #32512	@ 0x7f00
 8000ea4:	6aa1      	ldr	r1, [r4, #40]	@ 0x28
         (READ_BIT(temp_pllckcfg, RCC_PLLCFGR_PLLM) != (((RCC_OscInitStruct->PLL.PLLM) - 1U) << RCC_PLLCFGR_PLLM_Pos)) ||
 8000ea6:	ebb2 2f01 	cmp.w	r2, r1, lsl #8
 8000eaa:	d128      	bne.n	8000efe <HAL_RCC_OscConfig+0x4ca>
         (READ_BIT(temp_pllckcfg, RCC_PLLCFGR_PLLPDIV) != ((RCC_OscInitStruct->PLL.PLLP) << RCC_PLLCFGR_PLLPDIV_Pos)) ||
 8000eac:	f003 4278 	and.w	r2, r3, #4160749568	@ 0xf8000000
 8000eb0:	6ae1      	ldr	r1, [r4, #44]	@ 0x2c
         (READ_BIT(temp_pllckcfg, RCC_PLLCFGR_PLLN) != ((RCC_OscInitStruct->PLL.PLLN) << RCC_PLLCFGR_PLLN_Pos)) ||
 8000eb2:	ebb2 6fc1 	cmp.w	r2, r1, lsl #27
 8000eb6:	d124      	bne.n	8000f02 <HAL_RCC_OscConfig+0x4ce>
         (READ_BIT(temp_pllckcfg, RCC_PLLCFGR_PLLQ) != ((((RCC_OscInitStruct->PLL.PLLQ) >> 1U) - 1U) << RCC_PLLCFGR_PLLQ_Pos)) ||
 8000eb8:	f403 01c0 	and.w	r1, r3, #6291456	@ 0x600000
 8000ebc:	6b22      	ldr	r2, [r4, #48]	@ 0x30
 8000ebe:	0852      	lsrs	r2, r2, #1
 8000ec0:	3a01      	subs	r2, #1
         (READ_BIT(temp_pllckcfg, RCC_PLLCFGR_PLLPDIV) != ((RCC_OscInitStruct->PLL.PLLP) << RCC_PLLCFGR_PLLPDIV_Pos)) ||
 8000ec2:	ebb1 5f42 	cmp.w	r1, r2, lsl #21
 8000ec6:	d11e      	bne.n	8000f06 <HAL_RCC_OscConfig+0x4d2>
         (READ_BIT(temp_pllckcfg, RCC_PLLCFGR_PLLR) != ((((RCC_OscInitStruct->PLL.PLLR) >> 1U) - 1U) << RCC_PLLCFGR_PLLR_Pos)))
 8000ec8:	f003 63c0 	and.w	r3, r3, #100663296	@ 0x6000000
 8000ecc:	6b62      	ldr	r2, [r4, #52]	@ 0x34
 8000ece:	0852      	lsrs	r2, r2, #1
 8000ed0:	3a01      	subs	r2, #1
         (READ_BIT(temp_pllckcfg, RCC_PLLCFGR_PLLQ) != ((((RCC_OscInitStruct->PLL.PLLQ) >> 1U) - 1U) << RCC_PLLCFGR_PLLQ_Pos)) ||
 8000ed2:	ebb3 6f42 	cmp.w	r3, r2, lsl #25
 8000ed6:	d118      	bne.n	8000f0a <HAL_RCC_OscConfig+0x4d6>
  return HAL_OK;
 8000ed8:	2000      	movs	r0, #0
 8000eda:	e008      	b.n	8000eee <HAL_RCC_OscConfig+0x4ba>
    return HAL_ERROR;
 8000edc:	2001      	movs	r0, #1
}
 8000ede:	4770      	bx	lr
        return HAL_ERROR;
 8000ee0:	2001      	movs	r0, #1
 8000ee2:	e004      	b.n	8000eee <HAL_RCC_OscConfig+0x4ba>
        return HAL_ERROR;
 8000ee4:	2001      	movs	r0, #1
 8000ee6:	e002      	b.n	8000eee <HAL_RCC_OscConfig+0x4ba>
          return HAL_ERROR;
 8000ee8:	2001      	movs	r0, #1
 8000eea:	e000      	b.n	8000eee <HAL_RCC_OscConfig+0x4ba>
  return HAL_OK;
 8000eec:	4618      	mov	r0, r3
}
 8000eee:	b002      	add	sp, #8
 8000ef0:	bd70      	pop	{r4, r5, r6, pc}
        return HAL_ERROR;
 8000ef2:	2001      	movs	r0, #1
 8000ef4:	e7fb      	b.n	8000eee <HAL_RCC_OscConfig+0x4ba>
        return HAL_ERROR;
 8000ef6:	2001      	movs	r0, #1
 8000ef8:	e7f9      	b.n	8000eee <HAL_RCC_OscConfig+0x4ba>
 8000efa:	2001      	movs	r0, #1
 8000efc:	e7f7      	b.n	8000eee <HAL_RCC_OscConfig+0x4ba>
 8000efe:	2001      	movs	r0, #1
 8000f00:	e7f5      	b.n	8000eee <HAL_RCC_OscConfig+0x4ba>
 8000f02:	2001      	movs	r0, #1
 8000f04:	e7f3      	b.n	8000eee <HAL_RCC_OscConfig+0x4ba>
 8000f06:	2001      	movs	r0, #1
 8000f08:	e7f1      	b.n	8000eee <HAL_RCC_OscConfig+0x4ba>
 8000f0a:	2001      	movs	r0, #1
 8000f0c:	e7ef      	b.n	8000eee <HAL_RCC_OscConfig+0x4ba>
 8000f0e:	bf00      	nop
 8000f10:	40021000 	.word	0x40021000
 8000f14:	019f800c 	.word	0x019f800c
 8000f18:	feeefffc 	.word	0xfeeefffc

08000f1c <HAL_RCC_GetSysClockFreq>:
  if (__HAL_RCC_GET_SYSCLK_SOURCE() == RCC_CFGR_SWS_HSI)
 8000f1c:	4b1e      	ldr	r3, [pc, #120]	@ (8000f98 <HAL_RCC_GetSysClockFreq+0x7c>)
 8000f1e:	689b      	ldr	r3, [r3, #8]
 8000f20:	f003 030c 	and.w	r3, r3, #12
 8000f24:	2b04      	cmp	r3, #4
 8000f26:	d033      	beq.n	8000f90 <HAL_RCC_GetSysClockFreq+0x74>
  else if (__HAL_RCC_GET_SYSCLK_SOURCE() == RCC_CFGR_SWS_HSE)
 8000f28:	4b1b      	ldr	r3, [pc, #108]	@ (8000f98 <HAL_RCC_GetSysClockFreq+0x7c>)
 8000f2a:	689b      	ldr	r3, [r3, #8]
 8000f2c:	f003 030c 	and.w	r3, r3, #12
 8000f30:	2b08      	cmp	r3, #8
 8000f32:	d02f      	beq.n	8000f94 <HAL_RCC_GetSysClockFreq+0x78>
  else if (__HAL_RCC_GET_SYSCLK_SOURCE() == RCC_CFGR_SWS_PLL)
 8000f34:	4b18      	ldr	r3, [pc, #96]	@ (8000f98 <HAL_RCC_GetSysClockFreq+0x7c>)
 8000f36:	689b      	ldr	r3, [r3, #8]
 8000f38:	f003 030c 	and.w	r3, r3, #12
 8000f3c:	2b0c      	cmp	r3, #12
 8000f3e:	d001      	beq.n	8000f44 <HAL_RCC_GetSysClockFreq+0x28>
    sysclockfreq = 0U;
 8000f40:	2000      	movs	r0, #0
}
 8000f42:	4770      	bx	lr
    pllsource = READ_BIT(RCC->PLLCFGR, RCC_PLLCFGR_PLLSRC);
 8000f44:	4b14      	ldr	r3, [pc, #80]	@ (8000f98 <HAL_RCC_GetSysClockFreq+0x7c>)
 8000f46:	68da      	ldr	r2, [r3, #12]
 8000f48:	f002 0203 	and.w	r2, r2, #3
    pllm = (READ_BIT(RCC->PLLCFGR, RCC_PLLCFGR_PLLM) >> RCC_PLLCFGR_PLLM_Pos) + 1U ;
 8000f4c:	68db      	ldr	r3, [r3, #12]
 8000f4e:	f3c3 1303 	ubfx	r3, r3, #4, #4
 8000f52:	3301      	adds	r3, #1
    switch (pllsource)
 8000f54:	2a03      	cmp	r2, #3
 8000f56:	d011      	beq.n	8000f7c <HAL_RCC_GetSysClockFreq+0x60>
      pllvco = (HSI_VALUE / pllm) * (READ_BIT(RCC->PLLCFGR, RCC_PLLCFGR_PLLN) >> RCC_PLLCFGR_PLLN_Pos);
 8000f58:	4810      	ldr	r0, [pc, #64]	@ (8000f9c <HAL_RCC_GetSysClockFreq+0x80>)
 8000f5a:	fbb0 f0f3 	udiv	r0, r0, r3
 8000f5e:	4b0e      	ldr	r3, [pc, #56]	@ (8000f98 <HAL_RCC_GetSysClockFreq+0x7c>)
 8000f60:	68db      	ldr	r3, [r3, #12]
 8000f62:	f3c3 2306 	ubfx	r3, r3, #8, #7
 8000f66:	fb03 f000 	mul.w	r0, r3, r0
    pllr = ((READ_BIT(RCC->PLLCFGR, RCC_PLLCFGR_PLLR) >> RCC_PLLCFGR_PLLR_Pos) + 1U ) * 2U;
 8000f6a:	4b0b      	ldr	r3, [pc, #44]	@ (8000f98 <HAL_RCC_GetSysClockFreq+0x7c>)
 8000f6c:	68db      	ldr	r3, [r3, #12]
 8000f6e:	f3c3 6341 	ubfx	r3, r3, #25, #2
 8000f72:	3301      	adds	r3, #1
 8000f74:	005b      	lsls	r3, r3, #1
    sysclockfreq = pllvco/pllr;
 8000f76:	fbb0 f0f3 	udiv	r0, r0, r3
 8000f7a:	4770      	bx	lr
      pllvco = (HSE_VALUE / pllm) * (READ_BIT(RCC->PLLCFGR, RCC_PLLCFGR_PLLN) >> RCC_PLLCFGR_PLLN_Pos);
 8000f7c:	4808      	ldr	r0, [pc, #32]	@ (8000fa0 <HAL_RCC_GetSysClockFreq+0x84>)
 8000f7e:	fbb0 f0f3 	udiv	r0, r0, r3
 8000f82:	4b05      	ldr	r3, [pc, #20]	@ (8000f98 <HAL_RCC_GetSysClockFreq+0x7c>)
 8000f84:	68db      	ldr	r3, [r3, #12]
 8000f86:	f3c3 2306 	ubfx	r3, r3, #8, #7
 8000f8a:	fb03 f000 	mul.w	r0, r3, r0
      break;
 8000f8e:	e7ec      	b.n	8000f6a <HAL_RCC_GetSysClockFreq+0x4e>
    sysclockfreq = HSI_VALUE;
 8000f90:	4802      	ldr	r0, [pc, #8]	@ (8000f9c <HAL_RCC_GetSysClockFreq+0x80>)
 8000f92:	4770      	bx	lr
    sysclockfreq = HSE_VALUE;
 8000f94:	4802      	ldr	r0, [pc, #8]	@ (8000fa0 <HAL_RCC_GetSysClockFreq+0x84>)
 8000f96:	4770      	bx	lr
 8000f98:	40021000 	.word	0x40021000
 8000f9c:	00f42400 	.word	0x00f42400
 8000fa0:	007a1200 	.word	0x007a1200

08000fa4 <HAL_RCC_ClockConfig>:
  if (RCC_ClkInitStruct == NULL)
 8000fa4:	2800      	cmp	r0, #0
 8000fa6:	f000 80ed 	beq.w	8001184 <HAL_RCC_ClockConfig+0x1e0>
{
 8000faa:	b5f8      	push	{r3, r4, r5, r6, r7, lr}
 8000fac:	460c      	mov	r4, r1
 8000fae:	4605      	mov	r5, r0
  if (FLatency > __HAL_FLASH_GET_LATENCY())
 8000fb0:	4b77      	ldr	r3, [pc, #476]	@ (8001190 <HAL_RCC_ClockConfig+0x1ec>)
 8000fb2:	681b      	ldr	r3, [r3, #0]
 8000fb4:	f003 030f 	and.w	r3, r3, #15
 8000fb8:	428b      	cmp	r3, r1
 8000fba:	d20b      	bcs.n	8000fd4 <HAL_RCC_ClockConfig+0x30>
    __HAL_FLASH_SET_LATENCY(FLatency);
 8000fbc:	4a74      	ldr	r2, [pc, #464]	@ (8001190 <HAL_RCC_ClockConfig+0x1ec>)
 8000fbe:	6813      	ldr	r3, [r2, #0]
 8000fc0:	f023 030f 	bic.w	r3, r3, #15
 8000fc4:	430b      	orrs	r3, r1
 8000fc6:	6013      	str	r3, [r2, #0]
    if (__HAL_FLASH_GET_LATENCY() != FLatency)
 8000fc8:	6813      	ldr	r3, [r2, #0]
 8000fca:	f003 030f 	and.w	r3, r3, #15
 8000fce:	428b      	cmp	r3, r1
 8000fd0:	f040 80da 	bne.w	8001188 <HAL_RCC_ClockConfig+0x1e4>
  if(((RCC_ClkInitStruct->ClockType) & RCC_CLOCKTYPE_SYSCLK) == RCC_CLOCKTYPE_SYSCLK)
 8000fd4:	682b      	ldr	r3, [r5, #0]
 8000fd6:	f013 0301 	ands.w	r3, r3, #1
 8000fda:	461f      	mov	r7, r3
 8000fdc:	d065      	beq.n	80010aa <HAL_RCC_ClockConfig+0x106>
    if (RCC_ClkInitStruct->SYSCLKSource == RCC_SYSCLKSOURCE_PLLCLK)
 8000fde:	686b      	ldr	r3, [r5, #4]
 8000fe0:	2b03      	cmp	r3, #3
 8000fe2:	d030      	beq.n	8001046 <HAL_RCC_ClockConfig+0xa2>
      if (RCC_ClkInitStruct->SYSCLKSource == RCC_SYSCLKSOURCE_HSE)
 8000fe4:	2b02      	cmp	r3, #2
 8000fe6:	d050      	beq.n	800108a <HAL_RCC_ClockConfig+0xe6>
        if(READ_BIT(RCC->CR, RCC_CR_HSIRDY) == 0U)
 8000fe8:	4b6a      	ldr	r3, [pc, #424]	@ (8001194 <HAL_RCC_ClockConfig+0x1f0>)
 8000fea:	681b      	ldr	r3, [r3, #0]
 8000fec:	f413 6f80 	tst.w	r3, #1024	@ 0x400
 8000ff0:	f000 80cc 	beq.w	800118c <HAL_RCC_ClockConfig+0x1e8>
      pllfreq = HAL_RCC_GetSysClockFreq();
 8000ff4:	f7ff ff92 	bl	8000f1c <HAL_RCC_GetSysClockFreq>
      if(pllfreq > 80000000U)
 8000ff8:	4b67      	ldr	r3, [pc, #412]	@ (8001198 <HAL_RCC_ClockConfig+0x1f4>)
 8000ffa:	4298      	cmp	r0, r3
 8000ffc:	d952      	bls.n	80010a4 <HAL_RCC_ClockConfig+0x100>
        MODIFY_REG(RCC->CFGR, RCC_CFGR_HPRE, RCC_SYSCLK_DIV2);
 8000ffe:	4a65      	ldr	r2, [pc, #404]	@ (8001194 <HAL_RCC_ClockConfig+0x1f0>)
 8001000:	6893      	ldr	r3, [r2, #8]
 8001002:	f023 03f0 	bic.w	r3, r3, #240	@ 0xf0
 8001006:	f043 0380 	orr.w	r3, r3, #128	@ 0x80
 800100a:	6093      	str	r3, [r2, #8]
        hpre = RCC_SYSCLK_DIV2;
 800100c:	2380      	movs	r3, #128	@ 0x80
 800100e:	461f      	mov	r7, r3
    MODIFY_REG(RCC->CFGR, RCC_CFGR_SW, RCC_ClkInitStruct->SYSCLKSource);
 8001010:	4a60      	ldr	r2, [pc, #384]	@ (8001194 <HAL_RCC_ClockConfig+0x1f0>)
 8001012:	6893      	ldr	r3, [r2, #8]
 8001014:	f023 0303 	bic.w	r3, r3, #3
 8001018:	6869      	ldr	r1, [r5, #4]
 800101a:	430b      	orrs	r3, r1
 800101c:	6093      	str	r3, [r2, #8]
    tickstart = HAL_GetTick();
 800101e:	f7ff fa83 	bl	8000528 <HAL_GetTick>
 8001022:	4606      	mov	r6, r0
    while (__HAL_RCC_GET_SYSCLK_SOURCE() != (RCC_ClkInitStruct->SYSCLKSource << RCC_CFGR_SWS_Pos))
 8001024:	4b5b      	ldr	r3, [pc, #364]	@ (8001194 <HAL_RCC_ClockConfig+0x1f0>)
 8001026:	689b      	ldr	r3, [r3, #8]
 8001028:	f003 030c 	and.w	r3, r3, #12
 800102c:	686a      	ldr	r2, [r5, #4]
 800102e:	ebb3 0f82 	cmp.w	r3, r2, lsl #2
 8001032:	d03a      	beq.n	80010aa <HAL_RCC_ClockConfig+0x106>
      if ((HAL_GetTick() - tickstart) > CLOCKSWITCH_TIMEOUT_VALUE)
 8001034:	f7ff fa78 	bl	8000528 <HAL_GetTick>
 8001038:	1b80      	subs	r0, r0, r6
 800103a:	f241 3388 	movw	r3, #5000	@ 0x1388
 800103e:	4298      	cmp	r0, r3
 8001040:	d9f0      	bls.n	8001024 <HAL_RCC_ClockConfig+0x80>
        return HAL_TIMEOUT;
 8001042:	2003      	movs	r0, #3
 8001044:	e07d      	b.n	8001142 <HAL_RCC_ClockConfig+0x19e>
      if (READ_BIT(RCC->CR, RCC_CR_PLLRDY) == 0U)
 8001046:	4b53      	ldr	r3, [pc, #332]	@ (8001194 <HAL_RCC_ClockConfig+0x1f0>)
 8001048:	681b      	ldr	r3, [r3, #0]
 800104a:	f013 7f00 	tst.w	r3, #33554432	@ 0x2000000
 800104e:	d101      	bne.n	8001054 <HAL_RCC_ClockConfig+0xb0>
        return HAL_ERROR;
 8001050:	2001      	movs	r0, #1
 8001052:	e076      	b.n	8001142 <HAL_RCC_ClockConfig+0x19e>
      pllfreq = RCC_GetSysClockFreqFromPLLSource();
 8001054:	f7ff fcc2 	bl	80009dc <RCC_GetSysClockFreqFromPLLSource>
      if(pllfreq > 80000000U)
 8001058:	4b4f      	ldr	r3, [pc, #316]	@ (8001198 <HAL_RCC_ClockConfig+0x1f4>)
 800105a:	4298      	cmp	r0, r3
 800105c:	d91c      	bls.n	8001098 <HAL_RCC_ClockConfig+0xf4>
        if (((READ_BIT(RCC->CFGR, RCC_CFGR_HPRE) == RCC_SYSCLK_DIV1)) ||
 800105e:	4b4d      	ldr	r3, [pc, #308]	@ (8001194 <HAL_RCC_ClockConfig+0x1f0>)
 8001060:	689b      	ldr	r3, [r3, #8]
 8001062:	f013 0ff0 	tst.w	r3, #240	@ 0xf0
 8001066:	d006      	beq.n	8001076 <HAL_RCC_ClockConfig+0xd2>
            (((((RCC_ClkInitStruct->ClockType) & RCC_CLOCKTYPE_HCLK) == RCC_CLOCKTYPE_HCLK) &&
 8001068:	682b      	ldr	r3, [r5, #0]
        if (((READ_BIT(RCC->CFGR, RCC_CFGR_HPRE) == RCC_SYSCLK_DIV1)) ||
 800106a:	f013 0302 	ands.w	r3, r3, #2
 800106e:	461f      	mov	r7, r3
 8001070:	d0ce      	beq.n	8001010 <HAL_RCC_ClockConfig+0x6c>
              (RCC_ClkInitStruct->AHBCLKDivider == RCC_SYSCLK_DIV1))))
 8001072:	68ab      	ldr	r3, [r5, #8]
            (((((RCC_ClkInitStruct->ClockType) & RCC_CLOCKTYPE_HCLK) == RCC_CLOCKTYPE_HCLK) &&
 8001074:	b99b      	cbnz	r3, 800109e <HAL_RCC_ClockConfig+0xfa>
          MODIFY_REG(RCC->CFGR, RCC_CFGR_HPRE, RCC_SYSCLK_DIV2);
 8001076:	4a47      	ldr	r2, [pc, #284]	@ (8001194 <HAL_RCC_ClockConfig+0x1f0>)
 8001078:	6893      	ldr	r3, [r2, #8]
 800107a:	f023 03f0 	bic.w	r3, r3, #240	@ 0xf0
 800107e:	f043 0380 	orr.w	r3, r3, #128	@ 0x80
 8001082:	6093      	str	r3, [r2, #8]
          hpre = RCC_SYSCLK_DIV2;
 8001084:	2380      	movs	r3, #128	@ 0x80
 8001086:	461f      	mov	r7, r3
 8001088:	e7c2      	b.n	8001010 <HAL_RCC_ClockConfig+0x6c>
        if(READ_BIT(RCC->CR, RCC_CR_HSERDY) == 0U)
 800108a:	4b42      	ldr	r3, [pc, #264]	@ (8001194 <HAL_RCC_ClockConfig+0x1f0>)
 800108c:	681b      	ldr	r3, [r3, #0]
 800108e:	f413 3f00 	tst.w	r3, #131072	@ 0x20000
 8001092:	d1af      	bne.n	8000ff4 <HAL_RCC_ClockConfig+0x50>
          return HAL_ERROR;
 8001094:	2001      	movs	r0, #1
 8001096:	e054      	b.n	8001142 <HAL_RCC_ClockConfig+0x19e>
  uint32_t hpre = RCC_SYSCLK_DIV1;
 8001098:	2300      	movs	r3, #0
 800109a:	461f      	mov	r7, r3
 800109c:	e7b8      	b.n	8001010 <HAL_RCC_ClockConfig+0x6c>
 800109e:	2300      	movs	r3, #0
 80010a0:	461f      	mov	r7, r3
 80010a2:	e7b5      	b.n	8001010 <HAL_RCC_ClockConfig+0x6c>
 80010a4:	2300      	movs	r3, #0
 80010a6:	461f      	mov	r7, r3
 80010a8:	e7b2      	b.n	8001010 <HAL_RCC_ClockConfig+0x6c>
  if (((RCC_ClkInitStruct->ClockType) & RCC_CLOCKTYPE_HCLK) == RCC_CLOCKTYPE_HCLK)
 80010aa:	682b      	ldr	r3, [r5, #0]
 80010ac:	f013 0f02 	tst.w	r3, #2
 80010b0:	d048      	beq.n	8001144 <HAL_RCC_ClockConfig+0x1a0>
    if (((RCC_ClkInitStruct->ClockType) & RCC_CLOCKTYPE_PCLK1) == RCC_CLOCKTYPE_PCLK1)
 80010b2:	f013 0f04 	tst.w	r3, #4
 80010b6:	d004      	beq.n	80010c2 <HAL_RCC_ClockConfig+0x11e>
      MODIFY_REG(RCC->CFGR, RCC_CFGR_PPRE1, RCC_HCLK_DIV16);
 80010b8:	4a36      	ldr	r2, [pc, #216]	@ (8001194 <HAL_RCC_ClockConfig+0x1f0>)
 80010ba:	6893      	ldr	r3, [r2, #8]
 80010bc:	f443 63e0 	orr.w	r3, r3, #1792	@ 0x700
 80010c0:	6093      	str	r3, [r2, #8]
    if (((RCC_ClkInitStruct->ClockType) & RCC_CLOCKTYPE_PCLK2) == RCC_CLOCKTYPE_PCLK2)
 80010c2:	682b      	ldr	r3, [r5, #0]
 80010c4:	f013 0f08 	tst.w	r3, #8
 80010c8:	d006      	beq.n	80010d8 <HAL_RCC_ClockConfig+0x134>
      MODIFY_REG(RCC->CFGR, RCC_CFGR_PPRE2, RCC_HCLK_DIV16);
 80010ca:	4a32      	ldr	r2, [pc, #200]	@ (8001194 <HAL_RCC_ClockConfig+0x1f0>)
 80010cc:	6893      	ldr	r3, [r2, #8]
 80010ce:	f423 537c 	bic.w	r3, r3, #16128	@ 0x3f00
 80010d2:	f443 63e0 	orr.w	r3, r3, #1792	@ 0x700
 80010d6:	6093      	str	r3, [r2, #8]
    MODIFY_REG(RCC->CFGR, RCC_CFGR_HPRE, RCC_ClkInitStruct->AHBCLKDivider);
 80010d8:	4a2e      	ldr	r2, [pc, #184]	@ (8001194 <HAL_RCC_ClockConfig+0x1f0>)
 80010da:	6893      	ldr	r3, [r2, #8]
 80010dc:	f023 03f0 	bic.w	r3, r3, #240	@ 0xf0
 80010e0:	68a9      	ldr	r1, [r5, #8]
 80010e2:	430b      	orrs	r3, r1
 80010e4:	6093      	str	r3, [r2, #8]
  if (FLatency < __HAL_FLASH_GET_LATENCY())
 80010e6:	4b2a      	ldr	r3, [pc, #168]	@ (8001190 <HAL_RCC_ClockConfig+0x1ec>)
 80010e8:	681b      	ldr	r3, [r3, #0]
 80010ea:	f003 030f 	and.w	r3, r3, #15
 80010ee:	42a3      	cmp	r3, r4
 80010f0:	d830      	bhi.n	8001154 <HAL_RCC_ClockConfig+0x1b0>
  if (((RCC_ClkInitStruct->ClockType) & RCC_CLOCKTYPE_PCLK1) == RCC_CLOCKTYPE_PCLK1)
 80010f2:	682b      	ldr	r3, [r5, #0]
 80010f4:	f013 0f04 	tst.w	r3, #4
 80010f8:	d006      	beq.n	8001108 <HAL_RCC_ClockConfig+0x164>
    MODIFY_REG(RCC->CFGR, RCC_CFGR_PPRE1, RCC_ClkInitStruct->APB1CLKDivider);
 80010fa:	4a26      	ldr	r2, [pc, #152]	@ (8001194 <HAL_RCC_ClockConfig+0x1f0>)
 80010fc:	6893      	ldr	r3, [r2, #8]
 80010fe:	f423 63e0 	bic.w	r3, r3, #1792	@ 0x700
 8001102:	68e9      	ldr	r1, [r5, #12]
 8001104:	430b      	orrs	r3, r1
 8001106:	6093      	str	r3, [r2, #8]
  if(((RCC_ClkInitStruct->ClockType) & RCC_CLOCKTYPE_PCLK2) == RCC_CLOCKTYPE_PCLK2)
 8001108:	682b      	ldr	r3, [r5, #0]
 800110a:	f013 0f08 	tst.w	r3, #8
 800110e:	d007      	beq.n	8001120 <HAL_RCC_ClockConfig+0x17c>
    MODIFY_REG(RCC->CFGR, RCC_CFGR_PPRE2, ((RCC_ClkInitStruct->APB2CLKDivider) << 3U));
 8001110:	4a20      	ldr	r2, [pc, #128]	@ (8001194 <HAL_RCC_ClockConfig+0x1f0>)
 8001112:	6893      	ldr	r3, [r2, #8]
 8001114:	f423 5360 	bic.w	r3, r3, #14336	@ 0x3800
 8001118:	6929      	ldr	r1, [r5, #16]
 800111a:	ea43 03c1 	orr.w	r3, r3, r1, lsl #3
 800111e:	6093      	str	r3, [r2, #8]
  SystemCoreClock = HAL_RCC_GetSysClockFreq() >> (AHBPrescTable[READ_BIT(RCC->CFGR, RCC_CFGR_HPRE) >> RCC_CFGR_HPRE_Pos] & 0x1FU);
 8001120:	f7ff fefc 	bl	8000f1c <HAL_RCC_GetSysClockFreq>
 8001124:	4b1b      	ldr	r3, [pc, #108]	@ (8001194 <HAL_RCC_ClockConfig+0x1f0>)
 8001126:	689b      	ldr	r3, [r3, #8]
 8001128:	f3c3 1303 	ubfx	r3, r3, #4, #4
 800112c:	4a1b      	ldr	r2, [pc, #108]	@ (800119c <HAL_RCC_ClockConfig+0x1f8>)
 800112e:	5cd3      	ldrb	r3, [r2, r3]
 8001130:	f003 031f 	and.w	r3, r3, #31
 8001134:	40d8      	lsrs	r0, r3
 8001136:	4b1a      	ldr	r3, [pc, #104]	@ (80011a0 <HAL_RCC_ClockConfig+0x1fc>)
 8001138:	6018      	str	r0, [r3, #0]
  return HAL_InitTick(uwTickPrio);
 800113a:	4b1a      	ldr	r3, [pc, #104]	@ (80011a4 <HAL_RCC_ClockConfig+0x200>)
 800113c:	6818      	ldr	r0, [r3, #0]
 800113e:	f7ff f9af 	bl	80004a0 <HAL_InitTick>
}
 8001142:	bdf8      	pop	{r3, r4, r5, r6, r7, pc}
    if(hpre == RCC_SYSCLK_DIV2)
 8001144:	2f80      	cmp	r7, #128	@ 0x80
 8001146:	d1ce      	bne.n	80010e6 <HAL_RCC_ClockConfig+0x142>
      MODIFY_REG(RCC->CFGR, RCC_CFGR_HPRE, RCC_SYSCLK_DIV1);
 8001148:	4a12      	ldr	r2, [pc, #72]	@ (8001194 <HAL_RCC_ClockConfig+0x1f0>)
 800114a:	6893      	ldr	r3, [r2, #8]
 800114c:	f023 03f0 	bic.w	r3, r3, #240	@ 0xf0
 8001150:	6093      	str	r3, [r2, #8]
 8001152:	e7c8      	b.n	80010e6 <HAL_RCC_ClockConfig+0x142>
    __HAL_FLASH_SET_LATENCY(FLatency);
 8001154:	4a0e      	ldr	r2, [pc, #56]	@ (8001190 <HAL_RCC_ClockConfig+0x1ec>)
 8001156:	6813      	ldr	r3, [r2, #0]
 8001158:	f023 030f 	bic.w	r3, r3, #15
 800115c:	4323      	orrs	r3, r4
 800115e:	6013      	str	r3, [r2, #0]
    tickstart = HAL_GetTick();
 8001160:	f7ff f9e2 	bl	8000528 <HAL_GetTick>
 8001164:	4606      	mov	r6, r0
    while (__HAL_FLASH_GET_LATENCY() != FLatency)
 8001166:	4b0a      	ldr	r3, [pc, #40]	@ (8001190 <HAL_RCC_ClockConfig+0x1ec>)
 8001168:	681b      	ldr	r3, [r3, #0]
 800116a:	f003 030f 	and.w	r3, r3, #15
 800116e:	42a3      	cmp	r3, r4
 8001170:	d0bf      	beq.n	80010f2 <HAL_RCC_ClockConfig+0x14e>
      if ((HAL_GetTick() - tickstart) > CLOCKSWITCH_TIMEOUT_VALUE)
 8001172:	f7ff f9d9 	bl	8000528 <HAL_GetTick>
 8001176:	1b80      	subs	r0, r0, r6
 8001178:	f241 3388 	movw	r3, #5000	@ 0x1388
 800117c:	4298      	cmp	r0, r3
 800117e:	d9f2      	bls.n	8001166 <HAL_RCC_ClockConfig+0x1c2>
        return HAL_TIMEOUT;
 8001180:	2003      	movs	r0, #3
 8001182:	e7de      	b.n	8001142 <HAL_RCC_ClockConfig+0x19e>
    return HAL_ERROR;
 8001184:	2001      	movs	r0, #1
}
 8001186:	4770      	bx	lr
      return HAL_ERROR;
 8001188:	2001      	movs	r0, #1
 800118a:	e7da      	b.n	8001142 <HAL_RCC_ClockConfig+0x19e>
          return HAL_ERROR;
 800118c:	2001      	movs	r0, #1
 800118e:	e7d8      	b.n	8001142 <HAL_RCC_ClockConfig+0x19e>
 8001190:	40022000 	.word	0x40022000
 8001194:	40021000 	.word	0x40021000
 8001198:	04c4b400 	.word	0x04c4b400
 800119c:	08001298 	.word	0x08001298
 80011a0:	20000008 	.word	0x20000008
 80011a4:	20000004 	.word	0x20000004

080011a8 <NMI_Handler>:
{
  /* USER CODE BEGIN NonMaskableInt_IRQn 0 */

  /* USER CODE END NonMaskableInt_IRQn 0 */
  /* USER CODE BEGIN NonMaskableInt_IRQn 1 */
   while (1)
 80011a8:	e7fe      	b.n	80011a8 <NMI_Handler>

080011aa <HardFault_Handler>:
void HardFault_Handler(void)
{
  /* USER CODE BEGIN HardFault_IRQn 0 */

  /* USER CODE END HardFault_IRQn 0 */
  while (1)
 80011aa:	e7fe      	b.n	80011aa <HardFault_Handler>

080011ac <MemManage_Handler>:
void MemManage_Handler(void)
{
  /* USER CODE BEGIN MemoryManagement_IRQn 0 */

  /* USER CODE END MemoryManagement_IRQn 0 */
  while (1)
 80011ac:	e7fe      	b.n	80011ac <MemManage_Handler>

080011ae <BusFault_Handler>:
void BusFault_Handler(void)
{
  /* USER CODE BEGIN BusFault_IRQn 0 */

  /* USER CODE END BusFault_IRQn 0 */
  while (1)
 80011ae:	e7fe      	b.n	80011ae <BusFault_Handler>

080011b0 <UsageFault_Handler>:
void UsageFault_Handler(void)
{
  /* USER CODE BEGIN UsageFault_IRQn 0 */

  /* USER CODE END UsageFault_IRQn 0 */
  while (1)
 80011b0:	e7fe      	b.n	80011b0 <UsageFault_Handler>

080011b2 <SVC_Handler>:

  /* USER CODE END SVCall_IRQn 0 */
  /* USER CODE BEGIN SVCall_IRQn 1 */

  /* USER CODE END SVCall_IRQn 1 */
}
 80011b2:	4770      	bx	lr

080011b4 <DebugMon_Handler>:

  /* USER CODE END DebugMonitor_IRQn 0 */
  /* USER CODE BEGIN DebugMonitor_IRQn 1 */

  /* USER CODE END DebugMonitor_IRQn 1 */
}
 80011b4:	4770      	bx	lr

080011b6 <PendSV_Handler>:

  /* USER CODE END PendSV_IRQn 0 */
  /* USER CODE BEGIN PendSV_IRQn 1 */

  /* USER CODE END PendSV_IRQn 1 */
}
 80011b6:	4770      	bx	lr

080011b8 <SysTick_Handler>:

/**
  * @brief This function handles System tick timer.
  */
void SysTick_Handler(void)
{
 80011b8:	b508      	push	{r3, lr}
  /* USER CODE BEGIN SysTick_IRQn 0 */

  /* USER CODE END SysTick_IRQn 0 */
  HAL_IncTick();
 80011ba:	f7ff f9a9 	bl	8000510 <HAL_IncTick>
  /* USER CODE BEGIN SysTick_IRQn 1 */

  /* USER CODE END SysTick_IRQn 1 */
}
 80011be:	bd08      	pop	{r3, pc}

080011c0 <SystemInit>:

void SystemInit(void)
{
  /* FPU settings ------------------------------------------------------------*/
  #if (__FPU_PRESENT == 1) && (__FPU_USED == 1)
    SCB->CPACR |= ((3UL << (10*2))|(3UL << (11*2)));  /* set CP10 and CP11 Full Access */
 80011c0:	4a03      	ldr	r2, [pc, #12]	@ (80011d0 <SystemInit+0x10>)
 80011c2:	f8d2 3088 	ldr.w	r3, [r2, #136]	@ 0x88
 80011c6:	f443 0370 	orr.w	r3, r3, #15728640	@ 0xf00000
 80011ca:	f8c2 3088 	str.w	r3, [r2, #136]	@ 0x88

  /* Configure the Vector Table location add offset address ------------------*/
#if defined(USER_VECT_TAB_ADDRESS)
  SCB->VTOR = VECT_TAB_BASE_ADDRESS | VECT_TAB_OFFSET; /* Vector Table Relocation in Internal SRAM */
#endif /* USER_VECT_TAB_ADDRESS */
}
 80011ce:	4770      	bx	lr
 80011d0:	e000ed00 	.word	0xe000ed00

080011d4 <Reset_Handler>:

    .section	.text.Reset_Handler
	.weak	Reset_Handler
	.type	Reset_Handler, %function
Reset_Handler:
  ldr   r0, =_estack
 80011d4:	480d      	ldr	r0, [pc, #52]	@ (800120c <LoopForever+0x2>)
  mov   sp, r0          /* set stack pointer */
 80011d6:	4685      	mov	sp, r0
  
/* Call the clock system initialization function.*/
    bl  SystemInit
 80011d8:	f7ff fff2 	bl	80011c0 <SystemInit>

/* Copy the data segment initializers from flash to SRAM */
  ldr r0, =_sdata
 80011dc:	480c      	ldr	r0, [pc, #48]	@ (8001210 <LoopForever+0x6>)
  ldr r1, =_edata
 80011de:	490d      	ldr	r1, [pc, #52]	@ (8001214 <LoopForever+0xa>)
  ldr r2, =_sidata
 80011e0:	4a0d      	ldr	r2, [pc, #52]	@ (8001218 <LoopForever+0xe>)
  movs r3, #0
 80011e2:	2300      	movs	r3, #0
  b	LoopCopyDataInit
 80011e4:	e002      	b.n	80011ec <LoopCopyDataInit>

080011e6 <CopyDataInit>:

CopyDataInit:
  ldr r4, [r2, r3]
 80011e6:	58d4      	ldr	r4, [r2, r3]
  str r4, [r0, r3]
 80011e8:	50c4      	str	r4, [r0, r3]
  adds r3, r3, #4
 80011ea:	3304      	adds	r3, #4

080011ec <LoopCopyDataInit>:

LoopCopyDataInit:
  adds r4, r0, r3
 80011ec:	18c4      	adds	r4, r0, r3
  cmp r4, r1
 80011ee:	428c      	cmp	r4, r1
  bcc CopyDataInit
 80011f0:	d3f9      	bcc.n	80011e6 <CopyDataInit>
  
/* Zero fill the bss segment. */
  ldr r2, =_sbss
 80011f2:	4a0a      	ldr	r2, [pc, #40]	@ (800121c <LoopForever+0x12>)
  ldr r4, =_ebss
 80011f4:	4c0a      	ldr	r4, [pc, #40]	@ (8001220 <LoopForever+0x16>)
  movs r3, #0
 80011f6:	2300      	movs	r3, #0
  b LoopFillZerobss
 80011f8:	e001      	b.n	80011fe <LoopFillZerobss>

080011fa <FillZerobss>:

FillZerobss:
  str  r3, [r2]
 80011fa:	6013      	str	r3, [r2, #0]
  adds r2, r2, #4
 80011fc:	3204      	adds	r2, #4

080011fe <LoopFillZerobss>:

LoopFillZerobss:
  cmp r2, r4
 80011fe:	42a2      	cmp	r2, r4
  bcc FillZerobss
 8001200:	d3fb      	bcc.n	80011fa <FillZerobss>
/* Call static constructors */
    bl __libc_init_array
 8001202:	f000 f819 	bl	8001238 <__libc_init_array>
/* Call the application's entry point.*/
	bl	main
 8001206:	f7ff f941 	bl	800048c <main>

0800120a <LoopForever>:

LoopForever:
    b LoopForever
 800120a:	e7fe      	b.n	800120a <LoopForever>
  ldr   r0, =_estack
 800120c:	20008000 	.word	0x20008000
  ldr r0, =_sdata
 8001210:	20000000 	.word	0x20000000
  ldr r1, =_edata
 8001214:	2000000c 	.word	0x2000000c
  ldr r2, =_sidata
 8001218:	080012b0 	.word	0x080012b0
  ldr r2, =_sbss
 800121c:	2000000c 	.word	0x2000000c
  ldr r4, =_ebss
 8001220:	2000002c 	.word	0x2000002c

08001224 <ADC1_2_IRQHandler>:
 * @retval : None
*/
    .section	.text.Default_Handler,"ax",%progbits
Default_Handler:
Infinite_Loop:
	b	Infinite_Loop
 8001224:	e7fe      	b.n	8001224 <ADC1_2_IRQHandler>

08001226 <memset>:
 8001226:	4402      	add	r2, r0
 8001228:	4603      	mov	r3, r0
 800122a:	4293      	cmp	r3, r2
 800122c:	d100      	bne.n	8001230 <memset+0xa>
 800122e:	4770      	bx	lr
 8001230:	f803 1b01 	strb.w	r1, [r3], #1
 8001234:	e7f9      	b.n	800122a <memset+0x4>
	...

08001238 <__libc_init_array>:
 8001238:	b570      	push	{r4, r5, r6, lr}
 800123a:	4b0d      	ldr	r3, [pc, #52]	@ (8001270 <__libc_init_array+0x38>)
 800123c:	4c0d      	ldr	r4, [pc, #52]	@ (8001274 <__libc_init_array+0x3c>)
 800123e:	2600      	movs	r6, #0
 8001240:	1b1d      	subs	r5, r3, r4
 8001242:	ebb6 0fa5 	cmp.w	r6, r5, asr #2
 8001246:	d109      	bne.n	800125c <__libc_init_array+0x24>
 8001248:	f000 f81a 	bl	8001280 <_init>
 800124c:	4c0a      	ldr	r4, [pc, #40]	@ (8001278 <__libc_init_array+0x40>)
 800124e:	4b0b      	ldr	r3, [pc, #44]	@ (800127c <__libc_init_array+0x44>)
 8001250:	2600      	movs	r6, #0
 8001252:	1b1d      	subs	r5, r3, r4
 8001254:	ebb6 0fa5 	cmp.w	r6, r5, asr #2
 8001258:	d105      	bne.n	8001266 <__libc_init_array+0x2e>
 800125a:	bd70      	pop	{r4, r5, r6, pc}
 800125c:	f854 3b04 	ldr.w	r3, [r4], #4
 8001260:	4798      	blx	r3
 8001262:	3601      	adds	r6, #1
 8001264:	e7ed      	b.n	8001242 <__libc_init_array+0xa>
 8001266:	f854 3b04 	ldr.w	r3, [r4], #4
 800126a:	4798      	blx	r3
 800126c:	3601      	adds	r6, #1
 800126e:	e7f1      	b.n	8001254 <__libc_init_array+0x1c>
 8001270:	080012a8 	.word	0x080012a8
 8001274:	080012a8 	.word	0x080012a8
 8001278:	080012a8 	.word	0x080012a8
 800127c:	080012ac 	.word	0x080012ac

08001280 <_init>:
 8001280:	b5f8      	push	{r3, r4, r5, r6, r7, lr}
 8001282:	bf00      	nop
 8001284:	bcf8      	pop	{r3, r4, r5, r6, r7}
 8001286:	bc08      	pop	{r3}
 8001288:	469e      	mov	lr, r3
 800128a:	4770      	bx	lr

0800128c <_fini>:
 800128c:	b5f8      	push	{r3, r4, r5, r6, r7, lr}
 800128e:	bf00      	nop
 8001290:	bcf8      	pop	{r3, r4, r5, r6, r7}
 8001292:	bc08      	pop	{r3}
 8001294:	469e      	mov	lr, r3
 8001296:	4770      	bx	lr
