ARM GAS  /tmp/cc3WS6gG.s 			page 1


   1              		.cpu cortex-m4
   2              		.arch armv7e-m
   3              		.fpu fpv4-sp-d16
   4              		.eabi_attribute 27, 1
   5              		.eabi_attribute 28, 1
   6              		.eabi_attribute 20, 1
   7              		.eabi_attribute 21, 1
   8              		.eabi_attribute 23, 3
   9              		.eabi_attribute 24, 1
  10              		.eabi_attribute 25, 1
  11              		.eabi_attribute 26, 1
  12              		.eabi_attribute 30, 1
  13              		.eabi_attribute 34, 1
  14              		.eabi_attribute 18, 4
  15              		.file	"stm32g4xx_hal_rcc.c"
  16              		.text
  17              	.Ltext0:
  18              		.cfi_sections	.debug_frame
  19              		.file 1 "Drivers/STM32G4xx_HAL_Driver/Src/stm32g4xx_hal_rcc.c"
  20              		.section	.text.RCC_GetSysClockFreqFromPLLSource,"ax",%progbits
  21              		.align	1
  22              		.syntax unified
  23              		.thumb
  24              		.thumb_func
  26              	RCC_GetSysClockFreqFromPLLSource:
  27              	.LFB147:
   1:Drivers/STM32G4xx_HAL_Driver/Src/stm32g4xx_hal_rcc.c **** /**
   2:Drivers/STM32G4xx_HAL_Driver/Src/stm32g4xx_hal_rcc.c ****   ******************************************************************************
   3:Drivers/STM32G4xx_HAL_Driver/Src/stm32g4xx_hal_rcc.c ****   * @file    stm32g4xx_hal_rcc.c
   4:Drivers/STM32G4xx_HAL_Driver/Src/stm32g4xx_hal_rcc.c ****   * @author  MCD Application Team
   5:Drivers/STM32G4xx_HAL_Driver/Src/stm32g4xx_hal_rcc.c ****   * @brief   RCC HAL module driver.
   6:Drivers/STM32G4xx_HAL_Driver/Src/stm32g4xx_hal_rcc.c ****   *          This file provides firmware functions to manage the following
   7:Drivers/STM32G4xx_HAL_Driver/Src/stm32g4xx_hal_rcc.c ****   *          functionalities of the Reset and Clock Control (RCC) peripheral:
   8:Drivers/STM32G4xx_HAL_Driver/Src/stm32g4xx_hal_rcc.c ****   *           + Initialization and de-initialization functions
   9:Drivers/STM32G4xx_HAL_Driver/Src/stm32g4xx_hal_rcc.c ****   *           + Peripheral Control functions
  10:Drivers/STM32G4xx_HAL_Driver/Src/stm32g4xx_hal_rcc.c ****   *
  11:Drivers/STM32G4xx_HAL_Driver/Src/stm32g4xx_hal_rcc.c ****   @verbatim
  12:Drivers/STM32G4xx_HAL_Driver/Src/stm32g4xx_hal_rcc.c ****   ==============================================================================
  13:Drivers/STM32G4xx_HAL_Driver/Src/stm32g4xx_hal_rcc.c ****                       ##### RCC specific features #####
  14:Drivers/STM32G4xx_HAL_Driver/Src/stm32g4xx_hal_rcc.c ****   ==============================================================================
  15:Drivers/STM32G4xx_HAL_Driver/Src/stm32g4xx_hal_rcc.c ****     [..]
  16:Drivers/STM32G4xx_HAL_Driver/Src/stm32g4xx_hal_rcc.c ****       After reset the device is running from High Speed Internal oscillator
  17:Drivers/STM32G4xx_HAL_Driver/Src/stm32g4xx_hal_rcc.c ****       (16 MHz) with Flash 0 wait state. Flash prefetch buffer, D-Cache
  18:Drivers/STM32G4xx_HAL_Driver/Src/stm32g4xx_hal_rcc.c ****       and I-Cache are disabled, and all peripherals are off except internal
  19:Drivers/STM32G4xx_HAL_Driver/Src/stm32g4xx_hal_rcc.c ****       SRAM, Flash and JTAG.
  20:Drivers/STM32G4xx_HAL_Driver/Src/stm32g4xx_hal_rcc.c **** 
  21:Drivers/STM32G4xx_HAL_Driver/Src/stm32g4xx_hal_rcc.c ****       (+) There is no prescaler on High speed (AHBs) and Low speed (APBs) buses:
  22:Drivers/STM32G4xx_HAL_Driver/Src/stm32g4xx_hal_rcc.c ****           all peripherals mapped on these buses are running at HSI speed.
  23:Drivers/STM32G4xx_HAL_Driver/Src/stm32g4xx_hal_rcc.c ****       (+) The clock for all peripherals is switched off, except the SRAM and FLASH.
  24:Drivers/STM32G4xx_HAL_Driver/Src/stm32g4xx_hal_rcc.c ****       (+) All GPIOs are in analog mode, except the JTAG pins which
  25:Drivers/STM32G4xx_HAL_Driver/Src/stm32g4xx_hal_rcc.c ****           are assigned to be used for debug purpose.
  26:Drivers/STM32G4xx_HAL_Driver/Src/stm32g4xx_hal_rcc.c **** 
  27:Drivers/STM32G4xx_HAL_Driver/Src/stm32g4xx_hal_rcc.c ****     [..]
  28:Drivers/STM32G4xx_HAL_Driver/Src/stm32g4xx_hal_rcc.c ****       Once the device started from reset, the user application has to:
  29:Drivers/STM32G4xx_HAL_Driver/Src/stm32g4xx_hal_rcc.c ****       (+) Configure the clock source to be used to drive the System clock
  30:Drivers/STM32G4xx_HAL_Driver/Src/stm32g4xx_hal_rcc.c ****           (if the application needs higher frequency/performance)
  31:Drivers/STM32G4xx_HAL_Driver/Src/stm32g4xx_hal_rcc.c ****       (+) Configure the System clock frequency and Flash settings
ARM GAS  /tmp/cc3WS6gG.s 			page 2


  32:Drivers/STM32G4xx_HAL_Driver/Src/stm32g4xx_hal_rcc.c ****       (+) Configure the AHB and APB buses prescalers
  33:Drivers/STM32G4xx_HAL_Driver/Src/stm32g4xx_hal_rcc.c ****       (+) Enable the clock for the peripheral(s) to be used
  34:Drivers/STM32G4xx_HAL_Driver/Src/stm32g4xx_hal_rcc.c ****       (+) Configure the clock source(s) for peripherals which clocks are not
  35:Drivers/STM32G4xx_HAL_Driver/Src/stm32g4xx_hal_rcc.c ****           derived from the System clock (USB, RNG, USART, LPUART, FDCAN, some TIMERs,
  36:Drivers/STM32G4xx_HAL_Driver/Src/stm32g4xx_hal_rcc.c ****           UCPD, I2S, I2C, LPTIM, ADC, QSPI)
  37:Drivers/STM32G4xx_HAL_Driver/Src/stm32g4xx_hal_rcc.c **** 
  38:Drivers/STM32G4xx_HAL_Driver/Src/stm32g4xx_hal_rcc.c ****   @endverbatim
  39:Drivers/STM32G4xx_HAL_Driver/Src/stm32g4xx_hal_rcc.c ****   ******************************************************************************
  40:Drivers/STM32G4xx_HAL_Driver/Src/stm32g4xx_hal_rcc.c ****   * @attention
  41:Drivers/STM32G4xx_HAL_Driver/Src/stm32g4xx_hal_rcc.c ****   *
  42:Drivers/STM32G4xx_HAL_Driver/Src/stm32g4xx_hal_rcc.c ****   * Copyright (c) 2019 STMicroelectronics.
  43:Drivers/STM32G4xx_HAL_Driver/Src/stm32g4xx_hal_rcc.c ****   * All rights reserved.
  44:Drivers/STM32G4xx_HAL_Driver/Src/stm32g4xx_hal_rcc.c ****   *
  45:Drivers/STM32G4xx_HAL_Driver/Src/stm32g4xx_hal_rcc.c ****   * This software is licensed under terms that can be found in the LICENSE file in
  46:Drivers/STM32G4xx_HAL_Driver/Src/stm32g4xx_hal_rcc.c ****   * the root directory of this software component.
  47:Drivers/STM32G4xx_HAL_Driver/Src/stm32g4xx_hal_rcc.c ****   * If no LICENSE file comes with this software, it is provided AS-IS.
  48:Drivers/STM32G4xx_HAL_Driver/Src/stm32g4xx_hal_rcc.c ****   ******************************************************************************
  49:Drivers/STM32G4xx_HAL_Driver/Src/stm32g4xx_hal_rcc.c ****   */
  50:Drivers/STM32G4xx_HAL_Driver/Src/stm32g4xx_hal_rcc.c **** 
  51:Drivers/STM32G4xx_HAL_Driver/Src/stm32g4xx_hal_rcc.c **** /* Includes ------------------------------------------------------------------*/
  52:Drivers/STM32G4xx_HAL_Driver/Src/stm32g4xx_hal_rcc.c **** #include "stm32g4xx_hal.h"
  53:Drivers/STM32G4xx_HAL_Driver/Src/stm32g4xx_hal_rcc.c **** 
  54:Drivers/STM32G4xx_HAL_Driver/Src/stm32g4xx_hal_rcc.c **** /** @addtogroup STM32G4xx_HAL_Driver
  55:Drivers/STM32G4xx_HAL_Driver/Src/stm32g4xx_hal_rcc.c ****   * @{
  56:Drivers/STM32G4xx_HAL_Driver/Src/stm32g4xx_hal_rcc.c ****   */
  57:Drivers/STM32G4xx_HAL_Driver/Src/stm32g4xx_hal_rcc.c **** 
  58:Drivers/STM32G4xx_HAL_Driver/Src/stm32g4xx_hal_rcc.c **** /** @defgroup RCC RCC
  59:Drivers/STM32G4xx_HAL_Driver/Src/stm32g4xx_hal_rcc.c ****   * @brief RCC HAL module driver
  60:Drivers/STM32G4xx_HAL_Driver/Src/stm32g4xx_hal_rcc.c ****   * @{
  61:Drivers/STM32G4xx_HAL_Driver/Src/stm32g4xx_hal_rcc.c ****   */
  62:Drivers/STM32G4xx_HAL_Driver/Src/stm32g4xx_hal_rcc.c **** 
  63:Drivers/STM32G4xx_HAL_Driver/Src/stm32g4xx_hal_rcc.c **** #ifdef HAL_RCC_MODULE_ENABLED
  64:Drivers/STM32G4xx_HAL_Driver/Src/stm32g4xx_hal_rcc.c **** 
  65:Drivers/STM32G4xx_HAL_Driver/Src/stm32g4xx_hal_rcc.c **** /* Private typedef -----------------------------------------------------------*/
  66:Drivers/STM32G4xx_HAL_Driver/Src/stm32g4xx_hal_rcc.c **** /* Private define ------------------------------------------------------------*/
  67:Drivers/STM32G4xx_HAL_Driver/Src/stm32g4xx_hal_rcc.c **** /** @defgroup RCC_Private_Constants RCC Private Constants
  68:Drivers/STM32G4xx_HAL_Driver/Src/stm32g4xx_hal_rcc.c ****  * @{
  69:Drivers/STM32G4xx_HAL_Driver/Src/stm32g4xx_hal_rcc.c ****  */
  70:Drivers/STM32G4xx_HAL_Driver/Src/stm32g4xx_hal_rcc.c **** #define HSE_TIMEOUT_VALUE          HSE_STARTUP_TIMEOUT
  71:Drivers/STM32G4xx_HAL_Driver/Src/stm32g4xx_hal_rcc.c **** #define HSI_TIMEOUT_VALUE          2U                /* 2 ms (minimum Tick + 1) */
  72:Drivers/STM32G4xx_HAL_Driver/Src/stm32g4xx_hal_rcc.c **** #define LSI_TIMEOUT_VALUE          2U                /* 2 ms (minimum Tick + 1) */
  73:Drivers/STM32G4xx_HAL_Driver/Src/stm32g4xx_hal_rcc.c **** #define HSI48_TIMEOUT_VALUE        2U                /* 2 ms (minimum Tick + 1) */
  74:Drivers/STM32G4xx_HAL_Driver/Src/stm32g4xx_hal_rcc.c **** #define PLL_TIMEOUT_VALUE          2U                /* 2 ms (minimum Tick + 1) */
  75:Drivers/STM32G4xx_HAL_Driver/Src/stm32g4xx_hal_rcc.c **** #define CLOCKSWITCH_TIMEOUT_VALUE  5000U             /* 5 s    */
  76:Drivers/STM32G4xx_HAL_Driver/Src/stm32g4xx_hal_rcc.c **** /**
  77:Drivers/STM32G4xx_HAL_Driver/Src/stm32g4xx_hal_rcc.c ****   * @}
  78:Drivers/STM32G4xx_HAL_Driver/Src/stm32g4xx_hal_rcc.c ****   */
  79:Drivers/STM32G4xx_HAL_Driver/Src/stm32g4xx_hal_rcc.c **** 
  80:Drivers/STM32G4xx_HAL_Driver/Src/stm32g4xx_hal_rcc.c **** /* Private macro -------------------------------------------------------------*/
  81:Drivers/STM32G4xx_HAL_Driver/Src/stm32g4xx_hal_rcc.c **** /** @defgroup RCC_Private_Macros RCC Private Macros
  82:Drivers/STM32G4xx_HAL_Driver/Src/stm32g4xx_hal_rcc.c ****   * @{
  83:Drivers/STM32G4xx_HAL_Driver/Src/stm32g4xx_hal_rcc.c ****   */
  84:Drivers/STM32G4xx_HAL_Driver/Src/stm32g4xx_hal_rcc.c **** #define RCC_GET_MCO_GPIO_PIN(__RCC_MCOx__)   ((__RCC_MCOx__) & GPIO_PIN_MASK)
  85:Drivers/STM32G4xx_HAL_Driver/Src/stm32g4xx_hal_rcc.c **** 
  86:Drivers/STM32G4xx_HAL_Driver/Src/stm32g4xx_hal_rcc.c **** #define RCC_GET_MCO_GPIO_AF(__RCC_MCOx__)    (((__RCC_MCOx__) & RCC_MCO_GPIOAF_MASK) >> RCC_MCO_GPI
  87:Drivers/STM32G4xx_HAL_Driver/Src/stm32g4xx_hal_rcc.c **** 
  88:Drivers/STM32G4xx_HAL_Driver/Src/stm32g4xx_hal_rcc.c **** #define RCC_GET_MCO_GPIO_INDEX(__RCC_MCOx__) (((__RCC_MCOx__) & RCC_MCO_GPIOPORT_MASK) >> RCC_MCO_G
ARM GAS  /tmp/cc3WS6gG.s 			page 3


  89:Drivers/STM32G4xx_HAL_Driver/Src/stm32g4xx_hal_rcc.c **** 
  90:Drivers/STM32G4xx_HAL_Driver/Src/stm32g4xx_hal_rcc.c **** #define RCC_GET_MCO_GPIO_PORT(__RCC_MCOx__)  (AHB2PERIPH_BASE + ((0x00000400UL) * RCC_GET_MCO_GPIO_
  91:Drivers/STM32G4xx_HAL_Driver/Src/stm32g4xx_hal_rcc.c **** 
  92:Drivers/STM32G4xx_HAL_Driver/Src/stm32g4xx_hal_rcc.c **** #define RCC_PLL_OSCSOURCE_CONFIG(__HAL_RCC_PLLSOURCE__) \
  93:Drivers/STM32G4xx_HAL_Driver/Src/stm32g4xx_hal_rcc.c ****             (MODIFY_REG(RCC->PLLCFGR, RCC_PLLCFGR_PLLSRC, (__HAL_RCC_PLLSOURCE__)))
  94:Drivers/STM32G4xx_HAL_Driver/Src/stm32g4xx_hal_rcc.c **** /**
  95:Drivers/STM32G4xx_HAL_Driver/Src/stm32g4xx_hal_rcc.c ****   * @}
  96:Drivers/STM32G4xx_HAL_Driver/Src/stm32g4xx_hal_rcc.c ****   */
  97:Drivers/STM32G4xx_HAL_Driver/Src/stm32g4xx_hal_rcc.c **** 
  98:Drivers/STM32G4xx_HAL_Driver/Src/stm32g4xx_hal_rcc.c **** /* Private variables ---------------------------------------------------------*/
  99:Drivers/STM32G4xx_HAL_Driver/Src/stm32g4xx_hal_rcc.c **** 
 100:Drivers/STM32G4xx_HAL_Driver/Src/stm32g4xx_hal_rcc.c **** /* Private function prototypes -----------------------------------------------*/
 101:Drivers/STM32G4xx_HAL_Driver/Src/stm32g4xx_hal_rcc.c **** /** @defgroup RCC_Private_Functions RCC Private Functions
 102:Drivers/STM32G4xx_HAL_Driver/Src/stm32g4xx_hal_rcc.c ****   * @{
 103:Drivers/STM32G4xx_HAL_Driver/Src/stm32g4xx_hal_rcc.c ****   */
 104:Drivers/STM32G4xx_HAL_Driver/Src/stm32g4xx_hal_rcc.c **** static uint32_t          RCC_GetSysClockFreqFromPLLSource(void);
 105:Drivers/STM32G4xx_HAL_Driver/Src/stm32g4xx_hal_rcc.c **** /**
 106:Drivers/STM32G4xx_HAL_Driver/Src/stm32g4xx_hal_rcc.c ****   * @}
 107:Drivers/STM32G4xx_HAL_Driver/Src/stm32g4xx_hal_rcc.c ****   */
 108:Drivers/STM32G4xx_HAL_Driver/Src/stm32g4xx_hal_rcc.c **** 
 109:Drivers/STM32G4xx_HAL_Driver/Src/stm32g4xx_hal_rcc.c **** /* Exported functions --------------------------------------------------------*/
 110:Drivers/STM32G4xx_HAL_Driver/Src/stm32g4xx_hal_rcc.c **** 
 111:Drivers/STM32G4xx_HAL_Driver/Src/stm32g4xx_hal_rcc.c **** /** @defgroup RCC_Exported_Functions RCC Exported Functions
 112:Drivers/STM32G4xx_HAL_Driver/Src/stm32g4xx_hal_rcc.c ****   * @{
 113:Drivers/STM32G4xx_HAL_Driver/Src/stm32g4xx_hal_rcc.c ****   */
 114:Drivers/STM32G4xx_HAL_Driver/Src/stm32g4xx_hal_rcc.c **** 
 115:Drivers/STM32G4xx_HAL_Driver/Src/stm32g4xx_hal_rcc.c **** /** @defgroup RCC_Exported_Functions_Group1 Initialization and de-initialization functions
 116:Drivers/STM32G4xx_HAL_Driver/Src/stm32g4xx_hal_rcc.c ****   *  @brief    Initialization and Configuration functions
 117:Drivers/STM32G4xx_HAL_Driver/Src/stm32g4xx_hal_rcc.c ****   *
 118:Drivers/STM32G4xx_HAL_Driver/Src/stm32g4xx_hal_rcc.c ****   @verbatim
 119:Drivers/STM32G4xx_HAL_Driver/Src/stm32g4xx_hal_rcc.c ****  ===============================================================================
 120:Drivers/STM32G4xx_HAL_Driver/Src/stm32g4xx_hal_rcc.c ****            ##### Initialization and de-initialization functions #####
 121:Drivers/STM32G4xx_HAL_Driver/Src/stm32g4xx_hal_rcc.c ****  ===============================================================================
 122:Drivers/STM32G4xx_HAL_Driver/Src/stm32g4xx_hal_rcc.c ****     [..]
 123:Drivers/STM32G4xx_HAL_Driver/Src/stm32g4xx_hal_rcc.c ****       This section provides functions allowing to configure the internal and external oscillators
 124:Drivers/STM32G4xx_HAL_Driver/Src/stm32g4xx_hal_rcc.c ****       (HSE, HSI, LSE, LSI, PLL, CSS and MCO) and the System buses clocks (SYSCLK, AHB, APB1
 125:Drivers/STM32G4xx_HAL_Driver/Src/stm32g4xx_hal_rcc.c ****        and APB2).
 126:Drivers/STM32G4xx_HAL_Driver/Src/stm32g4xx_hal_rcc.c **** 
 127:Drivers/STM32G4xx_HAL_Driver/Src/stm32g4xx_hal_rcc.c ****     [..] Internal/external clock and PLL configuration
 128:Drivers/STM32G4xx_HAL_Driver/Src/stm32g4xx_hal_rcc.c ****          (+) HSI (high-speed internal): 16 MHz factory-trimmed RC used directly or through
 129:Drivers/STM32G4xx_HAL_Driver/Src/stm32g4xx_hal_rcc.c ****              the PLL as System clock source.
 130:Drivers/STM32G4xx_HAL_Driver/Src/stm32g4xx_hal_rcc.c **** 
 131:Drivers/STM32G4xx_HAL_Driver/Src/stm32g4xx_hal_rcc.c ****          (+) LSI (low-speed internal): 32 KHz low consumption RC used as IWDG and/or RTC
 132:Drivers/STM32G4xx_HAL_Driver/Src/stm32g4xx_hal_rcc.c ****              clock source.
 133:Drivers/STM32G4xx_HAL_Driver/Src/stm32g4xx_hal_rcc.c **** 
 134:Drivers/STM32G4xx_HAL_Driver/Src/stm32g4xx_hal_rcc.c ****          (+) HSE (high-speed external): 4 to 48 MHz crystal oscillator used directly or
 135:Drivers/STM32G4xx_HAL_Driver/Src/stm32g4xx_hal_rcc.c ****              through the PLL as System clock source. Can be used also optionally as RTC clock sourc
 136:Drivers/STM32G4xx_HAL_Driver/Src/stm32g4xx_hal_rcc.c **** 
 137:Drivers/STM32G4xx_HAL_Driver/Src/stm32g4xx_hal_rcc.c ****          (+) LSE (low-speed external): 32.768 KHz oscillator used optionally as RTC clock source.
 138:Drivers/STM32G4xx_HAL_Driver/Src/stm32g4xx_hal_rcc.c **** 
 139:Drivers/STM32G4xx_HAL_Driver/Src/stm32g4xx_hal_rcc.c ****          (+) PLL (clocked by HSI, HSE) providing up to three independent output clocks:
 140:Drivers/STM32G4xx_HAL_Driver/Src/stm32g4xx_hal_rcc.c ****            (++) The first output is used to generate the high speed system clock (up to 170 MHz).
 141:Drivers/STM32G4xx_HAL_Driver/Src/stm32g4xx_hal_rcc.c ****            (++) The second output is used to generate the clock for the USB (48 MHz),
 142:Drivers/STM32G4xx_HAL_Driver/Src/stm32g4xx_hal_rcc.c ****                 the QSPI (<= 48 MHz), the FDCAN, the SAI and the I2S.
 143:Drivers/STM32G4xx_HAL_Driver/Src/stm32g4xx_hal_rcc.c ****            (++) The third output is used to generate a clock for ADC
 144:Drivers/STM32G4xx_HAL_Driver/Src/stm32g4xx_hal_rcc.c **** 
 145:Drivers/STM32G4xx_HAL_Driver/Src/stm32g4xx_hal_rcc.c ****          (+) CSS (Clock security system): once enabled, if a HSE clock failure occurs
ARM GAS  /tmp/cc3WS6gG.s 			page 4


 146:Drivers/STM32G4xx_HAL_Driver/Src/stm32g4xx_hal_rcc.c ****             (HSE used directly or through PLL as System clock source), the System clock
 147:Drivers/STM32G4xx_HAL_Driver/Src/stm32g4xx_hal_rcc.c ****              is automatically switched to HSI and an interrupt is generated if enabled.
 148:Drivers/STM32G4xx_HAL_Driver/Src/stm32g4xx_hal_rcc.c ****              The interrupt is linked to the Cortex-M4 NMI (Non-Maskable Interrupt)
 149:Drivers/STM32G4xx_HAL_Driver/Src/stm32g4xx_hal_rcc.c ****              exception vector.
 150:Drivers/STM32G4xx_HAL_Driver/Src/stm32g4xx_hal_rcc.c **** 
 151:Drivers/STM32G4xx_HAL_Driver/Src/stm32g4xx_hal_rcc.c ****          (+) MCO (microcontroller clock output): used to output LSI, HSI, LSE, HSE,
 152:Drivers/STM32G4xx_HAL_Driver/Src/stm32g4xx_hal_rcc.c ****              main PLL clock, system clock or RC48 clock (through a configurable prescaler) on PA8 p
 153:Drivers/STM32G4xx_HAL_Driver/Src/stm32g4xx_hal_rcc.c **** 
 154:Drivers/STM32G4xx_HAL_Driver/Src/stm32g4xx_hal_rcc.c ****     [..] System, AHB and APB buses clocks configuration
 155:Drivers/STM32G4xx_HAL_Driver/Src/stm32g4xx_hal_rcc.c ****          (+) Several clock sources can be used to drive the System clock (SYSCLK): HSI,
 156:Drivers/STM32G4xx_HAL_Driver/Src/stm32g4xx_hal_rcc.c ****              HSE and main PLL.
 157:Drivers/STM32G4xx_HAL_Driver/Src/stm32g4xx_hal_rcc.c ****              The AHB clock (HCLK) is derived from System clock through configurable
 158:Drivers/STM32G4xx_HAL_Driver/Src/stm32g4xx_hal_rcc.c ****              prescaler and used to clock the CPU, memory and peripherals mapped
 159:Drivers/STM32G4xx_HAL_Driver/Src/stm32g4xx_hal_rcc.c ****              on AHB bus (DMA, GPIO...). APB1 (PCLK1) and APB2 (PCLK2) clocks are derived
 160:Drivers/STM32G4xx_HAL_Driver/Src/stm32g4xx_hal_rcc.c ****              from AHB clock through configurable prescalers and used to clock
 161:Drivers/STM32G4xx_HAL_Driver/Src/stm32g4xx_hal_rcc.c ****              the peripherals mapped on these buses. You can use
 162:Drivers/STM32G4xx_HAL_Driver/Src/stm32g4xx_hal_rcc.c ****              "HAL_RCC_GetSysClockFreq()" function to retrieve the frequencies of these clocks.
 163:Drivers/STM32G4xx_HAL_Driver/Src/stm32g4xx_hal_rcc.c **** 
 164:Drivers/STM32G4xx_HAL_Driver/Src/stm32g4xx_hal_rcc.c ****          -@- All the peripheral clocks are derived from the System clock (SYSCLK) except:
 165:Drivers/STM32G4xx_HAL_Driver/Src/stm32g4xx_hal_rcc.c **** 
 166:Drivers/STM32G4xx_HAL_Driver/Src/stm32g4xx_hal_rcc.c ****            (+@) RTC: the RTC clock can be derived either from the LSI, LSE or HSE clock
 167:Drivers/STM32G4xx_HAL_Driver/Src/stm32g4xx_hal_rcc.c ****                 divided by 2 to 31.
 168:Drivers/STM32G4xx_HAL_Driver/Src/stm32g4xx_hal_rcc.c ****                 You have to use __HAL_RCC_RTC_ENABLE() and HAL_RCCEx_PeriphCLKConfig() function
 169:Drivers/STM32G4xx_HAL_Driver/Src/stm32g4xx_hal_rcc.c ****                 to configure this clock.
 170:Drivers/STM32G4xx_HAL_Driver/Src/stm32g4xx_hal_rcc.c ****            (+@) USB FS and RNG: USB FS requires a frequency equal to 48 MHz
 171:Drivers/STM32G4xx_HAL_Driver/Src/stm32g4xx_hal_rcc.c ****                 to work correctly, while the RNG peripheral requires a frequency
 172:Drivers/STM32G4xx_HAL_Driver/Src/stm32g4xx_hal_rcc.c ****                 equal or lower than to 48 MHz. This clock is derived of the main PLL
 173:Drivers/STM32G4xx_HAL_Driver/Src/stm32g4xx_hal_rcc.c ****                 through PLLQ divider. You have to enable the peripheral clock and use
 174:Drivers/STM32G4xx_HAL_Driver/Src/stm32g4xx_hal_rcc.c ****                 HAL_RCCEx_PeriphCLKConfig() function to configure this clock.
 175:Drivers/STM32G4xx_HAL_Driver/Src/stm32g4xx_hal_rcc.c ****            (+@) IWDG clock which is always the LSI clock.
 176:Drivers/STM32G4xx_HAL_Driver/Src/stm32g4xx_hal_rcc.c **** 
 177:Drivers/STM32G4xx_HAL_Driver/Src/stm32g4xx_hal_rcc.c **** 
 178:Drivers/STM32G4xx_HAL_Driver/Src/stm32g4xx_hal_rcc.c ****          (+) The maximum frequency of the SYSCLK, HCLK, PCLK1 and PCLK2 is 170 MHz.
 179:Drivers/STM32G4xx_HAL_Driver/Src/stm32g4xx_hal_rcc.c ****              The clock source frequency should be adapted depending on the device voltage range
 180:Drivers/STM32G4xx_HAL_Driver/Src/stm32g4xx_hal_rcc.c ****              as listed in the Reference Manual "Clock source frequency versus voltage scaling" chap
 181:Drivers/STM32G4xx_HAL_Driver/Src/stm32g4xx_hal_rcc.c **** 
 182:Drivers/STM32G4xx_HAL_Driver/Src/stm32g4xx_hal_rcc.c ****   @endverbatim
 183:Drivers/STM32G4xx_HAL_Driver/Src/stm32g4xx_hal_rcc.c **** 
 184:Drivers/STM32G4xx_HAL_Driver/Src/stm32g4xx_hal_rcc.c ****            Table 1. HCLK clock frequency for STM32G4xx devices
 185:Drivers/STM32G4xx_HAL_Driver/Src/stm32g4xx_hal_rcc.c ****            +----------------------------------------------------------------------------+
 186:Drivers/STM32G4xx_HAL_Driver/Src/stm32g4xx_hal_rcc.c ****            | Latency         |            HCLK clock frequency (MHz)                    |
 187:Drivers/STM32G4xx_HAL_Driver/Src/stm32g4xx_hal_rcc.c ****            |                 |----------------------------------------------------------|
 188:Drivers/STM32G4xx_HAL_Driver/Src/stm32g4xx_hal_rcc.c ****            |                 |  voltage range 1  |  voltage range 1  | voltage range 2  |
 189:Drivers/STM32G4xx_HAL_Driver/Src/stm32g4xx_hal_rcc.c ****            |                 | boost mode 1.28 V | normal mode 1.2 V |     1.0 V        |
 190:Drivers/STM32G4xx_HAL_Driver/Src/stm32g4xx_hal_rcc.c ****            |-----------------|-------------------|-------------------|------------------|
 191:Drivers/STM32G4xx_HAL_Driver/Src/stm32g4xx_hal_rcc.c ****            |0WS(1 CPU cycles)|    HCLK <= 34     |    HCLK <= 30     |    HCLK <= 13    |
 192:Drivers/STM32G4xx_HAL_Driver/Src/stm32g4xx_hal_rcc.c ****            |-----------------|-------------------|-------------------|------------------|
 193:Drivers/STM32G4xx_HAL_Driver/Src/stm32g4xx_hal_rcc.c ****            |1WS(2 CPU cycles)|    HCLK <= 68     |    HCLK <= 60     |    HCLK <= 26    |
 194:Drivers/STM32G4xx_HAL_Driver/Src/stm32g4xx_hal_rcc.c ****            |-----------------|-------------------|-------------------|------------------|
 195:Drivers/STM32G4xx_HAL_Driver/Src/stm32g4xx_hal_rcc.c ****            |2WS(3 CPU cycles)|    HCLK <= 102    |    HCLK <= 90     |        -         |
 196:Drivers/STM32G4xx_HAL_Driver/Src/stm32g4xx_hal_rcc.c ****            |-----------------|-------------------|-------------------|------------------|
 197:Drivers/STM32G4xx_HAL_Driver/Src/stm32g4xx_hal_rcc.c ****            |3WS(4 CPU cycles)|    HCLK <= 136    |    HCLK <= 120    |        -         |
 198:Drivers/STM32G4xx_HAL_Driver/Src/stm32g4xx_hal_rcc.c ****            |-----------------|-------------------|-------------------|------------------|
 199:Drivers/STM32G4xx_HAL_Driver/Src/stm32g4xx_hal_rcc.c ****            |4WS(5 CPU cycles)|    HCLK <= 170    |    HCLK <= 150    |        -         |
 200:Drivers/STM32G4xx_HAL_Driver/Src/stm32g4xx_hal_rcc.c ****            +----------------------------------------------------------------------------+
 201:Drivers/STM32G4xx_HAL_Driver/Src/stm32g4xx_hal_rcc.c **** 
 202:Drivers/STM32G4xx_HAL_Driver/Src/stm32g4xx_hal_rcc.c ****   * @{
ARM GAS  /tmp/cc3WS6gG.s 			page 5


 203:Drivers/STM32G4xx_HAL_Driver/Src/stm32g4xx_hal_rcc.c ****   */
 204:Drivers/STM32G4xx_HAL_Driver/Src/stm32g4xx_hal_rcc.c **** 
 205:Drivers/STM32G4xx_HAL_Driver/Src/stm32g4xx_hal_rcc.c **** /**
 206:Drivers/STM32G4xx_HAL_Driver/Src/stm32g4xx_hal_rcc.c ****   * @brief  Reset the RCC clock configuration to the default reset state.
 207:Drivers/STM32G4xx_HAL_Driver/Src/stm32g4xx_hal_rcc.c ****   * @note   The default reset state of the clock configuration is given below:
 208:Drivers/STM32G4xx_HAL_Driver/Src/stm32g4xx_hal_rcc.c ****   *            - HSI ON and used as system clock source
 209:Drivers/STM32G4xx_HAL_Driver/Src/stm32g4xx_hal_rcc.c ****   *            - HSE, PLL OFF
 210:Drivers/STM32G4xx_HAL_Driver/Src/stm32g4xx_hal_rcc.c ****   *            - AHB, APB1 and APB2 prescaler set to 1.
 211:Drivers/STM32G4xx_HAL_Driver/Src/stm32g4xx_hal_rcc.c ****   *            - CSS, MCO1 OFF
 212:Drivers/STM32G4xx_HAL_Driver/Src/stm32g4xx_hal_rcc.c ****   *            - All interrupts disabled
 213:Drivers/STM32G4xx_HAL_Driver/Src/stm32g4xx_hal_rcc.c ****   *            - All interrupt and reset flags cleared
 214:Drivers/STM32G4xx_HAL_Driver/Src/stm32g4xx_hal_rcc.c ****   * @note   This function doesn't modify the configuration of the
 215:Drivers/STM32G4xx_HAL_Driver/Src/stm32g4xx_hal_rcc.c ****   *            - Peripheral clocks
 216:Drivers/STM32G4xx_HAL_Driver/Src/stm32g4xx_hal_rcc.c ****   *            - LSI, LSE and RTC clocks
 217:Drivers/STM32G4xx_HAL_Driver/Src/stm32g4xx_hal_rcc.c ****   * @retval HAL status
 218:Drivers/STM32G4xx_HAL_Driver/Src/stm32g4xx_hal_rcc.c ****   */
 219:Drivers/STM32G4xx_HAL_Driver/Src/stm32g4xx_hal_rcc.c **** HAL_StatusTypeDef HAL_RCC_DeInit(void)
 220:Drivers/STM32G4xx_HAL_Driver/Src/stm32g4xx_hal_rcc.c **** {
 221:Drivers/STM32G4xx_HAL_Driver/Src/stm32g4xx_hal_rcc.c ****   uint32_t tickstart;
 222:Drivers/STM32G4xx_HAL_Driver/Src/stm32g4xx_hal_rcc.c **** 
 223:Drivers/STM32G4xx_HAL_Driver/Src/stm32g4xx_hal_rcc.c ****   /* Get Start Tick*/
 224:Drivers/STM32G4xx_HAL_Driver/Src/stm32g4xx_hal_rcc.c ****   tickstart = HAL_GetTick();
 225:Drivers/STM32G4xx_HAL_Driver/Src/stm32g4xx_hal_rcc.c **** 
 226:Drivers/STM32G4xx_HAL_Driver/Src/stm32g4xx_hal_rcc.c ****   /* Set HSION bit to the reset value */
 227:Drivers/STM32G4xx_HAL_Driver/Src/stm32g4xx_hal_rcc.c ****   SET_BIT(RCC->CR, RCC_CR_HSION);
 228:Drivers/STM32G4xx_HAL_Driver/Src/stm32g4xx_hal_rcc.c **** 
 229:Drivers/STM32G4xx_HAL_Driver/Src/stm32g4xx_hal_rcc.c ****   /* Wait till HSI is ready */
 230:Drivers/STM32G4xx_HAL_Driver/Src/stm32g4xx_hal_rcc.c ****   while (READ_BIT(RCC->CR, RCC_CR_HSIRDY) == 0U)
 231:Drivers/STM32G4xx_HAL_Driver/Src/stm32g4xx_hal_rcc.c ****   {
 232:Drivers/STM32G4xx_HAL_Driver/Src/stm32g4xx_hal_rcc.c ****     if ((HAL_GetTick() - tickstart) > HSI_TIMEOUT_VALUE)
 233:Drivers/STM32G4xx_HAL_Driver/Src/stm32g4xx_hal_rcc.c ****     {
 234:Drivers/STM32G4xx_HAL_Driver/Src/stm32g4xx_hal_rcc.c ****       return HAL_TIMEOUT;
 235:Drivers/STM32G4xx_HAL_Driver/Src/stm32g4xx_hal_rcc.c ****     }
 236:Drivers/STM32G4xx_HAL_Driver/Src/stm32g4xx_hal_rcc.c ****   }
 237:Drivers/STM32G4xx_HAL_Driver/Src/stm32g4xx_hal_rcc.c **** 
 238:Drivers/STM32G4xx_HAL_Driver/Src/stm32g4xx_hal_rcc.c ****  /* Set HSITRIM[6:0] bits to the reset value */
 239:Drivers/STM32G4xx_HAL_Driver/Src/stm32g4xx_hal_rcc.c ****   SET_BIT(RCC->ICSCR, RCC_HSICALIBRATION_DEFAULT << RCC_ICSCR_HSITRIM_Pos);
 240:Drivers/STM32G4xx_HAL_Driver/Src/stm32g4xx_hal_rcc.c **** 
 241:Drivers/STM32G4xx_HAL_Driver/Src/stm32g4xx_hal_rcc.c ****   /* Get Start Tick*/
 242:Drivers/STM32G4xx_HAL_Driver/Src/stm32g4xx_hal_rcc.c ****   tickstart = HAL_GetTick();
 243:Drivers/STM32G4xx_HAL_Driver/Src/stm32g4xx_hal_rcc.c **** 
 244:Drivers/STM32G4xx_HAL_Driver/Src/stm32g4xx_hal_rcc.c ****   /* Reset CFGR register (HSI is selected as system clock source) */
 245:Drivers/STM32G4xx_HAL_Driver/Src/stm32g4xx_hal_rcc.c ****   RCC->CFGR = 0x00000001u;
 246:Drivers/STM32G4xx_HAL_Driver/Src/stm32g4xx_hal_rcc.c **** 
 247:Drivers/STM32G4xx_HAL_Driver/Src/stm32g4xx_hal_rcc.c ****   /* Wait till HSI is ready */
 248:Drivers/STM32G4xx_HAL_Driver/Src/stm32g4xx_hal_rcc.c ****   while (READ_BIT(RCC->CFGR, RCC_CFGR_SWS) != RCC_CFGR_SWS_HSI)
 249:Drivers/STM32G4xx_HAL_Driver/Src/stm32g4xx_hal_rcc.c ****   {
 250:Drivers/STM32G4xx_HAL_Driver/Src/stm32g4xx_hal_rcc.c ****     if ((HAL_GetTick() - tickstart) > CLOCKSWITCH_TIMEOUT_VALUE)
 251:Drivers/STM32G4xx_HAL_Driver/Src/stm32g4xx_hal_rcc.c ****     {
 252:Drivers/STM32G4xx_HAL_Driver/Src/stm32g4xx_hal_rcc.c ****       return HAL_TIMEOUT;
 253:Drivers/STM32G4xx_HAL_Driver/Src/stm32g4xx_hal_rcc.c ****     }
 254:Drivers/STM32G4xx_HAL_Driver/Src/stm32g4xx_hal_rcc.c ****   }
 255:Drivers/STM32G4xx_HAL_Driver/Src/stm32g4xx_hal_rcc.c **** 
 256:Drivers/STM32G4xx_HAL_Driver/Src/stm32g4xx_hal_rcc.c ****   /* Update the SystemCoreClock global variable */
 257:Drivers/STM32G4xx_HAL_Driver/Src/stm32g4xx_hal_rcc.c ****   SystemCoreClock = HSI_VALUE;
 258:Drivers/STM32G4xx_HAL_Driver/Src/stm32g4xx_hal_rcc.c **** 
 259:Drivers/STM32G4xx_HAL_Driver/Src/stm32g4xx_hal_rcc.c ****   /* Adapt Systick interrupt period */
ARM GAS  /tmp/cc3WS6gG.s 			page 6


 260:Drivers/STM32G4xx_HAL_Driver/Src/stm32g4xx_hal_rcc.c ****   if (HAL_InitTick(uwTickPrio) != HAL_OK)
 261:Drivers/STM32G4xx_HAL_Driver/Src/stm32g4xx_hal_rcc.c ****   {
 262:Drivers/STM32G4xx_HAL_Driver/Src/stm32g4xx_hal_rcc.c ****     return HAL_ERROR;
 263:Drivers/STM32G4xx_HAL_Driver/Src/stm32g4xx_hal_rcc.c ****   }
 264:Drivers/STM32G4xx_HAL_Driver/Src/stm32g4xx_hal_rcc.c **** 
 265:Drivers/STM32G4xx_HAL_Driver/Src/stm32g4xx_hal_rcc.c ****   /* Clear CR register in 2 steps: first to clear HSEON in case bypass was enabled */
 266:Drivers/STM32G4xx_HAL_Driver/Src/stm32g4xx_hal_rcc.c ****   RCC->CR = RCC_CR_HSION;
 267:Drivers/STM32G4xx_HAL_Driver/Src/stm32g4xx_hal_rcc.c **** 
 268:Drivers/STM32G4xx_HAL_Driver/Src/stm32g4xx_hal_rcc.c ****   /* Then again to HSEBYP in case bypass was enabled */
 269:Drivers/STM32G4xx_HAL_Driver/Src/stm32g4xx_hal_rcc.c ****   RCC->CR = RCC_CR_HSION;
 270:Drivers/STM32G4xx_HAL_Driver/Src/stm32g4xx_hal_rcc.c **** 
 271:Drivers/STM32G4xx_HAL_Driver/Src/stm32g4xx_hal_rcc.c ****   /* Get Start Tick*/
 272:Drivers/STM32G4xx_HAL_Driver/Src/stm32g4xx_hal_rcc.c ****   tickstart = HAL_GetTick();
 273:Drivers/STM32G4xx_HAL_Driver/Src/stm32g4xx_hal_rcc.c **** 
 274:Drivers/STM32G4xx_HAL_Driver/Src/stm32g4xx_hal_rcc.c ****   /* Wait till PLL is OFF */
 275:Drivers/STM32G4xx_HAL_Driver/Src/stm32g4xx_hal_rcc.c ****   while (READ_BIT(RCC->CR, RCC_CR_PLLRDY) != 0U)
 276:Drivers/STM32G4xx_HAL_Driver/Src/stm32g4xx_hal_rcc.c ****   {
 277:Drivers/STM32G4xx_HAL_Driver/Src/stm32g4xx_hal_rcc.c ****     if ((HAL_GetTick() - tickstart) > PLL_TIMEOUT_VALUE)
 278:Drivers/STM32G4xx_HAL_Driver/Src/stm32g4xx_hal_rcc.c ****     {
 279:Drivers/STM32G4xx_HAL_Driver/Src/stm32g4xx_hal_rcc.c ****       return HAL_TIMEOUT;
 280:Drivers/STM32G4xx_HAL_Driver/Src/stm32g4xx_hal_rcc.c ****     }
 281:Drivers/STM32G4xx_HAL_Driver/Src/stm32g4xx_hal_rcc.c ****   }
 282:Drivers/STM32G4xx_HAL_Driver/Src/stm32g4xx_hal_rcc.c **** 
 283:Drivers/STM32G4xx_HAL_Driver/Src/stm32g4xx_hal_rcc.c ****   /* once PLL is OFF, reset PLLCFGR register to default value */
 284:Drivers/STM32G4xx_HAL_Driver/Src/stm32g4xx_hal_rcc.c ****   RCC->PLLCFGR = RCC_PLLCFGR_PLLN_4;
 285:Drivers/STM32G4xx_HAL_Driver/Src/stm32g4xx_hal_rcc.c **** 
 286:Drivers/STM32G4xx_HAL_Driver/Src/stm32g4xx_hal_rcc.c ****   /* Disable all interrupts */
 287:Drivers/STM32G4xx_HAL_Driver/Src/stm32g4xx_hal_rcc.c ****   CLEAR_REG(RCC->CIER);
 288:Drivers/STM32G4xx_HAL_Driver/Src/stm32g4xx_hal_rcc.c **** 
 289:Drivers/STM32G4xx_HAL_Driver/Src/stm32g4xx_hal_rcc.c ****   /* Clear all interrupt flags */
 290:Drivers/STM32G4xx_HAL_Driver/Src/stm32g4xx_hal_rcc.c ****   WRITE_REG(RCC->CICR, 0xFFFFFFFFU);
 291:Drivers/STM32G4xx_HAL_Driver/Src/stm32g4xx_hal_rcc.c **** 
 292:Drivers/STM32G4xx_HAL_Driver/Src/stm32g4xx_hal_rcc.c ****   /* Clear all reset flags */
 293:Drivers/STM32G4xx_HAL_Driver/Src/stm32g4xx_hal_rcc.c ****   SET_BIT(RCC->CSR, RCC_CSR_RMVF);
 294:Drivers/STM32G4xx_HAL_Driver/Src/stm32g4xx_hal_rcc.c **** 
 295:Drivers/STM32G4xx_HAL_Driver/Src/stm32g4xx_hal_rcc.c ****   return HAL_OK;
 296:Drivers/STM32G4xx_HAL_Driver/Src/stm32g4xx_hal_rcc.c **** }
 297:Drivers/STM32G4xx_HAL_Driver/Src/stm32g4xx_hal_rcc.c **** 
 298:Drivers/STM32G4xx_HAL_Driver/Src/stm32g4xx_hal_rcc.c **** /**
 299:Drivers/STM32G4xx_HAL_Driver/Src/stm32g4xx_hal_rcc.c ****   * @brief  Initialize the RCC Oscillators according to the specified parameters in the
 300:Drivers/STM32G4xx_HAL_Driver/Src/stm32g4xx_hal_rcc.c ****   *         RCC_OscInitTypeDef.
 301:Drivers/STM32G4xx_HAL_Driver/Src/stm32g4xx_hal_rcc.c ****   * @param  RCC_OscInitStruct  pointer to an RCC_OscInitTypeDef structure that
 302:Drivers/STM32G4xx_HAL_Driver/Src/stm32g4xx_hal_rcc.c ****   *         contains the configuration information for the RCC Oscillators.
 303:Drivers/STM32G4xx_HAL_Driver/Src/stm32g4xx_hal_rcc.c ****   * @note   The PLL is not disabled when used as system clock.
 304:Drivers/STM32G4xx_HAL_Driver/Src/stm32g4xx_hal_rcc.c ****   * @note   Transitions LSE Bypass to LSE On and LSE On to LSE Bypass are not
 305:Drivers/STM32G4xx_HAL_Driver/Src/stm32g4xx_hal_rcc.c ****   *         supported by this macro. User should request a transition to LSE Off
 306:Drivers/STM32G4xx_HAL_Driver/Src/stm32g4xx_hal_rcc.c ****   *         first and then LSE On or LSE Bypass.
 307:Drivers/STM32G4xx_HAL_Driver/Src/stm32g4xx_hal_rcc.c ****   * @note   Transition HSE Bypass to HSE On and HSE On to HSE Bypass are not
 308:Drivers/STM32G4xx_HAL_Driver/Src/stm32g4xx_hal_rcc.c ****   *         supported by this macro. User should request a transition to HSE Off
 309:Drivers/STM32G4xx_HAL_Driver/Src/stm32g4xx_hal_rcc.c ****   *         first and then HSE On or HSE Bypass.
 310:Drivers/STM32G4xx_HAL_Driver/Src/stm32g4xx_hal_rcc.c ****   * @retval HAL status
 311:Drivers/STM32G4xx_HAL_Driver/Src/stm32g4xx_hal_rcc.c ****   */
 312:Drivers/STM32G4xx_HAL_Driver/Src/stm32g4xx_hal_rcc.c **** HAL_StatusTypeDef HAL_RCC_OscConfig(const RCC_OscInitTypeDef  *RCC_OscInitStruct)
 313:Drivers/STM32G4xx_HAL_Driver/Src/stm32g4xx_hal_rcc.c **** {
 314:Drivers/STM32G4xx_HAL_Driver/Src/stm32g4xx_hal_rcc.c ****   uint32_t tickstart;
 315:Drivers/STM32G4xx_HAL_Driver/Src/stm32g4xx_hal_rcc.c ****   uint32_t temp_sysclksrc;
 316:Drivers/STM32G4xx_HAL_Driver/Src/stm32g4xx_hal_rcc.c ****   uint32_t temp_pllckcfg;
ARM GAS  /tmp/cc3WS6gG.s 			page 7


 317:Drivers/STM32G4xx_HAL_Driver/Src/stm32g4xx_hal_rcc.c **** 
 318:Drivers/STM32G4xx_HAL_Driver/Src/stm32g4xx_hal_rcc.c ****   /* Check Null pointer */
 319:Drivers/STM32G4xx_HAL_Driver/Src/stm32g4xx_hal_rcc.c ****   if (RCC_OscInitStruct == NULL)
 320:Drivers/STM32G4xx_HAL_Driver/Src/stm32g4xx_hal_rcc.c ****   {
 321:Drivers/STM32G4xx_HAL_Driver/Src/stm32g4xx_hal_rcc.c ****     return HAL_ERROR;
 322:Drivers/STM32G4xx_HAL_Driver/Src/stm32g4xx_hal_rcc.c ****   }
 323:Drivers/STM32G4xx_HAL_Driver/Src/stm32g4xx_hal_rcc.c **** 
 324:Drivers/STM32G4xx_HAL_Driver/Src/stm32g4xx_hal_rcc.c ****   /* Check the parameters */
 325:Drivers/STM32G4xx_HAL_Driver/Src/stm32g4xx_hal_rcc.c ****   assert_param(IS_RCC_OSCILLATORTYPE(RCC_OscInitStruct->OscillatorType));
 326:Drivers/STM32G4xx_HAL_Driver/Src/stm32g4xx_hal_rcc.c **** 
 327:Drivers/STM32G4xx_HAL_Driver/Src/stm32g4xx_hal_rcc.c ****   /*------------------------------- HSE Configuration ------------------------*/
 328:Drivers/STM32G4xx_HAL_Driver/Src/stm32g4xx_hal_rcc.c ****   if (((RCC_OscInitStruct->OscillatorType) & RCC_OSCILLATORTYPE_HSE) == RCC_OSCILLATORTYPE_HSE)
 329:Drivers/STM32G4xx_HAL_Driver/Src/stm32g4xx_hal_rcc.c ****   {
 330:Drivers/STM32G4xx_HAL_Driver/Src/stm32g4xx_hal_rcc.c ****     /* Check the parameters */
 331:Drivers/STM32G4xx_HAL_Driver/Src/stm32g4xx_hal_rcc.c ****     assert_param(IS_RCC_HSE(RCC_OscInitStruct->HSEState));
 332:Drivers/STM32G4xx_HAL_Driver/Src/stm32g4xx_hal_rcc.c **** 
 333:Drivers/STM32G4xx_HAL_Driver/Src/stm32g4xx_hal_rcc.c ****     temp_sysclksrc = __HAL_RCC_GET_SYSCLK_SOURCE();
 334:Drivers/STM32G4xx_HAL_Driver/Src/stm32g4xx_hal_rcc.c ****     temp_pllckcfg = __HAL_RCC_GET_PLL_OSCSOURCE();
 335:Drivers/STM32G4xx_HAL_Driver/Src/stm32g4xx_hal_rcc.c **** 
 336:Drivers/STM32G4xx_HAL_Driver/Src/stm32g4xx_hal_rcc.c ****     /* When the HSE is used as system clock or clock source for PLL in these cases it is not allowe
 337:Drivers/STM32G4xx_HAL_Driver/Src/stm32g4xx_hal_rcc.c ****     if (((temp_sysclksrc == RCC_CFGR_SWS_PLL) && (temp_pllckcfg == RCC_PLLSOURCE_HSE)) || (temp_sys
 338:Drivers/STM32G4xx_HAL_Driver/Src/stm32g4xx_hal_rcc.c ****     {
 339:Drivers/STM32G4xx_HAL_Driver/Src/stm32g4xx_hal_rcc.c ****       if ((READ_BIT(RCC->CR, RCC_CR_HSERDY) != 0U) && (RCC_OscInitStruct->HSEState == RCC_HSE_OFF))
 340:Drivers/STM32G4xx_HAL_Driver/Src/stm32g4xx_hal_rcc.c ****       {
 341:Drivers/STM32G4xx_HAL_Driver/Src/stm32g4xx_hal_rcc.c ****         return HAL_ERROR;
 342:Drivers/STM32G4xx_HAL_Driver/Src/stm32g4xx_hal_rcc.c ****       }
 343:Drivers/STM32G4xx_HAL_Driver/Src/stm32g4xx_hal_rcc.c ****     }
 344:Drivers/STM32G4xx_HAL_Driver/Src/stm32g4xx_hal_rcc.c ****     else
 345:Drivers/STM32G4xx_HAL_Driver/Src/stm32g4xx_hal_rcc.c ****     {
 346:Drivers/STM32G4xx_HAL_Driver/Src/stm32g4xx_hal_rcc.c ****       /* Set the new HSE configuration ---------------------------------------*/
 347:Drivers/STM32G4xx_HAL_Driver/Src/stm32g4xx_hal_rcc.c ****       __HAL_RCC_HSE_CONFIG(RCC_OscInitStruct->HSEState);
 348:Drivers/STM32G4xx_HAL_Driver/Src/stm32g4xx_hal_rcc.c **** 
 349:Drivers/STM32G4xx_HAL_Driver/Src/stm32g4xx_hal_rcc.c ****       /* Check the HSE State */
 350:Drivers/STM32G4xx_HAL_Driver/Src/stm32g4xx_hal_rcc.c ****       if (RCC_OscInitStruct->HSEState != RCC_HSE_OFF)
 351:Drivers/STM32G4xx_HAL_Driver/Src/stm32g4xx_hal_rcc.c ****       {
 352:Drivers/STM32G4xx_HAL_Driver/Src/stm32g4xx_hal_rcc.c ****         /* Get Start Tick*/
 353:Drivers/STM32G4xx_HAL_Driver/Src/stm32g4xx_hal_rcc.c ****         tickstart = HAL_GetTick();
 354:Drivers/STM32G4xx_HAL_Driver/Src/stm32g4xx_hal_rcc.c **** 
 355:Drivers/STM32G4xx_HAL_Driver/Src/stm32g4xx_hal_rcc.c ****         /* Wait till HSE is ready */
 356:Drivers/STM32G4xx_HAL_Driver/Src/stm32g4xx_hal_rcc.c ****         while (READ_BIT(RCC->CR, RCC_CR_HSERDY) == 0U)
 357:Drivers/STM32G4xx_HAL_Driver/Src/stm32g4xx_hal_rcc.c ****         {
 358:Drivers/STM32G4xx_HAL_Driver/Src/stm32g4xx_hal_rcc.c ****           if ((HAL_GetTick() - tickstart) > HSE_TIMEOUT_VALUE)
 359:Drivers/STM32G4xx_HAL_Driver/Src/stm32g4xx_hal_rcc.c ****           {
 360:Drivers/STM32G4xx_HAL_Driver/Src/stm32g4xx_hal_rcc.c ****             return HAL_TIMEOUT;
 361:Drivers/STM32G4xx_HAL_Driver/Src/stm32g4xx_hal_rcc.c ****           }
 362:Drivers/STM32G4xx_HAL_Driver/Src/stm32g4xx_hal_rcc.c ****         }
 363:Drivers/STM32G4xx_HAL_Driver/Src/stm32g4xx_hal_rcc.c ****       }
 364:Drivers/STM32G4xx_HAL_Driver/Src/stm32g4xx_hal_rcc.c ****       else
 365:Drivers/STM32G4xx_HAL_Driver/Src/stm32g4xx_hal_rcc.c ****       {
 366:Drivers/STM32G4xx_HAL_Driver/Src/stm32g4xx_hal_rcc.c ****         /* Get Start Tick*/
 367:Drivers/STM32G4xx_HAL_Driver/Src/stm32g4xx_hal_rcc.c ****         tickstart = HAL_GetTick();
 368:Drivers/STM32G4xx_HAL_Driver/Src/stm32g4xx_hal_rcc.c **** 
 369:Drivers/STM32G4xx_HAL_Driver/Src/stm32g4xx_hal_rcc.c ****         /* Wait till HSE is disabled */
 370:Drivers/STM32G4xx_HAL_Driver/Src/stm32g4xx_hal_rcc.c ****         while (READ_BIT(RCC->CR, RCC_CR_HSERDY) != 0U)
 371:Drivers/STM32G4xx_HAL_Driver/Src/stm32g4xx_hal_rcc.c ****         {
 372:Drivers/STM32G4xx_HAL_Driver/Src/stm32g4xx_hal_rcc.c ****           if ((HAL_GetTick() - tickstart) > HSE_TIMEOUT_VALUE)
 373:Drivers/STM32G4xx_HAL_Driver/Src/stm32g4xx_hal_rcc.c ****           {
ARM GAS  /tmp/cc3WS6gG.s 			page 8


 374:Drivers/STM32G4xx_HAL_Driver/Src/stm32g4xx_hal_rcc.c ****             return HAL_TIMEOUT;
 375:Drivers/STM32G4xx_HAL_Driver/Src/stm32g4xx_hal_rcc.c ****           }
 376:Drivers/STM32G4xx_HAL_Driver/Src/stm32g4xx_hal_rcc.c ****         }
 377:Drivers/STM32G4xx_HAL_Driver/Src/stm32g4xx_hal_rcc.c ****       }
 378:Drivers/STM32G4xx_HAL_Driver/Src/stm32g4xx_hal_rcc.c ****     }
 379:Drivers/STM32G4xx_HAL_Driver/Src/stm32g4xx_hal_rcc.c ****   }
 380:Drivers/STM32G4xx_HAL_Driver/Src/stm32g4xx_hal_rcc.c ****   /*----------------------------- HSI Configuration --------------------------*/
 381:Drivers/STM32G4xx_HAL_Driver/Src/stm32g4xx_hal_rcc.c ****   if (((RCC_OscInitStruct->OscillatorType) & RCC_OSCILLATORTYPE_HSI) == RCC_OSCILLATORTYPE_HSI)
 382:Drivers/STM32G4xx_HAL_Driver/Src/stm32g4xx_hal_rcc.c ****   {
 383:Drivers/STM32G4xx_HAL_Driver/Src/stm32g4xx_hal_rcc.c ****     /* Check the parameters */
 384:Drivers/STM32G4xx_HAL_Driver/Src/stm32g4xx_hal_rcc.c ****     assert_param(IS_RCC_HSI(RCC_OscInitStruct->HSIState));
 385:Drivers/STM32G4xx_HAL_Driver/Src/stm32g4xx_hal_rcc.c ****     assert_param(IS_RCC_HSI_CALIBRATION_VALUE(RCC_OscInitStruct->HSICalibrationValue));
 386:Drivers/STM32G4xx_HAL_Driver/Src/stm32g4xx_hal_rcc.c **** 
 387:Drivers/STM32G4xx_HAL_Driver/Src/stm32g4xx_hal_rcc.c ****     /* Check if HSI is used as system clock or as PLL source when PLL is selected as system clock *
 388:Drivers/STM32G4xx_HAL_Driver/Src/stm32g4xx_hal_rcc.c ****     temp_sysclksrc = __HAL_RCC_GET_SYSCLK_SOURCE();
 389:Drivers/STM32G4xx_HAL_Driver/Src/stm32g4xx_hal_rcc.c ****     temp_pllckcfg = __HAL_RCC_GET_PLL_OSCSOURCE();
 390:Drivers/STM32G4xx_HAL_Driver/Src/stm32g4xx_hal_rcc.c ****     if (((temp_sysclksrc == RCC_CFGR_SWS_PLL) && (temp_pllckcfg == RCC_PLLSOURCE_HSI)) || (temp_sys
 391:Drivers/STM32G4xx_HAL_Driver/Src/stm32g4xx_hal_rcc.c ****     {
 392:Drivers/STM32G4xx_HAL_Driver/Src/stm32g4xx_hal_rcc.c ****       /* When HSI is used as system clock it will not be disabled */
 393:Drivers/STM32G4xx_HAL_Driver/Src/stm32g4xx_hal_rcc.c ****       if ((READ_BIT(RCC->CR, RCC_CR_HSIRDY) != 0U) && (RCC_OscInitStruct->HSIState == RCC_HSI_OFF))
 394:Drivers/STM32G4xx_HAL_Driver/Src/stm32g4xx_hal_rcc.c ****       {
 395:Drivers/STM32G4xx_HAL_Driver/Src/stm32g4xx_hal_rcc.c ****         return HAL_ERROR;
 396:Drivers/STM32G4xx_HAL_Driver/Src/stm32g4xx_hal_rcc.c ****       }
 397:Drivers/STM32G4xx_HAL_Driver/Src/stm32g4xx_hal_rcc.c ****       /* Otherwise, just the calibration is allowed */
 398:Drivers/STM32G4xx_HAL_Driver/Src/stm32g4xx_hal_rcc.c ****       else
 399:Drivers/STM32G4xx_HAL_Driver/Src/stm32g4xx_hal_rcc.c ****       {
 400:Drivers/STM32G4xx_HAL_Driver/Src/stm32g4xx_hal_rcc.c ****         /* Adjusts the Internal High Speed oscillator (HSI) calibration value.*/
 401:Drivers/STM32G4xx_HAL_Driver/Src/stm32g4xx_hal_rcc.c ****         __HAL_RCC_HSI_CALIBRATIONVALUE_ADJUST(RCC_OscInitStruct->HSICalibrationValue);
 402:Drivers/STM32G4xx_HAL_Driver/Src/stm32g4xx_hal_rcc.c **** 
 403:Drivers/STM32G4xx_HAL_Driver/Src/stm32g4xx_hal_rcc.c ****         /* Adapt Systick interrupt period */
 404:Drivers/STM32G4xx_HAL_Driver/Src/stm32g4xx_hal_rcc.c ****         if (HAL_InitTick(uwTickPrio) != HAL_OK)
 405:Drivers/STM32G4xx_HAL_Driver/Src/stm32g4xx_hal_rcc.c ****         {
 406:Drivers/STM32G4xx_HAL_Driver/Src/stm32g4xx_hal_rcc.c ****           return HAL_ERROR;
 407:Drivers/STM32G4xx_HAL_Driver/Src/stm32g4xx_hal_rcc.c ****         }
 408:Drivers/STM32G4xx_HAL_Driver/Src/stm32g4xx_hal_rcc.c ****       }
 409:Drivers/STM32G4xx_HAL_Driver/Src/stm32g4xx_hal_rcc.c ****     }
 410:Drivers/STM32G4xx_HAL_Driver/Src/stm32g4xx_hal_rcc.c ****     else
 411:Drivers/STM32G4xx_HAL_Driver/Src/stm32g4xx_hal_rcc.c ****     {
 412:Drivers/STM32G4xx_HAL_Driver/Src/stm32g4xx_hal_rcc.c ****       /* Check the HSI State */
 413:Drivers/STM32G4xx_HAL_Driver/Src/stm32g4xx_hal_rcc.c ****       if (RCC_OscInitStruct->HSIState != RCC_HSI_OFF)
 414:Drivers/STM32G4xx_HAL_Driver/Src/stm32g4xx_hal_rcc.c ****       {
 415:Drivers/STM32G4xx_HAL_Driver/Src/stm32g4xx_hal_rcc.c ****         /* Enable the Internal High Speed oscillator (HSI). */
 416:Drivers/STM32G4xx_HAL_Driver/Src/stm32g4xx_hal_rcc.c ****         __HAL_RCC_HSI_ENABLE();
 417:Drivers/STM32G4xx_HAL_Driver/Src/stm32g4xx_hal_rcc.c **** 
 418:Drivers/STM32G4xx_HAL_Driver/Src/stm32g4xx_hal_rcc.c ****         /* Get Start Tick*/
 419:Drivers/STM32G4xx_HAL_Driver/Src/stm32g4xx_hal_rcc.c ****         tickstart = HAL_GetTick();
 420:Drivers/STM32G4xx_HAL_Driver/Src/stm32g4xx_hal_rcc.c **** 
 421:Drivers/STM32G4xx_HAL_Driver/Src/stm32g4xx_hal_rcc.c ****         /* Wait till HSI is ready */
 422:Drivers/STM32G4xx_HAL_Driver/Src/stm32g4xx_hal_rcc.c ****         while (READ_BIT(RCC->CR, RCC_CR_HSIRDY) == 0U)
 423:Drivers/STM32G4xx_HAL_Driver/Src/stm32g4xx_hal_rcc.c ****         {
 424:Drivers/STM32G4xx_HAL_Driver/Src/stm32g4xx_hal_rcc.c ****           if ((HAL_GetTick() - tickstart) > HSI_TIMEOUT_VALUE)
 425:Drivers/STM32G4xx_HAL_Driver/Src/stm32g4xx_hal_rcc.c ****           {
 426:Drivers/STM32G4xx_HAL_Driver/Src/stm32g4xx_hal_rcc.c ****             return HAL_TIMEOUT;
 427:Drivers/STM32G4xx_HAL_Driver/Src/stm32g4xx_hal_rcc.c ****           }
 428:Drivers/STM32G4xx_HAL_Driver/Src/stm32g4xx_hal_rcc.c ****         }
 429:Drivers/STM32G4xx_HAL_Driver/Src/stm32g4xx_hal_rcc.c **** 
 430:Drivers/STM32G4xx_HAL_Driver/Src/stm32g4xx_hal_rcc.c ****         /* Adjusts the Internal High Speed oscillator (HSI) calibration value.*/
ARM GAS  /tmp/cc3WS6gG.s 			page 9


 431:Drivers/STM32G4xx_HAL_Driver/Src/stm32g4xx_hal_rcc.c ****         __HAL_RCC_HSI_CALIBRATIONVALUE_ADJUST(RCC_OscInitStruct->HSICalibrationValue);
 432:Drivers/STM32G4xx_HAL_Driver/Src/stm32g4xx_hal_rcc.c ****       }
 433:Drivers/STM32G4xx_HAL_Driver/Src/stm32g4xx_hal_rcc.c ****       else
 434:Drivers/STM32G4xx_HAL_Driver/Src/stm32g4xx_hal_rcc.c ****       {
 435:Drivers/STM32G4xx_HAL_Driver/Src/stm32g4xx_hal_rcc.c ****         /* Disable the Internal High Speed oscillator (HSI). */
 436:Drivers/STM32G4xx_HAL_Driver/Src/stm32g4xx_hal_rcc.c ****         __HAL_RCC_HSI_DISABLE();
 437:Drivers/STM32G4xx_HAL_Driver/Src/stm32g4xx_hal_rcc.c **** 
 438:Drivers/STM32G4xx_HAL_Driver/Src/stm32g4xx_hal_rcc.c ****         /* Get Start Tick*/
 439:Drivers/STM32G4xx_HAL_Driver/Src/stm32g4xx_hal_rcc.c ****         tickstart = HAL_GetTick();
 440:Drivers/STM32G4xx_HAL_Driver/Src/stm32g4xx_hal_rcc.c **** 
 441:Drivers/STM32G4xx_HAL_Driver/Src/stm32g4xx_hal_rcc.c ****         /* Wait till HSI is disabled */
 442:Drivers/STM32G4xx_HAL_Driver/Src/stm32g4xx_hal_rcc.c ****         while (READ_BIT(RCC->CR, RCC_CR_HSIRDY) != 0U)
 443:Drivers/STM32G4xx_HAL_Driver/Src/stm32g4xx_hal_rcc.c ****         {
 444:Drivers/STM32G4xx_HAL_Driver/Src/stm32g4xx_hal_rcc.c ****           if ((HAL_GetTick() - tickstart) > HSI_TIMEOUT_VALUE)
 445:Drivers/STM32G4xx_HAL_Driver/Src/stm32g4xx_hal_rcc.c ****           {
 446:Drivers/STM32G4xx_HAL_Driver/Src/stm32g4xx_hal_rcc.c ****             return HAL_TIMEOUT;
 447:Drivers/STM32G4xx_HAL_Driver/Src/stm32g4xx_hal_rcc.c ****           }
 448:Drivers/STM32G4xx_HAL_Driver/Src/stm32g4xx_hal_rcc.c ****         }
 449:Drivers/STM32G4xx_HAL_Driver/Src/stm32g4xx_hal_rcc.c ****       }
 450:Drivers/STM32G4xx_HAL_Driver/Src/stm32g4xx_hal_rcc.c ****     }
 451:Drivers/STM32G4xx_HAL_Driver/Src/stm32g4xx_hal_rcc.c ****   }
 452:Drivers/STM32G4xx_HAL_Driver/Src/stm32g4xx_hal_rcc.c ****   /*------------------------------ LSI Configuration -------------------------*/
 453:Drivers/STM32G4xx_HAL_Driver/Src/stm32g4xx_hal_rcc.c ****   if (((RCC_OscInitStruct->OscillatorType) & RCC_OSCILLATORTYPE_LSI) == RCC_OSCILLATORTYPE_LSI)
 454:Drivers/STM32G4xx_HAL_Driver/Src/stm32g4xx_hal_rcc.c ****   {
 455:Drivers/STM32G4xx_HAL_Driver/Src/stm32g4xx_hal_rcc.c ****     /* Check the parameters */
 456:Drivers/STM32G4xx_HAL_Driver/Src/stm32g4xx_hal_rcc.c ****     assert_param(IS_RCC_LSI(RCC_OscInitStruct->LSIState));
 457:Drivers/STM32G4xx_HAL_Driver/Src/stm32g4xx_hal_rcc.c **** 
 458:Drivers/STM32G4xx_HAL_Driver/Src/stm32g4xx_hal_rcc.c ****     /* Check the LSI State */
 459:Drivers/STM32G4xx_HAL_Driver/Src/stm32g4xx_hal_rcc.c ****     if(RCC_OscInitStruct->LSIState != RCC_LSI_OFF)
 460:Drivers/STM32G4xx_HAL_Driver/Src/stm32g4xx_hal_rcc.c ****     {
 461:Drivers/STM32G4xx_HAL_Driver/Src/stm32g4xx_hal_rcc.c ****       /* Enable the Internal Low Speed oscillator (LSI). */
 462:Drivers/STM32G4xx_HAL_Driver/Src/stm32g4xx_hal_rcc.c ****       __HAL_RCC_LSI_ENABLE();
 463:Drivers/STM32G4xx_HAL_Driver/Src/stm32g4xx_hal_rcc.c **** 
 464:Drivers/STM32G4xx_HAL_Driver/Src/stm32g4xx_hal_rcc.c ****       /* Get Start Tick*/
 465:Drivers/STM32G4xx_HAL_Driver/Src/stm32g4xx_hal_rcc.c ****       tickstart = HAL_GetTick();
 466:Drivers/STM32G4xx_HAL_Driver/Src/stm32g4xx_hal_rcc.c **** 
 467:Drivers/STM32G4xx_HAL_Driver/Src/stm32g4xx_hal_rcc.c ****       /* Wait till LSI is ready */
 468:Drivers/STM32G4xx_HAL_Driver/Src/stm32g4xx_hal_rcc.c ****       while (READ_BIT(RCC->CSR, RCC_CSR_LSIRDY) == 0U)
 469:Drivers/STM32G4xx_HAL_Driver/Src/stm32g4xx_hal_rcc.c ****       {
 470:Drivers/STM32G4xx_HAL_Driver/Src/stm32g4xx_hal_rcc.c ****         if ((HAL_GetTick() - tickstart) > LSI_TIMEOUT_VALUE)
 471:Drivers/STM32G4xx_HAL_Driver/Src/stm32g4xx_hal_rcc.c ****         {
 472:Drivers/STM32G4xx_HAL_Driver/Src/stm32g4xx_hal_rcc.c ****           return HAL_TIMEOUT;
 473:Drivers/STM32G4xx_HAL_Driver/Src/stm32g4xx_hal_rcc.c ****         }
 474:Drivers/STM32G4xx_HAL_Driver/Src/stm32g4xx_hal_rcc.c ****       }
 475:Drivers/STM32G4xx_HAL_Driver/Src/stm32g4xx_hal_rcc.c ****     }
 476:Drivers/STM32G4xx_HAL_Driver/Src/stm32g4xx_hal_rcc.c ****     else
 477:Drivers/STM32G4xx_HAL_Driver/Src/stm32g4xx_hal_rcc.c ****     {
 478:Drivers/STM32G4xx_HAL_Driver/Src/stm32g4xx_hal_rcc.c ****       /* Disable the Internal Low Speed oscillator (LSI). */
 479:Drivers/STM32G4xx_HAL_Driver/Src/stm32g4xx_hal_rcc.c ****       __HAL_RCC_LSI_DISABLE();
 480:Drivers/STM32G4xx_HAL_Driver/Src/stm32g4xx_hal_rcc.c **** 
 481:Drivers/STM32G4xx_HAL_Driver/Src/stm32g4xx_hal_rcc.c ****       /* Get Start Tick*/
 482:Drivers/STM32G4xx_HAL_Driver/Src/stm32g4xx_hal_rcc.c ****       tickstart = HAL_GetTick();
 483:Drivers/STM32G4xx_HAL_Driver/Src/stm32g4xx_hal_rcc.c **** 
 484:Drivers/STM32G4xx_HAL_Driver/Src/stm32g4xx_hal_rcc.c ****       /* Wait till LSI is disabled */
 485:Drivers/STM32G4xx_HAL_Driver/Src/stm32g4xx_hal_rcc.c ****       while(READ_BIT(RCC->CSR, RCC_CSR_LSIRDY) != 0U)
 486:Drivers/STM32G4xx_HAL_Driver/Src/stm32g4xx_hal_rcc.c ****       {
 487:Drivers/STM32G4xx_HAL_Driver/Src/stm32g4xx_hal_rcc.c ****         if((HAL_GetTick() - tickstart) > LSI_TIMEOUT_VALUE)
ARM GAS  /tmp/cc3WS6gG.s 			page 10


 488:Drivers/STM32G4xx_HAL_Driver/Src/stm32g4xx_hal_rcc.c ****         {
 489:Drivers/STM32G4xx_HAL_Driver/Src/stm32g4xx_hal_rcc.c ****           return HAL_TIMEOUT;
 490:Drivers/STM32G4xx_HAL_Driver/Src/stm32g4xx_hal_rcc.c ****         }
 491:Drivers/STM32G4xx_HAL_Driver/Src/stm32g4xx_hal_rcc.c ****       }
 492:Drivers/STM32G4xx_HAL_Driver/Src/stm32g4xx_hal_rcc.c ****     }
 493:Drivers/STM32G4xx_HAL_Driver/Src/stm32g4xx_hal_rcc.c ****   }
 494:Drivers/STM32G4xx_HAL_Driver/Src/stm32g4xx_hal_rcc.c ****   /*------------------------------ LSE Configuration -------------------------*/
 495:Drivers/STM32G4xx_HAL_Driver/Src/stm32g4xx_hal_rcc.c ****   if (((RCC_OscInitStruct->OscillatorType) & RCC_OSCILLATORTYPE_LSE) == RCC_OSCILLATORTYPE_LSE)
 496:Drivers/STM32G4xx_HAL_Driver/Src/stm32g4xx_hal_rcc.c ****   {
 497:Drivers/STM32G4xx_HAL_Driver/Src/stm32g4xx_hal_rcc.c ****     FlagStatus       pwrclkchanged = RESET;
 498:Drivers/STM32G4xx_HAL_Driver/Src/stm32g4xx_hal_rcc.c **** 
 499:Drivers/STM32G4xx_HAL_Driver/Src/stm32g4xx_hal_rcc.c ****     /* Check the parameters */
 500:Drivers/STM32G4xx_HAL_Driver/Src/stm32g4xx_hal_rcc.c ****     assert_param(IS_RCC_LSE(RCC_OscInitStruct->LSEState));
 501:Drivers/STM32G4xx_HAL_Driver/Src/stm32g4xx_hal_rcc.c **** 
 502:Drivers/STM32G4xx_HAL_Driver/Src/stm32g4xx_hal_rcc.c ****     /* Update LSE configuration in Backup Domain control register    */
 503:Drivers/STM32G4xx_HAL_Driver/Src/stm32g4xx_hal_rcc.c ****     /* Requires to enable write access to Backup Domain if necessary */
 504:Drivers/STM32G4xx_HAL_Driver/Src/stm32g4xx_hal_rcc.c ****     if (__HAL_RCC_PWR_IS_CLK_DISABLED() != 0U)
 505:Drivers/STM32G4xx_HAL_Driver/Src/stm32g4xx_hal_rcc.c ****     {
 506:Drivers/STM32G4xx_HAL_Driver/Src/stm32g4xx_hal_rcc.c ****       __HAL_RCC_PWR_CLK_ENABLE();
 507:Drivers/STM32G4xx_HAL_Driver/Src/stm32g4xx_hal_rcc.c ****       pwrclkchanged = SET;
 508:Drivers/STM32G4xx_HAL_Driver/Src/stm32g4xx_hal_rcc.c ****     }
 509:Drivers/STM32G4xx_HAL_Driver/Src/stm32g4xx_hal_rcc.c **** 
 510:Drivers/STM32G4xx_HAL_Driver/Src/stm32g4xx_hal_rcc.c ****     if (HAL_IS_BIT_CLR(PWR->CR1, PWR_CR1_DBP))
 511:Drivers/STM32G4xx_HAL_Driver/Src/stm32g4xx_hal_rcc.c ****     {
 512:Drivers/STM32G4xx_HAL_Driver/Src/stm32g4xx_hal_rcc.c ****       /* Enable write access to Backup domain */
 513:Drivers/STM32G4xx_HAL_Driver/Src/stm32g4xx_hal_rcc.c ****       SET_BIT(PWR->CR1, PWR_CR1_DBP);
 514:Drivers/STM32G4xx_HAL_Driver/Src/stm32g4xx_hal_rcc.c **** 
 515:Drivers/STM32G4xx_HAL_Driver/Src/stm32g4xx_hal_rcc.c ****       /* Wait for Backup domain Write protection disable */
 516:Drivers/STM32G4xx_HAL_Driver/Src/stm32g4xx_hal_rcc.c ****       tickstart = HAL_GetTick();
 517:Drivers/STM32G4xx_HAL_Driver/Src/stm32g4xx_hal_rcc.c **** 
 518:Drivers/STM32G4xx_HAL_Driver/Src/stm32g4xx_hal_rcc.c ****       while (HAL_IS_BIT_CLR(PWR->CR1, PWR_CR1_DBP))
 519:Drivers/STM32G4xx_HAL_Driver/Src/stm32g4xx_hal_rcc.c ****       {
 520:Drivers/STM32G4xx_HAL_Driver/Src/stm32g4xx_hal_rcc.c ****         if ((HAL_GetTick() - tickstart) > RCC_DBP_TIMEOUT_VALUE)
 521:Drivers/STM32G4xx_HAL_Driver/Src/stm32g4xx_hal_rcc.c ****         {
 522:Drivers/STM32G4xx_HAL_Driver/Src/stm32g4xx_hal_rcc.c ****           return HAL_TIMEOUT;
 523:Drivers/STM32G4xx_HAL_Driver/Src/stm32g4xx_hal_rcc.c ****         }
 524:Drivers/STM32G4xx_HAL_Driver/Src/stm32g4xx_hal_rcc.c ****       }
 525:Drivers/STM32G4xx_HAL_Driver/Src/stm32g4xx_hal_rcc.c ****     }
 526:Drivers/STM32G4xx_HAL_Driver/Src/stm32g4xx_hal_rcc.c **** 
 527:Drivers/STM32G4xx_HAL_Driver/Src/stm32g4xx_hal_rcc.c ****     /* Set the new LSE configuration -----------------------------------------*/
 528:Drivers/STM32G4xx_HAL_Driver/Src/stm32g4xx_hal_rcc.c ****     __HAL_RCC_LSE_CONFIG(RCC_OscInitStruct->LSEState);
 529:Drivers/STM32G4xx_HAL_Driver/Src/stm32g4xx_hal_rcc.c **** 
 530:Drivers/STM32G4xx_HAL_Driver/Src/stm32g4xx_hal_rcc.c ****     /* Check the LSE State */
 531:Drivers/STM32G4xx_HAL_Driver/Src/stm32g4xx_hal_rcc.c ****     if (RCC_OscInitStruct->LSEState != RCC_LSE_OFF)
 532:Drivers/STM32G4xx_HAL_Driver/Src/stm32g4xx_hal_rcc.c ****     {
 533:Drivers/STM32G4xx_HAL_Driver/Src/stm32g4xx_hal_rcc.c ****       /* Get Start Tick*/
 534:Drivers/STM32G4xx_HAL_Driver/Src/stm32g4xx_hal_rcc.c ****       tickstart = HAL_GetTick();
 535:Drivers/STM32G4xx_HAL_Driver/Src/stm32g4xx_hal_rcc.c **** 
 536:Drivers/STM32G4xx_HAL_Driver/Src/stm32g4xx_hal_rcc.c ****       /* Wait till LSE is ready */
 537:Drivers/STM32G4xx_HAL_Driver/Src/stm32g4xx_hal_rcc.c ****       while (READ_BIT(RCC->BDCR, RCC_BDCR_LSERDY) == 0U)
 538:Drivers/STM32G4xx_HAL_Driver/Src/stm32g4xx_hal_rcc.c ****       {
 539:Drivers/STM32G4xx_HAL_Driver/Src/stm32g4xx_hal_rcc.c ****         if((HAL_GetTick() - tickstart) > RCC_LSE_TIMEOUT_VALUE)
 540:Drivers/STM32G4xx_HAL_Driver/Src/stm32g4xx_hal_rcc.c ****         {
 541:Drivers/STM32G4xx_HAL_Driver/Src/stm32g4xx_hal_rcc.c ****           return HAL_TIMEOUT;
 542:Drivers/STM32G4xx_HAL_Driver/Src/stm32g4xx_hal_rcc.c ****         }
 543:Drivers/STM32G4xx_HAL_Driver/Src/stm32g4xx_hal_rcc.c ****       }
 544:Drivers/STM32G4xx_HAL_Driver/Src/stm32g4xx_hal_rcc.c ****     }
ARM GAS  /tmp/cc3WS6gG.s 			page 11


 545:Drivers/STM32G4xx_HAL_Driver/Src/stm32g4xx_hal_rcc.c ****     else
 546:Drivers/STM32G4xx_HAL_Driver/Src/stm32g4xx_hal_rcc.c ****     {
 547:Drivers/STM32G4xx_HAL_Driver/Src/stm32g4xx_hal_rcc.c ****       /* Get Start Tick*/
 548:Drivers/STM32G4xx_HAL_Driver/Src/stm32g4xx_hal_rcc.c ****       tickstart = HAL_GetTick();
 549:Drivers/STM32G4xx_HAL_Driver/Src/stm32g4xx_hal_rcc.c **** 
 550:Drivers/STM32G4xx_HAL_Driver/Src/stm32g4xx_hal_rcc.c ****       /* Wait till LSE is disabled */
 551:Drivers/STM32G4xx_HAL_Driver/Src/stm32g4xx_hal_rcc.c ****       while (READ_BIT(RCC->BDCR, RCC_BDCR_LSERDY) != 0U)
 552:Drivers/STM32G4xx_HAL_Driver/Src/stm32g4xx_hal_rcc.c ****       {
 553:Drivers/STM32G4xx_HAL_Driver/Src/stm32g4xx_hal_rcc.c ****         if((HAL_GetTick() - tickstart) > RCC_LSE_TIMEOUT_VALUE)
 554:Drivers/STM32G4xx_HAL_Driver/Src/stm32g4xx_hal_rcc.c ****         {
 555:Drivers/STM32G4xx_HAL_Driver/Src/stm32g4xx_hal_rcc.c ****           return HAL_TIMEOUT;
 556:Drivers/STM32G4xx_HAL_Driver/Src/stm32g4xx_hal_rcc.c ****         }
 557:Drivers/STM32G4xx_HAL_Driver/Src/stm32g4xx_hal_rcc.c ****       }
 558:Drivers/STM32G4xx_HAL_Driver/Src/stm32g4xx_hal_rcc.c ****     }
 559:Drivers/STM32G4xx_HAL_Driver/Src/stm32g4xx_hal_rcc.c **** 
 560:Drivers/STM32G4xx_HAL_Driver/Src/stm32g4xx_hal_rcc.c ****     /* Restore clock configuration if changed */
 561:Drivers/STM32G4xx_HAL_Driver/Src/stm32g4xx_hal_rcc.c ****     if (pwrclkchanged == SET)
 562:Drivers/STM32G4xx_HAL_Driver/Src/stm32g4xx_hal_rcc.c ****     {
 563:Drivers/STM32G4xx_HAL_Driver/Src/stm32g4xx_hal_rcc.c ****       __HAL_RCC_PWR_CLK_DISABLE();
 564:Drivers/STM32G4xx_HAL_Driver/Src/stm32g4xx_hal_rcc.c ****     }
 565:Drivers/STM32G4xx_HAL_Driver/Src/stm32g4xx_hal_rcc.c ****   }
 566:Drivers/STM32G4xx_HAL_Driver/Src/stm32g4xx_hal_rcc.c **** 
 567:Drivers/STM32G4xx_HAL_Driver/Src/stm32g4xx_hal_rcc.c ****   /*------------------------------ HSI48 Configuration -----------------------*/
 568:Drivers/STM32G4xx_HAL_Driver/Src/stm32g4xx_hal_rcc.c ****   if(((RCC_OscInitStruct->OscillatorType) & RCC_OSCILLATORTYPE_HSI48) == RCC_OSCILLATORTYPE_HSI48)
 569:Drivers/STM32G4xx_HAL_Driver/Src/stm32g4xx_hal_rcc.c ****   {
 570:Drivers/STM32G4xx_HAL_Driver/Src/stm32g4xx_hal_rcc.c ****     /* Check the parameters */
 571:Drivers/STM32G4xx_HAL_Driver/Src/stm32g4xx_hal_rcc.c ****     assert_param(IS_RCC_HSI48(RCC_OscInitStruct->HSI48State));
 572:Drivers/STM32G4xx_HAL_Driver/Src/stm32g4xx_hal_rcc.c **** 
 573:Drivers/STM32G4xx_HAL_Driver/Src/stm32g4xx_hal_rcc.c ****     /* Check the HSI48 State */
 574:Drivers/STM32G4xx_HAL_Driver/Src/stm32g4xx_hal_rcc.c ****     if(RCC_OscInitStruct->HSI48State != RCC_HSI48_OFF)
 575:Drivers/STM32G4xx_HAL_Driver/Src/stm32g4xx_hal_rcc.c ****     {
 576:Drivers/STM32G4xx_HAL_Driver/Src/stm32g4xx_hal_rcc.c ****       /* Enable the Internal Low Speed oscillator (HSI48). */
 577:Drivers/STM32G4xx_HAL_Driver/Src/stm32g4xx_hal_rcc.c ****       __HAL_RCC_HSI48_ENABLE();
 578:Drivers/STM32G4xx_HAL_Driver/Src/stm32g4xx_hal_rcc.c **** 
 579:Drivers/STM32G4xx_HAL_Driver/Src/stm32g4xx_hal_rcc.c ****       /* Get Start Tick*/
 580:Drivers/STM32G4xx_HAL_Driver/Src/stm32g4xx_hal_rcc.c ****       tickstart = HAL_GetTick();
 581:Drivers/STM32G4xx_HAL_Driver/Src/stm32g4xx_hal_rcc.c **** 
 582:Drivers/STM32G4xx_HAL_Driver/Src/stm32g4xx_hal_rcc.c ****       /* Wait till HSI48 is ready */
 583:Drivers/STM32G4xx_HAL_Driver/Src/stm32g4xx_hal_rcc.c ****       while(READ_BIT(RCC->CRRCR, RCC_CRRCR_HSI48RDY) == 0U)
 584:Drivers/STM32G4xx_HAL_Driver/Src/stm32g4xx_hal_rcc.c ****       {
 585:Drivers/STM32G4xx_HAL_Driver/Src/stm32g4xx_hal_rcc.c ****         if((HAL_GetTick() - tickstart) > HSI48_TIMEOUT_VALUE)
 586:Drivers/STM32G4xx_HAL_Driver/Src/stm32g4xx_hal_rcc.c ****         {
 587:Drivers/STM32G4xx_HAL_Driver/Src/stm32g4xx_hal_rcc.c ****           return HAL_TIMEOUT;
 588:Drivers/STM32G4xx_HAL_Driver/Src/stm32g4xx_hal_rcc.c ****         }
 589:Drivers/STM32G4xx_HAL_Driver/Src/stm32g4xx_hal_rcc.c ****       }
 590:Drivers/STM32G4xx_HAL_Driver/Src/stm32g4xx_hal_rcc.c ****     }
 591:Drivers/STM32G4xx_HAL_Driver/Src/stm32g4xx_hal_rcc.c ****     else
 592:Drivers/STM32G4xx_HAL_Driver/Src/stm32g4xx_hal_rcc.c ****     {
 593:Drivers/STM32G4xx_HAL_Driver/Src/stm32g4xx_hal_rcc.c ****       /* Disable the Internal Low Speed oscillator (HSI48). */
 594:Drivers/STM32G4xx_HAL_Driver/Src/stm32g4xx_hal_rcc.c ****       __HAL_RCC_HSI48_DISABLE();
 595:Drivers/STM32G4xx_HAL_Driver/Src/stm32g4xx_hal_rcc.c **** 
 596:Drivers/STM32G4xx_HAL_Driver/Src/stm32g4xx_hal_rcc.c ****       /* Get Start Tick*/
 597:Drivers/STM32G4xx_HAL_Driver/Src/stm32g4xx_hal_rcc.c ****       tickstart = HAL_GetTick();
 598:Drivers/STM32G4xx_HAL_Driver/Src/stm32g4xx_hal_rcc.c **** 
 599:Drivers/STM32G4xx_HAL_Driver/Src/stm32g4xx_hal_rcc.c ****       /* Wait till HSI48 is disabled */
 600:Drivers/STM32G4xx_HAL_Driver/Src/stm32g4xx_hal_rcc.c ****       while(READ_BIT(RCC->CRRCR, RCC_CRRCR_HSI48RDY) != 0U)
 601:Drivers/STM32G4xx_HAL_Driver/Src/stm32g4xx_hal_rcc.c ****       {
ARM GAS  /tmp/cc3WS6gG.s 			page 12


 602:Drivers/STM32G4xx_HAL_Driver/Src/stm32g4xx_hal_rcc.c ****         if((HAL_GetTick() - tickstart) > HSI48_TIMEOUT_VALUE)
 603:Drivers/STM32G4xx_HAL_Driver/Src/stm32g4xx_hal_rcc.c ****         {
 604:Drivers/STM32G4xx_HAL_Driver/Src/stm32g4xx_hal_rcc.c ****           return HAL_TIMEOUT;
 605:Drivers/STM32G4xx_HAL_Driver/Src/stm32g4xx_hal_rcc.c ****         }
 606:Drivers/STM32G4xx_HAL_Driver/Src/stm32g4xx_hal_rcc.c ****       }
 607:Drivers/STM32G4xx_HAL_Driver/Src/stm32g4xx_hal_rcc.c ****     }
 608:Drivers/STM32G4xx_HAL_Driver/Src/stm32g4xx_hal_rcc.c ****   }
 609:Drivers/STM32G4xx_HAL_Driver/Src/stm32g4xx_hal_rcc.c **** 
 610:Drivers/STM32G4xx_HAL_Driver/Src/stm32g4xx_hal_rcc.c ****   /*-------------------------------- PLL Configuration -----------------------*/
 611:Drivers/STM32G4xx_HAL_Driver/Src/stm32g4xx_hal_rcc.c ****   /* Check the parameters */
 612:Drivers/STM32G4xx_HAL_Driver/Src/stm32g4xx_hal_rcc.c ****   assert_param(IS_RCC_PLL(RCC_OscInitStruct->PLL.PLLState));
 613:Drivers/STM32G4xx_HAL_Driver/Src/stm32g4xx_hal_rcc.c **** 
 614:Drivers/STM32G4xx_HAL_Driver/Src/stm32g4xx_hal_rcc.c ****   if (RCC_OscInitStruct->PLL.PLLState != RCC_PLL_NONE)
 615:Drivers/STM32G4xx_HAL_Driver/Src/stm32g4xx_hal_rcc.c ****   {
 616:Drivers/STM32G4xx_HAL_Driver/Src/stm32g4xx_hal_rcc.c ****     /* Check if the PLL is used as system clock or not */
 617:Drivers/STM32G4xx_HAL_Driver/Src/stm32g4xx_hal_rcc.c ****     if (__HAL_RCC_GET_SYSCLK_SOURCE() != RCC_CFGR_SWS_PLL)
 618:Drivers/STM32G4xx_HAL_Driver/Src/stm32g4xx_hal_rcc.c ****     {
 619:Drivers/STM32G4xx_HAL_Driver/Src/stm32g4xx_hal_rcc.c ****       if (RCC_OscInitStruct->PLL.PLLState == RCC_PLL_ON)
 620:Drivers/STM32G4xx_HAL_Driver/Src/stm32g4xx_hal_rcc.c ****       {
 621:Drivers/STM32G4xx_HAL_Driver/Src/stm32g4xx_hal_rcc.c ****         /* Check the parameters */
 622:Drivers/STM32G4xx_HAL_Driver/Src/stm32g4xx_hal_rcc.c ****         assert_param(IS_RCC_PLLSOURCE(RCC_OscInitStruct->PLL.PLLSource));
 623:Drivers/STM32G4xx_HAL_Driver/Src/stm32g4xx_hal_rcc.c ****         assert_param(IS_RCC_PLLM_VALUE(RCC_OscInitStruct->PLL.PLLM));
 624:Drivers/STM32G4xx_HAL_Driver/Src/stm32g4xx_hal_rcc.c ****         assert_param(IS_RCC_PLLN_VALUE(RCC_OscInitStruct->PLL.PLLN));
 625:Drivers/STM32G4xx_HAL_Driver/Src/stm32g4xx_hal_rcc.c ****         assert_param(IS_RCC_PLLP_VALUE(RCC_OscInitStruct->PLL.PLLP));
 626:Drivers/STM32G4xx_HAL_Driver/Src/stm32g4xx_hal_rcc.c ****         assert_param(IS_RCC_PLLQ_VALUE(RCC_OscInitStruct->PLL.PLLQ));
 627:Drivers/STM32G4xx_HAL_Driver/Src/stm32g4xx_hal_rcc.c ****         assert_param(IS_RCC_PLLR_VALUE(RCC_OscInitStruct->PLL.PLLR));
 628:Drivers/STM32G4xx_HAL_Driver/Src/stm32g4xx_hal_rcc.c **** 
 629:Drivers/STM32G4xx_HAL_Driver/Src/stm32g4xx_hal_rcc.c ****         /* Disable the main PLL. */
 630:Drivers/STM32G4xx_HAL_Driver/Src/stm32g4xx_hal_rcc.c ****         __HAL_RCC_PLL_DISABLE();
 631:Drivers/STM32G4xx_HAL_Driver/Src/stm32g4xx_hal_rcc.c **** 
 632:Drivers/STM32G4xx_HAL_Driver/Src/stm32g4xx_hal_rcc.c ****         /* Get Start Tick*/
 633:Drivers/STM32G4xx_HAL_Driver/Src/stm32g4xx_hal_rcc.c ****         tickstart = HAL_GetTick();
 634:Drivers/STM32G4xx_HAL_Driver/Src/stm32g4xx_hal_rcc.c **** 
 635:Drivers/STM32G4xx_HAL_Driver/Src/stm32g4xx_hal_rcc.c ****         /* Wait till PLL is disabled */
 636:Drivers/STM32G4xx_HAL_Driver/Src/stm32g4xx_hal_rcc.c ****         while (READ_BIT(RCC->CR, RCC_CR_PLLRDY) != 0U)
 637:Drivers/STM32G4xx_HAL_Driver/Src/stm32g4xx_hal_rcc.c ****         {
 638:Drivers/STM32G4xx_HAL_Driver/Src/stm32g4xx_hal_rcc.c ****           if ((HAL_GetTick() - tickstart) > PLL_TIMEOUT_VALUE)
 639:Drivers/STM32G4xx_HAL_Driver/Src/stm32g4xx_hal_rcc.c ****           {
 640:Drivers/STM32G4xx_HAL_Driver/Src/stm32g4xx_hal_rcc.c ****             return HAL_TIMEOUT;
 641:Drivers/STM32G4xx_HAL_Driver/Src/stm32g4xx_hal_rcc.c ****           }
 642:Drivers/STM32G4xx_HAL_Driver/Src/stm32g4xx_hal_rcc.c ****         }
 643:Drivers/STM32G4xx_HAL_Driver/Src/stm32g4xx_hal_rcc.c **** 
 644:Drivers/STM32G4xx_HAL_Driver/Src/stm32g4xx_hal_rcc.c ****         /* Configure the main PLL clock source, multiplication and division factors. */
 645:Drivers/STM32G4xx_HAL_Driver/Src/stm32g4xx_hal_rcc.c ****         __HAL_RCC_PLL_CONFIG(RCC_OscInitStruct->PLL.PLLSource,
 646:Drivers/STM32G4xx_HAL_Driver/Src/stm32g4xx_hal_rcc.c ****                              RCC_OscInitStruct->PLL.PLLM,
 647:Drivers/STM32G4xx_HAL_Driver/Src/stm32g4xx_hal_rcc.c ****                              RCC_OscInitStruct->PLL.PLLN,
 648:Drivers/STM32G4xx_HAL_Driver/Src/stm32g4xx_hal_rcc.c ****                              RCC_OscInitStruct->PLL.PLLP,
 649:Drivers/STM32G4xx_HAL_Driver/Src/stm32g4xx_hal_rcc.c ****                              RCC_OscInitStruct->PLL.PLLQ,
 650:Drivers/STM32G4xx_HAL_Driver/Src/stm32g4xx_hal_rcc.c ****                              RCC_OscInitStruct->PLL.PLLR);
 651:Drivers/STM32G4xx_HAL_Driver/Src/stm32g4xx_hal_rcc.c **** 
 652:Drivers/STM32G4xx_HAL_Driver/Src/stm32g4xx_hal_rcc.c ****         /* Enable the main PLL. */
 653:Drivers/STM32G4xx_HAL_Driver/Src/stm32g4xx_hal_rcc.c ****         __HAL_RCC_PLL_ENABLE();
 654:Drivers/STM32G4xx_HAL_Driver/Src/stm32g4xx_hal_rcc.c **** 
 655:Drivers/STM32G4xx_HAL_Driver/Src/stm32g4xx_hal_rcc.c ****         /* Enable PLL System Clock output. */
 656:Drivers/STM32G4xx_HAL_Driver/Src/stm32g4xx_hal_rcc.c ****          __HAL_RCC_PLLCLKOUT_ENABLE(RCC_PLL_SYSCLK);
 657:Drivers/STM32G4xx_HAL_Driver/Src/stm32g4xx_hal_rcc.c **** 
 658:Drivers/STM32G4xx_HAL_Driver/Src/stm32g4xx_hal_rcc.c ****         /* Get Start Tick*/
ARM GAS  /tmp/cc3WS6gG.s 			page 13


 659:Drivers/STM32G4xx_HAL_Driver/Src/stm32g4xx_hal_rcc.c ****         tickstart = HAL_GetTick();
 660:Drivers/STM32G4xx_HAL_Driver/Src/stm32g4xx_hal_rcc.c **** 
 661:Drivers/STM32G4xx_HAL_Driver/Src/stm32g4xx_hal_rcc.c ****         /* Wait till PLL is ready */
 662:Drivers/STM32G4xx_HAL_Driver/Src/stm32g4xx_hal_rcc.c ****         while (READ_BIT(RCC->CR, RCC_CR_PLLRDY) == 0U)
 663:Drivers/STM32G4xx_HAL_Driver/Src/stm32g4xx_hal_rcc.c ****         {
 664:Drivers/STM32G4xx_HAL_Driver/Src/stm32g4xx_hal_rcc.c ****           if ((HAL_GetTick() - tickstart) > PLL_TIMEOUT_VALUE)
 665:Drivers/STM32G4xx_HAL_Driver/Src/stm32g4xx_hal_rcc.c ****           {
 666:Drivers/STM32G4xx_HAL_Driver/Src/stm32g4xx_hal_rcc.c ****             return HAL_TIMEOUT;
 667:Drivers/STM32G4xx_HAL_Driver/Src/stm32g4xx_hal_rcc.c ****           }
 668:Drivers/STM32G4xx_HAL_Driver/Src/stm32g4xx_hal_rcc.c ****         }
 669:Drivers/STM32G4xx_HAL_Driver/Src/stm32g4xx_hal_rcc.c ****       }
 670:Drivers/STM32G4xx_HAL_Driver/Src/stm32g4xx_hal_rcc.c ****       else
 671:Drivers/STM32G4xx_HAL_Driver/Src/stm32g4xx_hal_rcc.c ****       {
 672:Drivers/STM32G4xx_HAL_Driver/Src/stm32g4xx_hal_rcc.c ****         /* Disable the main PLL. */
 673:Drivers/STM32G4xx_HAL_Driver/Src/stm32g4xx_hal_rcc.c ****         __HAL_RCC_PLL_DISABLE();
 674:Drivers/STM32G4xx_HAL_Driver/Src/stm32g4xx_hal_rcc.c **** 
 675:Drivers/STM32G4xx_HAL_Driver/Src/stm32g4xx_hal_rcc.c ****         /* Get Start Tick*/
 676:Drivers/STM32G4xx_HAL_Driver/Src/stm32g4xx_hal_rcc.c ****         tickstart = HAL_GetTick();
 677:Drivers/STM32G4xx_HAL_Driver/Src/stm32g4xx_hal_rcc.c **** 
 678:Drivers/STM32G4xx_HAL_Driver/Src/stm32g4xx_hal_rcc.c ****         /* Wait till PLL is disabled */
 679:Drivers/STM32G4xx_HAL_Driver/Src/stm32g4xx_hal_rcc.c ****         while (READ_BIT(RCC->CR, RCC_CR_PLLRDY) != 0U)
 680:Drivers/STM32G4xx_HAL_Driver/Src/stm32g4xx_hal_rcc.c ****         {
 681:Drivers/STM32G4xx_HAL_Driver/Src/stm32g4xx_hal_rcc.c ****           if ((HAL_GetTick() - tickstart) > PLL_TIMEOUT_VALUE)
 682:Drivers/STM32G4xx_HAL_Driver/Src/stm32g4xx_hal_rcc.c ****           {
 683:Drivers/STM32G4xx_HAL_Driver/Src/stm32g4xx_hal_rcc.c ****             return HAL_TIMEOUT;
 684:Drivers/STM32G4xx_HAL_Driver/Src/stm32g4xx_hal_rcc.c ****           }
 685:Drivers/STM32G4xx_HAL_Driver/Src/stm32g4xx_hal_rcc.c ****         }
 686:Drivers/STM32G4xx_HAL_Driver/Src/stm32g4xx_hal_rcc.c **** 
 687:Drivers/STM32G4xx_HAL_Driver/Src/stm32g4xx_hal_rcc.c ****         /* Unselect PLL clock source and disable outputs to save power */
 688:Drivers/STM32G4xx_HAL_Driver/Src/stm32g4xx_hal_rcc.c ****         RCC->PLLCFGR &= ~(RCC_PLLCFGR_PLLSRC | RCC_PLL_SYSCLK | RCC_PLL_48M1CLK | RCC_PLL_ADCCLK);
 689:Drivers/STM32G4xx_HAL_Driver/Src/stm32g4xx_hal_rcc.c ****       }
 690:Drivers/STM32G4xx_HAL_Driver/Src/stm32g4xx_hal_rcc.c ****     }
 691:Drivers/STM32G4xx_HAL_Driver/Src/stm32g4xx_hal_rcc.c ****     else
 692:Drivers/STM32G4xx_HAL_Driver/Src/stm32g4xx_hal_rcc.c ****     {
 693:Drivers/STM32G4xx_HAL_Driver/Src/stm32g4xx_hal_rcc.c ****       /* Check if there is a request to disable the PLL used as System clock source */
 694:Drivers/STM32G4xx_HAL_Driver/Src/stm32g4xx_hal_rcc.c ****       if((RCC_OscInitStruct->PLL.PLLState) == RCC_PLL_OFF)
 695:Drivers/STM32G4xx_HAL_Driver/Src/stm32g4xx_hal_rcc.c ****       {
 696:Drivers/STM32G4xx_HAL_Driver/Src/stm32g4xx_hal_rcc.c ****         return HAL_ERROR;
 697:Drivers/STM32G4xx_HAL_Driver/Src/stm32g4xx_hal_rcc.c ****       }
 698:Drivers/STM32G4xx_HAL_Driver/Src/stm32g4xx_hal_rcc.c ****       else
 699:Drivers/STM32G4xx_HAL_Driver/Src/stm32g4xx_hal_rcc.c ****       {
 700:Drivers/STM32G4xx_HAL_Driver/Src/stm32g4xx_hal_rcc.c ****       /* Do not return HAL_ERROR if request repeats the current configuration */
 701:Drivers/STM32G4xx_HAL_Driver/Src/stm32g4xx_hal_rcc.c ****       temp_pllckcfg = RCC->PLLCFGR;
 702:Drivers/STM32G4xx_HAL_Driver/Src/stm32g4xx_hal_rcc.c ****       if((READ_BIT(temp_pllckcfg, RCC_PLLCFGR_PLLSRC) != RCC_OscInitStruct->PLL.PLLSource) ||
 703:Drivers/STM32G4xx_HAL_Driver/Src/stm32g4xx_hal_rcc.c ****          (READ_BIT(temp_pllckcfg, RCC_PLLCFGR_PLLM) != (((RCC_OscInitStruct->PLL.PLLM) - 1U) << RCC
 704:Drivers/STM32G4xx_HAL_Driver/Src/stm32g4xx_hal_rcc.c ****          (READ_BIT(temp_pllckcfg, RCC_PLLCFGR_PLLN) != ((RCC_OscInitStruct->PLL.PLLN) << RCC_PLLCFG
 705:Drivers/STM32G4xx_HAL_Driver/Src/stm32g4xx_hal_rcc.c ****          (READ_BIT(temp_pllckcfg, RCC_PLLCFGR_PLLPDIV) != ((RCC_OscInitStruct->PLL.PLLP) << RCC_PLL
 706:Drivers/STM32G4xx_HAL_Driver/Src/stm32g4xx_hal_rcc.c ****          (READ_BIT(temp_pllckcfg, RCC_PLLCFGR_PLLQ) != ((((RCC_OscInitStruct->PLL.PLLQ) >> 1U) - 1U
 707:Drivers/STM32G4xx_HAL_Driver/Src/stm32g4xx_hal_rcc.c ****          (READ_BIT(temp_pllckcfg, RCC_PLLCFGR_PLLR) != ((((RCC_OscInitStruct->PLL.PLLR) >> 1U) - 1U
 708:Drivers/STM32G4xx_HAL_Driver/Src/stm32g4xx_hal_rcc.c ****       {
 709:Drivers/STM32G4xx_HAL_Driver/Src/stm32g4xx_hal_rcc.c ****         return HAL_ERROR;
 710:Drivers/STM32G4xx_HAL_Driver/Src/stm32g4xx_hal_rcc.c ****       }
 711:Drivers/STM32G4xx_HAL_Driver/Src/stm32g4xx_hal_rcc.c ****     }
 712:Drivers/STM32G4xx_HAL_Driver/Src/stm32g4xx_hal_rcc.c ****   }
 713:Drivers/STM32G4xx_HAL_Driver/Src/stm32g4xx_hal_rcc.c ****   }
 714:Drivers/STM32G4xx_HAL_Driver/Src/stm32g4xx_hal_rcc.c **** 
 715:Drivers/STM32G4xx_HAL_Driver/Src/stm32g4xx_hal_rcc.c ****   return HAL_OK;
ARM GAS  /tmp/cc3WS6gG.s 			page 14


 716:Drivers/STM32G4xx_HAL_Driver/Src/stm32g4xx_hal_rcc.c **** }
 717:Drivers/STM32G4xx_HAL_Driver/Src/stm32g4xx_hal_rcc.c **** 
 718:Drivers/STM32G4xx_HAL_Driver/Src/stm32g4xx_hal_rcc.c **** /**
 719:Drivers/STM32G4xx_HAL_Driver/Src/stm32g4xx_hal_rcc.c ****   * @brief  Initialize the CPU, AHB and APB buses clocks according to the specified
 720:Drivers/STM32G4xx_HAL_Driver/Src/stm32g4xx_hal_rcc.c ****   *         parameters in the RCC_ClkInitStruct.
 721:Drivers/STM32G4xx_HAL_Driver/Src/stm32g4xx_hal_rcc.c ****   * @param  RCC_ClkInitStruct  pointer to an RCC_OscInitTypeDef structure that
 722:Drivers/STM32G4xx_HAL_Driver/Src/stm32g4xx_hal_rcc.c ****   *         contains the configuration information for the RCC peripheral.
 723:Drivers/STM32G4xx_HAL_Driver/Src/stm32g4xx_hal_rcc.c ****   * @param  FLatency  FLASH Latency
 724:Drivers/STM32G4xx_HAL_Driver/Src/stm32g4xx_hal_rcc.c ****   *          This parameter can be one of the following values:
 725:Drivers/STM32G4xx_HAL_Driver/Src/stm32g4xx_hal_rcc.c ****   *            @arg FLASH_LATENCY_0   FLASH 0 Latency cycle
 726:Drivers/STM32G4xx_HAL_Driver/Src/stm32g4xx_hal_rcc.c ****   *            @arg FLASH_LATENCY_1   FLASH 1 Latency cycle
 727:Drivers/STM32G4xx_HAL_Driver/Src/stm32g4xx_hal_rcc.c ****   *            @arg FLASH_LATENCY_2   FLASH 2 Latency cycles
 728:Drivers/STM32G4xx_HAL_Driver/Src/stm32g4xx_hal_rcc.c ****   *            @arg FLASH_LATENCY_3   FLASH 3 Latency cycles
 729:Drivers/STM32G4xx_HAL_Driver/Src/stm32g4xx_hal_rcc.c ****   *            @arg FLASH_LATENCY_4   FLASH 4 Latency cycles
 730:Drivers/STM32G4xx_HAL_Driver/Src/stm32g4xx_hal_rcc.c ****   *            @arg FLASH_LATENCY_5   FLASH 5 Latency cycles
 731:Drivers/STM32G4xx_HAL_Driver/Src/stm32g4xx_hal_rcc.c ****   *            @arg FLASH_LATENCY_6   FLASH 6 Latency cycles
 732:Drivers/STM32G4xx_HAL_Driver/Src/stm32g4xx_hal_rcc.c ****   *            @arg FLASH_LATENCY_7   FLASH 7 Latency cycles
 733:Drivers/STM32G4xx_HAL_Driver/Src/stm32g4xx_hal_rcc.c ****   *            @arg FLASH_LATENCY_8   FLASH 8 Latency cycles
 734:Drivers/STM32G4xx_HAL_Driver/Src/stm32g4xx_hal_rcc.c ****   *            @arg FLASH_LATENCY_9   FLASH 9 Latency cycles
 735:Drivers/STM32G4xx_HAL_Driver/Src/stm32g4xx_hal_rcc.c ****   *            @arg FLASH_LATENCY_10  FLASH 10 Latency cycles
 736:Drivers/STM32G4xx_HAL_Driver/Src/stm32g4xx_hal_rcc.c ****   *            @arg FLASH_LATENCY_11  FLASH 11 Latency cycles
 737:Drivers/STM32G4xx_HAL_Driver/Src/stm32g4xx_hal_rcc.c ****   *            @arg FLASH_LATENCY_12  FLASH 12 Latency cycles
 738:Drivers/STM32G4xx_HAL_Driver/Src/stm32g4xx_hal_rcc.c ****   *            @arg FLASH_LATENCY_13  FLASH 13 Latency cycles
 739:Drivers/STM32G4xx_HAL_Driver/Src/stm32g4xx_hal_rcc.c ****   *            @arg FLASH_LATENCY_14  FLASH 14 Latency cycles
 740:Drivers/STM32G4xx_HAL_Driver/Src/stm32g4xx_hal_rcc.c ****   *            @arg FLASH_LATENCY_15  FLASH 15 Latency cycles
 741:Drivers/STM32G4xx_HAL_Driver/Src/stm32g4xx_hal_rcc.c ****   *
 742:Drivers/STM32G4xx_HAL_Driver/Src/stm32g4xx_hal_rcc.c ****   * @note   The SystemCoreClock CMSIS variable is used to store System Clock Frequency
 743:Drivers/STM32G4xx_HAL_Driver/Src/stm32g4xx_hal_rcc.c ****   *         and updated by HAL_RCC_GetHCLKFreq() function called within this function
 744:Drivers/STM32G4xx_HAL_Driver/Src/stm32g4xx_hal_rcc.c ****   *
 745:Drivers/STM32G4xx_HAL_Driver/Src/stm32g4xx_hal_rcc.c ****   * @note   The HSI is used by default as system clock source after
 746:Drivers/STM32G4xx_HAL_Driver/Src/stm32g4xx_hal_rcc.c ****   *         startup from Reset, wake-up from STANDBY mode. After restart from Reset,
 747:Drivers/STM32G4xx_HAL_Driver/Src/stm32g4xx_hal_rcc.c ****   *         the HSI frequency is set to its default value 16 MHz.
 748:Drivers/STM32G4xx_HAL_Driver/Src/stm32g4xx_hal_rcc.c ****   *
 749:Drivers/STM32G4xx_HAL_Driver/Src/stm32g4xx_hal_rcc.c ****   * @note   The HSI can be selected as system clock source after
 750:Drivers/STM32G4xx_HAL_Driver/Src/stm32g4xx_hal_rcc.c ****   *         from STOP modes or in case of failure of the HSE used directly or indirectly
 751:Drivers/STM32G4xx_HAL_Driver/Src/stm32g4xx_hal_rcc.c ****   *         as system clock (if the Clock Security System CSS is enabled).
 752:Drivers/STM32G4xx_HAL_Driver/Src/stm32g4xx_hal_rcc.c ****   *
 753:Drivers/STM32G4xx_HAL_Driver/Src/stm32g4xx_hal_rcc.c ****   * @note   A switch from one clock source to another occurs only if the target
 754:Drivers/STM32G4xx_HAL_Driver/Src/stm32g4xx_hal_rcc.c ****   *         clock source is ready (clock stable after startup delay or PLL locked).
 755:Drivers/STM32G4xx_HAL_Driver/Src/stm32g4xx_hal_rcc.c ****   *         If a clock source which is not yet ready is selected, the switch will
 756:Drivers/STM32G4xx_HAL_Driver/Src/stm32g4xx_hal_rcc.c ****   *         occur when the clock source is ready.
 757:Drivers/STM32G4xx_HAL_Driver/Src/stm32g4xx_hal_rcc.c ****   *
 758:Drivers/STM32G4xx_HAL_Driver/Src/stm32g4xx_hal_rcc.c ****   * @note   You can use HAL_RCC_GetClockConfig() function to know which clock is
 759:Drivers/STM32G4xx_HAL_Driver/Src/stm32g4xx_hal_rcc.c ****   *         currently used as system clock source.
 760:Drivers/STM32G4xx_HAL_Driver/Src/stm32g4xx_hal_rcc.c ****   *
 761:Drivers/STM32G4xx_HAL_Driver/Src/stm32g4xx_hal_rcc.c ****   * @note   Depending on the device voltage range, the software has to set correctly
 762:Drivers/STM32G4xx_HAL_Driver/Src/stm32g4xx_hal_rcc.c ****   *         HPRE[3:0] bits to ensure that HCLK not exceed the maximum allowed frequency
 763:Drivers/STM32G4xx_HAL_Driver/Src/stm32g4xx_hal_rcc.c ****   *         (for more details refer to section above "Initialization/de-initialization functions")
 764:Drivers/STM32G4xx_HAL_Driver/Src/stm32g4xx_hal_rcc.c ****   * @retval None
 765:Drivers/STM32G4xx_HAL_Driver/Src/stm32g4xx_hal_rcc.c ****   */
 766:Drivers/STM32G4xx_HAL_Driver/Src/stm32g4xx_hal_rcc.c **** HAL_StatusTypeDef HAL_RCC_ClockConfig(const RCC_ClkInitTypeDef  *RCC_ClkInitStruct, uint32_t FLaten
 767:Drivers/STM32G4xx_HAL_Driver/Src/stm32g4xx_hal_rcc.c **** {
 768:Drivers/STM32G4xx_HAL_Driver/Src/stm32g4xx_hal_rcc.c ****   uint32_t tickstart;
 769:Drivers/STM32G4xx_HAL_Driver/Src/stm32g4xx_hal_rcc.c ****   uint32_t pllfreq;
 770:Drivers/STM32G4xx_HAL_Driver/Src/stm32g4xx_hal_rcc.c ****   uint32_t hpre = RCC_SYSCLK_DIV1;
 771:Drivers/STM32G4xx_HAL_Driver/Src/stm32g4xx_hal_rcc.c **** 
 772:Drivers/STM32G4xx_HAL_Driver/Src/stm32g4xx_hal_rcc.c ****   /* Check Null pointer */
ARM GAS  /tmp/cc3WS6gG.s 			page 15


 773:Drivers/STM32G4xx_HAL_Driver/Src/stm32g4xx_hal_rcc.c ****   if (RCC_ClkInitStruct == NULL)
 774:Drivers/STM32G4xx_HAL_Driver/Src/stm32g4xx_hal_rcc.c ****   {
 775:Drivers/STM32G4xx_HAL_Driver/Src/stm32g4xx_hal_rcc.c ****     return HAL_ERROR;
 776:Drivers/STM32G4xx_HAL_Driver/Src/stm32g4xx_hal_rcc.c ****   }
 777:Drivers/STM32G4xx_HAL_Driver/Src/stm32g4xx_hal_rcc.c **** 
 778:Drivers/STM32G4xx_HAL_Driver/Src/stm32g4xx_hal_rcc.c ****   /* Check the parameters */
 779:Drivers/STM32G4xx_HAL_Driver/Src/stm32g4xx_hal_rcc.c ****   assert_param(IS_RCC_CLOCKTYPE(RCC_ClkInitStruct->ClockType));
 780:Drivers/STM32G4xx_HAL_Driver/Src/stm32g4xx_hal_rcc.c ****   assert_param(IS_FLASH_LATENCY(FLatency));
 781:Drivers/STM32G4xx_HAL_Driver/Src/stm32g4xx_hal_rcc.c **** 
 782:Drivers/STM32G4xx_HAL_Driver/Src/stm32g4xx_hal_rcc.c ****   /* To correctly read data from FLASH memory, the number of wait states (LATENCY)
 783:Drivers/STM32G4xx_HAL_Driver/Src/stm32g4xx_hal_rcc.c ****     must be correctly programmed according to the frequency of the CPU clock
 784:Drivers/STM32G4xx_HAL_Driver/Src/stm32g4xx_hal_rcc.c ****     (HCLK) and the supply voltage of the device. */
 785:Drivers/STM32G4xx_HAL_Driver/Src/stm32g4xx_hal_rcc.c **** 
 786:Drivers/STM32G4xx_HAL_Driver/Src/stm32g4xx_hal_rcc.c ****   /* Increasing the number of wait states because of higher CPU frequency */
 787:Drivers/STM32G4xx_HAL_Driver/Src/stm32g4xx_hal_rcc.c ****   if (FLatency > __HAL_FLASH_GET_LATENCY())
 788:Drivers/STM32G4xx_HAL_Driver/Src/stm32g4xx_hal_rcc.c ****   {
 789:Drivers/STM32G4xx_HAL_Driver/Src/stm32g4xx_hal_rcc.c ****     /* Program the new number of wait states to the LATENCY bits in the FLASH_ACR register */
 790:Drivers/STM32G4xx_HAL_Driver/Src/stm32g4xx_hal_rcc.c ****     __HAL_FLASH_SET_LATENCY(FLatency);
 791:Drivers/STM32G4xx_HAL_Driver/Src/stm32g4xx_hal_rcc.c **** 
 792:Drivers/STM32G4xx_HAL_Driver/Src/stm32g4xx_hal_rcc.c ****     /* Check that the new number of wait states is taken into account to access the Flash
 793:Drivers/STM32G4xx_HAL_Driver/Src/stm32g4xx_hal_rcc.c ****     memory by reading the FLASH_ACR register */
 794:Drivers/STM32G4xx_HAL_Driver/Src/stm32g4xx_hal_rcc.c ****     if (__HAL_FLASH_GET_LATENCY() != FLatency)
 795:Drivers/STM32G4xx_HAL_Driver/Src/stm32g4xx_hal_rcc.c ****     {
 796:Drivers/STM32G4xx_HAL_Driver/Src/stm32g4xx_hal_rcc.c ****       return HAL_ERROR;
 797:Drivers/STM32G4xx_HAL_Driver/Src/stm32g4xx_hal_rcc.c ****     }
 798:Drivers/STM32G4xx_HAL_Driver/Src/stm32g4xx_hal_rcc.c ****   }
 799:Drivers/STM32G4xx_HAL_Driver/Src/stm32g4xx_hal_rcc.c **** 
 800:Drivers/STM32G4xx_HAL_Driver/Src/stm32g4xx_hal_rcc.c ****   /*------------------------- SYSCLK Configuration ---------------------------*/
 801:Drivers/STM32G4xx_HAL_Driver/Src/stm32g4xx_hal_rcc.c ****   if(((RCC_ClkInitStruct->ClockType) & RCC_CLOCKTYPE_SYSCLK) == RCC_CLOCKTYPE_SYSCLK)
 802:Drivers/STM32G4xx_HAL_Driver/Src/stm32g4xx_hal_rcc.c ****   {
 803:Drivers/STM32G4xx_HAL_Driver/Src/stm32g4xx_hal_rcc.c ****     assert_param(IS_RCC_SYSCLKSOURCE(RCC_ClkInitStruct->SYSCLKSource));
 804:Drivers/STM32G4xx_HAL_Driver/Src/stm32g4xx_hal_rcc.c **** 
 805:Drivers/STM32G4xx_HAL_Driver/Src/stm32g4xx_hal_rcc.c ****     /* PLL is selected as System Clock Source */
 806:Drivers/STM32G4xx_HAL_Driver/Src/stm32g4xx_hal_rcc.c ****     if (RCC_ClkInitStruct->SYSCLKSource == RCC_SYSCLKSOURCE_PLLCLK)
 807:Drivers/STM32G4xx_HAL_Driver/Src/stm32g4xx_hal_rcc.c ****     {
 808:Drivers/STM32G4xx_HAL_Driver/Src/stm32g4xx_hal_rcc.c ****       /* Check the PLL ready flag */
 809:Drivers/STM32G4xx_HAL_Driver/Src/stm32g4xx_hal_rcc.c ****       if (READ_BIT(RCC->CR, RCC_CR_PLLRDY) == 0U)
 810:Drivers/STM32G4xx_HAL_Driver/Src/stm32g4xx_hal_rcc.c ****       {
 811:Drivers/STM32G4xx_HAL_Driver/Src/stm32g4xx_hal_rcc.c ****         return HAL_ERROR;
 812:Drivers/STM32G4xx_HAL_Driver/Src/stm32g4xx_hal_rcc.c ****       }
 813:Drivers/STM32G4xx_HAL_Driver/Src/stm32g4xx_hal_rcc.c ****       /* Undershoot management when selection PLL as SYSCLK source and frequency above 80Mhz */
 814:Drivers/STM32G4xx_HAL_Driver/Src/stm32g4xx_hal_rcc.c ****       /* Compute target PLL output frequency */
 815:Drivers/STM32G4xx_HAL_Driver/Src/stm32g4xx_hal_rcc.c ****       pllfreq = RCC_GetSysClockFreqFromPLLSource();
 816:Drivers/STM32G4xx_HAL_Driver/Src/stm32g4xx_hal_rcc.c **** 
 817:Drivers/STM32G4xx_HAL_Driver/Src/stm32g4xx_hal_rcc.c ****       /* Intermediate step with HCLK prescaler 2 necessary before to go over 80Mhz */
 818:Drivers/STM32G4xx_HAL_Driver/Src/stm32g4xx_hal_rcc.c ****       if(pllfreq > 80000000U)
 819:Drivers/STM32G4xx_HAL_Driver/Src/stm32g4xx_hal_rcc.c ****       {
 820:Drivers/STM32G4xx_HAL_Driver/Src/stm32g4xx_hal_rcc.c ****         if (((READ_BIT(RCC->CFGR, RCC_CFGR_HPRE) == RCC_SYSCLK_DIV1)) ||
 821:Drivers/STM32G4xx_HAL_Driver/Src/stm32g4xx_hal_rcc.c ****             (((((RCC_ClkInitStruct->ClockType) & RCC_CLOCKTYPE_HCLK) == RCC_CLOCKTYPE_HCLK) &&
 822:Drivers/STM32G4xx_HAL_Driver/Src/stm32g4xx_hal_rcc.c ****               (RCC_ClkInitStruct->AHBCLKDivider == RCC_SYSCLK_DIV1))))
 823:Drivers/STM32G4xx_HAL_Driver/Src/stm32g4xx_hal_rcc.c ****         {
 824:Drivers/STM32G4xx_HAL_Driver/Src/stm32g4xx_hal_rcc.c ****           MODIFY_REG(RCC->CFGR, RCC_CFGR_HPRE, RCC_SYSCLK_DIV2);
 825:Drivers/STM32G4xx_HAL_Driver/Src/stm32g4xx_hal_rcc.c ****           hpre = RCC_SYSCLK_DIV2;
 826:Drivers/STM32G4xx_HAL_Driver/Src/stm32g4xx_hal_rcc.c ****         }
 827:Drivers/STM32G4xx_HAL_Driver/Src/stm32g4xx_hal_rcc.c ****       }
 828:Drivers/STM32G4xx_HAL_Driver/Src/stm32g4xx_hal_rcc.c ****     }
 829:Drivers/STM32G4xx_HAL_Driver/Src/stm32g4xx_hal_rcc.c ****     else
ARM GAS  /tmp/cc3WS6gG.s 			page 16


 830:Drivers/STM32G4xx_HAL_Driver/Src/stm32g4xx_hal_rcc.c ****     {
 831:Drivers/STM32G4xx_HAL_Driver/Src/stm32g4xx_hal_rcc.c ****       /* HSE is selected as System Clock Source */
 832:Drivers/STM32G4xx_HAL_Driver/Src/stm32g4xx_hal_rcc.c ****       if (RCC_ClkInitStruct->SYSCLKSource == RCC_SYSCLKSOURCE_HSE)
 833:Drivers/STM32G4xx_HAL_Driver/Src/stm32g4xx_hal_rcc.c ****       {
 834:Drivers/STM32G4xx_HAL_Driver/Src/stm32g4xx_hal_rcc.c ****         /* Check the HSE ready flag */
 835:Drivers/STM32G4xx_HAL_Driver/Src/stm32g4xx_hal_rcc.c ****         if(READ_BIT(RCC->CR, RCC_CR_HSERDY) == 0U)
 836:Drivers/STM32G4xx_HAL_Driver/Src/stm32g4xx_hal_rcc.c ****         {
 837:Drivers/STM32G4xx_HAL_Driver/Src/stm32g4xx_hal_rcc.c ****           return HAL_ERROR;
 838:Drivers/STM32G4xx_HAL_Driver/Src/stm32g4xx_hal_rcc.c ****         }
 839:Drivers/STM32G4xx_HAL_Driver/Src/stm32g4xx_hal_rcc.c ****       }
 840:Drivers/STM32G4xx_HAL_Driver/Src/stm32g4xx_hal_rcc.c ****       /* HSI is selected as System Clock Source */
 841:Drivers/STM32G4xx_HAL_Driver/Src/stm32g4xx_hal_rcc.c ****       else
 842:Drivers/STM32G4xx_HAL_Driver/Src/stm32g4xx_hal_rcc.c ****       {
 843:Drivers/STM32G4xx_HAL_Driver/Src/stm32g4xx_hal_rcc.c ****         /* Check the HSI ready flag */
 844:Drivers/STM32G4xx_HAL_Driver/Src/stm32g4xx_hal_rcc.c ****         if(READ_BIT(RCC->CR, RCC_CR_HSIRDY) == 0U)
 845:Drivers/STM32G4xx_HAL_Driver/Src/stm32g4xx_hal_rcc.c ****         {
 846:Drivers/STM32G4xx_HAL_Driver/Src/stm32g4xx_hal_rcc.c ****           return HAL_ERROR;
 847:Drivers/STM32G4xx_HAL_Driver/Src/stm32g4xx_hal_rcc.c ****         }
 848:Drivers/STM32G4xx_HAL_Driver/Src/stm32g4xx_hal_rcc.c ****       }
 849:Drivers/STM32G4xx_HAL_Driver/Src/stm32g4xx_hal_rcc.c ****       /* Overshoot management when going down from PLL as SYSCLK source and frequency above 80Mhz *
 850:Drivers/STM32G4xx_HAL_Driver/Src/stm32g4xx_hal_rcc.c ****       pllfreq = HAL_RCC_GetSysClockFreq();
 851:Drivers/STM32G4xx_HAL_Driver/Src/stm32g4xx_hal_rcc.c **** 
 852:Drivers/STM32G4xx_HAL_Driver/Src/stm32g4xx_hal_rcc.c ****       /* Intermediate step with HCLK prescaler 2 necessary before to go under 80Mhz */
 853:Drivers/STM32G4xx_HAL_Driver/Src/stm32g4xx_hal_rcc.c ****       if(pllfreq > 80000000U)
 854:Drivers/STM32G4xx_HAL_Driver/Src/stm32g4xx_hal_rcc.c ****       {
 855:Drivers/STM32G4xx_HAL_Driver/Src/stm32g4xx_hal_rcc.c ****         MODIFY_REG(RCC->CFGR, RCC_CFGR_HPRE, RCC_SYSCLK_DIV2);
 856:Drivers/STM32G4xx_HAL_Driver/Src/stm32g4xx_hal_rcc.c ****         hpre = RCC_SYSCLK_DIV2;
 857:Drivers/STM32G4xx_HAL_Driver/Src/stm32g4xx_hal_rcc.c ****       }
 858:Drivers/STM32G4xx_HAL_Driver/Src/stm32g4xx_hal_rcc.c **** 
 859:Drivers/STM32G4xx_HAL_Driver/Src/stm32g4xx_hal_rcc.c ****     }
 860:Drivers/STM32G4xx_HAL_Driver/Src/stm32g4xx_hal_rcc.c **** 
 861:Drivers/STM32G4xx_HAL_Driver/Src/stm32g4xx_hal_rcc.c ****     MODIFY_REG(RCC->CFGR, RCC_CFGR_SW, RCC_ClkInitStruct->SYSCLKSource);
 862:Drivers/STM32G4xx_HAL_Driver/Src/stm32g4xx_hal_rcc.c **** 
 863:Drivers/STM32G4xx_HAL_Driver/Src/stm32g4xx_hal_rcc.c ****     /* Get Start Tick*/
 864:Drivers/STM32G4xx_HAL_Driver/Src/stm32g4xx_hal_rcc.c ****     tickstart = HAL_GetTick();
 865:Drivers/STM32G4xx_HAL_Driver/Src/stm32g4xx_hal_rcc.c **** 
 866:Drivers/STM32G4xx_HAL_Driver/Src/stm32g4xx_hal_rcc.c ****     while (__HAL_RCC_GET_SYSCLK_SOURCE() != (RCC_ClkInitStruct->SYSCLKSource << RCC_CFGR_SWS_Pos))
 867:Drivers/STM32G4xx_HAL_Driver/Src/stm32g4xx_hal_rcc.c ****     {
 868:Drivers/STM32G4xx_HAL_Driver/Src/stm32g4xx_hal_rcc.c ****       if ((HAL_GetTick() - tickstart) > CLOCKSWITCH_TIMEOUT_VALUE)
 869:Drivers/STM32G4xx_HAL_Driver/Src/stm32g4xx_hal_rcc.c ****       {
 870:Drivers/STM32G4xx_HAL_Driver/Src/stm32g4xx_hal_rcc.c ****         return HAL_TIMEOUT;
 871:Drivers/STM32G4xx_HAL_Driver/Src/stm32g4xx_hal_rcc.c ****       }
 872:Drivers/STM32G4xx_HAL_Driver/Src/stm32g4xx_hal_rcc.c ****     }
 873:Drivers/STM32G4xx_HAL_Driver/Src/stm32g4xx_hal_rcc.c ****   }
 874:Drivers/STM32G4xx_HAL_Driver/Src/stm32g4xx_hal_rcc.c **** 
 875:Drivers/STM32G4xx_HAL_Driver/Src/stm32g4xx_hal_rcc.c ****   /*-------------------------- HCLK Configuration --------------------------*/
 876:Drivers/STM32G4xx_HAL_Driver/Src/stm32g4xx_hal_rcc.c ****   if (((RCC_ClkInitStruct->ClockType) & RCC_CLOCKTYPE_HCLK) == RCC_CLOCKTYPE_HCLK)
 877:Drivers/STM32G4xx_HAL_Driver/Src/stm32g4xx_hal_rcc.c ****   {
 878:Drivers/STM32G4xx_HAL_Driver/Src/stm32g4xx_hal_rcc.c ****     /* Set the highest APB divider in order to ensure that we do not go through
 879:Drivers/STM32G4xx_HAL_Driver/Src/stm32g4xx_hal_rcc.c ****        a non-spec phase whatever we decrease or increase HCLK. */
 880:Drivers/STM32G4xx_HAL_Driver/Src/stm32g4xx_hal_rcc.c ****     if (((RCC_ClkInitStruct->ClockType) & RCC_CLOCKTYPE_PCLK1) == RCC_CLOCKTYPE_PCLK1)
 881:Drivers/STM32G4xx_HAL_Driver/Src/stm32g4xx_hal_rcc.c ****     {
 882:Drivers/STM32G4xx_HAL_Driver/Src/stm32g4xx_hal_rcc.c ****       MODIFY_REG(RCC->CFGR, RCC_CFGR_PPRE1, RCC_HCLK_DIV16);
 883:Drivers/STM32G4xx_HAL_Driver/Src/stm32g4xx_hal_rcc.c ****     }
 884:Drivers/STM32G4xx_HAL_Driver/Src/stm32g4xx_hal_rcc.c ****     if (((RCC_ClkInitStruct->ClockType) & RCC_CLOCKTYPE_PCLK2) == RCC_CLOCKTYPE_PCLK2)
 885:Drivers/STM32G4xx_HAL_Driver/Src/stm32g4xx_hal_rcc.c ****     {
 886:Drivers/STM32G4xx_HAL_Driver/Src/stm32g4xx_hal_rcc.c ****       MODIFY_REG(RCC->CFGR, RCC_CFGR_PPRE2, RCC_HCLK_DIV16);
ARM GAS  /tmp/cc3WS6gG.s 			page 17


 887:Drivers/STM32G4xx_HAL_Driver/Src/stm32g4xx_hal_rcc.c ****     }
 888:Drivers/STM32G4xx_HAL_Driver/Src/stm32g4xx_hal_rcc.c **** 
 889:Drivers/STM32G4xx_HAL_Driver/Src/stm32g4xx_hal_rcc.c ****     /* Set the new HCLK clock divider */
 890:Drivers/STM32G4xx_HAL_Driver/Src/stm32g4xx_hal_rcc.c ****     assert_param(IS_RCC_HCLK(RCC_ClkInitStruct->AHBCLKDivider));
 891:Drivers/STM32G4xx_HAL_Driver/Src/stm32g4xx_hal_rcc.c ****     MODIFY_REG(RCC->CFGR, RCC_CFGR_HPRE, RCC_ClkInitStruct->AHBCLKDivider);
 892:Drivers/STM32G4xx_HAL_Driver/Src/stm32g4xx_hal_rcc.c ****   }
 893:Drivers/STM32G4xx_HAL_Driver/Src/stm32g4xx_hal_rcc.c ****   else
 894:Drivers/STM32G4xx_HAL_Driver/Src/stm32g4xx_hal_rcc.c ****   {
 895:Drivers/STM32G4xx_HAL_Driver/Src/stm32g4xx_hal_rcc.c ****     /* Is intermediate HCLK prescaler 2 applied internally, complete with HCLK prescaler 1 */
 896:Drivers/STM32G4xx_HAL_Driver/Src/stm32g4xx_hal_rcc.c ****     if(hpre == RCC_SYSCLK_DIV2)
 897:Drivers/STM32G4xx_HAL_Driver/Src/stm32g4xx_hal_rcc.c ****     {
 898:Drivers/STM32G4xx_HAL_Driver/Src/stm32g4xx_hal_rcc.c ****       MODIFY_REG(RCC->CFGR, RCC_CFGR_HPRE, RCC_SYSCLK_DIV1);
 899:Drivers/STM32G4xx_HAL_Driver/Src/stm32g4xx_hal_rcc.c ****     }
 900:Drivers/STM32G4xx_HAL_Driver/Src/stm32g4xx_hal_rcc.c ****   }
 901:Drivers/STM32G4xx_HAL_Driver/Src/stm32g4xx_hal_rcc.c **** 
 902:Drivers/STM32G4xx_HAL_Driver/Src/stm32g4xx_hal_rcc.c ****   /* Decreasing the number of wait states because of lower CPU frequency */
 903:Drivers/STM32G4xx_HAL_Driver/Src/stm32g4xx_hal_rcc.c ****   if (FLatency < __HAL_FLASH_GET_LATENCY())
 904:Drivers/STM32G4xx_HAL_Driver/Src/stm32g4xx_hal_rcc.c ****   {
 905:Drivers/STM32G4xx_HAL_Driver/Src/stm32g4xx_hal_rcc.c ****     /* Program the new number of wait states to the LATENCY bits in the FLASH_ACR register */
 906:Drivers/STM32G4xx_HAL_Driver/Src/stm32g4xx_hal_rcc.c ****     __HAL_FLASH_SET_LATENCY(FLatency);
 907:Drivers/STM32G4xx_HAL_Driver/Src/stm32g4xx_hal_rcc.c **** 
 908:Drivers/STM32G4xx_HAL_Driver/Src/stm32g4xx_hal_rcc.c ****     /* Check that the new number of wait states is taken into account to access the Flash
 909:Drivers/STM32G4xx_HAL_Driver/Src/stm32g4xx_hal_rcc.c ****     memory by polling the FLASH_ACR register */
 910:Drivers/STM32G4xx_HAL_Driver/Src/stm32g4xx_hal_rcc.c ****     tickstart = HAL_GetTick();
 911:Drivers/STM32G4xx_HAL_Driver/Src/stm32g4xx_hal_rcc.c **** 
 912:Drivers/STM32G4xx_HAL_Driver/Src/stm32g4xx_hal_rcc.c ****     while (__HAL_FLASH_GET_LATENCY() != FLatency)
 913:Drivers/STM32G4xx_HAL_Driver/Src/stm32g4xx_hal_rcc.c ****     {
 914:Drivers/STM32G4xx_HAL_Driver/Src/stm32g4xx_hal_rcc.c ****       if ((HAL_GetTick() - tickstart) > CLOCKSWITCH_TIMEOUT_VALUE)
 915:Drivers/STM32G4xx_HAL_Driver/Src/stm32g4xx_hal_rcc.c ****       {
 916:Drivers/STM32G4xx_HAL_Driver/Src/stm32g4xx_hal_rcc.c ****         return HAL_TIMEOUT;
 917:Drivers/STM32G4xx_HAL_Driver/Src/stm32g4xx_hal_rcc.c ****       }
 918:Drivers/STM32G4xx_HAL_Driver/Src/stm32g4xx_hal_rcc.c ****     }
 919:Drivers/STM32G4xx_HAL_Driver/Src/stm32g4xx_hal_rcc.c ****   }
 920:Drivers/STM32G4xx_HAL_Driver/Src/stm32g4xx_hal_rcc.c **** 
 921:Drivers/STM32G4xx_HAL_Driver/Src/stm32g4xx_hal_rcc.c ****   /*-------------------------- PCLK1 Configuration ---------------------------*/
 922:Drivers/STM32G4xx_HAL_Driver/Src/stm32g4xx_hal_rcc.c ****   if (((RCC_ClkInitStruct->ClockType) & RCC_CLOCKTYPE_PCLK1) == RCC_CLOCKTYPE_PCLK1)
 923:Drivers/STM32G4xx_HAL_Driver/Src/stm32g4xx_hal_rcc.c ****   {
 924:Drivers/STM32G4xx_HAL_Driver/Src/stm32g4xx_hal_rcc.c ****     assert_param(IS_RCC_PCLK(RCC_ClkInitStruct->APB1CLKDivider));
 925:Drivers/STM32G4xx_HAL_Driver/Src/stm32g4xx_hal_rcc.c ****     MODIFY_REG(RCC->CFGR, RCC_CFGR_PPRE1, RCC_ClkInitStruct->APB1CLKDivider);
 926:Drivers/STM32G4xx_HAL_Driver/Src/stm32g4xx_hal_rcc.c ****   }
 927:Drivers/STM32G4xx_HAL_Driver/Src/stm32g4xx_hal_rcc.c **** 
 928:Drivers/STM32G4xx_HAL_Driver/Src/stm32g4xx_hal_rcc.c ****   /*-------------------------- PCLK2 Configuration ---------------------------*/
 929:Drivers/STM32G4xx_HAL_Driver/Src/stm32g4xx_hal_rcc.c ****   if(((RCC_ClkInitStruct->ClockType) & RCC_CLOCKTYPE_PCLK2) == RCC_CLOCKTYPE_PCLK2)
 930:Drivers/STM32G4xx_HAL_Driver/Src/stm32g4xx_hal_rcc.c ****   {
 931:Drivers/STM32G4xx_HAL_Driver/Src/stm32g4xx_hal_rcc.c ****     assert_param(IS_RCC_PCLK(RCC_ClkInitStruct->APB2CLKDivider));
 932:Drivers/STM32G4xx_HAL_Driver/Src/stm32g4xx_hal_rcc.c ****     MODIFY_REG(RCC->CFGR, RCC_CFGR_PPRE2, ((RCC_ClkInitStruct->APB2CLKDivider) << 3U));
 933:Drivers/STM32G4xx_HAL_Driver/Src/stm32g4xx_hal_rcc.c ****   }
 934:Drivers/STM32G4xx_HAL_Driver/Src/stm32g4xx_hal_rcc.c **** 
 935:Drivers/STM32G4xx_HAL_Driver/Src/stm32g4xx_hal_rcc.c ****   /* Update the SystemCoreClock global variable */
 936:Drivers/STM32G4xx_HAL_Driver/Src/stm32g4xx_hal_rcc.c ****   SystemCoreClock = HAL_RCC_GetSysClockFreq() >> (AHBPrescTable[READ_BIT(RCC->CFGR, RCC_CFGR_HPRE) 
 937:Drivers/STM32G4xx_HAL_Driver/Src/stm32g4xx_hal_rcc.c **** 
 938:Drivers/STM32G4xx_HAL_Driver/Src/stm32g4xx_hal_rcc.c ****   /* Configure the source of time base considering new system clocks settings*/
 939:Drivers/STM32G4xx_HAL_Driver/Src/stm32g4xx_hal_rcc.c ****   return HAL_InitTick(uwTickPrio);
 940:Drivers/STM32G4xx_HAL_Driver/Src/stm32g4xx_hal_rcc.c **** }
 941:Drivers/STM32G4xx_HAL_Driver/Src/stm32g4xx_hal_rcc.c **** 
 942:Drivers/STM32G4xx_HAL_Driver/Src/stm32g4xx_hal_rcc.c **** /**
 943:Drivers/STM32G4xx_HAL_Driver/Src/stm32g4xx_hal_rcc.c ****   * @}
ARM GAS  /tmp/cc3WS6gG.s 			page 18


 944:Drivers/STM32G4xx_HAL_Driver/Src/stm32g4xx_hal_rcc.c ****   */
 945:Drivers/STM32G4xx_HAL_Driver/Src/stm32g4xx_hal_rcc.c **** 
 946:Drivers/STM32G4xx_HAL_Driver/Src/stm32g4xx_hal_rcc.c **** /** @defgroup RCC_Exported_Functions_Group2 Peripheral Control functions
 947:Drivers/STM32G4xx_HAL_Driver/Src/stm32g4xx_hal_rcc.c ****  *  @brief   RCC clocks control functions
 948:Drivers/STM32G4xx_HAL_Driver/Src/stm32g4xx_hal_rcc.c ****  *
 949:Drivers/STM32G4xx_HAL_Driver/Src/stm32g4xx_hal_rcc.c **** @verbatim
 950:Drivers/STM32G4xx_HAL_Driver/Src/stm32g4xx_hal_rcc.c ****  ===============================================================================
 951:Drivers/STM32G4xx_HAL_Driver/Src/stm32g4xx_hal_rcc.c ****                       ##### Peripheral Control functions #####
 952:Drivers/STM32G4xx_HAL_Driver/Src/stm32g4xx_hal_rcc.c ****  ===============================================================================
 953:Drivers/STM32G4xx_HAL_Driver/Src/stm32g4xx_hal_rcc.c ****     [..]
 954:Drivers/STM32G4xx_HAL_Driver/Src/stm32g4xx_hal_rcc.c ****     This subsection provides a set of functions allowing to:
 955:Drivers/STM32G4xx_HAL_Driver/Src/stm32g4xx_hal_rcc.c **** 
 956:Drivers/STM32G4xx_HAL_Driver/Src/stm32g4xx_hal_rcc.c ****     (+) Output clock to MCO pin.
 957:Drivers/STM32G4xx_HAL_Driver/Src/stm32g4xx_hal_rcc.c ****     (+) Retrieve current clock frequencies.
 958:Drivers/STM32G4xx_HAL_Driver/Src/stm32g4xx_hal_rcc.c ****     (+) Enable the Clock Security System.
 959:Drivers/STM32G4xx_HAL_Driver/Src/stm32g4xx_hal_rcc.c **** 
 960:Drivers/STM32G4xx_HAL_Driver/Src/stm32g4xx_hal_rcc.c **** @endverbatim
 961:Drivers/STM32G4xx_HAL_Driver/Src/stm32g4xx_hal_rcc.c ****   * @{
 962:Drivers/STM32G4xx_HAL_Driver/Src/stm32g4xx_hal_rcc.c ****   */
 963:Drivers/STM32G4xx_HAL_Driver/Src/stm32g4xx_hal_rcc.c **** 
 964:Drivers/STM32G4xx_HAL_Driver/Src/stm32g4xx_hal_rcc.c **** /**
 965:Drivers/STM32G4xx_HAL_Driver/Src/stm32g4xx_hal_rcc.c ****   * @brief  Select the clock source to output on MCO pin(PA8/PG10).
 966:Drivers/STM32G4xx_HAL_Driver/Src/stm32g4xx_hal_rcc.c ****   * @note   PA8/PG10 should be configured in alternate function mode.
 967:Drivers/STM32G4xx_HAL_Driver/Src/stm32g4xx_hal_rcc.c ****   * @note   The default configuration of the GPIOG pin 10 (PG10) is set to reset mode (NRST pin)
 968:Drivers/STM32G4xx_HAL_Driver/Src/stm32g4xx_hal_rcc.c ****   *         and user shall set the NRST_MODE Bit in the FLASH OPTR register to be able to use it 
 969:Drivers/STM32G4xx_HAL_Driver/Src/stm32g4xx_hal_rcc.c ****   *         as an MCO pin.
 970:Drivers/STM32G4xx_HAL_Driver/Src/stm32g4xx_hal_rcc.c ****   *         The @ref HAL_FLASHEx_OBProgram() API can be used to configure the NRST_MODE Bit value.
 971:Drivers/STM32G4xx_HAL_Driver/Src/stm32g4xx_hal_rcc.c ****   * @param  RCC_MCOx  specifies the output direction for the clock source.
 972:Drivers/STM32G4xx_HAL_Driver/Src/stm32g4xx_hal_rcc.c ****   *          For STM32G4xx family this parameter can have only one value:
 973:Drivers/STM32G4xx_HAL_Driver/Src/stm32g4xx_hal_rcc.c ****   *            @arg @ref RCC_MCO_PA8  Clock source to output on MCO1 pin(PA8).
 974:Drivers/STM32G4xx_HAL_Driver/Src/stm32g4xx_hal_rcc.c ****   *            @arg @ref RCC_MCO_PG10  Clock source to output on MCO1 pin(PG10).
 975:Drivers/STM32G4xx_HAL_Driver/Src/stm32g4xx_hal_rcc.c ****   * @param  RCC_MCOSource  specifies the clock source to output.
 976:Drivers/STM32G4xx_HAL_Driver/Src/stm32g4xx_hal_rcc.c ****   *          This parameter can be one of the following values:
 977:Drivers/STM32G4xx_HAL_Driver/Src/stm32g4xx_hal_rcc.c ****   *            @arg @ref RCC_MCO1SOURCE_NOCLOCK  MCO output disabled, no clock on MCO
 978:Drivers/STM32G4xx_HAL_Driver/Src/stm32g4xx_hal_rcc.c ****   *            @arg @ref RCC_MCO1SOURCE_SYSCLK  system  clock selected as MCO source
 979:Drivers/STM32G4xx_HAL_Driver/Src/stm32g4xx_hal_rcc.c ****   *            @arg @ref RCC_MCO1SOURCE_HSI  HSI clock selected as MCO source
 980:Drivers/STM32G4xx_HAL_Driver/Src/stm32g4xx_hal_rcc.c ****   *            @arg @ref RCC_MCO1SOURCE_HSE  HSE clock selected as MCO source
 981:Drivers/STM32G4xx_HAL_Driver/Src/stm32g4xx_hal_rcc.c ****   *            @arg @ref RCC_MCO1SOURCE_PLLCLK  main PLL clock selected as MCO source
 982:Drivers/STM32G4xx_HAL_Driver/Src/stm32g4xx_hal_rcc.c ****   *            @arg @ref RCC_MCO1SOURCE_LSI  LSI clock selected as MCO source
 983:Drivers/STM32G4xx_HAL_Driver/Src/stm32g4xx_hal_rcc.c ****   *            @arg @ref RCC_MCO1SOURCE_LSE  LSE clock selected as MCO source
 984:Drivers/STM32G4xx_HAL_Driver/Src/stm32g4xx_hal_rcc.c ****   *            @arg @ref RCC_MCO1SOURCE_HSI48  HSI48 clock selected as MCO source for devices with 
 985:Drivers/STM32G4xx_HAL_Driver/Src/stm32g4xx_hal_rcc.c ****   * @param  RCC_MCODiv  specifies the MCO prescaler.
 986:Drivers/STM32G4xx_HAL_Driver/Src/stm32g4xx_hal_rcc.c ****   *          This parameter can be one of the following values:
 987:Drivers/STM32G4xx_HAL_Driver/Src/stm32g4xx_hal_rcc.c ****   *            @arg @ref RCC_MCODIV_1  no division applied to MCO clock
 988:Drivers/STM32G4xx_HAL_Driver/Src/stm32g4xx_hal_rcc.c ****   *            @arg @ref RCC_MCODIV_2  division by 2 applied to MCO clock
 989:Drivers/STM32G4xx_HAL_Driver/Src/stm32g4xx_hal_rcc.c ****   *            @arg @ref RCC_MCODIV_4  division by 4 applied to MCO clock
 990:Drivers/STM32G4xx_HAL_Driver/Src/stm32g4xx_hal_rcc.c ****   *            @arg @ref RCC_MCODIV_8  division by 8 applied to MCO clock
 991:Drivers/STM32G4xx_HAL_Driver/Src/stm32g4xx_hal_rcc.c ****   *            @arg @ref RCC_MCODIV_16  division by 16 applied to MCO clock
 992:Drivers/STM32G4xx_HAL_Driver/Src/stm32g4xx_hal_rcc.c ****   * @retval None
 993:Drivers/STM32G4xx_HAL_Driver/Src/stm32g4xx_hal_rcc.c ****   */
 994:Drivers/STM32G4xx_HAL_Driver/Src/stm32g4xx_hal_rcc.c **** void HAL_RCC_MCOConfig(uint32_t RCC_MCOx, uint32_t RCC_MCOSource, uint32_t RCC_MCODiv)
 995:Drivers/STM32G4xx_HAL_Driver/Src/stm32g4xx_hal_rcc.c **** {
 996:Drivers/STM32G4xx_HAL_Driver/Src/stm32g4xx_hal_rcc.c ****   GPIO_InitTypeDef gpio_initstruct;
 997:Drivers/STM32G4xx_HAL_Driver/Src/stm32g4xx_hal_rcc.c ****   uint32_t mcoindex;
 998:Drivers/STM32G4xx_HAL_Driver/Src/stm32g4xx_hal_rcc.c ****   uint32_t mco_gpio_index;
 999:Drivers/STM32G4xx_HAL_Driver/Src/stm32g4xx_hal_rcc.c ****   GPIO_TypeDef * mco_gpio_port;
1000:Drivers/STM32G4xx_HAL_Driver/Src/stm32g4xx_hal_rcc.c **** 
ARM GAS  /tmp/cc3WS6gG.s 			page 19


1001:Drivers/STM32G4xx_HAL_Driver/Src/stm32g4xx_hal_rcc.c ****   /* Check the parameters */
1002:Drivers/STM32G4xx_HAL_Driver/Src/stm32g4xx_hal_rcc.c ****   assert_param(IS_RCC_MCO(RCC_MCOx));
1003:Drivers/STM32G4xx_HAL_Driver/Src/stm32g4xx_hal_rcc.c **** 
1004:Drivers/STM32G4xx_HAL_Driver/Src/stm32g4xx_hal_rcc.c ****   /* Common GPIO init parameters */
1005:Drivers/STM32G4xx_HAL_Driver/Src/stm32g4xx_hal_rcc.c ****   gpio_initstruct.Mode      = GPIO_MODE_AF_PP;
1006:Drivers/STM32G4xx_HAL_Driver/Src/stm32g4xx_hal_rcc.c ****   gpio_initstruct.Speed     = GPIO_SPEED_FREQ_VERY_HIGH;
1007:Drivers/STM32G4xx_HAL_Driver/Src/stm32g4xx_hal_rcc.c ****   gpio_initstruct.Pull      = GPIO_NOPULL;
1008:Drivers/STM32G4xx_HAL_Driver/Src/stm32g4xx_hal_rcc.c **** 
1009:Drivers/STM32G4xx_HAL_Driver/Src/stm32g4xx_hal_rcc.c ****   /* Get MCOx selection */
1010:Drivers/STM32G4xx_HAL_Driver/Src/stm32g4xx_hal_rcc.c ****   mcoindex = RCC_MCOx & RCC_MCO_INDEX_MASK;
1011:Drivers/STM32G4xx_HAL_Driver/Src/stm32g4xx_hal_rcc.c **** 
1012:Drivers/STM32G4xx_HAL_Driver/Src/stm32g4xx_hal_rcc.c ****   /* Get MCOx GPIO Port */
1013:Drivers/STM32G4xx_HAL_Driver/Src/stm32g4xx_hal_rcc.c ****   mco_gpio_port = (GPIO_TypeDef *) RCC_GET_MCO_GPIO_PORT(RCC_MCOx);
1014:Drivers/STM32G4xx_HAL_Driver/Src/stm32g4xx_hal_rcc.c **** 
1015:Drivers/STM32G4xx_HAL_Driver/Src/stm32g4xx_hal_rcc.c ****   /* MCOx Clock Enable */
1016:Drivers/STM32G4xx_HAL_Driver/Src/stm32g4xx_hal_rcc.c ****   mco_gpio_index = RCC_GET_MCO_GPIO_INDEX(RCC_MCOx);
1017:Drivers/STM32G4xx_HAL_Driver/Src/stm32g4xx_hal_rcc.c ****   SET_BIT(RCC->AHB2ENR, (1UL << mco_gpio_index ));
1018:Drivers/STM32G4xx_HAL_Driver/Src/stm32g4xx_hal_rcc.c **** 
1019:Drivers/STM32G4xx_HAL_Driver/Src/stm32g4xx_hal_rcc.c ****   /* Configure the MCOx pin in alternate function mode */
1020:Drivers/STM32G4xx_HAL_Driver/Src/stm32g4xx_hal_rcc.c ****   gpio_initstruct.Pin = RCC_GET_MCO_GPIO_PIN(RCC_MCOx);
1021:Drivers/STM32G4xx_HAL_Driver/Src/stm32g4xx_hal_rcc.c ****   gpio_initstruct.Alternate = RCC_GET_MCO_GPIO_AF(RCC_MCOx);
1022:Drivers/STM32G4xx_HAL_Driver/Src/stm32g4xx_hal_rcc.c ****   HAL_GPIO_Init(mco_gpio_port, &gpio_initstruct);
1023:Drivers/STM32G4xx_HAL_Driver/Src/stm32g4xx_hal_rcc.c **** 
1024:Drivers/STM32G4xx_HAL_Driver/Src/stm32g4xx_hal_rcc.c ****    if (mcoindex == RCC_MCO1_INDEX)
1025:Drivers/STM32G4xx_HAL_Driver/Src/stm32g4xx_hal_rcc.c ****   {
1026:Drivers/STM32G4xx_HAL_Driver/Src/stm32g4xx_hal_rcc.c ****     assert_param(IS_RCC_MCODIV(RCC_MCODiv));
1027:Drivers/STM32G4xx_HAL_Driver/Src/stm32g4xx_hal_rcc.c ****     assert_param(IS_RCC_MCO1SOURCE(RCC_MCOSource));
1028:Drivers/STM32G4xx_HAL_Driver/Src/stm32g4xx_hal_rcc.c ****     /* Mask MCOSEL[] and MCOPRE[] bits then set MCO clock source and prescaler */
1029:Drivers/STM32G4xx_HAL_Driver/Src/stm32g4xx_hal_rcc.c ****     MODIFY_REG(RCC->CFGR, (RCC_CFGR_MCOSEL | RCC_CFGR_MCOPRE), (RCC_MCOSource | RCC_MCODiv));
1030:Drivers/STM32G4xx_HAL_Driver/Src/stm32g4xx_hal_rcc.c ****   }
1031:Drivers/STM32G4xx_HAL_Driver/Src/stm32g4xx_hal_rcc.c **** }
1032:Drivers/STM32G4xx_HAL_Driver/Src/stm32g4xx_hal_rcc.c **** 
1033:Drivers/STM32G4xx_HAL_Driver/Src/stm32g4xx_hal_rcc.c **** /**
1034:Drivers/STM32G4xx_HAL_Driver/Src/stm32g4xx_hal_rcc.c ****   * @brief  Return the SYSCLK frequency.
1035:Drivers/STM32G4xx_HAL_Driver/Src/stm32g4xx_hal_rcc.c ****   *
1036:Drivers/STM32G4xx_HAL_Driver/Src/stm32g4xx_hal_rcc.c ****   * @note   The system frequency computed by this function is not the real
1037:Drivers/STM32G4xx_HAL_Driver/Src/stm32g4xx_hal_rcc.c ****   *         frequency in the chip. It is calculated based on the predefined
1038:Drivers/STM32G4xx_HAL_Driver/Src/stm32g4xx_hal_rcc.c ****   *         constant and the selected clock source:
1039:Drivers/STM32G4xx_HAL_Driver/Src/stm32g4xx_hal_rcc.c ****   * @note     If SYSCLK source is HSI, function returns values based on HSI_VALUE(*)
1040:Drivers/STM32G4xx_HAL_Driver/Src/stm32g4xx_hal_rcc.c ****   * @note     If SYSCLK source is HSE, function returns values based on HSE_VALUE(**)
1041:Drivers/STM32G4xx_HAL_Driver/Src/stm32g4xx_hal_rcc.c ****   * @note     If SYSCLK source is PLL, function returns values based on HSE_VALUE(**),
1042:Drivers/STM32G4xx_HAL_Driver/Src/stm32g4xx_hal_rcc.c ****   *           HSI_VALUE(*) Value multiplied/divided by the PLL factors.
1043:Drivers/STM32G4xx_HAL_Driver/Src/stm32g4xx_hal_rcc.c ****   * @note     (*) HSI_VALUE is a constant defined in stm32g4xx_hal_conf.h file (default value
1044:Drivers/STM32G4xx_HAL_Driver/Src/stm32g4xx_hal_rcc.c ****   *               16 MHz) but the real value may vary depending on the variations
1045:Drivers/STM32G4xx_HAL_Driver/Src/stm32g4xx_hal_rcc.c ****   *               in voltage and temperature.
1046:Drivers/STM32G4xx_HAL_Driver/Src/stm32g4xx_hal_rcc.c ****   * @note     (**) HSE_VALUE is a constant defined in stm32g4xx_hal_conf.h file (default value
1047:Drivers/STM32G4xx_HAL_Driver/Src/stm32g4xx_hal_rcc.c ****   *                8 MHz), user has to ensure that HSE_VALUE is same as the real
1048:Drivers/STM32G4xx_HAL_Driver/Src/stm32g4xx_hal_rcc.c ****   *                frequency of the crystal used. Otherwise, this function may
1049:Drivers/STM32G4xx_HAL_Driver/Src/stm32g4xx_hal_rcc.c ****   *                have wrong result.
1050:Drivers/STM32G4xx_HAL_Driver/Src/stm32g4xx_hal_rcc.c ****   *
1051:Drivers/STM32G4xx_HAL_Driver/Src/stm32g4xx_hal_rcc.c ****   * @note   The result of this function could be not correct when using fractional
1052:Drivers/STM32G4xx_HAL_Driver/Src/stm32g4xx_hal_rcc.c ****   *         value for HSE crystal.
1053:Drivers/STM32G4xx_HAL_Driver/Src/stm32g4xx_hal_rcc.c ****   *
1054:Drivers/STM32G4xx_HAL_Driver/Src/stm32g4xx_hal_rcc.c ****   * @note   This function can be used by the user application to compute the
1055:Drivers/STM32G4xx_HAL_Driver/Src/stm32g4xx_hal_rcc.c ****   *         baudrate for the communication peripherals or configure other parameters.
1056:Drivers/STM32G4xx_HAL_Driver/Src/stm32g4xx_hal_rcc.c ****   *
1057:Drivers/STM32G4xx_HAL_Driver/Src/stm32g4xx_hal_rcc.c ****   * @note   Each time SYSCLK changes, this function must be called to update the
ARM GAS  /tmp/cc3WS6gG.s 			page 20


1058:Drivers/STM32G4xx_HAL_Driver/Src/stm32g4xx_hal_rcc.c ****   *         right SYSCLK value. Otherwise, any configuration based on this function will be incorre
1059:Drivers/STM32G4xx_HAL_Driver/Src/stm32g4xx_hal_rcc.c ****   *
1060:Drivers/STM32G4xx_HAL_Driver/Src/stm32g4xx_hal_rcc.c ****   *
1061:Drivers/STM32G4xx_HAL_Driver/Src/stm32g4xx_hal_rcc.c ****   * @retval SYSCLK frequency
1062:Drivers/STM32G4xx_HAL_Driver/Src/stm32g4xx_hal_rcc.c ****   */
1063:Drivers/STM32G4xx_HAL_Driver/Src/stm32g4xx_hal_rcc.c **** uint32_t HAL_RCC_GetSysClockFreq(void)
1064:Drivers/STM32G4xx_HAL_Driver/Src/stm32g4xx_hal_rcc.c **** {
1065:Drivers/STM32G4xx_HAL_Driver/Src/stm32g4xx_hal_rcc.c ****   uint32_t pllvco, pllsource, pllr, pllm;
1066:Drivers/STM32G4xx_HAL_Driver/Src/stm32g4xx_hal_rcc.c ****   uint32_t sysclockfreq;
1067:Drivers/STM32G4xx_HAL_Driver/Src/stm32g4xx_hal_rcc.c **** 
1068:Drivers/STM32G4xx_HAL_Driver/Src/stm32g4xx_hal_rcc.c ****   if (__HAL_RCC_GET_SYSCLK_SOURCE() == RCC_CFGR_SWS_HSI)
1069:Drivers/STM32G4xx_HAL_Driver/Src/stm32g4xx_hal_rcc.c ****   {
1070:Drivers/STM32G4xx_HAL_Driver/Src/stm32g4xx_hal_rcc.c ****     /* HSI used as system clock source */
1071:Drivers/STM32G4xx_HAL_Driver/Src/stm32g4xx_hal_rcc.c ****     sysclockfreq = HSI_VALUE;
1072:Drivers/STM32G4xx_HAL_Driver/Src/stm32g4xx_hal_rcc.c ****   }
1073:Drivers/STM32G4xx_HAL_Driver/Src/stm32g4xx_hal_rcc.c ****   else if (__HAL_RCC_GET_SYSCLK_SOURCE() == RCC_CFGR_SWS_HSE)
1074:Drivers/STM32G4xx_HAL_Driver/Src/stm32g4xx_hal_rcc.c ****   {
1075:Drivers/STM32G4xx_HAL_Driver/Src/stm32g4xx_hal_rcc.c ****     /* HSE used as system clock source */
1076:Drivers/STM32G4xx_HAL_Driver/Src/stm32g4xx_hal_rcc.c ****     sysclockfreq = HSE_VALUE;
1077:Drivers/STM32G4xx_HAL_Driver/Src/stm32g4xx_hal_rcc.c ****   }
1078:Drivers/STM32G4xx_HAL_Driver/Src/stm32g4xx_hal_rcc.c ****   else if (__HAL_RCC_GET_SYSCLK_SOURCE() == RCC_CFGR_SWS_PLL)
1079:Drivers/STM32G4xx_HAL_Driver/Src/stm32g4xx_hal_rcc.c ****   {
1080:Drivers/STM32G4xx_HAL_Driver/Src/stm32g4xx_hal_rcc.c ****     /* PLL used as system clock  source */
1081:Drivers/STM32G4xx_HAL_Driver/Src/stm32g4xx_hal_rcc.c **** 
1082:Drivers/STM32G4xx_HAL_Driver/Src/stm32g4xx_hal_rcc.c ****     /* PLL_VCO = ((HSE_VALUE or HSI_VALUE)/ PLLM) * PLLN
1083:Drivers/STM32G4xx_HAL_Driver/Src/stm32g4xx_hal_rcc.c ****     SYSCLK = PLL_VCO / PLLR
1084:Drivers/STM32G4xx_HAL_Driver/Src/stm32g4xx_hal_rcc.c ****     */
1085:Drivers/STM32G4xx_HAL_Driver/Src/stm32g4xx_hal_rcc.c ****     pllsource = READ_BIT(RCC->PLLCFGR, RCC_PLLCFGR_PLLSRC);
1086:Drivers/STM32G4xx_HAL_Driver/Src/stm32g4xx_hal_rcc.c ****     pllm = (READ_BIT(RCC->PLLCFGR, RCC_PLLCFGR_PLLM) >> RCC_PLLCFGR_PLLM_Pos) + 1U ;
1087:Drivers/STM32G4xx_HAL_Driver/Src/stm32g4xx_hal_rcc.c **** 
1088:Drivers/STM32G4xx_HAL_Driver/Src/stm32g4xx_hal_rcc.c ****     switch (pllsource)
1089:Drivers/STM32G4xx_HAL_Driver/Src/stm32g4xx_hal_rcc.c ****     {
1090:Drivers/STM32G4xx_HAL_Driver/Src/stm32g4xx_hal_rcc.c ****     case RCC_PLLSOURCE_HSE:  /* HSE used as PLL clock source */
1091:Drivers/STM32G4xx_HAL_Driver/Src/stm32g4xx_hal_rcc.c ****       pllvco = (HSE_VALUE / pllm) * (READ_BIT(RCC->PLLCFGR, RCC_PLLCFGR_PLLN) >> RCC_PLLCFGR_PLLN_P
1092:Drivers/STM32G4xx_HAL_Driver/Src/stm32g4xx_hal_rcc.c ****       break;
1093:Drivers/STM32G4xx_HAL_Driver/Src/stm32g4xx_hal_rcc.c **** 
1094:Drivers/STM32G4xx_HAL_Driver/Src/stm32g4xx_hal_rcc.c ****     case RCC_PLLSOURCE_HSI:  /* HSI used as PLL clock source */
1095:Drivers/STM32G4xx_HAL_Driver/Src/stm32g4xx_hal_rcc.c ****     default:
1096:Drivers/STM32G4xx_HAL_Driver/Src/stm32g4xx_hal_rcc.c ****       pllvco = (HSI_VALUE / pllm) * (READ_BIT(RCC->PLLCFGR, RCC_PLLCFGR_PLLN) >> RCC_PLLCFGR_PLLN_P
1097:Drivers/STM32G4xx_HAL_Driver/Src/stm32g4xx_hal_rcc.c ****       break;
1098:Drivers/STM32G4xx_HAL_Driver/Src/stm32g4xx_hal_rcc.c ****     }
1099:Drivers/STM32G4xx_HAL_Driver/Src/stm32g4xx_hal_rcc.c ****     pllr = ((READ_BIT(RCC->PLLCFGR, RCC_PLLCFGR_PLLR) >> RCC_PLLCFGR_PLLR_Pos) + 1U ) * 2U;
1100:Drivers/STM32G4xx_HAL_Driver/Src/stm32g4xx_hal_rcc.c ****     sysclockfreq = pllvco/pllr;
1101:Drivers/STM32G4xx_HAL_Driver/Src/stm32g4xx_hal_rcc.c ****   }
1102:Drivers/STM32G4xx_HAL_Driver/Src/stm32g4xx_hal_rcc.c ****   else
1103:Drivers/STM32G4xx_HAL_Driver/Src/stm32g4xx_hal_rcc.c ****   {
1104:Drivers/STM32G4xx_HAL_Driver/Src/stm32g4xx_hal_rcc.c ****     sysclockfreq = 0U;
1105:Drivers/STM32G4xx_HAL_Driver/Src/stm32g4xx_hal_rcc.c ****   }
1106:Drivers/STM32G4xx_HAL_Driver/Src/stm32g4xx_hal_rcc.c **** 
1107:Drivers/STM32G4xx_HAL_Driver/Src/stm32g4xx_hal_rcc.c ****   return sysclockfreq;
1108:Drivers/STM32G4xx_HAL_Driver/Src/stm32g4xx_hal_rcc.c **** }
1109:Drivers/STM32G4xx_HAL_Driver/Src/stm32g4xx_hal_rcc.c **** 
1110:Drivers/STM32G4xx_HAL_Driver/Src/stm32g4xx_hal_rcc.c **** /**
1111:Drivers/STM32G4xx_HAL_Driver/Src/stm32g4xx_hal_rcc.c ****   * @brief  Return the HCLK frequency.
1112:Drivers/STM32G4xx_HAL_Driver/Src/stm32g4xx_hal_rcc.c ****   * @note   Each time HCLK changes, this function must be called to update the
1113:Drivers/STM32G4xx_HAL_Driver/Src/stm32g4xx_hal_rcc.c ****   *         right HCLK value. Otherwise, any configuration based on this function will be incorrect
1114:Drivers/STM32G4xx_HAL_Driver/Src/stm32g4xx_hal_rcc.c ****   *
ARM GAS  /tmp/cc3WS6gG.s 			page 21


1115:Drivers/STM32G4xx_HAL_Driver/Src/stm32g4xx_hal_rcc.c ****   * @note   The SystemCoreClock CMSIS variable is used to store System Clock Frequency.
1116:Drivers/STM32G4xx_HAL_Driver/Src/stm32g4xx_hal_rcc.c ****   * @retval HCLK frequency in Hz
1117:Drivers/STM32G4xx_HAL_Driver/Src/stm32g4xx_hal_rcc.c ****   */
1118:Drivers/STM32G4xx_HAL_Driver/Src/stm32g4xx_hal_rcc.c **** uint32_t HAL_RCC_GetHCLKFreq(void)
1119:Drivers/STM32G4xx_HAL_Driver/Src/stm32g4xx_hal_rcc.c **** {
1120:Drivers/STM32G4xx_HAL_Driver/Src/stm32g4xx_hal_rcc.c ****   return SystemCoreClock;
1121:Drivers/STM32G4xx_HAL_Driver/Src/stm32g4xx_hal_rcc.c **** }
1122:Drivers/STM32G4xx_HAL_Driver/Src/stm32g4xx_hal_rcc.c **** 
1123:Drivers/STM32G4xx_HAL_Driver/Src/stm32g4xx_hal_rcc.c **** /**
1124:Drivers/STM32G4xx_HAL_Driver/Src/stm32g4xx_hal_rcc.c ****   * @brief  Return the PCLK1 frequency.
1125:Drivers/STM32G4xx_HAL_Driver/Src/stm32g4xx_hal_rcc.c ****   * @note   Each time PCLK1 changes, this function must be called to update the
1126:Drivers/STM32G4xx_HAL_Driver/Src/stm32g4xx_hal_rcc.c ****   *         right PCLK1 value. Otherwise, any configuration based on this function will be incorrec
1127:Drivers/STM32G4xx_HAL_Driver/Src/stm32g4xx_hal_rcc.c ****   * @retval PCLK1 frequency in Hz
1128:Drivers/STM32G4xx_HAL_Driver/Src/stm32g4xx_hal_rcc.c ****   */
1129:Drivers/STM32G4xx_HAL_Driver/Src/stm32g4xx_hal_rcc.c **** uint32_t HAL_RCC_GetPCLK1Freq(void)
1130:Drivers/STM32G4xx_HAL_Driver/Src/stm32g4xx_hal_rcc.c **** {
1131:Drivers/STM32G4xx_HAL_Driver/Src/stm32g4xx_hal_rcc.c ****   /* Get HCLK source and Compute PCLK1 frequency ---------------------------*/
1132:Drivers/STM32G4xx_HAL_Driver/Src/stm32g4xx_hal_rcc.c ****   return (HAL_RCC_GetHCLKFreq() >> (APBPrescTable[READ_BIT(RCC->CFGR, RCC_CFGR_PPRE1) >> RCC_CFGR_P
1133:Drivers/STM32G4xx_HAL_Driver/Src/stm32g4xx_hal_rcc.c **** }
1134:Drivers/STM32G4xx_HAL_Driver/Src/stm32g4xx_hal_rcc.c **** 
1135:Drivers/STM32G4xx_HAL_Driver/Src/stm32g4xx_hal_rcc.c **** /**
1136:Drivers/STM32G4xx_HAL_Driver/Src/stm32g4xx_hal_rcc.c ****   * @brief  Return the PCLK2 frequency.
1137:Drivers/STM32G4xx_HAL_Driver/Src/stm32g4xx_hal_rcc.c ****   * @note   Each time PCLK2 changes, this function must be called to update the
1138:Drivers/STM32G4xx_HAL_Driver/Src/stm32g4xx_hal_rcc.c ****   *         right PCLK2 value. Otherwise, any configuration based on this function will be incorrec
1139:Drivers/STM32G4xx_HAL_Driver/Src/stm32g4xx_hal_rcc.c ****   * @retval PCLK2 frequency in Hz
1140:Drivers/STM32G4xx_HAL_Driver/Src/stm32g4xx_hal_rcc.c ****   */
1141:Drivers/STM32G4xx_HAL_Driver/Src/stm32g4xx_hal_rcc.c **** uint32_t HAL_RCC_GetPCLK2Freq(void)
1142:Drivers/STM32G4xx_HAL_Driver/Src/stm32g4xx_hal_rcc.c **** {
1143:Drivers/STM32G4xx_HAL_Driver/Src/stm32g4xx_hal_rcc.c ****   /* Get HCLK source and Compute PCLK2 frequency ---------------------------*/
1144:Drivers/STM32G4xx_HAL_Driver/Src/stm32g4xx_hal_rcc.c ****   return (HAL_RCC_GetHCLKFreq()>> (APBPrescTable[READ_BIT(RCC->CFGR, RCC_CFGR_PPRE2) >> RCC_CFGR_PP
1145:Drivers/STM32G4xx_HAL_Driver/Src/stm32g4xx_hal_rcc.c **** }
1146:Drivers/STM32G4xx_HAL_Driver/Src/stm32g4xx_hal_rcc.c **** 
1147:Drivers/STM32G4xx_HAL_Driver/Src/stm32g4xx_hal_rcc.c **** /**
1148:Drivers/STM32G4xx_HAL_Driver/Src/stm32g4xx_hal_rcc.c ****   * @brief  Configure the RCC_OscInitStruct according to the internal
1149:Drivers/STM32G4xx_HAL_Driver/Src/stm32g4xx_hal_rcc.c ****   *         RCC configuration registers.
1150:Drivers/STM32G4xx_HAL_Driver/Src/stm32g4xx_hal_rcc.c ****   * @param  RCC_OscInitStruct  pointer to an RCC_OscInitTypeDef structure that
1151:Drivers/STM32G4xx_HAL_Driver/Src/stm32g4xx_hal_rcc.c ****   *         will be configured.
1152:Drivers/STM32G4xx_HAL_Driver/Src/stm32g4xx_hal_rcc.c ****   * @retval None
1153:Drivers/STM32G4xx_HAL_Driver/Src/stm32g4xx_hal_rcc.c ****   */
1154:Drivers/STM32G4xx_HAL_Driver/Src/stm32g4xx_hal_rcc.c **** void HAL_RCC_GetOscConfig(RCC_OscInitTypeDef  *RCC_OscInitStruct)
1155:Drivers/STM32G4xx_HAL_Driver/Src/stm32g4xx_hal_rcc.c **** {
1156:Drivers/STM32G4xx_HAL_Driver/Src/stm32g4xx_hal_rcc.c ****   /* Check the parameters */
1157:Drivers/STM32G4xx_HAL_Driver/Src/stm32g4xx_hal_rcc.c ****   assert_param(RCC_OscInitStruct != (void *)NULL);
1158:Drivers/STM32G4xx_HAL_Driver/Src/stm32g4xx_hal_rcc.c **** 
1159:Drivers/STM32G4xx_HAL_Driver/Src/stm32g4xx_hal_rcc.c ****   /* Set all possible values for the Oscillator type parameter ---------------*/
1160:Drivers/STM32G4xx_HAL_Driver/Src/stm32g4xx_hal_rcc.c ****   RCC_OscInitStruct->OscillatorType = RCC_OSCILLATORTYPE_HSE | RCC_OSCILLATORTYPE_HSI | \
1161:Drivers/STM32G4xx_HAL_Driver/Src/stm32g4xx_hal_rcc.c ****                                       RCC_OSCILLATORTYPE_LSE | RCC_OSCILLATORTYPE_LSI | RCC_OSCILLA
1162:Drivers/STM32G4xx_HAL_Driver/Src/stm32g4xx_hal_rcc.c **** 
1163:Drivers/STM32G4xx_HAL_Driver/Src/stm32g4xx_hal_rcc.c ****   /* Get the HSE configuration -----------------------------------------------*/
1164:Drivers/STM32G4xx_HAL_Driver/Src/stm32g4xx_hal_rcc.c ****   if(READ_BIT(RCC->CR, RCC_CR_HSEBYP) == RCC_CR_HSEBYP)
1165:Drivers/STM32G4xx_HAL_Driver/Src/stm32g4xx_hal_rcc.c ****   {
1166:Drivers/STM32G4xx_HAL_Driver/Src/stm32g4xx_hal_rcc.c ****     RCC_OscInitStruct->HSEState = RCC_HSE_BYPASS;
1167:Drivers/STM32G4xx_HAL_Driver/Src/stm32g4xx_hal_rcc.c ****   }
1168:Drivers/STM32G4xx_HAL_Driver/Src/stm32g4xx_hal_rcc.c ****   else if(READ_BIT(RCC->CR, RCC_CR_HSEON) == RCC_CR_HSEON)
1169:Drivers/STM32G4xx_HAL_Driver/Src/stm32g4xx_hal_rcc.c ****   {
1170:Drivers/STM32G4xx_HAL_Driver/Src/stm32g4xx_hal_rcc.c ****     RCC_OscInitStruct->HSEState = RCC_HSE_ON;
1171:Drivers/STM32G4xx_HAL_Driver/Src/stm32g4xx_hal_rcc.c ****   }
ARM GAS  /tmp/cc3WS6gG.s 			page 22


1172:Drivers/STM32G4xx_HAL_Driver/Src/stm32g4xx_hal_rcc.c ****   else
1173:Drivers/STM32G4xx_HAL_Driver/Src/stm32g4xx_hal_rcc.c ****   {
1174:Drivers/STM32G4xx_HAL_Driver/Src/stm32g4xx_hal_rcc.c ****     RCC_OscInitStruct->HSEState = RCC_HSE_OFF;
1175:Drivers/STM32G4xx_HAL_Driver/Src/stm32g4xx_hal_rcc.c ****   }
1176:Drivers/STM32G4xx_HAL_Driver/Src/stm32g4xx_hal_rcc.c **** 
1177:Drivers/STM32G4xx_HAL_Driver/Src/stm32g4xx_hal_rcc.c ****   /* Get the HSI configuration -----------------------------------------------*/
1178:Drivers/STM32G4xx_HAL_Driver/Src/stm32g4xx_hal_rcc.c ****   if(READ_BIT(RCC->CR, RCC_CR_HSION) == RCC_CR_HSION)
1179:Drivers/STM32G4xx_HAL_Driver/Src/stm32g4xx_hal_rcc.c ****   {
1180:Drivers/STM32G4xx_HAL_Driver/Src/stm32g4xx_hal_rcc.c ****     RCC_OscInitStruct->HSIState = RCC_HSI_ON;
1181:Drivers/STM32G4xx_HAL_Driver/Src/stm32g4xx_hal_rcc.c ****   }
1182:Drivers/STM32G4xx_HAL_Driver/Src/stm32g4xx_hal_rcc.c ****   else
1183:Drivers/STM32G4xx_HAL_Driver/Src/stm32g4xx_hal_rcc.c ****   {
1184:Drivers/STM32G4xx_HAL_Driver/Src/stm32g4xx_hal_rcc.c ****     RCC_OscInitStruct->HSIState = RCC_HSI_OFF;
1185:Drivers/STM32G4xx_HAL_Driver/Src/stm32g4xx_hal_rcc.c ****   }
1186:Drivers/STM32G4xx_HAL_Driver/Src/stm32g4xx_hal_rcc.c **** 
1187:Drivers/STM32G4xx_HAL_Driver/Src/stm32g4xx_hal_rcc.c ****   RCC_OscInitStruct->HSICalibrationValue = READ_BIT(RCC->ICSCR, RCC_ICSCR_HSITRIM) >> RCC_ICSCR_HSI
1188:Drivers/STM32G4xx_HAL_Driver/Src/stm32g4xx_hal_rcc.c **** 
1189:Drivers/STM32G4xx_HAL_Driver/Src/stm32g4xx_hal_rcc.c ****   /* Get the LSE configuration -----------------------------------------------*/
1190:Drivers/STM32G4xx_HAL_Driver/Src/stm32g4xx_hal_rcc.c ****   if(READ_BIT(RCC->BDCR, RCC_BDCR_LSEBYP) == RCC_BDCR_LSEBYP)
1191:Drivers/STM32G4xx_HAL_Driver/Src/stm32g4xx_hal_rcc.c ****   {
1192:Drivers/STM32G4xx_HAL_Driver/Src/stm32g4xx_hal_rcc.c ****     RCC_OscInitStruct->LSEState = RCC_LSE_BYPASS;
1193:Drivers/STM32G4xx_HAL_Driver/Src/stm32g4xx_hal_rcc.c ****   }
1194:Drivers/STM32G4xx_HAL_Driver/Src/stm32g4xx_hal_rcc.c ****   else if(READ_BIT(RCC->BDCR, RCC_BDCR_LSEON) == RCC_BDCR_LSEON)
1195:Drivers/STM32G4xx_HAL_Driver/Src/stm32g4xx_hal_rcc.c ****   {
1196:Drivers/STM32G4xx_HAL_Driver/Src/stm32g4xx_hal_rcc.c ****     RCC_OscInitStruct->LSEState = RCC_LSE_ON;
1197:Drivers/STM32G4xx_HAL_Driver/Src/stm32g4xx_hal_rcc.c ****   }
1198:Drivers/STM32G4xx_HAL_Driver/Src/stm32g4xx_hal_rcc.c ****   else
1199:Drivers/STM32G4xx_HAL_Driver/Src/stm32g4xx_hal_rcc.c ****   {
1200:Drivers/STM32G4xx_HAL_Driver/Src/stm32g4xx_hal_rcc.c ****     RCC_OscInitStruct->LSEState = RCC_LSE_OFF;
1201:Drivers/STM32G4xx_HAL_Driver/Src/stm32g4xx_hal_rcc.c ****   }
1202:Drivers/STM32G4xx_HAL_Driver/Src/stm32g4xx_hal_rcc.c **** 
1203:Drivers/STM32G4xx_HAL_Driver/Src/stm32g4xx_hal_rcc.c ****   /* Get the LSI configuration -----------------------------------------------*/
1204:Drivers/STM32G4xx_HAL_Driver/Src/stm32g4xx_hal_rcc.c ****   if(READ_BIT(RCC->CSR, RCC_CSR_LSION) == RCC_CSR_LSION)
1205:Drivers/STM32G4xx_HAL_Driver/Src/stm32g4xx_hal_rcc.c ****   {
1206:Drivers/STM32G4xx_HAL_Driver/Src/stm32g4xx_hal_rcc.c ****     RCC_OscInitStruct->LSIState = RCC_LSI_ON;
1207:Drivers/STM32G4xx_HAL_Driver/Src/stm32g4xx_hal_rcc.c ****   }
1208:Drivers/STM32G4xx_HAL_Driver/Src/stm32g4xx_hal_rcc.c ****   else
1209:Drivers/STM32G4xx_HAL_Driver/Src/stm32g4xx_hal_rcc.c ****   {
1210:Drivers/STM32G4xx_HAL_Driver/Src/stm32g4xx_hal_rcc.c ****     RCC_OscInitStruct->LSIState = RCC_LSI_OFF;
1211:Drivers/STM32G4xx_HAL_Driver/Src/stm32g4xx_hal_rcc.c ****   }
1212:Drivers/STM32G4xx_HAL_Driver/Src/stm32g4xx_hal_rcc.c **** 
1213:Drivers/STM32G4xx_HAL_Driver/Src/stm32g4xx_hal_rcc.c ****   /* Get the HSI48 configuration ---------------------------------------------*/
1214:Drivers/STM32G4xx_HAL_Driver/Src/stm32g4xx_hal_rcc.c ****   if(READ_BIT(RCC->CRRCR, RCC_CRRCR_HSI48ON) == RCC_CRRCR_HSI48ON)
1215:Drivers/STM32G4xx_HAL_Driver/Src/stm32g4xx_hal_rcc.c ****   {
1216:Drivers/STM32G4xx_HAL_Driver/Src/stm32g4xx_hal_rcc.c ****     RCC_OscInitStruct->HSI48State = RCC_HSI48_ON;
1217:Drivers/STM32G4xx_HAL_Driver/Src/stm32g4xx_hal_rcc.c ****   }
1218:Drivers/STM32G4xx_HAL_Driver/Src/stm32g4xx_hal_rcc.c ****   else
1219:Drivers/STM32G4xx_HAL_Driver/Src/stm32g4xx_hal_rcc.c ****   {
1220:Drivers/STM32G4xx_HAL_Driver/Src/stm32g4xx_hal_rcc.c ****     RCC_OscInitStruct->HSI48State = RCC_HSI48_OFF;
1221:Drivers/STM32G4xx_HAL_Driver/Src/stm32g4xx_hal_rcc.c ****   }
1222:Drivers/STM32G4xx_HAL_Driver/Src/stm32g4xx_hal_rcc.c **** 
1223:Drivers/STM32G4xx_HAL_Driver/Src/stm32g4xx_hal_rcc.c ****   /* Get the PLL configuration -----------------------------------------------*/
1224:Drivers/STM32G4xx_HAL_Driver/Src/stm32g4xx_hal_rcc.c ****   if(READ_BIT(RCC->CR, RCC_CR_PLLON) == RCC_CR_PLLON)
1225:Drivers/STM32G4xx_HAL_Driver/Src/stm32g4xx_hal_rcc.c ****   {
1226:Drivers/STM32G4xx_HAL_Driver/Src/stm32g4xx_hal_rcc.c ****     RCC_OscInitStruct->PLL.PLLState = RCC_PLL_ON;
1227:Drivers/STM32G4xx_HAL_Driver/Src/stm32g4xx_hal_rcc.c ****   }
1228:Drivers/STM32G4xx_HAL_Driver/Src/stm32g4xx_hal_rcc.c ****   else
ARM GAS  /tmp/cc3WS6gG.s 			page 23


1229:Drivers/STM32G4xx_HAL_Driver/Src/stm32g4xx_hal_rcc.c ****   {
1230:Drivers/STM32G4xx_HAL_Driver/Src/stm32g4xx_hal_rcc.c ****     RCC_OscInitStruct->PLL.PLLState = RCC_PLL_OFF;
1231:Drivers/STM32G4xx_HAL_Driver/Src/stm32g4xx_hal_rcc.c ****   }
1232:Drivers/STM32G4xx_HAL_Driver/Src/stm32g4xx_hal_rcc.c ****   RCC_OscInitStruct->PLL.PLLSource = READ_BIT(RCC->PLLCFGR, RCC_PLLCFGR_PLLSRC);
1233:Drivers/STM32G4xx_HAL_Driver/Src/stm32g4xx_hal_rcc.c ****   RCC_OscInitStruct->PLL.PLLM = (READ_BIT(RCC->PLLCFGR, RCC_PLLCFGR_PLLM) >> RCC_PLLCFGR_PLLM_Pos) 
1234:Drivers/STM32G4xx_HAL_Driver/Src/stm32g4xx_hal_rcc.c ****   RCC_OscInitStruct->PLL.PLLN = READ_BIT(RCC->PLLCFGR, RCC_PLLCFGR_PLLN) >> RCC_PLLCFGR_PLLN_Pos;
1235:Drivers/STM32G4xx_HAL_Driver/Src/stm32g4xx_hal_rcc.c ****   RCC_OscInitStruct->PLL.PLLQ = (((READ_BIT(RCC->PLLCFGR, RCC_PLLCFGR_PLLQ) >> RCC_PLLCFGR_PLLQ_Pos
1236:Drivers/STM32G4xx_HAL_Driver/Src/stm32g4xx_hal_rcc.c ****   RCC_OscInitStruct->PLL.PLLR = (((READ_BIT(RCC->PLLCFGR, RCC_PLLCFGR_PLLR) >> RCC_PLLCFGR_PLLR_Pos
1237:Drivers/STM32G4xx_HAL_Driver/Src/stm32g4xx_hal_rcc.c ****   RCC_OscInitStruct->PLL.PLLP = READ_BIT(RCC->PLLCFGR, RCC_PLLCFGR_PLLPDIV) >> RCC_PLLCFGR_PLLPDIV_
1238:Drivers/STM32G4xx_HAL_Driver/Src/stm32g4xx_hal_rcc.c **** }
1239:Drivers/STM32G4xx_HAL_Driver/Src/stm32g4xx_hal_rcc.c **** 
1240:Drivers/STM32G4xx_HAL_Driver/Src/stm32g4xx_hal_rcc.c **** /**
1241:Drivers/STM32G4xx_HAL_Driver/Src/stm32g4xx_hal_rcc.c ****   * @brief  Configure the RCC_ClkInitStruct according to the internal
1242:Drivers/STM32G4xx_HAL_Driver/Src/stm32g4xx_hal_rcc.c ****   *         RCC configuration registers.
1243:Drivers/STM32G4xx_HAL_Driver/Src/stm32g4xx_hal_rcc.c ****   * @param  RCC_ClkInitStruct  pointer to an RCC_ClkInitTypeDef structure that
1244:Drivers/STM32G4xx_HAL_Driver/Src/stm32g4xx_hal_rcc.c ****   *         will be configured.
1245:Drivers/STM32G4xx_HAL_Driver/Src/stm32g4xx_hal_rcc.c ****   * @param  pFLatency  Pointer on the Flash Latency.
1246:Drivers/STM32G4xx_HAL_Driver/Src/stm32g4xx_hal_rcc.c ****   * @retval None
1247:Drivers/STM32G4xx_HAL_Driver/Src/stm32g4xx_hal_rcc.c ****   */
1248:Drivers/STM32G4xx_HAL_Driver/Src/stm32g4xx_hal_rcc.c **** void HAL_RCC_GetClockConfig(RCC_ClkInitTypeDef  *RCC_ClkInitStruct, uint32_t *pFLatency)
1249:Drivers/STM32G4xx_HAL_Driver/Src/stm32g4xx_hal_rcc.c **** {
1250:Drivers/STM32G4xx_HAL_Driver/Src/stm32g4xx_hal_rcc.c ****   /* Check the parameters */
1251:Drivers/STM32G4xx_HAL_Driver/Src/stm32g4xx_hal_rcc.c ****   assert_param(RCC_ClkInitStruct != (void  *)NULL);
1252:Drivers/STM32G4xx_HAL_Driver/Src/stm32g4xx_hal_rcc.c ****   assert_param(pFLatency != (void *)NULL);
1253:Drivers/STM32G4xx_HAL_Driver/Src/stm32g4xx_hal_rcc.c **** 
1254:Drivers/STM32G4xx_HAL_Driver/Src/stm32g4xx_hal_rcc.c ****   /* Set all possible values for the Clock type parameter --------------------*/
1255:Drivers/STM32G4xx_HAL_Driver/Src/stm32g4xx_hal_rcc.c ****   RCC_ClkInitStruct->ClockType = RCC_CLOCKTYPE_SYSCLK | RCC_CLOCKTYPE_HCLK | RCC_CLOCKTYPE_PCLK1 | 
1256:Drivers/STM32G4xx_HAL_Driver/Src/stm32g4xx_hal_rcc.c **** 
1257:Drivers/STM32G4xx_HAL_Driver/Src/stm32g4xx_hal_rcc.c ****   /* Get the SYSCLK configuration --------------------------------------------*/
1258:Drivers/STM32G4xx_HAL_Driver/Src/stm32g4xx_hal_rcc.c ****   RCC_ClkInitStruct->SYSCLKSource = READ_BIT(RCC->CFGR, RCC_CFGR_SW);
1259:Drivers/STM32G4xx_HAL_Driver/Src/stm32g4xx_hal_rcc.c **** 
1260:Drivers/STM32G4xx_HAL_Driver/Src/stm32g4xx_hal_rcc.c ****   /* Get the HCLK configuration ----------------------------------------------*/
1261:Drivers/STM32G4xx_HAL_Driver/Src/stm32g4xx_hal_rcc.c ****   RCC_ClkInitStruct->AHBCLKDivider = READ_BIT(RCC->CFGR, RCC_CFGR_HPRE);
1262:Drivers/STM32G4xx_HAL_Driver/Src/stm32g4xx_hal_rcc.c **** 
1263:Drivers/STM32G4xx_HAL_Driver/Src/stm32g4xx_hal_rcc.c ****   /* Get the APB1 configuration ----------------------------------------------*/
1264:Drivers/STM32G4xx_HAL_Driver/Src/stm32g4xx_hal_rcc.c ****   RCC_ClkInitStruct->APB1CLKDivider = READ_BIT(RCC->CFGR, RCC_CFGR_PPRE1);
1265:Drivers/STM32G4xx_HAL_Driver/Src/stm32g4xx_hal_rcc.c **** 
1266:Drivers/STM32G4xx_HAL_Driver/Src/stm32g4xx_hal_rcc.c ****   /* Get the APB2 configuration ----------------------------------------------*/
1267:Drivers/STM32G4xx_HAL_Driver/Src/stm32g4xx_hal_rcc.c ****   RCC_ClkInitStruct->APB2CLKDivider = (READ_BIT(RCC->CFGR, RCC_CFGR_PPRE2) >> 3U);
1268:Drivers/STM32G4xx_HAL_Driver/Src/stm32g4xx_hal_rcc.c **** 
1269:Drivers/STM32G4xx_HAL_Driver/Src/stm32g4xx_hal_rcc.c ****   /* Get the Flash Wait State (Latency) configuration ------------------------*/
1270:Drivers/STM32G4xx_HAL_Driver/Src/stm32g4xx_hal_rcc.c ****   *pFLatency = __HAL_FLASH_GET_LATENCY();
1271:Drivers/STM32G4xx_HAL_Driver/Src/stm32g4xx_hal_rcc.c **** }
1272:Drivers/STM32G4xx_HAL_Driver/Src/stm32g4xx_hal_rcc.c **** 
1273:Drivers/STM32G4xx_HAL_Driver/Src/stm32g4xx_hal_rcc.c **** /**
1274:Drivers/STM32G4xx_HAL_Driver/Src/stm32g4xx_hal_rcc.c ****   * @brief  Enable the Clock Security System.
1275:Drivers/STM32G4xx_HAL_Driver/Src/stm32g4xx_hal_rcc.c ****   * @note   If a failure is detected on the HSE oscillator clock, this oscillator
1276:Drivers/STM32G4xx_HAL_Driver/Src/stm32g4xx_hal_rcc.c ****   *         is automatically disabled and an interrupt is generated to inform the
1277:Drivers/STM32G4xx_HAL_Driver/Src/stm32g4xx_hal_rcc.c ****   *         software about the failure (Clock Security System Interrupt, CSSI),
1278:Drivers/STM32G4xx_HAL_Driver/Src/stm32g4xx_hal_rcc.c ****   *         allowing the MCU to perform rescue operations. The CSSI is linked to
1279:Drivers/STM32G4xx_HAL_Driver/Src/stm32g4xx_hal_rcc.c ****   *         the Cortex-M4 NMI (Non-Maskable Interrupt) exception vector.
1280:Drivers/STM32G4xx_HAL_Driver/Src/stm32g4xx_hal_rcc.c ****   * @note   The Clock Security System can only be cleared by reset.
1281:Drivers/STM32G4xx_HAL_Driver/Src/stm32g4xx_hal_rcc.c ****   * @retval None
1282:Drivers/STM32G4xx_HAL_Driver/Src/stm32g4xx_hal_rcc.c ****   */
1283:Drivers/STM32G4xx_HAL_Driver/Src/stm32g4xx_hal_rcc.c **** void HAL_RCC_EnableCSS(void)
1284:Drivers/STM32G4xx_HAL_Driver/Src/stm32g4xx_hal_rcc.c **** {
1285:Drivers/STM32G4xx_HAL_Driver/Src/stm32g4xx_hal_rcc.c ****   SET_BIT(RCC->CR, RCC_CR_CSSON) ;
ARM GAS  /tmp/cc3WS6gG.s 			page 24


1286:Drivers/STM32G4xx_HAL_Driver/Src/stm32g4xx_hal_rcc.c **** }
1287:Drivers/STM32G4xx_HAL_Driver/Src/stm32g4xx_hal_rcc.c **** 
1288:Drivers/STM32G4xx_HAL_Driver/Src/stm32g4xx_hal_rcc.c **** /**
1289:Drivers/STM32G4xx_HAL_Driver/Src/stm32g4xx_hal_rcc.c ****   * @brief  Enable the LSE Clock Security System.
1290:Drivers/STM32G4xx_HAL_Driver/Src/stm32g4xx_hal_rcc.c ****   * @note   If a failure is detected on the external 32 kHz oscillator,
1291:Drivers/STM32G4xx_HAL_Driver/Src/stm32g4xx_hal_rcc.c ****   *         the LSE clock is no longer supplied to the RTC but no hardware action
1292:Drivers/STM32G4xx_HAL_Driver/Src/stm32g4xx_hal_rcc.c ****   *         is made to the registers. If enabled, an interrupt will be generated
1293:Drivers/STM32G4xx_HAL_Driver/Src/stm32g4xx_hal_rcc.c ****   *         and handle through @ref RCCEx_EXTI_LINE_LSECSS
1294:Drivers/STM32G4xx_HAL_Driver/Src/stm32g4xx_hal_rcc.c ****   * @note   The Clock Security System can only be cleared by reset or after a LSE failure detection
1295:Drivers/STM32G4xx_HAL_Driver/Src/stm32g4xx_hal_rcc.c ****   * @retval None
1296:Drivers/STM32G4xx_HAL_Driver/Src/stm32g4xx_hal_rcc.c ****   */
1297:Drivers/STM32G4xx_HAL_Driver/Src/stm32g4xx_hal_rcc.c **** void HAL_RCC_EnableLSECSS(void)
1298:Drivers/STM32G4xx_HAL_Driver/Src/stm32g4xx_hal_rcc.c **** {
1299:Drivers/STM32G4xx_HAL_Driver/Src/stm32g4xx_hal_rcc.c ****   SET_BIT(RCC->BDCR, RCC_BDCR_LSECSSON) ;
1300:Drivers/STM32G4xx_HAL_Driver/Src/stm32g4xx_hal_rcc.c **** }
1301:Drivers/STM32G4xx_HAL_Driver/Src/stm32g4xx_hal_rcc.c **** 
1302:Drivers/STM32G4xx_HAL_Driver/Src/stm32g4xx_hal_rcc.c **** /**
1303:Drivers/STM32G4xx_HAL_Driver/Src/stm32g4xx_hal_rcc.c ****   * @brief  Disable the LSE Clock Security System.
1304:Drivers/STM32G4xx_HAL_Driver/Src/stm32g4xx_hal_rcc.c ****   * @note   After LSE failure detection, the software must disable LSECSSON
1305:Drivers/STM32G4xx_HAL_Driver/Src/stm32g4xx_hal_rcc.c ****   * @note   The Clock Security System can only be cleared by reset otherwise.
1306:Drivers/STM32G4xx_HAL_Driver/Src/stm32g4xx_hal_rcc.c ****   * @retval None
1307:Drivers/STM32G4xx_HAL_Driver/Src/stm32g4xx_hal_rcc.c ****   */
1308:Drivers/STM32G4xx_HAL_Driver/Src/stm32g4xx_hal_rcc.c **** void HAL_RCC_DisableLSECSS(void)
1309:Drivers/STM32G4xx_HAL_Driver/Src/stm32g4xx_hal_rcc.c **** {
1310:Drivers/STM32G4xx_HAL_Driver/Src/stm32g4xx_hal_rcc.c ****   CLEAR_BIT(RCC->BDCR, RCC_BDCR_LSECSSON) ;
1311:Drivers/STM32G4xx_HAL_Driver/Src/stm32g4xx_hal_rcc.c **** }
1312:Drivers/STM32G4xx_HAL_Driver/Src/stm32g4xx_hal_rcc.c **** 
1313:Drivers/STM32G4xx_HAL_Driver/Src/stm32g4xx_hal_rcc.c **** /**
1314:Drivers/STM32G4xx_HAL_Driver/Src/stm32g4xx_hal_rcc.c ****   * @brief Handle the RCC Clock Security System interrupt request.
1315:Drivers/STM32G4xx_HAL_Driver/Src/stm32g4xx_hal_rcc.c ****   * @note This API should be called under the NMI_Handler().
1316:Drivers/STM32G4xx_HAL_Driver/Src/stm32g4xx_hal_rcc.c ****   * @retval None
1317:Drivers/STM32G4xx_HAL_Driver/Src/stm32g4xx_hal_rcc.c ****   */
1318:Drivers/STM32G4xx_HAL_Driver/Src/stm32g4xx_hal_rcc.c **** void HAL_RCC_NMI_IRQHandler(void)
1319:Drivers/STM32G4xx_HAL_Driver/Src/stm32g4xx_hal_rcc.c **** {
1320:Drivers/STM32G4xx_HAL_Driver/Src/stm32g4xx_hal_rcc.c ****   /* Check RCC CSSF interrupt flag  */
1321:Drivers/STM32G4xx_HAL_Driver/Src/stm32g4xx_hal_rcc.c ****   if(__HAL_RCC_GET_IT(RCC_IT_CSS))
1322:Drivers/STM32G4xx_HAL_Driver/Src/stm32g4xx_hal_rcc.c ****   {
1323:Drivers/STM32G4xx_HAL_Driver/Src/stm32g4xx_hal_rcc.c ****     /* RCC Clock Security System interrupt user callback */
1324:Drivers/STM32G4xx_HAL_Driver/Src/stm32g4xx_hal_rcc.c ****     HAL_RCC_CSSCallback();
1325:Drivers/STM32G4xx_HAL_Driver/Src/stm32g4xx_hal_rcc.c **** 
1326:Drivers/STM32G4xx_HAL_Driver/Src/stm32g4xx_hal_rcc.c ****     /* Clear RCC CSS pending bit */
1327:Drivers/STM32G4xx_HAL_Driver/Src/stm32g4xx_hal_rcc.c ****     __HAL_RCC_CLEAR_IT(RCC_IT_CSS);
1328:Drivers/STM32G4xx_HAL_Driver/Src/stm32g4xx_hal_rcc.c ****   }
1329:Drivers/STM32G4xx_HAL_Driver/Src/stm32g4xx_hal_rcc.c **** }
1330:Drivers/STM32G4xx_HAL_Driver/Src/stm32g4xx_hal_rcc.c **** 
1331:Drivers/STM32G4xx_HAL_Driver/Src/stm32g4xx_hal_rcc.c **** /**
1332:Drivers/STM32G4xx_HAL_Driver/Src/stm32g4xx_hal_rcc.c ****   * @brief  RCC Clock Security System interrupt callback.
1333:Drivers/STM32G4xx_HAL_Driver/Src/stm32g4xx_hal_rcc.c ****   * @retval none
1334:Drivers/STM32G4xx_HAL_Driver/Src/stm32g4xx_hal_rcc.c ****   */
1335:Drivers/STM32G4xx_HAL_Driver/Src/stm32g4xx_hal_rcc.c **** __weak void HAL_RCC_CSSCallback(void)
1336:Drivers/STM32G4xx_HAL_Driver/Src/stm32g4xx_hal_rcc.c **** {
1337:Drivers/STM32G4xx_HAL_Driver/Src/stm32g4xx_hal_rcc.c ****   /* NOTE : This function should not be modified, when the callback is needed,
1338:Drivers/STM32G4xx_HAL_Driver/Src/stm32g4xx_hal_rcc.c ****             the HAL_RCC_CSSCallback should be implemented in the user file
1339:Drivers/STM32G4xx_HAL_Driver/Src/stm32g4xx_hal_rcc.c ****    */
1340:Drivers/STM32G4xx_HAL_Driver/Src/stm32g4xx_hal_rcc.c **** }
1341:Drivers/STM32G4xx_HAL_Driver/Src/stm32g4xx_hal_rcc.c **** 
1342:Drivers/STM32G4xx_HAL_Driver/Src/stm32g4xx_hal_rcc.c **** /**
ARM GAS  /tmp/cc3WS6gG.s 			page 25


1343:Drivers/STM32G4xx_HAL_Driver/Src/stm32g4xx_hal_rcc.c ****   * @}
1344:Drivers/STM32G4xx_HAL_Driver/Src/stm32g4xx_hal_rcc.c ****   */
1345:Drivers/STM32G4xx_HAL_Driver/Src/stm32g4xx_hal_rcc.c **** 
1346:Drivers/STM32G4xx_HAL_Driver/Src/stm32g4xx_hal_rcc.c **** /**
1347:Drivers/STM32G4xx_HAL_Driver/Src/stm32g4xx_hal_rcc.c ****   * @}
1348:Drivers/STM32G4xx_HAL_Driver/Src/stm32g4xx_hal_rcc.c ****   */
1349:Drivers/STM32G4xx_HAL_Driver/Src/stm32g4xx_hal_rcc.c **** 
1350:Drivers/STM32G4xx_HAL_Driver/Src/stm32g4xx_hal_rcc.c **** /* Private function prototypes -----------------------------------------------*/
1351:Drivers/STM32G4xx_HAL_Driver/Src/stm32g4xx_hal_rcc.c **** /** @addtogroup RCC_Private_Functions
1352:Drivers/STM32G4xx_HAL_Driver/Src/stm32g4xx_hal_rcc.c ****   * @{
1353:Drivers/STM32G4xx_HAL_Driver/Src/stm32g4xx_hal_rcc.c ****   */
1354:Drivers/STM32G4xx_HAL_Driver/Src/stm32g4xx_hal_rcc.c **** 
1355:Drivers/STM32G4xx_HAL_Driver/Src/stm32g4xx_hal_rcc.c **** /**
1356:Drivers/STM32G4xx_HAL_Driver/Src/stm32g4xx_hal_rcc.c ****   * @brief  Compute SYSCLK frequency based on PLL SYSCLK source.
1357:Drivers/STM32G4xx_HAL_Driver/Src/stm32g4xx_hal_rcc.c ****   * @retval SYSCLK frequency
1358:Drivers/STM32G4xx_HAL_Driver/Src/stm32g4xx_hal_rcc.c ****   */
1359:Drivers/STM32G4xx_HAL_Driver/Src/stm32g4xx_hal_rcc.c **** static uint32_t RCC_GetSysClockFreqFromPLLSource(void)
1360:Drivers/STM32G4xx_HAL_Driver/Src/stm32g4xx_hal_rcc.c **** {
  28              		.loc 1 1360 1 view -0
  29              		.cfi_startproc
  30              		@ args = 0, pretend = 0, frame = 0
  31              		@ frame_needed = 0, uses_anonymous_args = 0
  32              		@ link register save eliminated.
1361:Drivers/STM32G4xx_HAL_Driver/Src/stm32g4xx_hal_rcc.c ****   uint32_t pllvco, pllsource, pllr, pllm;
  33              		.loc 1 1361 3 view .LVU1
1362:Drivers/STM32G4xx_HAL_Driver/Src/stm32g4xx_hal_rcc.c ****   uint32_t sysclockfreq;
  34              		.loc 1 1362 3 view .LVU2
1363:Drivers/STM32G4xx_HAL_Driver/Src/stm32g4xx_hal_rcc.c **** 
1364:Drivers/STM32G4xx_HAL_Driver/Src/stm32g4xx_hal_rcc.c ****   /* PLL_VCO = (HSE_VALUE or HSI_VALUE/ PLLM) * PLLN
1365:Drivers/STM32G4xx_HAL_Driver/Src/stm32g4xx_hal_rcc.c ****      SYSCLK = PLL_VCO / PLLR
1366:Drivers/STM32G4xx_HAL_Driver/Src/stm32g4xx_hal_rcc.c ****    */
1367:Drivers/STM32G4xx_HAL_Driver/Src/stm32g4xx_hal_rcc.c ****   pllsource = READ_BIT(RCC->PLLCFGR, RCC_PLLCFGR_PLLSRC);
  35              		.loc 1 1367 3 view .LVU3
  36              		.loc 1 1367 15 is_stmt 0 view .LVU4
  37 0000 124B     		ldr	r3, .L5
  38 0002 DA68     		ldr	r2, [r3, #12]
  39              		.loc 1 1367 13 view .LVU5
  40 0004 02F00302 		and	r2, r2, #3
  41              	.LVL0:
1368:Drivers/STM32G4xx_HAL_Driver/Src/stm32g4xx_hal_rcc.c ****   pllm = (READ_BIT(RCC->PLLCFGR, RCC_PLLCFGR_PLLM) >> RCC_PLLCFGR_PLLM_Pos) + 1U ;
  42              		.loc 1 1368 3 is_stmt 1 view .LVU6
  43              		.loc 1 1368 11 is_stmt 0 view .LVU7
  44 0008 DB68     		ldr	r3, [r3, #12]
  45              		.loc 1 1368 52 view .LVU8
  46 000a C3F30313 		ubfx	r3, r3, #4, #4
  47              		.loc 1 1368 8 view .LVU9
  48 000e 0133     		adds	r3, r3, #1
  49              	.LVL1:
1369:Drivers/STM32G4xx_HAL_Driver/Src/stm32g4xx_hal_rcc.c **** 
1370:Drivers/STM32G4xx_HAL_Driver/Src/stm32g4xx_hal_rcc.c ****   switch (pllsource)
  50              		.loc 1 1370 3 is_stmt 1 view .LVU10
  51 0010 032A     		cmp	r2, #3
  52 0012 11D0     		beq	.L4
1371:Drivers/STM32G4xx_HAL_Driver/Src/stm32g4xx_hal_rcc.c ****   {
1372:Drivers/STM32G4xx_HAL_Driver/Src/stm32g4xx_hal_rcc.c ****   case RCC_PLLSOURCE_HSE:  /* HSE used as PLL clock source */
1373:Drivers/STM32G4xx_HAL_Driver/Src/stm32g4xx_hal_rcc.c ****     pllvco = (HSE_VALUE / pllm) * (READ_BIT(RCC->PLLCFGR, RCC_PLLCFGR_PLLN) >> RCC_PLLCFGR_PLLN_Pos
1374:Drivers/STM32G4xx_HAL_Driver/Src/stm32g4xx_hal_rcc.c ****     break;
ARM GAS  /tmp/cc3WS6gG.s 			page 26


1375:Drivers/STM32G4xx_HAL_Driver/Src/stm32g4xx_hal_rcc.c **** 
1376:Drivers/STM32G4xx_HAL_Driver/Src/stm32g4xx_hal_rcc.c ****   case RCC_PLLSOURCE_HSI:  /* HSI used as PLL clock source */
1377:Drivers/STM32G4xx_HAL_Driver/Src/stm32g4xx_hal_rcc.c ****   default:
1378:Drivers/STM32G4xx_HAL_Driver/Src/stm32g4xx_hal_rcc.c ****     pllvco = (HSI_VALUE / pllm) * (READ_BIT(RCC->PLLCFGR, RCC_PLLCFGR_PLLN) >> RCC_PLLCFGR_PLLN_Pos
  53              		.loc 1 1378 5 view .LVU11
  54              		.loc 1 1378 25 is_stmt 0 view .LVU12
  55 0014 0E48     		ldr	r0, .L5+4
  56 0016 B0FBF3F0 		udiv	r0, r0, r3
  57              		.loc 1 1378 36 view .LVU13
  58 001a 0C4B     		ldr	r3, .L5
  59              	.LVL2:
  60              		.loc 1 1378 36 view .LVU14
  61 001c DB68     		ldr	r3, [r3, #12]
  62              		.loc 1 1378 77 view .LVU15
  63 001e C3F30623 		ubfx	r3, r3, #8, #7
  64              		.loc 1 1378 12 view .LVU16
  65 0022 03FB00F0 		mul	r0, r3, r0
  66              	.LVL3:
1379:Drivers/STM32G4xx_HAL_Driver/Src/stm32g4xx_hal_rcc.c ****     break;
  67              		.loc 1 1379 5 is_stmt 1 view .LVU17
  68              	.L3:
1380:Drivers/STM32G4xx_HAL_Driver/Src/stm32g4xx_hal_rcc.c ****   }
1381:Drivers/STM32G4xx_HAL_Driver/Src/stm32g4xx_hal_rcc.c **** 
1382:Drivers/STM32G4xx_HAL_Driver/Src/stm32g4xx_hal_rcc.c ****   pllr = ((READ_BIT(RCC->PLLCFGR, RCC_PLLCFGR_PLLR) >> RCC_PLLCFGR_PLLR_Pos) + 1U ) * 2U;
  69              		.loc 1 1382 3 view .LVU18
  70              		.loc 1 1382 12 is_stmt 0 view .LVU19
  71 0026 094B     		ldr	r3, .L5
  72 0028 DB68     		ldr	r3, [r3, #12]
  73              		.loc 1 1382 53 view .LVU20
  74 002a C3F34163 		ubfx	r3, r3, #25, #2
  75              		.loc 1 1382 78 view .LVU21
  76 002e 0133     		adds	r3, r3, #1
  77              		.loc 1 1382 8 view .LVU22
  78 0030 5B00     		lsls	r3, r3, #1
  79              	.LVL4:
1383:Drivers/STM32G4xx_HAL_Driver/Src/stm32g4xx_hal_rcc.c ****   sysclockfreq = pllvco/pllr;
  80              		.loc 1 1383 3 is_stmt 1 view .LVU23
1384:Drivers/STM32G4xx_HAL_Driver/Src/stm32g4xx_hal_rcc.c **** 
1385:Drivers/STM32G4xx_HAL_Driver/Src/stm32g4xx_hal_rcc.c ****   return sysclockfreq;
  81              		.loc 1 1385 3 view .LVU24
1386:Drivers/STM32G4xx_HAL_Driver/Src/stm32g4xx_hal_rcc.c **** }
  82              		.loc 1 1386 1 is_stmt 0 view .LVU25
  83 0032 B0FBF3F0 		udiv	r0, r0, r3
  84              	.LVL5:
  85              		.loc 1 1386 1 view .LVU26
  86 0036 7047     		bx	lr
  87              	.LVL6:
  88              	.L4:
1373:Drivers/STM32G4xx_HAL_Driver/Src/stm32g4xx_hal_rcc.c ****     break;
  89              		.loc 1 1373 5 is_stmt 1 view .LVU27
1373:Drivers/STM32G4xx_HAL_Driver/Src/stm32g4xx_hal_rcc.c ****     break;
  90              		.loc 1 1373 25 is_stmt 0 view .LVU28
  91 0038 0648     		ldr	r0, .L5+8
  92 003a B0FBF3F0 		udiv	r0, r0, r3
1373:Drivers/STM32G4xx_HAL_Driver/Src/stm32g4xx_hal_rcc.c ****     break;
  93              		.loc 1 1373 36 view .LVU29
  94 003e 034B     		ldr	r3, .L5
ARM GAS  /tmp/cc3WS6gG.s 			page 27


  95              	.LVL7:
1373:Drivers/STM32G4xx_HAL_Driver/Src/stm32g4xx_hal_rcc.c ****     break;
  96              		.loc 1 1373 36 view .LVU30
  97 0040 DB68     		ldr	r3, [r3, #12]
1373:Drivers/STM32G4xx_HAL_Driver/Src/stm32g4xx_hal_rcc.c ****     break;
  98              		.loc 1 1373 77 view .LVU31
  99 0042 C3F30623 		ubfx	r3, r3, #8, #7
1373:Drivers/STM32G4xx_HAL_Driver/Src/stm32g4xx_hal_rcc.c ****     break;
 100              		.loc 1 1373 12 view .LVU32
 101 0046 03FB00F0 		mul	r0, r3, r0
 102              	.LVL8:
1374:Drivers/STM32G4xx_HAL_Driver/Src/stm32g4xx_hal_rcc.c **** 
 103              		.loc 1 1374 5 is_stmt 1 view .LVU33
 104 004a ECE7     		b	.L3
 105              	.L6:
 106              		.align	2
 107              	.L5:
 108 004c 00100240 		.word	1073876992
 109 0050 0024F400 		.word	16000000
 110 0054 00127A00 		.word	8000000
 111              		.cfi_endproc
 112              	.LFE147:
 114              		.section	.text.HAL_RCC_DeInit,"ax",%progbits
 115              		.align	1
 116              		.global	HAL_RCC_DeInit
 117              		.syntax unified
 118              		.thumb
 119              		.thumb_func
 121              	HAL_RCC_DeInit:
 122              	.LFB132:
 220:Drivers/STM32G4xx_HAL_Driver/Src/stm32g4xx_hal_rcc.c ****   uint32_t tickstart;
 123              		.loc 1 220 1 view -0
 124              		.cfi_startproc
 125              		@ args = 0, pretend = 0, frame = 0
 126              		@ frame_needed = 0, uses_anonymous_args = 0
 127 0000 38B5     		push	{r3, r4, r5, lr}
 128              		.cfi_def_cfa_offset 16
 129              		.cfi_offset 3, -16
 130              		.cfi_offset 4, -12
 131              		.cfi_offset 5, -8
 132              		.cfi_offset 14, -4
 221:Drivers/STM32G4xx_HAL_Driver/Src/stm32g4xx_hal_rcc.c **** 
 133              		.loc 1 221 3 view .LVU35
 224:Drivers/STM32G4xx_HAL_Driver/Src/stm32g4xx_hal_rcc.c **** 
 134              		.loc 1 224 3 view .LVU36
 224:Drivers/STM32G4xx_HAL_Driver/Src/stm32g4xx_hal_rcc.c **** 
 135              		.loc 1 224 15 is_stmt 0 view .LVU37
 136 0002 FFF7FEFF 		bl	HAL_GetTick
 137              	.LVL9:
 138 0006 0446     		mov	r4, r0
 139              	.LVL10:
 227:Drivers/STM32G4xx_HAL_Driver/Src/stm32g4xx_hal_rcc.c **** 
 140              		.loc 1 227 3 is_stmt 1 view .LVU38
 141 0008 2C4A     		ldr	r2, .L24
 142 000a 1368     		ldr	r3, [r2]
 143 000c 43F48073 		orr	r3, r3, #256
 144 0010 1360     		str	r3, [r2]
ARM GAS  /tmp/cc3WS6gG.s 			page 28


 230:Drivers/STM32G4xx_HAL_Driver/Src/stm32g4xx_hal_rcc.c ****   {
 145              		.loc 1 230 3 view .LVU39
 146              	.LVL11:
 147              	.L8:
 230:Drivers/STM32G4xx_HAL_Driver/Src/stm32g4xx_hal_rcc.c ****   {
 148              		.loc 1 230 43 view .LVU40
 230:Drivers/STM32G4xx_HAL_Driver/Src/stm32g4xx_hal_rcc.c ****   {
 149              		.loc 1 230 10 is_stmt 0 view .LVU41
 150 0012 2A4B     		ldr	r3, .L24
 151 0014 1B68     		ldr	r3, [r3]
 230:Drivers/STM32G4xx_HAL_Driver/Src/stm32g4xx_hal_rcc.c ****   {
 152              		.loc 1 230 43 view .LVU42
 153 0016 13F4806F 		tst	r3, #1024
 154 001a 07D1     		bne	.L20
 232:Drivers/STM32G4xx_HAL_Driver/Src/stm32g4xx_hal_rcc.c ****     {
 155              		.loc 1 232 5 is_stmt 1 view .LVU43
 232:Drivers/STM32G4xx_HAL_Driver/Src/stm32g4xx_hal_rcc.c ****     {
 156              		.loc 1 232 10 is_stmt 0 view .LVU44
 157 001c FFF7FEFF 		bl	HAL_GetTick
 158              	.LVL12:
 232:Drivers/STM32G4xx_HAL_Driver/Src/stm32g4xx_hal_rcc.c ****     {
 159              		.loc 1 232 24 discriminator 1 view .LVU45
 160 0020 001B     		subs	r0, r0, r4
 232:Drivers/STM32G4xx_HAL_Driver/Src/stm32g4xx_hal_rcc.c ****     {
 161              		.loc 1 232 8 discriminator 1 view .LVU46
 162 0022 0228     		cmp	r0, #2
 163 0024 F5D9     		bls	.L8
 234:Drivers/STM32G4xx_HAL_Driver/Src/stm32g4xx_hal_rcc.c ****     }
 164              		.loc 1 234 14 view .LVU47
 165 0026 0324     		movs	r4, #3
 166              	.LVL13:
 167              	.L9:
 296:Drivers/STM32G4xx_HAL_Driver/Src/stm32g4xx_hal_rcc.c **** 
 168              		.loc 1 296 1 view .LVU48
 169 0028 2046     		mov	r0, r4
 170 002a 38BD     		pop	{r3, r4, r5, pc}
 171              	.LVL14:
 172              	.L20:
 239:Drivers/STM32G4xx_HAL_Driver/Src/stm32g4xx_hal_rcc.c **** 
 173              		.loc 1 239 3 is_stmt 1 view .LVU49
 174 002c 234D     		ldr	r5, .L24
 175 002e 6B68     		ldr	r3, [r5, #4]
 176 0030 43F08043 		orr	r3, r3, #1073741824
 177 0034 6B60     		str	r3, [r5, #4]
 242:Drivers/STM32G4xx_HAL_Driver/Src/stm32g4xx_hal_rcc.c **** 
 178              		.loc 1 242 3 view .LVU50
 242:Drivers/STM32G4xx_HAL_Driver/Src/stm32g4xx_hal_rcc.c **** 
 179              		.loc 1 242 15 is_stmt 0 view .LVU51
 180 0036 FFF7FEFF 		bl	HAL_GetTick
 181              	.LVL15:
 182 003a 0446     		mov	r4, r0
 183              	.LVL16:
 245:Drivers/STM32G4xx_HAL_Driver/Src/stm32g4xx_hal_rcc.c **** 
 184              		.loc 1 245 3 is_stmt 1 view .LVU52
 245:Drivers/STM32G4xx_HAL_Driver/Src/stm32g4xx_hal_rcc.c **** 
 185              		.loc 1 245 13 is_stmt 0 view .LVU53
 186 003c 0123     		movs	r3, #1
ARM GAS  /tmp/cc3WS6gG.s 			page 29


 187 003e AB60     		str	r3, [r5, #8]
 248:Drivers/STM32G4xx_HAL_Driver/Src/stm32g4xx_hal_rcc.c ****   {
 188              		.loc 1 248 3 is_stmt 1 view .LVU54
 189              	.LVL17:
 190              	.L11:
 248:Drivers/STM32G4xx_HAL_Driver/Src/stm32g4xx_hal_rcc.c ****   {
 191              		.loc 1 248 44 view .LVU55
 248:Drivers/STM32G4xx_HAL_Driver/Src/stm32g4xx_hal_rcc.c ****   {
 192              		.loc 1 248 10 is_stmt 0 view .LVU56
 193 0040 1E4B     		ldr	r3, .L24
 194 0042 9B68     		ldr	r3, [r3, #8]
 195 0044 03F00C03 		and	r3, r3, #12
 248:Drivers/STM32G4xx_HAL_Driver/Src/stm32g4xx_hal_rcc.c ****   {
 196              		.loc 1 248 44 view .LVU57
 197 0048 042B     		cmp	r3, #4
 198 004a 08D0     		beq	.L21
 250:Drivers/STM32G4xx_HAL_Driver/Src/stm32g4xx_hal_rcc.c ****     {
 199              		.loc 1 250 5 is_stmt 1 view .LVU58
 250:Drivers/STM32G4xx_HAL_Driver/Src/stm32g4xx_hal_rcc.c ****     {
 200              		.loc 1 250 10 is_stmt 0 view .LVU59
 201 004c FFF7FEFF 		bl	HAL_GetTick
 202              	.LVL18:
 250:Drivers/STM32G4xx_HAL_Driver/Src/stm32g4xx_hal_rcc.c ****     {
 203              		.loc 1 250 24 discriminator 1 view .LVU60
 204 0050 001B     		subs	r0, r0, r4
 250:Drivers/STM32G4xx_HAL_Driver/Src/stm32g4xx_hal_rcc.c ****     {
 205              		.loc 1 250 8 discriminator 1 view .LVU61
 206 0052 41F28833 		movw	r3, #5000
 207 0056 9842     		cmp	r0, r3
 208 0058 F2D9     		bls	.L11
 252:Drivers/STM32G4xx_HAL_Driver/Src/stm32g4xx_hal_rcc.c ****     }
 209              		.loc 1 252 14 view .LVU62
 210 005a 0324     		movs	r4, #3
 211              	.LVL19:
 252:Drivers/STM32G4xx_HAL_Driver/Src/stm32g4xx_hal_rcc.c ****     }
 212              		.loc 1 252 14 view .LVU63
 213 005c E4E7     		b	.L9
 214              	.LVL20:
 215              	.L21:
 257:Drivers/STM32G4xx_HAL_Driver/Src/stm32g4xx_hal_rcc.c **** 
 216              		.loc 1 257 3 is_stmt 1 view .LVU64
 257:Drivers/STM32G4xx_HAL_Driver/Src/stm32g4xx_hal_rcc.c **** 
 217              		.loc 1 257 19 is_stmt 0 view .LVU65
 218 005e 184B     		ldr	r3, .L24+4
 219 0060 184A     		ldr	r2, .L24+8
 220 0062 1A60     		str	r2, [r3]
 260:Drivers/STM32G4xx_HAL_Driver/Src/stm32g4xx_hal_rcc.c ****   {
 221              		.loc 1 260 3 is_stmt 1 view .LVU66
 260:Drivers/STM32G4xx_HAL_Driver/Src/stm32g4xx_hal_rcc.c ****   {
 222              		.loc 1 260 7 is_stmt 0 view .LVU67
 223 0064 184B     		ldr	r3, .L24+12
 224 0066 1868     		ldr	r0, [r3]
 225 0068 FFF7FEFF 		bl	HAL_InitTick
 226              	.LVL21:
 260:Drivers/STM32G4xx_HAL_Driver/Src/stm32g4xx_hal_rcc.c ****   {
 227              		.loc 1 260 6 discriminator 1 view .LVU68
 228 006c 0446     		mov	r4, r0
ARM GAS  /tmp/cc3WS6gG.s 			page 30


 229              	.LVL22:
 260:Drivers/STM32G4xx_HAL_Driver/Src/stm32g4xx_hal_rcc.c ****   {
 230              		.loc 1 260 6 discriminator 1 view .LVU69
 231 006e 08B1     		cbz	r0, .L22
 262:Drivers/STM32G4xx_HAL_Driver/Src/stm32g4xx_hal_rcc.c ****   }
 232              		.loc 1 262 12 view .LVU70
 233 0070 0124     		movs	r4, #1
 234 0072 D9E7     		b	.L9
 235              	.L22:
 266:Drivers/STM32G4xx_HAL_Driver/Src/stm32g4xx_hal_rcc.c **** 
 236              		.loc 1 266 3 is_stmt 1 view .LVU71
 266:Drivers/STM32G4xx_HAL_Driver/Src/stm32g4xx_hal_rcc.c **** 
 237              		.loc 1 266 11 is_stmt 0 view .LVU72
 238 0074 114B     		ldr	r3, .L24
 239 0076 4FF48072 		mov	r2, #256
 240 007a 1A60     		str	r2, [r3]
 269:Drivers/STM32G4xx_HAL_Driver/Src/stm32g4xx_hal_rcc.c **** 
 241              		.loc 1 269 3 is_stmt 1 view .LVU73
 269:Drivers/STM32G4xx_HAL_Driver/Src/stm32g4xx_hal_rcc.c **** 
 242              		.loc 1 269 11 is_stmt 0 view .LVU74
 243 007c 1A60     		str	r2, [r3]
 272:Drivers/STM32G4xx_HAL_Driver/Src/stm32g4xx_hal_rcc.c **** 
 244              		.loc 1 272 3 is_stmt 1 view .LVU75
 272:Drivers/STM32G4xx_HAL_Driver/Src/stm32g4xx_hal_rcc.c **** 
 245              		.loc 1 272 15 is_stmt 0 view .LVU76
 246 007e FFF7FEFF 		bl	HAL_GetTick
 247              	.LVL23:
 248 0082 0546     		mov	r5, r0
 249              	.LVL24:
 275:Drivers/STM32G4xx_HAL_Driver/Src/stm32g4xx_hal_rcc.c ****   {
 250              		.loc 1 275 3 is_stmt 1 view .LVU77
 251              	.L13:
 275:Drivers/STM32G4xx_HAL_Driver/Src/stm32g4xx_hal_rcc.c ****   {
 252              		.loc 1 275 43 view .LVU78
 275:Drivers/STM32G4xx_HAL_Driver/Src/stm32g4xx_hal_rcc.c ****   {
 253              		.loc 1 275 10 is_stmt 0 view .LVU79
 254 0084 0D4B     		ldr	r3, .L24
 255 0086 1B68     		ldr	r3, [r3]
 275:Drivers/STM32G4xx_HAL_Driver/Src/stm32g4xx_hal_rcc.c ****   {
 256              		.loc 1 275 43 view .LVU80
 257 0088 13F0007F 		tst	r3, #33554432
 258 008c 06D0     		beq	.L23
 277:Drivers/STM32G4xx_HAL_Driver/Src/stm32g4xx_hal_rcc.c ****     {
 259              		.loc 1 277 5 is_stmt 1 view .LVU81
 277:Drivers/STM32G4xx_HAL_Driver/Src/stm32g4xx_hal_rcc.c ****     {
 260              		.loc 1 277 10 is_stmt 0 view .LVU82
 261 008e FFF7FEFF 		bl	HAL_GetTick
 262              	.LVL25:
 277:Drivers/STM32G4xx_HAL_Driver/Src/stm32g4xx_hal_rcc.c ****     {
 263              		.loc 1 277 24 discriminator 1 view .LVU83
 264 0092 401B     		subs	r0, r0, r5
 277:Drivers/STM32G4xx_HAL_Driver/Src/stm32g4xx_hal_rcc.c ****     {
 265              		.loc 1 277 8 discriminator 1 view .LVU84
 266 0094 0228     		cmp	r0, #2
 267 0096 F5D9     		bls	.L13
 279:Drivers/STM32G4xx_HAL_Driver/Src/stm32g4xx_hal_rcc.c ****     }
 268              		.loc 1 279 14 view .LVU85
ARM GAS  /tmp/cc3WS6gG.s 			page 31


 269 0098 0324     		movs	r4, #3
 270 009a C5E7     		b	.L9
 271              	.L23:
 284:Drivers/STM32G4xx_HAL_Driver/Src/stm32g4xx_hal_rcc.c **** 
 272              		.loc 1 284 3 is_stmt 1 view .LVU86
 284:Drivers/STM32G4xx_HAL_Driver/Src/stm32g4xx_hal_rcc.c **** 
 273              		.loc 1 284 16 is_stmt 0 view .LVU87
 274 009c 074B     		ldr	r3, .L24
 275 009e 4FF48052 		mov	r2, #4096
 276 00a2 DA60     		str	r2, [r3, #12]
 287:Drivers/STM32G4xx_HAL_Driver/Src/stm32g4xx_hal_rcc.c **** 
 277              		.loc 1 287 3 is_stmt 1 view .LVU88
 278 00a4 0022     		movs	r2, #0
 279 00a6 9A61     		str	r2, [r3, #24]
 290:Drivers/STM32G4xx_HAL_Driver/Src/stm32g4xx_hal_rcc.c **** 
 280              		.loc 1 290 3 view .LVU89
 281 00a8 4FF0FF32 		mov	r2, #-1
 282 00ac 1A62     		str	r2, [r3, #32]
 293:Drivers/STM32G4xx_HAL_Driver/Src/stm32g4xx_hal_rcc.c **** 
 283              		.loc 1 293 3 view .LVU90
 284 00ae D3F89420 		ldr	r2, [r3, #148]
 285 00b2 42F40002 		orr	r2, r2, #8388608
 286 00b6 C3F89420 		str	r2, [r3, #148]
 295:Drivers/STM32G4xx_HAL_Driver/Src/stm32g4xx_hal_rcc.c **** }
 287              		.loc 1 295 3 view .LVU91
 295:Drivers/STM32G4xx_HAL_Driver/Src/stm32g4xx_hal_rcc.c **** }
 288              		.loc 1 295 10 is_stmt 0 view .LVU92
 289 00ba B5E7     		b	.L9
 290              	.L25:
 291              		.align	2
 292              	.L24:
 293 00bc 00100240 		.word	1073876992
 294 00c0 00000000 		.word	SystemCoreClock
 295 00c4 0024F400 		.word	16000000
 296 00c8 00000000 		.word	uwTickPrio
 297              		.cfi_endproc
 298              	.LFE132:
 300              		.section	.text.HAL_RCC_OscConfig,"ax",%progbits
 301              		.align	1
 302              		.global	HAL_RCC_OscConfig
 303              		.syntax unified
 304              		.thumb
 305              		.thumb_func
 307              	HAL_RCC_OscConfig:
 308              	.LVL26:
 309              	.LFB133:
 313:Drivers/STM32G4xx_HAL_Driver/Src/stm32g4xx_hal_rcc.c ****   uint32_t tickstart;
 310              		.loc 1 313 1 is_stmt 1 view -0
 311              		.cfi_startproc
 312              		@ args = 0, pretend = 0, frame = 8
 313              		@ frame_needed = 0, uses_anonymous_args = 0
 314:Drivers/STM32G4xx_HAL_Driver/Src/stm32g4xx_hal_rcc.c ****   uint32_t temp_sysclksrc;
 314              		.loc 1 314 3 view .LVU94
 315:Drivers/STM32G4xx_HAL_Driver/Src/stm32g4xx_hal_rcc.c ****   uint32_t temp_pllckcfg;
 315              		.loc 1 315 3 view .LVU95
 316:Drivers/STM32G4xx_HAL_Driver/Src/stm32g4xx_hal_rcc.c **** 
 316              		.loc 1 316 3 view .LVU96
ARM GAS  /tmp/cc3WS6gG.s 			page 32


 319:Drivers/STM32G4xx_HAL_Driver/Src/stm32g4xx_hal_rcc.c ****   {
 317              		.loc 1 319 3 view .LVU97
 319:Drivers/STM32G4xx_HAL_Driver/Src/stm32g4xx_hal_rcc.c ****   {
 318              		.loc 1 319 6 is_stmt 0 view .LVU98
 319 0000 0028     		cmp	r0, #0
 320 0002 00F05182 		beq	.L84
 313:Drivers/STM32G4xx_HAL_Driver/Src/stm32g4xx_hal_rcc.c ****   uint32_t tickstart;
 321              		.loc 1 313 1 view .LVU99
 322 0006 70B5     		push	{r4, r5, r6, lr}
 323              		.cfi_def_cfa_offset 16
 324              		.cfi_offset 4, -16
 325              		.cfi_offset 5, -12
 326              		.cfi_offset 6, -8
 327              		.cfi_offset 14, -4
 328 0008 82B0     		sub	sp, sp, #8
 329              		.cfi_def_cfa_offset 24
 330 000a 0446     		mov	r4, r0
 325:Drivers/STM32G4xx_HAL_Driver/Src/stm32g4xx_hal_rcc.c **** 
 331              		.loc 1 325 3 is_stmt 1 view .LVU100
 328:Drivers/STM32G4xx_HAL_Driver/Src/stm32g4xx_hal_rcc.c ****   {
 332              		.loc 1 328 3 view .LVU101
 328:Drivers/STM32G4xx_HAL_Driver/Src/stm32g4xx_hal_rcc.c ****   {
 333              		.loc 1 328 26 is_stmt 0 view .LVU102
 334 000c 0368     		ldr	r3, [r0]
 328:Drivers/STM32G4xx_HAL_Driver/Src/stm32g4xx_hal_rcc.c ****   {
 335              		.loc 1 328 6 view .LVU103
 336 000e 13F0010F 		tst	r3, #1
 337 0012 37D0     		beq	.L28
 331:Drivers/STM32G4xx_HAL_Driver/Src/stm32g4xx_hal_rcc.c **** 
 338              		.loc 1 331 5 is_stmt 1 view .LVU104
 333:Drivers/STM32G4xx_HAL_Driver/Src/stm32g4xx_hal_rcc.c ****     temp_pllckcfg = __HAL_RCC_GET_PLL_OSCSOURCE();
 339              		.loc 1 333 5 view .LVU105
 333:Drivers/STM32G4xx_HAL_Driver/Src/stm32g4xx_hal_rcc.c ****     temp_pllckcfg = __HAL_RCC_GET_PLL_OSCSOURCE();
 340              		.loc 1 333 22 is_stmt 0 view .LVU106
 341 0014 A54A     		ldr	r2, .L130
 342 0016 9368     		ldr	r3, [r2, #8]
 333:Drivers/STM32G4xx_HAL_Driver/Src/stm32g4xx_hal_rcc.c ****     temp_pllckcfg = __HAL_RCC_GET_PLL_OSCSOURCE();
 343              		.loc 1 333 20 view .LVU107
 344 0018 03F00C03 		and	r3, r3, #12
 345              	.LVL27:
 334:Drivers/STM32G4xx_HAL_Driver/Src/stm32g4xx_hal_rcc.c **** 
 346              		.loc 1 334 5 is_stmt 1 view .LVU108
 334:Drivers/STM32G4xx_HAL_Driver/Src/stm32g4xx_hal_rcc.c **** 
 347              		.loc 1 334 21 is_stmt 0 view .LVU109
 348 001c D268     		ldr	r2, [r2, #12]
 334:Drivers/STM32G4xx_HAL_Driver/Src/stm32g4xx_hal_rcc.c **** 
 349              		.loc 1 334 19 view .LVU110
 350 001e 02F00302 		and	r2, r2, #3
 351              	.LVL28:
 337:Drivers/STM32G4xx_HAL_Driver/Src/stm32g4xx_hal_rcc.c ****     {
 352              		.loc 1 337 5 is_stmt 1 view .LVU111
 337:Drivers/STM32G4xx_HAL_Driver/Src/stm32g4xx_hal_rcc.c ****     {
 353              		.loc 1 337 8 is_stmt 0 view .LVU112
 354 0022 0C2B     		cmp	r3, #12
 355 0024 23D0     		beq	.L115
 356              	.L29:
 337:Drivers/STM32G4xx_HAL_Driver/Src/stm32g4xx_hal_rcc.c ****     {
ARM GAS  /tmp/cc3WS6gG.s 			page 33


 357              		.loc 1 337 88 discriminator 3 view .LVU113
 358 0026 082B     		cmp	r3, #8
 359 0028 23D0     		beq	.L30
 347:Drivers/STM32G4xx_HAL_Driver/Src/stm32g4xx_hal_rcc.c **** 
 360              		.loc 1 347 7 is_stmt 1 view .LVU114
 347:Drivers/STM32G4xx_HAL_Driver/Src/stm32g4xx_hal_rcc.c **** 
 361              		.loc 1 347 7 view .LVU115
 362 002a 6368     		ldr	r3, [r4, #4]
 363              	.LVL29:
 347:Drivers/STM32G4xx_HAL_Driver/Src/stm32g4xx_hal_rcc.c **** 
 364              		.loc 1 347 7 is_stmt 0 view .LVU116
 365 002c B3F5803F 		cmp	r3, #65536
 366 0030 4ED0     		beq	.L116
 347:Drivers/STM32G4xx_HAL_Driver/Src/stm32g4xx_hal_rcc.c **** 
 367              		.loc 1 347 7 is_stmt 1 discriminator 2 view .LVU117
 368 0032 B3F5A02F 		cmp	r3, #327680
 369 0036 51D0     		beq	.L117
 347:Drivers/STM32G4xx_HAL_Driver/Src/stm32g4xx_hal_rcc.c **** 
 370              		.loc 1 347 7 discriminator 4 view .LVU118
 371 0038 9C4B     		ldr	r3, .L130
 372 003a 1A68     		ldr	r2, [r3]
 373              	.LVL30:
 347:Drivers/STM32G4xx_HAL_Driver/Src/stm32g4xx_hal_rcc.c **** 
 374              		.loc 1 347 7 is_stmt 0 discriminator 4 view .LVU119
 375 003c 22F48032 		bic	r2, r2, #65536
 376 0040 1A60     		str	r2, [r3]
 347:Drivers/STM32G4xx_HAL_Driver/Src/stm32g4xx_hal_rcc.c **** 
 377              		.loc 1 347 7 is_stmt 1 view .LVU120
 347:Drivers/STM32G4xx_HAL_Driver/Src/stm32g4xx_hal_rcc.c **** 
 378              		.loc 1 347 7 is_stmt 0 discriminator 4 view .LVU121
 379 0042 1A68     		ldr	r2, [r3]
 380 0044 22F48022 		bic	r2, r2, #262144
 381 0048 1A60     		str	r2, [r3]
 382              	.L33:
 347:Drivers/STM32G4xx_HAL_Driver/Src/stm32g4xx_hal_rcc.c **** 
 383              		.loc 1 347 7 is_stmt 1 view .LVU122
 350:Drivers/STM32G4xx_HAL_Driver/Src/stm32g4xx_hal_rcc.c ****       {
 384              		.loc 1 350 7 view .LVU123
 350:Drivers/STM32G4xx_HAL_Driver/Src/stm32g4xx_hal_rcc.c ****       {
 385              		.loc 1 350 28 is_stmt 0 view .LVU124
 386 004a 6368     		ldr	r3, [r4, #4]
 350:Drivers/STM32G4xx_HAL_Driver/Src/stm32g4xx_hal_rcc.c ****       {
 387              		.loc 1 350 10 view .LVU125
 388 004c 002B     		cmp	r3, #0
 389 004e 52D0     		beq	.L35
 353:Drivers/STM32G4xx_HAL_Driver/Src/stm32g4xx_hal_rcc.c **** 
 390              		.loc 1 353 9 is_stmt 1 view .LVU126
 353:Drivers/STM32G4xx_HAL_Driver/Src/stm32g4xx_hal_rcc.c **** 
 391              		.loc 1 353 21 is_stmt 0 view .LVU127
 392 0050 FFF7FEFF 		bl	HAL_GetTick
 393              	.LVL31:
 353:Drivers/STM32G4xx_HAL_Driver/Src/stm32g4xx_hal_rcc.c **** 
 394              		.loc 1 353 21 view .LVU128
 395 0054 0546     		mov	r5, r0
 396              	.LVL32:
 356:Drivers/STM32G4xx_HAL_Driver/Src/stm32g4xx_hal_rcc.c ****         {
 397              		.loc 1 356 9 is_stmt 1 view .LVU129
ARM GAS  /tmp/cc3WS6gG.s 			page 34


 398              	.L36:
 356:Drivers/STM32G4xx_HAL_Driver/Src/stm32g4xx_hal_rcc.c ****         {
 399              		.loc 1 356 49 view .LVU130
 356:Drivers/STM32G4xx_HAL_Driver/Src/stm32g4xx_hal_rcc.c ****         {
 400              		.loc 1 356 16 is_stmt 0 view .LVU131
 401 0056 954B     		ldr	r3, .L130
 402 0058 1B68     		ldr	r3, [r3]
 356:Drivers/STM32G4xx_HAL_Driver/Src/stm32g4xx_hal_rcc.c ****         {
 403              		.loc 1 356 49 view .LVU132
 404 005a 13F4003F 		tst	r3, #131072
 405 005e 11D1     		bne	.L28
 358:Drivers/STM32G4xx_HAL_Driver/Src/stm32g4xx_hal_rcc.c ****           {
 406              		.loc 1 358 11 is_stmt 1 view .LVU133
 358:Drivers/STM32G4xx_HAL_Driver/Src/stm32g4xx_hal_rcc.c ****           {
 407              		.loc 1 358 16 is_stmt 0 view .LVU134
 408 0060 FFF7FEFF 		bl	HAL_GetTick
 409              	.LVL33:
 358:Drivers/STM32G4xx_HAL_Driver/Src/stm32g4xx_hal_rcc.c ****           {
 410              		.loc 1 358 30 discriminator 1 view .LVU135
 411 0064 401B     		subs	r0, r0, r5
 358:Drivers/STM32G4xx_HAL_Driver/Src/stm32g4xx_hal_rcc.c ****           {
 412              		.loc 1 358 14 discriminator 1 view .LVU136
 413 0066 6428     		cmp	r0, #100
 414 0068 F5D9     		bls	.L36
 360:Drivers/STM32G4xx_HAL_Driver/Src/stm32g4xx_hal_rcc.c ****           }
 415              		.loc 1 360 20 view .LVU137
 416 006a 0320     		movs	r0, #3
 417 006c 25E2     		b	.L27
 418              	.LVL34:
 419              	.L115:
 337:Drivers/STM32G4xx_HAL_Driver/Src/stm32g4xx_hal_rcc.c ****     {
 420              		.loc 1 337 47 discriminator 1 view .LVU138
 421 006e 032A     		cmp	r2, #3
 422 0070 D9D1     		bne	.L29
 423              	.L30:
 339:Drivers/STM32G4xx_HAL_Driver/Src/stm32g4xx_hal_rcc.c ****       {
 424              		.loc 1 339 7 is_stmt 1 view .LVU139
 339:Drivers/STM32G4xx_HAL_Driver/Src/stm32g4xx_hal_rcc.c ****       {
 425              		.loc 1 339 12 is_stmt 0 view .LVU140
 426 0072 8E4B     		ldr	r3, .L130
 427              	.LVL35:
 339:Drivers/STM32G4xx_HAL_Driver/Src/stm32g4xx_hal_rcc.c ****       {
 428              		.loc 1 339 12 view .LVU141
 429 0074 1B68     		ldr	r3, [r3]
 339:Drivers/STM32G4xx_HAL_Driver/Src/stm32g4xx_hal_rcc.c ****       {
 430              		.loc 1 339 10 view .LVU142
 431 0076 13F4003F 		tst	r3, #131072
 432 007a 03D0     		beq	.L28
 339:Drivers/STM32G4xx_HAL_Driver/Src/stm32g4xx_hal_rcc.c ****       {
 433              		.loc 1 339 73 discriminator 1 view .LVU143
 434 007c 6368     		ldr	r3, [r4, #4]
 339:Drivers/STM32G4xx_HAL_Driver/Src/stm32g4xx_hal_rcc.c ****       {
 435              		.loc 1 339 52 discriminator 1 view .LVU144
 436 007e 002B     		cmp	r3, #0
 437 0080 00F01482 		beq	.L118
 438              	.LVL36:
 439              	.L28:
ARM GAS  /tmp/cc3WS6gG.s 			page 35


 381:Drivers/STM32G4xx_HAL_Driver/Src/stm32g4xx_hal_rcc.c ****   {
 440              		.loc 1 381 3 is_stmt 1 view .LVU145
 381:Drivers/STM32G4xx_HAL_Driver/Src/stm32g4xx_hal_rcc.c ****   {
 441              		.loc 1 381 26 is_stmt 0 view .LVU146
 442 0084 2368     		ldr	r3, [r4]
 381:Drivers/STM32G4xx_HAL_Driver/Src/stm32g4xx_hal_rcc.c ****   {
 443              		.loc 1 381 6 view .LVU147
 444 0086 13F0020F 		tst	r3, #2
 445 008a 5DD0     		beq	.L40
 384:Drivers/STM32G4xx_HAL_Driver/Src/stm32g4xx_hal_rcc.c ****     assert_param(IS_RCC_HSI_CALIBRATION_VALUE(RCC_OscInitStruct->HSICalibrationValue));
 446              		.loc 1 384 5 is_stmt 1 view .LVU148
 385:Drivers/STM32G4xx_HAL_Driver/Src/stm32g4xx_hal_rcc.c **** 
 447              		.loc 1 385 5 view .LVU149
 388:Drivers/STM32G4xx_HAL_Driver/Src/stm32g4xx_hal_rcc.c ****     temp_pllckcfg = __HAL_RCC_GET_PLL_OSCSOURCE();
 448              		.loc 1 388 5 view .LVU150
 388:Drivers/STM32G4xx_HAL_Driver/Src/stm32g4xx_hal_rcc.c ****     temp_pllckcfg = __HAL_RCC_GET_PLL_OSCSOURCE();
 449              		.loc 1 388 22 is_stmt 0 view .LVU151
 450 008c 874A     		ldr	r2, .L130
 451 008e 9368     		ldr	r3, [r2, #8]
 388:Drivers/STM32G4xx_HAL_Driver/Src/stm32g4xx_hal_rcc.c ****     temp_pllckcfg = __HAL_RCC_GET_PLL_OSCSOURCE();
 452              		.loc 1 388 20 view .LVU152
 453 0090 03F00C03 		and	r3, r3, #12
 454              	.LVL37:
 389:Drivers/STM32G4xx_HAL_Driver/Src/stm32g4xx_hal_rcc.c ****     if (((temp_sysclksrc == RCC_CFGR_SWS_PLL) && (temp_pllckcfg == RCC_PLLSOURCE_HSI)) || (temp_sys
 455              		.loc 1 389 5 is_stmt 1 view .LVU153
 389:Drivers/STM32G4xx_HAL_Driver/Src/stm32g4xx_hal_rcc.c ****     if (((temp_sysclksrc == RCC_CFGR_SWS_PLL) && (temp_pllckcfg == RCC_PLLSOURCE_HSI)) || (temp_sys
 456              		.loc 1 389 21 is_stmt 0 view .LVU154
 457 0094 D268     		ldr	r2, [r2, #12]
 389:Drivers/STM32G4xx_HAL_Driver/Src/stm32g4xx_hal_rcc.c ****     if (((temp_sysclksrc == RCC_CFGR_SWS_PLL) && (temp_pllckcfg == RCC_PLLSOURCE_HSI)) || (temp_sys
 458              		.loc 1 389 19 view .LVU155
 459 0096 02F00302 		and	r2, r2, #3
 460              	.LVL38:
 390:Drivers/STM32G4xx_HAL_Driver/Src/stm32g4xx_hal_rcc.c ****     {
 461              		.loc 1 390 5 is_stmt 1 view .LVU156
 390:Drivers/STM32G4xx_HAL_Driver/Src/stm32g4xx_hal_rcc.c ****     {
 462              		.loc 1 390 8 is_stmt 0 view .LVU157
 463 009a 0C2B     		cmp	r3, #12
 464 009c 3AD0     		beq	.L119
 465              	.L41:
 390:Drivers/STM32G4xx_HAL_Driver/Src/stm32g4xx_hal_rcc.c ****     {
 466              		.loc 1 390 88 discriminator 3 view .LVU158
 467 009e 042B     		cmp	r3, #4
 468 00a0 3AD0     		beq	.L42
 413:Drivers/STM32G4xx_HAL_Driver/Src/stm32g4xx_hal_rcc.c ****       {
 469              		.loc 1 413 7 is_stmt 1 view .LVU159
 413:Drivers/STM32G4xx_HAL_Driver/Src/stm32g4xx_hal_rcc.c ****       {
 470              		.loc 1 413 28 is_stmt 0 view .LVU160
 471 00a2 E368     		ldr	r3, [r4, #12]
 472              	.LVL39:
 413:Drivers/STM32G4xx_HAL_Driver/Src/stm32g4xx_hal_rcc.c ****       {
 473              		.loc 1 413 10 view .LVU161
 474 00a4 002B     		cmp	r3, #0
 475 00a6 75D0     		beq	.L45
 416:Drivers/STM32G4xx_HAL_Driver/Src/stm32g4xx_hal_rcc.c **** 
 476              		.loc 1 416 9 is_stmt 1 view .LVU162
 477 00a8 804A     		ldr	r2, .L130
 478              	.LVL40:
ARM GAS  /tmp/cc3WS6gG.s 			page 36


 416:Drivers/STM32G4xx_HAL_Driver/Src/stm32g4xx_hal_rcc.c **** 
 479              		.loc 1 416 9 is_stmt 0 view .LVU163
 480 00aa 1368     		ldr	r3, [r2]
 481 00ac 43F48073 		orr	r3, r3, #256
 482 00b0 1360     		str	r3, [r2]
 419:Drivers/STM32G4xx_HAL_Driver/Src/stm32g4xx_hal_rcc.c **** 
 483              		.loc 1 419 9 is_stmt 1 view .LVU164
 419:Drivers/STM32G4xx_HAL_Driver/Src/stm32g4xx_hal_rcc.c **** 
 484              		.loc 1 419 21 is_stmt 0 view .LVU165
 485 00b2 FFF7FEFF 		bl	HAL_GetTick
 486              	.LVL41:
 487 00b6 0546     		mov	r5, r0
 488              	.LVL42:
 422:Drivers/STM32G4xx_HAL_Driver/Src/stm32g4xx_hal_rcc.c ****         {
 489              		.loc 1 422 9 is_stmt 1 view .LVU166
 490              	.L46:
 422:Drivers/STM32G4xx_HAL_Driver/Src/stm32g4xx_hal_rcc.c ****         {
 491              		.loc 1 422 49 view .LVU167
 422:Drivers/STM32G4xx_HAL_Driver/Src/stm32g4xx_hal_rcc.c ****         {
 492              		.loc 1 422 16 is_stmt 0 view .LVU168
 493 00b8 7C4B     		ldr	r3, .L130
 494 00ba 1B68     		ldr	r3, [r3]
 422:Drivers/STM32G4xx_HAL_Driver/Src/stm32g4xx_hal_rcc.c ****         {
 495              		.loc 1 422 49 view .LVU169
 496 00bc 13F4806F 		tst	r3, #1024
 497 00c0 5FD1     		bne	.L120
 424:Drivers/STM32G4xx_HAL_Driver/Src/stm32g4xx_hal_rcc.c ****           {
 498              		.loc 1 424 11 is_stmt 1 view .LVU170
 424:Drivers/STM32G4xx_HAL_Driver/Src/stm32g4xx_hal_rcc.c ****           {
 499              		.loc 1 424 16 is_stmt 0 view .LVU171
 500 00c2 FFF7FEFF 		bl	HAL_GetTick
 501              	.LVL43:
 424:Drivers/STM32G4xx_HAL_Driver/Src/stm32g4xx_hal_rcc.c ****           {
 502              		.loc 1 424 30 discriminator 1 view .LVU172
 503 00c6 401B     		subs	r0, r0, r5
 424:Drivers/STM32G4xx_HAL_Driver/Src/stm32g4xx_hal_rcc.c ****           {
 504              		.loc 1 424 14 discriminator 1 view .LVU173
 505 00c8 0228     		cmp	r0, #2
 506 00ca F5D9     		bls	.L46
 426:Drivers/STM32G4xx_HAL_Driver/Src/stm32g4xx_hal_rcc.c ****           }
 507              		.loc 1 426 20 view .LVU174
 508 00cc 0320     		movs	r0, #3
 509 00ce F4E1     		b	.L27
 510              	.LVL44:
 511              	.L116:
 347:Drivers/STM32G4xx_HAL_Driver/Src/stm32g4xx_hal_rcc.c **** 
 512              		.loc 1 347 7 is_stmt 1 discriminator 1 view .LVU175
 513 00d0 764A     		ldr	r2, .L130
 514              	.LVL45:
 347:Drivers/STM32G4xx_HAL_Driver/Src/stm32g4xx_hal_rcc.c **** 
 515              		.loc 1 347 7 is_stmt 0 discriminator 1 view .LVU176
 516 00d2 1368     		ldr	r3, [r2]
 517 00d4 43F48033 		orr	r3, r3, #65536
 518 00d8 1360     		str	r3, [r2]
 519 00da B6E7     		b	.L33
 520              	.LVL46:
 521              	.L117:
ARM GAS  /tmp/cc3WS6gG.s 			page 37


 347:Drivers/STM32G4xx_HAL_Driver/Src/stm32g4xx_hal_rcc.c **** 
 522              		.loc 1 347 7 is_stmt 1 discriminator 3 view .LVU177
 523 00dc 03F18043 		add	r3, r3, #1073741824
 524 00e0 A3F53C33 		sub	r3, r3, #192512
 525 00e4 1A68     		ldr	r2, [r3]
 526              	.LVL47:
 347:Drivers/STM32G4xx_HAL_Driver/Src/stm32g4xx_hal_rcc.c **** 
 527              		.loc 1 347 7 is_stmt 0 discriminator 3 view .LVU178
 528 00e6 42F48022 		orr	r2, r2, #262144
 529 00ea 1A60     		str	r2, [r3]
 347:Drivers/STM32G4xx_HAL_Driver/Src/stm32g4xx_hal_rcc.c **** 
 530              		.loc 1 347 7 is_stmt 1 view .LVU179
 347:Drivers/STM32G4xx_HAL_Driver/Src/stm32g4xx_hal_rcc.c **** 
 531              		.loc 1 347 7 is_stmt 0 discriminator 3 view .LVU180
 532 00ec 1A68     		ldr	r2, [r3]
 533 00ee 42F48032 		orr	r2, r2, #65536
 534 00f2 1A60     		str	r2, [r3]
 535 00f4 A9E7     		b	.L33
 536              	.L35:
 367:Drivers/STM32G4xx_HAL_Driver/Src/stm32g4xx_hal_rcc.c **** 
 537              		.loc 1 367 9 is_stmt 1 view .LVU181
 367:Drivers/STM32G4xx_HAL_Driver/Src/stm32g4xx_hal_rcc.c **** 
 538              		.loc 1 367 21 is_stmt 0 view .LVU182
 539 00f6 FFF7FEFF 		bl	HAL_GetTick
 540              	.LVL48:
 367:Drivers/STM32G4xx_HAL_Driver/Src/stm32g4xx_hal_rcc.c **** 
 541              		.loc 1 367 21 view .LVU183
 542 00fa 0546     		mov	r5, r0
 543              	.LVL49:
 370:Drivers/STM32G4xx_HAL_Driver/Src/stm32g4xx_hal_rcc.c ****         {
 544              		.loc 1 370 9 is_stmt 1 view .LVU184
 545              	.L38:
 370:Drivers/STM32G4xx_HAL_Driver/Src/stm32g4xx_hal_rcc.c ****         {
 546              		.loc 1 370 49 view .LVU185
 370:Drivers/STM32G4xx_HAL_Driver/Src/stm32g4xx_hal_rcc.c ****         {
 547              		.loc 1 370 16 is_stmt 0 view .LVU186
 548 00fc 6B4B     		ldr	r3, .L130
 549 00fe 1B68     		ldr	r3, [r3]
 370:Drivers/STM32G4xx_HAL_Driver/Src/stm32g4xx_hal_rcc.c ****         {
 550              		.loc 1 370 49 view .LVU187
 551 0100 13F4003F 		tst	r3, #131072
 552 0104 BED0     		beq	.L28
 372:Drivers/STM32G4xx_HAL_Driver/Src/stm32g4xx_hal_rcc.c ****           {
 553              		.loc 1 372 11 is_stmt 1 view .LVU188
 372:Drivers/STM32G4xx_HAL_Driver/Src/stm32g4xx_hal_rcc.c ****           {
 554              		.loc 1 372 16 is_stmt 0 view .LVU189
 555 0106 FFF7FEFF 		bl	HAL_GetTick
 556              	.LVL50:
 372:Drivers/STM32G4xx_HAL_Driver/Src/stm32g4xx_hal_rcc.c ****           {
 557              		.loc 1 372 30 discriminator 1 view .LVU190
 558 010a 401B     		subs	r0, r0, r5
 372:Drivers/STM32G4xx_HAL_Driver/Src/stm32g4xx_hal_rcc.c ****           {
 559              		.loc 1 372 14 discriminator 1 view .LVU191
 560 010c 6428     		cmp	r0, #100
 561 010e F5D9     		bls	.L38
 374:Drivers/STM32G4xx_HAL_Driver/Src/stm32g4xx_hal_rcc.c ****           }
 562              		.loc 1 374 20 view .LVU192
ARM GAS  /tmp/cc3WS6gG.s 			page 38


 563 0110 0320     		movs	r0, #3
 564 0112 D2E1     		b	.L27
 565              	.LVL51:
 566              	.L119:
 390:Drivers/STM32G4xx_HAL_Driver/Src/stm32g4xx_hal_rcc.c ****     {
 567              		.loc 1 390 47 discriminator 1 view .LVU193
 568 0114 022A     		cmp	r2, #2
 569 0116 C2D1     		bne	.L41
 570              	.L42:
 393:Drivers/STM32G4xx_HAL_Driver/Src/stm32g4xx_hal_rcc.c ****       {
 571              		.loc 1 393 7 is_stmt 1 view .LVU194
 393:Drivers/STM32G4xx_HAL_Driver/Src/stm32g4xx_hal_rcc.c ****       {
 572              		.loc 1 393 12 is_stmt 0 view .LVU195
 573 0118 644B     		ldr	r3, .L130
 574              	.LVL52:
 393:Drivers/STM32G4xx_HAL_Driver/Src/stm32g4xx_hal_rcc.c ****       {
 575              		.loc 1 393 12 view .LVU196
 576 011a 1B68     		ldr	r3, [r3]
 393:Drivers/STM32G4xx_HAL_Driver/Src/stm32g4xx_hal_rcc.c ****       {
 577              		.loc 1 393 10 view .LVU197
 578 011c 13F4806F 		tst	r3, #1024
 579 0120 03D0     		beq	.L44
 393:Drivers/STM32G4xx_HAL_Driver/Src/stm32g4xx_hal_rcc.c ****       {
 580              		.loc 1 393 73 discriminator 1 view .LVU198
 581 0122 E368     		ldr	r3, [r4, #12]
 393:Drivers/STM32G4xx_HAL_Driver/Src/stm32g4xx_hal_rcc.c ****       {
 582              		.loc 1 393 52 discriminator 1 view .LVU199
 583 0124 002B     		cmp	r3, #0
 584 0126 00F0C381 		beq	.L88
 585              	.L44:
 401:Drivers/STM32G4xx_HAL_Driver/Src/stm32g4xx_hal_rcc.c **** 
 586              		.loc 1 401 9 is_stmt 1 view .LVU200
 587 012a 604A     		ldr	r2, .L130
 588              	.LVL53:
 401:Drivers/STM32G4xx_HAL_Driver/Src/stm32g4xx_hal_rcc.c **** 
 589              		.loc 1 401 9 is_stmt 0 view .LVU201
 590 012c 5368     		ldr	r3, [r2, #4]
 591 012e 23F0FE43 		bic	r3, r3, #2130706432
 592 0132 2169     		ldr	r1, [r4, #16]
 593 0134 43EA0163 		orr	r3, r3, r1, lsl #24
 594 0138 5360     		str	r3, [r2, #4]
 404:Drivers/STM32G4xx_HAL_Driver/Src/stm32g4xx_hal_rcc.c ****         {
 595              		.loc 1 404 9 is_stmt 1 view .LVU202
 404:Drivers/STM32G4xx_HAL_Driver/Src/stm32g4xx_hal_rcc.c ****         {
 596              		.loc 1 404 13 is_stmt 0 view .LVU203
 597 013a 5D4B     		ldr	r3, .L130+4
 598 013c 1868     		ldr	r0, [r3]
 599 013e FFF7FEFF 		bl	HAL_InitTick
 600              	.LVL54:
 404:Drivers/STM32G4xx_HAL_Driver/Src/stm32g4xx_hal_rcc.c ****         {
 601              		.loc 1 404 12 discriminator 1 view .LVU204
 602 0142 0028     		cmp	r0, #0
 603 0144 40F0B681 		bne	.L121
 604              	.LVL55:
 605              	.L40:
 453:Drivers/STM32G4xx_HAL_Driver/Src/stm32g4xx_hal_rcc.c ****   {
 606              		.loc 1 453 3 is_stmt 1 view .LVU205
ARM GAS  /tmp/cc3WS6gG.s 			page 39


 453:Drivers/STM32G4xx_HAL_Driver/Src/stm32g4xx_hal_rcc.c ****   {
 607              		.loc 1 453 26 is_stmt 0 view .LVU206
 608 0148 2368     		ldr	r3, [r4]
 453:Drivers/STM32G4xx_HAL_Driver/Src/stm32g4xx_hal_rcc.c ****   {
 609              		.loc 1 453 6 view .LVU207
 610 014a 13F0080F 		tst	r3, #8
 611 014e 4CD0     		beq	.L50
 456:Drivers/STM32G4xx_HAL_Driver/Src/stm32g4xx_hal_rcc.c **** 
 612              		.loc 1 456 5 is_stmt 1 view .LVU208
 459:Drivers/STM32G4xx_HAL_Driver/Src/stm32g4xx_hal_rcc.c ****     {
 613              		.loc 1 459 5 view .LVU209
 459:Drivers/STM32G4xx_HAL_Driver/Src/stm32g4xx_hal_rcc.c ****     {
 614              		.loc 1 459 25 is_stmt 0 view .LVU210
 615 0150 6369     		ldr	r3, [r4, #20]
 459:Drivers/STM32G4xx_HAL_Driver/Src/stm32g4xx_hal_rcc.c ****     {
 616              		.loc 1 459 7 view .LVU211
 617 0152 9BB3     		cbz	r3, .L51
 462:Drivers/STM32G4xx_HAL_Driver/Src/stm32g4xx_hal_rcc.c **** 
 618              		.loc 1 462 7 is_stmt 1 view .LVU212
 619 0154 554A     		ldr	r2, .L130
 620 0156 D2F89430 		ldr	r3, [r2, #148]
 621 015a 43F00103 		orr	r3, r3, #1
 622 015e C2F89430 		str	r3, [r2, #148]
 465:Drivers/STM32G4xx_HAL_Driver/Src/stm32g4xx_hal_rcc.c **** 
 623              		.loc 1 465 7 view .LVU213
 465:Drivers/STM32G4xx_HAL_Driver/Src/stm32g4xx_hal_rcc.c **** 
 624              		.loc 1 465 19 is_stmt 0 view .LVU214
 625 0162 FFF7FEFF 		bl	HAL_GetTick
 626              	.LVL56:
 627 0166 0546     		mov	r5, r0
 628              	.LVL57:
 468:Drivers/STM32G4xx_HAL_Driver/Src/stm32g4xx_hal_rcc.c ****       {
 629              		.loc 1 468 7 is_stmt 1 view .LVU215
 630              	.L52:
 468:Drivers/STM32G4xx_HAL_Driver/Src/stm32g4xx_hal_rcc.c ****       {
 631              		.loc 1 468 49 view .LVU216
 468:Drivers/STM32G4xx_HAL_Driver/Src/stm32g4xx_hal_rcc.c ****       {
 632              		.loc 1 468 14 is_stmt 0 view .LVU217
 633 0168 504B     		ldr	r3, .L130
 634 016a D3F89430 		ldr	r3, [r3, #148]
 468:Drivers/STM32G4xx_HAL_Driver/Src/stm32g4xx_hal_rcc.c ****       {
 635              		.loc 1 468 49 view .LVU218
 636 016e 13F0020F 		tst	r3, #2
 637 0172 3AD1     		bne	.L50
 470:Drivers/STM32G4xx_HAL_Driver/Src/stm32g4xx_hal_rcc.c ****         {
 638              		.loc 1 470 9 is_stmt 1 view .LVU219
 470:Drivers/STM32G4xx_HAL_Driver/Src/stm32g4xx_hal_rcc.c ****         {
 639              		.loc 1 470 14 is_stmt 0 view .LVU220
 640 0174 FFF7FEFF 		bl	HAL_GetTick
 641              	.LVL58:
 470:Drivers/STM32G4xx_HAL_Driver/Src/stm32g4xx_hal_rcc.c ****         {
 642              		.loc 1 470 28 discriminator 1 view .LVU221
 643 0178 401B     		subs	r0, r0, r5
 470:Drivers/STM32G4xx_HAL_Driver/Src/stm32g4xx_hal_rcc.c ****         {
 644              		.loc 1 470 12 discriminator 1 view .LVU222
 645 017a 0228     		cmp	r0, #2
 646 017c F4D9     		bls	.L52
ARM GAS  /tmp/cc3WS6gG.s 			page 40


 472:Drivers/STM32G4xx_HAL_Driver/Src/stm32g4xx_hal_rcc.c ****         }
 647              		.loc 1 472 18 view .LVU223
 648 017e 0320     		movs	r0, #3
 649 0180 9BE1     		b	.L27
 650              	.LVL59:
 651              	.L120:
 431:Drivers/STM32G4xx_HAL_Driver/Src/stm32g4xx_hal_rcc.c ****       }
 652              		.loc 1 431 9 is_stmt 1 view .LVU224
 653 0182 4A4A     		ldr	r2, .L130
 654 0184 5368     		ldr	r3, [r2, #4]
 655 0186 23F0FE43 		bic	r3, r3, #2130706432
 656 018a 2169     		ldr	r1, [r4, #16]
 657 018c 43EA0163 		orr	r3, r3, r1, lsl #24
 658 0190 5360     		str	r3, [r2, #4]
 659 0192 D9E7     		b	.L40
 660              	.LVL60:
 661              	.L45:
 436:Drivers/STM32G4xx_HAL_Driver/Src/stm32g4xx_hal_rcc.c **** 
 662              		.loc 1 436 9 view .LVU225
 663 0194 454A     		ldr	r2, .L130
 664              	.LVL61:
 436:Drivers/STM32G4xx_HAL_Driver/Src/stm32g4xx_hal_rcc.c **** 
 665              		.loc 1 436 9 is_stmt 0 view .LVU226
 666 0196 1368     		ldr	r3, [r2]
 667 0198 23F48073 		bic	r3, r3, #256
 668 019c 1360     		str	r3, [r2]
 439:Drivers/STM32G4xx_HAL_Driver/Src/stm32g4xx_hal_rcc.c **** 
 669              		.loc 1 439 9 is_stmt 1 view .LVU227
 439:Drivers/STM32G4xx_HAL_Driver/Src/stm32g4xx_hal_rcc.c **** 
 670              		.loc 1 439 21 is_stmt 0 view .LVU228
 671 019e FFF7FEFF 		bl	HAL_GetTick
 672              	.LVL62:
 673 01a2 0546     		mov	r5, r0
 674              	.LVL63:
 442:Drivers/STM32G4xx_HAL_Driver/Src/stm32g4xx_hal_rcc.c ****         {
 675              		.loc 1 442 9 is_stmt 1 view .LVU229
 676              	.L48:
 442:Drivers/STM32G4xx_HAL_Driver/Src/stm32g4xx_hal_rcc.c ****         {
 677              		.loc 1 442 49 view .LVU230
 442:Drivers/STM32G4xx_HAL_Driver/Src/stm32g4xx_hal_rcc.c ****         {
 678              		.loc 1 442 16 is_stmt 0 view .LVU231
 679 01a4 414B     		ldr	r3, .L130
 680 01a6 1B68     		ldr	r3, [r3]
 442:Drivers/STM32G4xx_HAL_Driver/Src/stm32g4xx_hal_rcc.c ****         {
 681              		.loc 1 442 49 view .LVU232
 682 01a8 13F4806F 		tst	r3, #1024
 683 01ac CCD0     		beq	.L40
 444:Drivers/STM32G4xx_HAL_Driver/Src/stm32g4xx_hal_rcc.c ****           {
 684              		.loc 1 444 11 is_stmt 1 view .LVU233
 444:Drivers/STM32G4xx_HAL_Driver/Src/stm32g4xx_hal_rcc.c ****           {
 685              		.loc 1 444 16 is_stmt 0 view .LVU234
 686 01ae FFF7FEFF 		bl	HAL_GetTick
 687              	.LVL64:
 444:Drivers/STM32G4xx_HAL_Driver/Src/stm32g4xx_hal_rcc.c ****           {
 688              		.loc 1 444 30 discriminator 1 view .LVU235
 689 01b2 401B     		subs	r0, r0, r5
 444:Drivers/STM32G4xx_HAL_Driver/Src/stm32g4xx_hal_rcc.c ****           {
ARM GAS  /tmp/cc3WS6gG.s 			page 41


 690              		.loc 1 444 14 discriminator 1 view .LVU236
 691 01b4 0228     		cmp	r0, #2
 692 01b6 F5D9     		bls	.L48
 446:Drivers/STM32G4xx_HAL_Driver/Src/stm32g4xx_hal_rcc.c ****           }
 693              		.loc 1 446 20 view .LVU237
 694 01b8 0320     		movs	r0, #3
 695 01ba 7EE1     		b	.L27
 696              	.LVL65:
 697              	.L51:
 479:Drivers/STM32G4xx_HAL_Driver/Src/stm32g4xx_hal_rcc.c **** 
 698              		.loc 1 479 7 is_stmt 1 view .LVU238
 699 01bc 3B4A     		ldr	r2, .L130
 700 01be D2F89430 		ldr	r3, [r2, #148]
 701 01c2 23F00103 		bic	r3, r3, #1
 702 01c6 C2F89430 		str	r3, [r2, #148]
 482:Drivers/STM32G4xx_HAL_Driver/Src/stm32g4xx_hal_rcc.c **** 
 703              		.loc 1 482 7 view .LVU239
 482:Drivers/STM32G4xx_HAL_Driver/Src/stm32g4xx_hal_rcc.c **** 
 704              		.loc 1 482 19 is_stmt 0 view .LVU240
 705 01ca FFF7FEFF 		bl	HAL_GetTick
 706              	.LVL66:
 707 01ce 0546     		mov	r5, r0
 708              	.LVL67:
 485:Drivers/STM32G4xx_HAL_Driver/Src/stm32g4xx_hal_rcc.c ****       {
 709              		.loc 1 485 7 is_stmt 1 view .LVU241
 710              	.L54:
 485:Drivers/STM32G4xx_HAL_Driver/Src/stm32g4xx_hal_rcc.c ****       {
 711              		.loc 1 485 48 view .LVU242
 485:Drivers/STM32G4xx_HAL_Driver/Src/stm32g4xx_hal_rcc.c ****       {
 712              		.loc 1 485 13 is_stmt 0 view .LVU243
 713 01d0 364B     		ldr	r3, .L130
 714 01d2 D3F89430 		ldr	r3, [r3, #148]
 485:Drivers/STM32G4xx_HAL_Driver/Src/stm32g4xx_hal_rcc.c ****       {
 715              		.loc 1 485 48 view .LVU244
 716 01d6 13F0020F 		tst	r3, #2
 717 01da 06D0     		beq	.L50
 487:Drivers/STM32G4xx_HAL_Driver/Src/stm32g4xx_hal_rcc.c ****         {
 718              		.loc 1 487 9 is_stmt 1 view .LVU245
 487:Drivers/STM32G4xx_HAL_Driver/Src/stm32g4xx_hal_rcc.c ****         {
 719              		.loc 1 487 13 is_stmt 0 view .LVU246
 720 01dc FFF7FEFF 		bl	HAL_GetTick
 721              	.LVL68:
 487:Drivers/STM32G4xx_HAL_Driver/Src/stm32g4xx_hal_rcc.c ****         {
 722              		.loc 1 487 27 discriminator 1 view .LVU247
 723 01e0 401B     		subs	r0, r0, r5
 487:Drivers/STM32G4xx_HAL_Driver/Src/stm32g4xx_hal_rcc.c ****         {
 724              		.loc 1 487 11 discriminator 1 view .LVU248
 725 01e2 0228     		cmp	r0, #2
 726 01e4 F4D9     		bls	.L54
 489:Drivers/STM32G4xx_HAL_Driver/Src/stm32g4xx_hal_rcc.c ****         }
 727              		.loc 1 489 18 view .LVU249
 728 01e6 0320     		movs	r0, #3
 729 01e8 67E1     		b	.L27
 730              	.LVL69:
 731              	.L50:
 495:Drivers/STM32G4xx_HAL_Driver/Src/stm32g4xx_hal_rcc.c ****   {
 732              		.loc 1 495 3 is_stmt 1 view .LVU250
ARM GAS  /tmp/cc3WS6gG.s 			page 42


 495:Drivers/STM32G4xx_HAL_Driver/Src/stm32g4xx_hal_rcc.c ****   {
 733              		.loc 1 495 26 is_stmt 0 view .LVU251
 734 01ea 2368     		ldr	r3, [r4]
 495:Drivers/STM32G4xx_HAL_Driver/Src/stm32g4xx_hal_rcc.c ****   {
 735              		.loc 1 495 6 view .LVU252
 736 01ec 13F0040F 		tst	r3, #4
 737 01f0 00F08380 		beq	.L56
 738              	.LBB2:
 497:Drivers/STM32G4xx_HAL_Driver/Src/stm32g4xx_hal_rcc.c **** 
 739              		.loc 1 497 5 is_stmt 1 view .LVU253
 740              	.LVL70:
 500:Drivers/STM32G4xx_HAL_Driver/Src/stm32g4xx_hal_rcc.c **** 
 741              		.loc 1 500 5 view .LVU254
 504:Drivers/STM32G4xx_HAL_Driver/Src/stm32g4xx_hal_rcc.c ****     {
 742              		.loc 1 504 5 view .LVU255
 504:Drivers/STM32G4xx_HAL_Driver/Src/stm32g4xx_hal_rcc.c ****     {
 743              		.loc 1 504 9 is_stmt 0 view .LVU256
 744 01f4 2D4B     		ldr	r3, .L130
 745 01f6 9B6D     		ldr	r3, [r3, #88]
 504:Drivers/STM32G4xx_HAL_Driver/Src/stm32g4xx_hal_rcc.c ****     {
 746              		.loc 1 504 41 view .LVU257
 747 01f8 13F0805F 		tst	r3, #268435456
 748 01fc 37D1     		bne	.L94
 506:Drivers/STM32G4xx_HAL_Driver/Src/stm32g4xx_hal_rcc.c ****       pwrclkchanged = SET;
 749              		.loc 1 506 7 is_stmt 1 view .LVU258
 750              	.LBB3:
 506:Drivers/STM32G4xx_HAL_Driver/Src/stm32g4xx_hal_rcc.c ****       pwrclkchanged = SET;
 751              		.loc 1 506 7 view .LVU259
 506:Drivers/STM32G4xx_HAL_Driver/Src/stm32g4xx_hal_rcc.c ****       pwrclkchanged = SET;
 752              		.loc 1 506 7 view .LVU260
 753 01fe 2B4B     		ldr	r3, .L130
 754 0200 9A6D     		ldr	r2, [r3, #88]
 755 0202 42F08052 		orr	r2, r2, #268435456
 756 0206 9A65     		str	r2, [r3, #88]
 506:Drivers/STM32G4xx_HAL_Driver/Src/stm32g4xx_hal_rcc.c ****       pwrclkchanged = SET;
 757              		.loc 1 506 7 view .LVU261
 758 0208 9B6D     		ldr	r3, [r3, #88]
 759 020a 03F08053 		and	r3, r3, #268435456
 760 020e 0193     		str	r3, [sp, #4]
 506:Drivers/STM32G4xx_HAL_Driver/Src/stm32g4xx_hal_rcc.c ****       pwrclkchanged = SET;
 761              		.loc 1 506 7 view .LVU262
 762 0210 019B     		ldr	r3, [sp, #4]
 763              	.LBE3:
 506:Drivers/STM32G4xx_HAL_Driver/Src/stm32g4xx_hal_rcc.c ****       pwrclkchanged = SET;
 764              		.loc 1 506 7 view .LVU263
 507:Drivers/STM32G4xx_HAL_Driver/Src/stm32g4xx_hal_rcc.c ****     }
 765              		.loc 1 507 7 view .LVU264
 766              	.LVL71:
 507:Drivers/STM32G4xx_HAL_Driver/Src/stm32g4xx_hal_rcc.c ****     }
 767              		.loc 1 507 21 is_stmt 0 view .LVU265
 768 0212 0123     		movs	r3, #1
 769 0214 1E46     		mov	r6, r3
 770              	.LVL72:
 771              	.L57:
 510:Drivers/STM32G4xx_HAL_Driver/Src/stm32g4xx_hal_rcc.c ****     {
 772              		.loc 1 510 5 is_stmt 1 view .LVU266
 510:Drivers/STM32G4xx_HAL_Driver/Src/stm32g4xx_hal_rcc.c ****     {
ARM GAS  /tmp/cc3WS6gG.s 			page 43


 773              		.loc 1 510 9 is_stmt 0 view .LVU267
 774 0216 274B     		ldr	r3, .L130+8
 775 0218 1B68     		ldr	r3, [r3]
 510:Drivers/STM32G4xx_HAL_Driver/Src/stm32g4xx_hal_rcc.c ****     {
 776              		.loc 1 510 8 view .LVU268
 777 021a 13F4807F 		tst	r3, #256
 778 021e 29D0     		beq	.L122
 779              	.L58:
 528:Drivers/STM32G4xx_HAL_Driver/Src/stm32g4xx_hal_rcc.c **** 
 780              		.loc 1 528 5 is_stmt 1 view .LVU269
 528:Drivers/STM32G4xx_HAL_Driver/Src/stm32g4xx_hal_rcc.c **** 
 781              		.loc 1 528 5 view .LVU270
 782 0220 A368     		ldr	r3, [r4, #8]
 783 0222 012B     		cmp	r3, #1
 784 0224 3AD0     		beq	.L123
 528:Drivers/STM32G4xx_HAL_Driver/Src/stm32g4xx_hal_rcc.c **** 
 785              		.loc 1 528 5 discriminator 2 view .LVU271
 786 0226 052B     		cmp	r3, #5
 787 0228 46D0     		beq	.L124
 528:Drivers/STM32G4xx_HAL_Driver/Src/stm32g4xx_hal_rcc.c **** 
 788              		.loc 1 528 5 discriminator 4 view .LVU272
 789 022a 204B     		ldr	r3, .L130
 790 022c D3F89020 		ldr	r2, [r3, #144]
 791 0230 22F00102 		bic	r2, r2, #1
 792 0234 C3F89020 		str	r2, [r3, #144]
 528:Drivers/STM32G4xx_HAL_Driver/Src/stm32g4xx_hal_rcc.c **** 
 793              		.loc 1 528 5 view .LVU273
 528:Drivers/STM32G4xx_HAL_Driver/Src/stm32g4xx_hal_rcc.c **** 
 794              		.loc 1 528 5 is_stmt 0 discriminator 4 view .LVU274
 795 0238 D3F89020 		ldr	r2, [r3, #144]
 796 023c 22F00402 		bic	r2, r2, #4
 797 0240 C3F89020 		str	r2, [r3, #144]
 798              	.L62:
 528:Drivers/STM32G4xx_HAL_Driver/Src/stm32g4xx_hal_rcc.c **** 
 799              		.loc 1 528 5 is_stmt 1 view .LVU275
 531:Drivers/STM32G4xx_HAL_Driver/Src/stm32g4xx_hal_rcc.c ****     {
 800              		.loc 1 531 5 view .LVU276
 531:Drivers/STM32G4xx_HAL_Driver/Src/stm32g4xx_hal_rcc.c ****     {
 801              		.loc 1 531 26 is_stmt 0 view .LVU277
 802 0244 A368     		ldr	r3, [r4, #8]
 531:Drivers/STM32G4xx_HAL_Driver/Src/stm32g4xx_hal_rcc.c ****     {
 803              		.loc 1 531 8 view .LVU278
 804 0246 002B     		cmp	r3, #0
 805 0248 44D0     		beq	.L64
 534:Drivers/STM32G4xx_HAL_Driver/Src/stm32g4xx_hal_rcc.c **** 
 806              		.loc 1 534 7 is_stmt 1 view .LVU279
 534:Drivers/STM32G4xx_HAL_Driver/Src/stm32g4xx_hal_rcc.c **** 
 807              		.loc 1 534 19 is_stmt 0 view .LVU280
 808 024a FFF7FEFF 		bl	HAL_GetTick
 809              	.LVL73:
 810 024e 0546     		mov	r5, r0
 811              	.LVL74:
 537:Drivers/STM32G4xx_HAL_Driver/Src/stm32g4xx_hal_rcc.c ****       {
 812              		.loc 1 537 7 is_stmt 1 view .LVU281
 813              	.L65:
 537:Drivers/STM32G4xx_HAL_Driver/Src/stm32g4xx_hal_rcc.c ****       {
 814              		.loc 1 537 51 view .LVU282
ARM GAS  /tmp/cc3WS6gG.s 			page 44


 537:Drivers/STM32G4xx_HAL_Driver/Src/stm32g4xx_hal_rcc.c ****       {
 815              		.loc 1 537 14 is_stmt 0 view .LVU283
 816 0250 164B     		ldr	r3, .L130
 817 0252 D3F89030 		ldr	r3, [r3, #144]
 537:Drivers/STM32G4xx_HAL_Driver/Src/stm32g4xx_hal_rcc.c ****       {
 818              		.loc 1 537 51 view .LVU284
 819 0256 13F0020F 		tst	r3, #2
 820 025a 4DD1     		bne	.L67
 539:Drivers/STM32G4xx_HAL_Driver/Src/stm32g4xx_hal_rcc.c ****         {
 821              		.loc 1 539 9 is_stmt 1 view .LVU285
 539:Drivers/STM32G4xx_HAL_Driver/Src/stm32g4xx_hal_rcc.c ****         {
 822              		.loc 1 539 13 is_stmt 0 view .LVU286
 823 025c FFF7FEFF 		bl	HAL_GetTick
 824              	.LVL75:
 539:Drivers/STM32G4xx_HAL_Driver/Src/stm32g4xx_hal_rcc.c ****         {
 825              		.loc 1 539 27 discriminator 1 view .LVU287
 826 0260 401B     		subs	r0, r0, r5
 539:Drivers/STM32G4xx_HAL_Driver/Src/stm32g4xx_hal_rcc.c ****         {
 827              		.loc 1 539 11 discriminator 1 view .LVU288
 828 0262 41F28833 		movw	r3, #5000
 829 0266 9842     		cmp	r0, r3
 830 0268 F2D9     		bls	.L65
 541:Drivers/STM32G4xx_HAL_Driver/Src/stm32g4xx_hal_rcc.c ****         }
 831              		.loc 1 541 18 view .LVU289
 832 026a 0320     		movs	r0, #3
 833 026c 25E1     		b	.L27
 834              	.LVL76:
 835              	.L94:
 497:Drivers/STM32G4xx_HAL_Driver/Src/stm32g4xx_hal_rcc.c **** 
 836              		.loc 1 497 22 view .LVU290
 837 026e 0023     		movs	r3, #0
 838 0270 1E46     		mov	r6, r3
 839 0272 D0E7     		b	.L57
 840              	.LVL77:
 841              	.L122:
 513:Drivers/STM32G4xx_HAL_Driver/Src/stm32g4xx_hal_rcc.c **** 
 842              		.loc 1 513 7 is_stmt 1 view .LVU291
 843 0274 0F4A     		ldr	r2, .L130+8
 844 0276 1368     		ldr	r3, [r2]
 845 0278 43F48073 		orr	r3, r3, #256
 846 027c 1360     		str	r3, [r2]
 516:Drivers/STM32G4xx_HAL_Driver/Src/stm32g4xx_hal_rcc.c **** 
 847              		.loc 1 516 7 view .LVU292
 516:Drivers/STM32G4xx_HAL_Driver/Src/stm32g4xx_hal_rcc.c **** 
 848              		.loc 1 516 19 is_stmt 0 view .LVU293
 849 027e FFF7FEFF 		bl	HAL_GetTick
 850              	.LVL78:
 851 0282 0546     		mov	r5, r0
 852              	.LVL79:
 518:Drivers/STM32G4xx_HAL_Driver/Src/stm32g4xx_hal_rcc.c ****       {
 853              		.loc 1 518 7 is_stmt 1 view .LVU294
 854              	.L59:
 518:Drivers/STM32G4xx_HAL_Driver/Src/stm32g4xx_hal_rcc.c ****       {
 855              		.loc 1 518 14 view .LVU295
 856 0284 0B4B     		ldr	r3, .L130+8
 857 0286 1B68     		ldr	r3, [r3]
 858 0288 13F4807F 		tst	r3, #256
ARM GAS  /tmp/cc3WS6gG.s 			page 45


 859 028c C8D1     		bne	.L58
 520:Drivers/STM32G4xx_HAL_Driver/Src/stm32g4xx_hal_rcc.c ****         {
 860              		.loc 1 520 9 view .LVU296
 520:Drivers/STM32G4xx_HAL_Driver/Src/stm32g4xx_hal_rcc.c ****         {
 861              		.loc 1 520 14 is_stmt 0 view .LVU297
 862 028e FFF7FEFF 		bl	HAL_GetTick
 863              	.LVL80:
 520:Drivers/STM32G4xx_HAL_Driver/Src/stm32g4xx_hal_rcc.c ****         {
 864              		.loc 1 520 28 discriminator 1 view .LVU298
 865 0292 401B     		subs	r0, r0, r5
 520:Drivers/STM32G4xx_HAL_Driver/Src/stm32g4xx_hal_rcc.c ****         {
 866              		.loc 1 520 12 discriminator 1 view .LVU299
 867 0294 0228     		cmp	r0, #2
 868 0296 F5D9     		bls	.L59
 522:Drivers/STM32G4xx_HAL_Driver/Src/stm32g4xx_hal_rcc.c ****         }
 869              		.loc 1 522 18 view .LVU300
 870 0298 0320     		movs	r0, #3
 871 029a 0EE1     		b	.L27
 872              	.LVL81:
 873              	.L123:
 528:Drivers/STM32G4xx_HAL_Driver/Src/stm32g4xx_hal_rcc.c **** 
 874              		.loc 1 528 5 is_stmt 1 discriminator 1 view .LVU301
 875 029c 034A     		ldr	r2, .L130
 876 029e D2F89030 		ldr	r3, [r2, #144]
 877 02a2 43F00103 		orr	r3, r3, #1
 878 02a6 C2F89030 		str	r3, [r2, #144]
 879 02aa CBE7     		b	.L62
 880              	.L131:
 881              		.align	2
 882              	.L130:
 883 02ac 00100240 		.word	1073876992
 884 02b0 00000000 		.word	uwTickPrio
 885 02b4 00700040 		.word	1073770496
 886              	.L124:
 528:Drivers/STM32G4xx_HAL_Driver/Src/stm32g4xx_hal_rcc.c **** 
 887              		.loc 1 528 5 discriminator 3 view .LVU302
 888 02b8 884B     		ldr	r3, .L132
 889 02ba D3F89020 		ldr	r2, [r3, #144]
 890 02be 42F00402 		orr	r2, r2, #4
 891 02c2 C3F89020 		str	r2, [r3, #144]
 528:Drivers/STM32G4xx_HAL_Driver/Src/stm32g4xx_hal_rcc.c **** 
 892              		.loc 1 528 5 view .LVU303
 528:Drivers/STM32G4xx_HAL_Driver/Src/stm32g4xx_hal_rcc.c **** 
 893              		.loc 1 528 5 is_stmt 0 discriminator 3 view .LVU304
 894 02c6 D3F89020 		ldr	r2, [r3, #144]
 895 02ca 42F00102 		orr	r2, r2, #1
 896 02ce C3F89020 		str	r2, [r3, #144]
 897 02d2 B7E7     		b	.L62
 898              	.L64:
 548:Drivers/STM32G4xx_HAL_Driver/Src/stm32g4xx_hal_rcc.c **** 
 899              		.loc 1 548 7 is_stmt 1 view .LVU305
 548:Drivers/STM32G4xx_HAL_Driver/Src/stm32g4xx_hal_rcc.c **** 
 900              		.loc 1 548 19 is_stmt 0 view .LVU306
 901 02d4 FFF7FEFF 		bl	HAL_GetTick
 902              	.LVL82:
 903 02d8 0546     		mov	r5, r0
 904              	.LVL83:
ARM GAS  /tmp/cc3WS6gG.s 			page 46


 551:Drivers/STM32G4xx_HAL_Driver/Src/stm32g4xx_hal_rcc.c ****       {
 905              		.loc 1 551 7 is_stmt 1 view .LVU307
 906              	.L68:
 551:Drivers/STM32G4xx_HAL_Driver/Src/stm32g4xx_hal_rcc.c ****       {
 907              		.loc 1 551 51 view .LVU308
 551:Drivers/STM32G4xx_HAL_Driver/Src/stm32g4xx_hal_rcc.c ****       {
 908              		.loc 1 551 14 is_stmt 0 view .LVU309
 909 02da 804B     		ldr	r3, .L132
 910 02dc D3F89030 		ldr	r3, [r3, #144]
 551:Drivers/STM32G4xx_HAL_Driver/Src/stm32g4xx_hal_rcc.c ****       {
 911              		.loc 1 551 51 view .LVU310
 912 02e0 13F0020F 		tst	r3, #2
 913 02e4 08D0     		beq	.L67
 553:Drivers/STM32G4xx_HAL_Driver/Src/stm32g4xx_hal_rcc.c ****         {
 914              		.loc 1 553 9 is_stmt 1 view .LVU311
 553:Drivers/STM32G4xx_HAL_Driver/Src/stm32g4xx_hal_rcc.c ****         {
 915              		.loc 1 553 13 is_stmt 0 view .LVU312
 916 02e6 FFF7FEFF 		bl	HAL_GetTick
 917              	.LVL84:
 553:Drivers/STM32G4xx_HAL_Driver/Src/stm32g4xx_hal_rcc.c ****         {
 918              		.loc 1 553 27 discriminator 1 view .LVU313
 919 02ea 401B     		subs	r0, r0, r5
 553:Drivers/STM32G4xx_HAL_Driver/Src/stm32g4xx_hal_rcc.c ****         {
 920              		.loc 1 553 11 discriminator 1 view .LVU314
 921 02ec 41F28833 		movw	r3, #5000
 922 02f0 9842     		cmp	r0, r3
 923 02f2 F2D9     		bls	.L68
 555:Drivers/STM32G4xx_HAL_Driver/Src/stm32g4xx_hal_rcc.c ****         }
 924              		.loc 1 555 18 view .LVU315
 925 02f4 0320     		movs	r0, #3
 926 02f6 E0E0     		b	.L27
 927              	.L67:
 561:Drivers/STM32G4xx_HAL_Driver/Src/stm32g4xx_hal_rcc.c ****     {
 928              		.loc 1 561 5 is_stmt 1 view .LVU316
 561:Drivers/STM32G4xx_HAL_Driver/Src/stm32g4xx_hal_rcc.c ****     {
 929              		.loc 1 561 8 is_stmt 0 view .LVU317
 930 02f8 E6B9     		cbnz	r6, .L125
 931              	.LVL85:
 932              	.L56:
 561:Drivers/STM32G4xx_HAL_Driver/Src/stm32g4xx_hal_rcc.c ****     {
 933              		.loc 1 561 8 view .LVU318
 934              	.LBE2:
 568:Drivers/STM32G4xx_HAL_Driver/Src/stm32g4xx_hal_rcc.c ****   {
 935              		.loc 1 568 3 is_stmt 1 view .LVU319
 568:Drivers/STM32G4xx_HAL_Driver/Src/stm32g4xx_hal_rcc.c ****   {
 936              		.loc 1 568 25 is_stmt 0 view .LVU320
 937 02fa 2368     		ldr	r3, [r4]
 568:Drivers/STM32G4xx_HAL_Driver/Src/stm32g4xx_hal_rcc.c ****   {
 938              		.loc 1 568 5 view .LVU321
 939 02fc 13F0200F 		tst	r3, #32
 940 0300 35D0     		beq	.L70
 571:Drivers/STM32G4xx_HAL_Driver/Src/stm32g4xx_hal_rcc.c **** 
 941              		.loc 1 571 5 is_stmt 1 view .LVU322
 574:Drivers/STM32G4xx_HAL_Driver/Src/stm32g4xx_hal_rcc.c ****     {
 942              		.loc 1 574 5 view .LVU323
 574:Drivers/STM32G4xx_HAL_Driver/Src/stm32g4xx_hal_rcc.c ****     {
 943              		.loc 1 574 25 is_stmt 0 view .LVU324
ARM GAS  /tmp/cc3WS6gG.s 			page 47


 944 0302 A369     		ldr	r3, [r4, #24]
 574:Drivers/STM32G4xx_HAL_Driver/Src/stm32g4xx_hal_rcc.c ****     {
 945              		.loc 1 574 7 view .LVU325
 946 0304 E3B1     		cbz	r3, .L71
 577:Drivers/STM32G4xx_HAL_Driver/Src/stm32g4xx_hal_rcc.c **** 
 947              		.loc 1 577 7 is_stmt 1 view .LVU326
 948 0306 754A     		ldr	r2, .L132
 949 0308 D2F89830 		ldr	r3, [r2, #152]
 950 030c 43F00103 		orr	r3, r3, #1
 951 0310 C2F89830 		str	r3, [r2, #152]
 580:Drivers/STM32G4xx_HAL_Driver/Src/stm32g4xx_hal_rcc.c **** 
 952              		.loc 1 580 7 view .LVU327
 580:Drivers/STM32G4xx_HAL_Driver/Src/stm32g4xx_hal_rcc.c **** 
 953              		.loc 1 580 19 is_stmt 0 view .LVU328
 954 0314 FFF7FEFF 		bl	HAL_GetTick
 955              	.LVL86:
 956 0318 0546     		mov	r5, r0
 957              	.LVL87:
 583:Drivers/STM32G4xx_HAL_Driver/Src/stm32g4xx_hal_rcc.c ****       {
 958              		.loc 1 583 7 is_stmt 1 view .LVU329
 959              	.L72:
 583:Drivers/STM32G4xx_HAL_Driver/Src/stm32g4xx_hal_rcc.c ****       {
 960              		.loc 1 583 54 view .LVU330
 583:Drivers/STM32G4xx_HAL_Driver/Src/stm32g4xx_hal_rcc.c ****       {
 961              		.loc 1 583 13 is_stmt 0 view .LVU331
 962 031a 704B     		ldr	r3, .L132
 963 031c D3F89830 		ldr	r3, [r3, #152]
 583:Drivers/STM32G4xx_HAL_Driver/Src/stm32g4xx_hal_rcc.c ****       {
 964              		.loc 1 583 54 view .LVU332
 965 0320 13F0020F 		tst	r3, #2
 966 0324 23D1     		bne	.L70
 585:Drivers/STM32G4xx_HAL_Driver/Src/stm32g4xx_hal_rcc.c ****         {
 967              		.loc 1 585 9 is_stmt 1 view .LVU333
 585:Drivers/STM32G4xx_HAL_Driver/Src/stm32g4xx_hal_rcc.c ****         {
 968              		.loc 1 585 13 is_stmt 0 view .LVU334
 969 0326 FFF7FEFF 		bl	HAL_GetTick
 970              	.LVL88:
 585:Drivers/STM32G4xx_HAL_Driver/Src/stm32g4xx_hal_rcc.c ****         {
 971              		.loc 1 585 27 discriminator 1 view .LVU335
 972 032a 401B     		subs	r0, r0, r5
 585:Drivers/STM32G4xx_HAL_Driver/Src/stm32g4xx_hal_rcc.c ****         {
 973              		.loc 1 585 11 discriminator 1 view .LVU336
 974 032c 0228     		cmp	r0, #2
 975 032e F4D9     		bls	.L72
 587:Drivers/STM32G4xx_HAL_Driver/Src/stm32g4xx_hal_rcc.c ****         }
 976              		.loc 1 587 18 view .LVU337
 977 0330 0320     		movs	r0, #3
 978 0332 C2E0     		b	.L27
 979              	.LVL89:
 980              	.L125:
 981              	.LBB4:
 563:Drivers/STM32G4xx_HAL_Driver/Src/stm32g4xx_hal_rcc.c ****     }
 982              		.loc 1 563 7 is_stmt 1 view .LVU338
 983 0334 694A     		ldr	r2, .L132
 984 0336 936D     		ldr	r3, [r2, #88]
 985 0338 23F08053 		bic	r3, r3, #268435456
 986 033c 9365     		str	r3, [r2, #88]
ARM GAS  /tmp/cc3WS6gG.s 			page 48


 987 033e DCE7     		b	.L56
 988              	.LVL90:
 989              	.L71:
 563:Drivers/STM32G4xx_HAL_Driver/Src/stm32g4xx_hal_rcc.c ****     }
 990              		.loc 1 563 7 is_stmt 0 view .LVU339
 991              	.LBE4:
 594:Drivers/STM32G4xx_HAL_Driver/Src/stm32g4xx_hal_rcc.c **** 
 992              		.loc 1 594 7 is_stmt 1 view .LVU340
 993 0340 664A     		ldr	r2, .L132
 994 0342 D2F89830 		ldr	r3, [r2, #152]
 995 0346 23F00103 		bic	r3, r3, #1
 996 034a C2F89830 		str	r3, [r2, #152]
 597:Drivers/STM32G4xx_HAL_Driver/Src/stm32g4xx_hal_rcc.c **** 
 997              		.loc 1 597 7 view .LVU341
 597:Drivers/STM32G4xx_HAL_Driver/Src/stm32g4xx_hal_rcc.c **** 
 998              		.loc 1 597 19 is_stmt 0 view .LVU342
 999 034e FFF7FEFF 		bl	HAL_GetTick
 1000              	.LVL91:
 1001 0352 0546     		mov	r5, r0
 1002              	.LVL92:
 600:Drivers/STM32G4xx_HAL_Driver/Src/stm32g4xx_hal_rcc.c ****       {
 1003              		.loc 1 600 7 is_stmt 1 view .LVU343
 1004              	.L74:
 600:Drivers/STM32G4xx_HAL_Driver/Src/stm32g4xx_hal_rcc.c ****       {
 1005              		.loc 1 600 54 view .LVU344
 600:Drivers/STM32G4xx_HAL_Driver/Src/stm32g4xx_hal_rcc.c ****       {
 1006              		.loc 1 600 13 is_stmt 0 view .LVU345
 1007 0354 614B     		ldr	r3, .L132
 1008 0356 D3F89830 		ldr	r3, [r3, #152]
 600:Drivers/STM32G4xx_HAL_Driver/Src/stm32g4xx_hal_rcc.c ****       {
 1009              		.loc 1 600 54 view .LVU346
 1010 035a 13F0020F 		tst	r3, #2
 1011 035e 06D0     		beq	.L70
 602:Drivers/STM32G4xx_HAL_Driver/Src/stm32g4xx_hal_rcc.c ****         {
 1012              		.loc 1 602 9 is_stmt 1 view .LVU347
 602:Drivers/STM32G4xx_HAL_Driver/Src/stm32g4xx_hal_rcc.c ****         {
 1013              		.loc 1 602 13 is_stmt 0 view .LVU348
 1014 0360 FFF7FEFF 		bl	HAL_GetTick
 1015              	.LVL93:
 602:Drivers/STM32G4xx_HAL_Driver/Src/stm32g4xx_hal_rcc.c ****         {
 1016              		.loc 1 602 27 discriminator 1 view .LVU349
 1017 0364 401B     		subs	r0, r0, r5
 602:Drivers/STM32G4xx_HAL_Driver/Src/stm32g4xx_hal_rcc.c ****         {
 1018              		.loc 1 602 11 discriminator 1 view .LVU350
 1019 0366 0228     		cmp	r0, #2
 1020 0368 F4D9     		bls	.L74
 604:Drivers/STM32G4xx_HAL_Driver/Src/stm32g4xx_hal_rcc.c ****         }
 1021              		.loc 1 604 18 view .LVU351
 1022 036a 0320     		movs	r0, #3
 1023 036c A5E0     		b	.L27
 1024              	.LVL94:
 1025              	.L70:
 612:Drivers/STM32G4xx_HAL_Driver/Src/stm32g4xx_hal_rcc.c **** 
 1026              		.loc 1 612 3 is_stmt 1 view .LVU352
 614:Drivers/STM32G4xx_HAL_Driver/Src/stm32g4xx_hal_rcc.c ****   {
 1027              		.loc 1 614 3 view .LVU353
 614:Drivers/STM32G4xx_HAL_Driver/Src/stm32g4xx_hal_rcc.c ****   {
ARM GAS  /tmp/cc3WS6gG.s 			page 49


 1028              		.loc 1 614 29 is_stmt 0 view .LVU354
 1029 036e E369     		ldr	r3, [r4, #28]
 614:Drivers/STM32G4xx_HAL_Driver/Src/stm32g4xx_hal_rcc.c ****   {
 1030              		.loc 1 614 6 view .LVU355
 1031 0370 002B     		cmp	r3, #0
 1032 0372 00F0A180 		beq	.L100
 617:Drivers/STM32G4xx_HAL_Driver/Src/stm32g4xx_hal_rcc.c ****     {
 1033              		.loc 1 617 5 is_stmt 1 view .LVU356
 617:Drivers/STM32G4xx_HAL_Driver/Src/stm32g4xx_hal_rcc.c ****     {
 1034              		.loc 1 617 9 is_stmt 0 view .LVU357
 1035 0376 594A     		ldr	r2, .L132
 1036 0378 9268     		ldr	r2, [r2, #8]
 1037 037a 02F00C02 		and	r2, r2, #12
 617:Drivers/STM32G4xx_HAL_Driver/Src/stm32g4xx_hal_rcc.c ****     {
 1038              		.loc 1 617 8 view .LVU358
 1039 037e 0C2A     		cmp	r2, #12
 1040 0380 64D0     		beq	.L76
 619:Drivers/STM32G4xx_HAL_Driver/Src/stm32g4xx_hal_rcc.c ****       {
 1041              		.loc 1 619 7 is_stmt 1 view .LVU359
 619:Drivers/STM32G4xx_HAL_Driver/Src/stm32g4xx_hal_rcc.c ****       {
 1042              		.loc 1 619 10 is_stmt 0 view .LVU360
 1043 0382 022B     		cmp	r3, #2
 1044 0384 13D0     		beq	.L126
 673:Drivers/STM32G4xx_HAL_Driver/Src/stm32g4xx_hal_rcc.c **** 
 1045              		.loc 1 673 9 is_stmt 1 view .LVU361
 1046 0386 554A     		ldr	r2, .L132
 1047 0388 1368     		ldr	r3, [r2]
 1048 038a 23F08073 		bic	r3, r3, #16777216
 1049 038e 1360     		str	r3, [r2]
 676:Drivers/STM32G4xx_HAL_Driver/Src/stm32g4xx_hal_rcc.c **** 
 1050              		.loc 1 676 9 view .LVU362
 676:Drivers/STM32G4xx_HAL_Driver/Src/stm32g4xx_hal_rcc.c **** 
 1051              		.loc 1 676 21 is_stmt 0 view .LVU363
 1052 0390 FFF7FEFF 		bl	HAL_GetTick
 1053              	.LVL95:
 1054 0394 0446     		mov	r4, r0
 1055              	.LVL96:
 679:Drivers/STM32G4xx_HAL_Driver/Src/stm32g4xx_hal_rcc.c ****         {
 1056              		.loc 1 679 9 is_stmt 1 view .LVU364
 1057              	.L82:
 679:Drivers/STM32G4xx_HAL_Driver/Src/stm32g4xx_hal_rcc.c ****         {
 1058              		.loc 1 679 49 view .LVU365
 679:Drivers/STM32G4xx_HAL_Driver/Src/stm32g4xx_hal_rcc.c ****         {
 1059              		.loc 1 679 16 is_stmt 0 view .LVU366
 1060 0396 514B     		ldr	r3, .L132
 1061 0398 1B68     		ldr	r3, [r3]
 679:Drivers/STM32G4xx_HAL_Driver/Src/stm32g4xx_hal_rcc.c ****         {
 1062              		.loc 1 679 49 view .LVU367
 1063 039a 13F0007F 		tst	r3, #33554432
 1064 039e 4ED0     		beq	.L127
 681:Drivers/STM32G4xx_HAL_Driver/Src/stm32g4xx_hal_rcc.c ****           {
 1065              		.loc 1 681 11 is_stmt 1 view .LVU368
 681:Drivers/STM32G4xx_HAL_Driver/Src/stm32g4xx_hal_rcc.c ****           {
 1066              		.loc 1 681 16 is_stmt 0 view .LVU369
 1067 03a0 FFF7FEFF 		bl	HAL_GetTick
 1068              	.LVL97:
 681:Drivers/STM32G4xx_HAL_Driver/Src/stm32g4xx_hal_rcc.c ****           {
ARM GAS  /tmp/cc3WS6gG.s 			page 50


 1069              		.loc 1 681 30 discriminator 1 view .LVU370
 1070 03a4 001B     		subs	r0, r0, r4
 681:Drivers/STM32G4xx_HAL_Driver/Src/stm32g4xx_hal_rcc.c ****           {
 1071              		.loc 1 681 14 discriminator 1 view .LVU371
 1072 03a6 0228     		cmp	r0, #2
 1073 03a8 F5D9     		bls	.L82
 683:Drivers/STM32G4xx_HAL_Driver/Src/stm32g4xx_hal_rcc.c ****           }
 1074              		.loc 1 683 20 view .LVU372
 1075 03aa 0320     		movs	r0, #3
 1076 03ac 85E0     		b	.L27
 1077              	.LVL98:
 1078              	.L126:
 622:Drivers/STM32G4xx_HAL_Driver/Src/stm32g4xx_hal_rcc.c ****         assert_param(IS_RCC_PLLM_VALUE(RCC_OscInitStruct->PLL.PLLM));
 1079              		.loc 1 622 9 is_stmt 1 view .LVU373
 623:Drivers/STM32G4xx_HAL_Driver/Src/stm32g4xx_hal_rcc.c ****         assert_param(IS_RCC_PLLN_VALUE(RCC_OscInitStruct->PLL.PLLN));
 1080              		.loc 1 623 9 view .LVU374
 624:Drivers/STM32G4xx_HAL_Driver/Src/stm32g4xx_hal_rcc.c ****         assert_param(IS_RCC_PLLP_VALUE(RCC_OscInitStruct->PLL.PLLP));
 1081              		.loc 1 624 9 view .LVU375
 625:Drivers/STM32G4xx_HAL_Driver/Src/stm32g4xx_hal_rcc.c ****         assert_param(IS_RCC_PLLQ_VALUE(RCC_OscInitStruct->PLL.PLLQ));
 1082              		.loc 1 625 9 view .LVU376
 626:Drivers/STM32G4xx_HAL_Driver/Src/stm32g4xx_hal_rcc.c ****         assert_param(IS_RCC_PLLR_VALUE(RCC_OscInitStruct->PLL.PLLR));
 1083              		.loc 1 626 9 view .LVU377
 627:Drivers/STM32G4xx_HAL_Driver/Src/stm32g4xx_hal_rcc.c **** 
 1084              		.loc 1 627 9 view .LVU378
 630:Drivers/STM32G4xx_HAL_Driver/Src/stm32g4xx_hal_rcc.c **** 
 1085              		.loc 1 630 9 view .LVU379
 1086 03ae 4B4A     		ldr	r2, .L132
 1087 03b0 1368     		ldr	r3, [r2]
 1088 03b2 23F08073 		bic	r3, r3, #16777216
 1089 03b6 1360     		str	r3, [r2]
 633:Drivers/STM32G4xx_HAL_Driver/Src/stm32g4xx_hal_rcc.c **** 
 1090              		.loc 1 633 9 view .LVU380
 633:Drivers/STM32G4xx_HAL_Driver/Src/stm32g4xx_hal_rcc.c **** 
 1091              		.loc 1 633 21 is_stmt 0 view .LVU381
 1092 03b8 FFF7FEFF 		bl	HAL_GetTick
 1093              	.LVL99:
 1094 03bc 0546     		mov	r5, r0
 1095              	.LVL100:
 636:Drivers/STM32G4xx_HAL_Driver/Src/stm32g4xx_hal_rcc.c ****         {
 1096              		.loc 1 636 9 is_stmt 1 view .LVU382
 1097              	.L78:
 636:Drivers/STM32G4xx_HAL_Driver/Src/stm32g4xx_hal_rcc.c ****         {
 1098              		.loc 1 636 49 view .LVU383
 636:Drivers/STM32G4xx_HAL_Driver/Src/stm32g4xx_hal_rcc.c ****         {
 1099              		.loc 1 636 16 is_stmt 0 view .LVU384
 1100 03be 474B     		ldr	r3, .L132
 1101 03c0 1B68     		ldr	r3, [r3]
 636:Drivers/STM32G4xx_HAL_Driver/Src/stm32g4xx_hal_rcc.c ****         {
 1102              		.loc 1 636 49 view .LVU385
 1103 03c2 13F0007F 		tst	r3, #33554432
 1104 03c6 06D0     		beq	.L128
 638:Drivers/STM32G4xx_HAL_Driver/Src/stm32g4xx_hal_rcc.c ****           {
 1105              		.loc 1 638 11 is_stmt 1 view .LVU386
 638:Drivers/STM32G4xx_HAL_Driver/Src/stm32g4xx_hal_rcc.c ****           {
 1106              		.loc 1 638 16 is_stmt 0 view .LVU387
 1107 03c8 FFF7FEFF 		bl	HAL_GetTick
 1108              	.LVL101:
ARM GAS  /tmp/cc3WS6gG.s 			page 51


 638:Drivers/STM32G4xx_HAL_Driver/Src/stm32g4xx_hal_rcc.c ****           {
 1109              		.loc 1 638 30 discriminator 1 view .LVU388
 1110 03cc 401B     		subs	r0, r0, r5
 638:Drivers/STM32G4xx_HAL_Driver/Src/stm32g4xx_hal_rcc.c ****           {
 1111              		.loc 1 638 14 discriminator 1 view .LVU389
 1112 03ce 0228     		cmp	r0, #2
 1113 03d0 F5D9     		bls	.L78
 640:Drivers/STM32G4xx_HAL_Driver/Src/stm32g4xx_hal_rcc.c ****           }
 1114              		.loc 1 640 20 view .LVU390
 1115 03d2 0320     		movs	r0, #3
 1116 03d4 71E0     		b	.L27
 1117              	.L128:
 645:Drivers/STM32G4xx_HAL_Driver/Src/stm32g4xx_hal_rcc.c ****                              RCC_OscInitStruct->PLL.PLLM,
 1118              		.loc 1 645 9 is_stmt 1 view .LVU391
 1119 03d6 414A     		ldr	r2, .L132
 1120 03d8 D368     		ldr	r3, [r2, #12]
 1121 03da 4149     		ldr	r1, .L132+4
 1122 03dc 1940     		ands	r1, r1, r3
 1123 03de 236A     		ldr	r3, [r4, #32]
 1124 03e0 606A     		ldr	r0, [r4, #36]
 1125 03e2 0138     		subs	r0, r0, #1
 1126 03e4 43EA0013 		orr	r3, r3, r0, lsl #4
 1127 03e8 A06A     		ldr	r0, [r4, #40]
 1128 03ea 43EA0023 		orr	r3, r3, r0, lsl #8
 1129 03ee 206B     		ldr	r0, [r4, #48]
 1130 03f0 4008     		lsrs	r0, r0, #1
 1131 03f2 0138     		subs	r0, r0, #1
 1132 03f4 43EA4053 		orr	r3, r3, r0, lsl #21
 1133 03f8 606B     		ldr	r0, [r4, #52]
 1134 03fa 4008     		lsrs	r0, r0, #1
 1135 03fc 0138     		subs	r0, r0, #1
 1136 03fe 43EA4063 		orr	r3, r3, r0, lsl #25
 1137 0402 E06A     		ldr	r0, [r4, #44]
 1138 0404 43EAC063 		orr	r3, r3, r0, lsl #27
 1139 0408 1943     		orrs	r1, r1, r3
 1140 040a D160     		str	r1, [r2, #12]
 653:Drivers/STM32G4xx_HAL_Driver/Src/stm32g4xx_hal_rcc.c **** 
 1141              		.loc 1 653 9 view .LVU392
 1142 040c 1368     		ldr	r3, [r2]
 1143 040e 43F08073 		orr	r3, r3, #16777216
 1144 0412 1360     		str	r3, [r2]
 656:Drivers/STM32G4xx_HAL_Driver/Src/stm32g4xx_hal_rcc.c **** 
 1145              		.loc 1 656 10 view .LVU393
 1146 0414 D368     		ldr	r3, [r2, #12]
 1147 0416 43F08073 		orr	r3, r3, #16777216
 1148 041a D360     		str	r3, [r2, #12]
 659:Drivers/STM32G4xx_HAL_Driver/Src/stm32g4xx_hal_rcc.c **** 
 1149              		.loc 1 659 9 view .LVU394
 659:Drivers/STM32G4xx_HAL_Driver/Src/stm32g4xx_hal_rcc.c **** 
 1150              		.loc 1 659 21 is_stmt 0 view .LVU395
 1151 041c FFF7FEFF 		bl	HAL_GetTick
 1152              	.LVL102:
 1153 0420 0446     		mov	r4, r0
 1154              	.LVL103:
 662:Drivers/STM32G4xx_HAL_Driver/Src/stm32g4xx_hal_rcc.c ****         {
 1155              		.loc 1 662 9 is_stmt 1 view .LVU396
 1156              	.L80:
ARM GAS  /tmp/cc3WS6gG.s 			page 52


 662:Drivers/STM32G4xx_HAL_Driver/Src/stm32g4xx_hal_rcc.c ****         {
 1157              		.loc 1 662 49 view .LVU397
 662:Drivers/STM32G4xx_HAL_Driver/Src/stm32g4xx_hal_rcc.c ****         {
 1158              		.loc 1 662 16 is_stmt 0 view .LVU398
 1159 0422 2E4B     		ldr	r3, .L132
 1160 0424 1B68     		ldr	r3, [r3]
 662:Drivers/STM32G4xx_HAL_Driver/Src/stm32g4xx_hal_rcc.c ****         {
 1161              		.loc 1 662 49 view .LVU399
 1162 0426 13F0007F 		tst	r3, #33554432
 1163 042a 06D1     		bne	.L129
 664:Drivers/STM32G4xx_HAL_Driver/Src/stm32g4xx_hal_rcc.c ****           {
 1164              		.loc 1 664 11 is_stmt 1 view .LVU400
 664:Drivers/STM32G4xx_HAL_Driver/Src/stm32g4xx_hal_rcc.c ****           {
 1165              		.loc 1 664 16 is_stmt 0 view .LVU401
 1166 042c FFF7FEFF 		bl	HAL_GetTick
 1167              	.LVL104:
 664:Drivers/STM32G4xx_HAL_Driver/Src/stm32g4xx_hal_rcc.c ****           {
 1168              		.loc 1 664 30 discriminator 1 view .LVU402
 1169 0430 001B     		subs	r0, r0, r4
 664:Drivers/STM32G4xx_HAL_Driver/Src/stm32g4xx_hal_rcc.c ****           {
 1170              		.loc 1 664 14 discriminator 1 view .LVU403
 1171 0432 0228     		cmp	r0, #2
 1172 0434 F5D9     		bls	.L80
 666:Drivers/STM32G4xx_HAL_Driver/Src/stm32g4xx_hal_rcc.c ****           }
 1173              		.loc 1 666 20 view .LVU404
 1174 0436 0320     		movs	r0, #3
 1175 0438 3FE0     		b	.L27
 1176              	.L129:
 715:Drivers/STM32G4xx_HAL_Driver/Src/stm32g4xx_hal_rcc.c **** }
 1177              		.loc 1 715 10 view .LVU405
 1178 043a 0020     		movs	r0, #0
 1179 043c 3DE0     		b	.L27
 1180              	.L127:
 688:Drivers/STM32G4xx_HAL_Driver/Src/stm32g4xx_hal_rcc.c ****       }
 1181              		.loc 1 688 9 is_stmt 1 view .LVU406
 688:Drivers/STM32G4xx_HAL_Driver/Src/stm32g4xx_hal_rcc.c ****       }
 1182              		.loc 1 688 12 is_stmt 0 view .LVU407
 1183 043e 274A     		ldr	r2, .L132
 1184 0440 D168     		ldr	r1, [r2, #12]
 688:Drivers/STM32G4xx_HAL_Driver/Src/stm32g4xx_hal_rcc.c ****       }
 1185              		.loc 1 688 22 view .LVU408
 1186 0442 284B     		ldr	r3, .L132+8
 1187 0444 0B40     		ands	r3, r3, r1
 1188 0446 D360     		str	r3, [r2, #12]
 715:Drivers/STM32G4xx_HAL_Driver/Src/stm32g4xx_hal_rcc.c **** }
 1189              		.loc 1 715 10 view .LVU409
 1190 0448 0020     		movs	r0, #0
 1191 044a 36E0     		b	.L27
 1192              	.LVL105:
 1193              	.L76:
 694:Drivers/STM32G4xx_HAL_Driver/Src/stm32g4xx_hal_rcc.c ****       {
 1194              		.loc 1 694 7 is_stmt 1 view .LVU410
 694:Drivers/STM32G4xx_HAL_Driver/Src/stm32g4xx_hal_rcc.c ****       {
 1195              		.loc 1 694 9 is_stmt 0 view .LVU411
 1196 044c 012B     		cmp	r3, #1
 1197 044e 36D0     		beq	.L104
 701:Drivers/STM32G4xx_HAL_Driver/Src/stm32g4xx_hal_rcc.c ****       if((READ_BIT(temp_pllckcfg, RCC_PLLCFGR_PLLSRC) != RCC_OscInitStruct->PLL.PLLSource) ||
ARM GAS  /tmp/cc3WS6gG.s 			page 53


 1198              		.loc 1 701 7 is_stmt 1 view .LVU412
 701:Drivers/STM32G4xx_HAL_Driver/Src/stm32g4xx_hal_rcc.c ****       if((READ_BIT(temp_pllckcfg, RCC_PLLCFGR_PLLSRC) != RCC_OscInitStruct->PLL.PLLSource) ||
 1199              		.loc 1 701 21 is_stmt 0 view .LVU413
 1200 0450 224B     		ldr	r3, .L132
 1201 0452 DB68     		ldr	r3, [r3, #12]
 1202              	.LVL106:
 702:Drivers/STM32G4xx_HAL_Driver/Src/stm32g4xx_hal_rcc.c ****          (READ_BIT(temp_pllckcfg, RCC_PLLCFGR_PLLM) != (((RCC_OscInitStruct->PLL.PLLM) - 1U) << RCC
 1203              		.loc 1 702 7 is_stmt 1 view .LVU414
 702:Drivers/STM32G4xx_HAL_Driver/Src/stm32g4xx_hal_rcc.c ****          (READ_BIT(temp_pllckcfg, RCC_PLLCFGR_PLLM) != (((RCC_OscInitStruct->PLL.PLLM) - 1U) << RCC
 1204              		.loc 1 702 11 is_stmt 0 view .LVU415
 1205 0454 03F00301 		and	r1, r3, #3
 702:Drivers/STM32G4xx_HAL_Driver/Src/stm32g4xx_hal_rcc.c ****          (READ_BIT(temp_pllckcfg, RCC_PLLCFGR_PLLM) != (((RCC_OscInitStruct->PLL.PLLM) - 1U) << RCC
 1206              		.loc 1 702 80 view .LVU416
 1207 0458 226A     		ldr	r2, [r4, #32]
 702:Drivers/STM32G4xx_HAL_Driver/Src/stm32g4xx_hal_rcc.c ****          (READ_BIT(temp_pllckcfg, RCC_PLLCFGR_PLLM) != (((RCC_OscInitStruct->PLL.PLLM) - 1U) << RCC
 1208              		.loc 1 702 9 view .LVU417
 1209 045a 9142     		cmp	r1, r2
 1210 045c 31D1     		bne	.L105
 703:Drivers/STM32G4xx_HAL_Driver/Src/stm32g4xx_hal_rcc.c ****          (READ_BIT(temp_pllckcfg, RCC_PLLCFGR_PLLN) != ((RCC_OscInitStruct->PLL.PLLN) << RCC_PLLCFG
 1211              		.loc 1 703 11 view .LVU418
 1212 045e 03F0F002 		and	r2, r3, #240
 703:Drivers/STM32G4xx_HAL_Driver/Src/stm32g4xx_hal_rcc.c ****          (READ_BIT(temp_pllckcfg, RCC_PLLCFGR_PLLN) != ((RCC_OscInitStruct->PLL.PLLN) << RCC_PLLCFG
 1213              		.loc 1 703 81 view .LVU419
 1214 0462 616A     		ldr	r1, [r4, #36]
 703:Drivers/STM32G4xx_HAL_Driver/Src/stm32g4xx_hal_rcc.c ****          (READ_BIT(temp_pllckcfg, RCC_PLLCFGR_PLLN) != ((RCC_OscInitStruct->PLL.PLLN) << RCC_PLLCFG
 1215              		.loc 1 703 88 view .LVU420
 1216 0464 0139     		subs	r1, r1, #1
 702:Drivers/STM32G4xx_HAL_Driver/Src/stm32g4xx_hal_rcc.c ****          (READ_BIT(temp_pllckcfg, RCC_PLLCFGR_PLLM) != (((RCC_OscInitStruct->PLL.PLLM) - 1U) << RCC
 1217              		.loc 1 702 92 discriminator 1 view .LVU421
 1218 0466 B2EB011F 		cmp	r2, r1, lsl #4
 1219 046a 2CD1     		bne	.L106
 704:Drivers/STM32G4xx_HAL_Driver/Src/stm32g4xx_hal_rcc.c ****          (READ_BIT(temp_pllckcfg, RCC_PLLCFGR_PLLPDIV) != ((RCC_OscInitStruct->PLL.PLLP) << RCC_PLL
 1220              		.loc 1 704 11 view .LVU422
 1221 046c 03F4FE42 		and	r2, r3, #32512
 704:Drivers/STM32G4xx_HAL_Driver/Src/stm32g4xx_hal_rcc.c ****          (READ_BIT(temp_pllckcfg, RCC_PLLCFGR_PLLPDIV) != ((RCC_OscInitStruct->PLL.PLLP) << RCC_PLL
 1222              		.loc 1 704 80 view .LVU423
 1223 0470 A16A     		ldr	r1, [r4, #40]
 703:Drivers/STM32G4xx_HAL_Driver/Src/stm32g4xx_hal_rcc.c ****          (READ_BIT(temp_pllckcfg, RCC_PLLCFGR_PLLN) != ((RCC_OscInitStruct->PLL.PLLN) << RCC_PLLCFG
 1224              		.loc 1 703 120 view .LVU424
 1225 0472 B2EB012F 		cmp	r2, r1, lsl #8
 1226 0476 28D1     		bne	.L107
 705:Drivers/STM32G4xx_HAL_Driver/Src/stm32g4xx_hal_rcc.c ****          (READ_BIT(temp_pllckcfg, RCC_PLLCFGR_PLLQ) != ((((RCC_OscInitStruct->PLL.PLLQ) >> 1U) - 1U
 1227              		.loc 1 705 11 view .LVU425
 1228 0478 03F07842 		and	r2, r3, #-134217728
 705:Drivers/STM32G4xx_HAL_Driver/Src/stm32g4xx_hal_rcc.c ****          (READ_BIT(temp_pllckcfg, RCC_PLLCFGR_PLLQ) != ((((RCC_OscInitStruct->PLL.PLLQ) >> 1U) - 1U
 1229              		.loc 1 705 83 view .LVU426
 1230 047c E16A     		ldr	r1, [r4, #44]
 704:Drivers/STM32G4xx_HAL_Driver/Src/stm32g4xx_hal_rcc.c ****          (READ_BIT(temp_pllckcfg, RCC_PLLCFGR_PLLPDIV) != ((RCC_OscInitStruct->PLL.PLLP) << RCC_PLL
 1231              		.loc 1 704 113 view .LVU427
 1232 047e B2EBC16F 		cmp	r2, r1, lsl #27
 1233 0482 24D1     		bne	.L108
 706:Drivers/STM32G4xx_HAL_Driver/Src/stm32g4xx_hal_rcc.c ****          (READ_BIT(temp_pllckcfg, RCC_PLLCFGR_PLLR) != ((((RCC_OscInitStruct->PLL.PLLR) >> 1U) - 1U
 1234              		.loc 1 706 11 view .LVU428
 1235 0484 03F4C001 		and	r1, r3, #6291456
 706:Drivers/STM32G4xx_HAL_Driver/Src/stm32g4xx_hal_rcc.c ****          (READ_BIT(temp_pllckcfg, RCC_PLLCFGR_PLLR) != ((((RCC_OscInitStruct->PLL.PLLR) >> 1U) - 1U
 1236              		.loc 1 706 82 view .LVU429
 1237 0488 226B     		ldr	r2, [r4, #48]
ARM GAS  /tmp/cc3WS6gG.s 			page 54


 706:Drivers/STM32G4xx_HAL_Driver/Src/stm32g4xx_hal_rcc.c ****          (READ_BIT(temp_pllckcfg, RCC_PLLCFGR_PLLR) != ((((RCC_OscInitStruct->PLL.PLLR) >> 1U) - 1U
 1238              		.loc 1 706 89 view .LVU430
 1239 048a 5208     		lsrs	r2, r2, #1
 706:Drivers/STM32G4xx_HAL_Driver/Src/stm32g4xx_hal_rcc.c ****          (READ_BIT(temp_pllckcfg, RCC_PLLCFGR_PLLR) != ((((RCC_OscInitStruct->PLL.PLLR) >> 1U) - 1U
 1240              		.loc 1 706 96 view .LVU431
 1241 048c 013A     		subs	r2, r2, #1
 705:Drivers/STM32G4xx_HAL_Driver/Src/stm32g4xx_hal_rcc.c ****          (READ_BIT(temp_pllckcfg, RCC_PLLCFGR_PLLQ) != ((((RCC_OscInitStruct->PLL.PLLQ) >> 1U) - 1U
 1242              		.loc 1 705 119 view .LVU432
 1243 048e B1EB425F 		cmp	r1, r2, lsl #21
 1244 0492 1ED1     		bne	.L109
 707:Drivers/STM32G4xx_HAL_Driver/Src/stm32g4xx_hal_rcc.c ****       {
 1245              		.loc 1 707 11 view .LVU433
 1246 0494 03F0C063 		and	r3, r3, #100663296
 1247              	.LVL107:
 707:Drivers/STM32G4xx_HAL_Driver/Src/stm32g4xx_hal_rcc.c ****       {
 1248              		.loc 1 707 82 view .LVU434
 1249 0498 626B     		ldr	r2, [r4, #52]
 707:Drivers/STM32G4xx_HAL_Driver/Src/stm32g4xx_hal_rcc.c ****       {
 1250              		.loc 1 707 89 view .LVU435
 1251 049a 5208     		lsrs	r2, r2, #1
 707:Drivers/STM32G4xx_HAL_Driver/Src/stm32g4xx_hal_rcc.c ****       {
 1252              		.loc 1 707 96 view .LVU436
 1253 049c 013A     		subs	r2, r2, #1
 706:Drivers/STM32G4xx_HAL_Driver/Src/stm32g4xx_hal_rcc.c ****          (READ_BIT(temp_pllckcfg, RCC_PLLCFGR_PLLR) != ((((RCC_OscInitStruct->PLL.PLLR) >> 1U) - 1U
 1254              		.loc 1 706 128 view .LVU437
 1255 049e B3EB426F 		cmp	r3, r2, lsl #25
 1256 04a2 18D1     		bne	.L110
 715:Drivers/STM32G4xx_HAL_Driver/Src/stm32g4xx_hal_rcc.c **** }
 1257              		.loc 1 715 10 view .LVU438
 1258 04a4 0020     		movs	r0, #0
 1259 04a6 08E0     		b	.L27
 1260              	.LVL108:
 1261              	.L84:
 1262              		.cfi_def_cfa_offset 0
 1263              		.cfi_restore 4
 1264              		.cfi_restore 5
 1265              		.cfi_restore 6
 1266              		.cfi_restore 14
 321:Drivers/STM32G4xx_HAL_Driver/Src/stm32g4xx_hal_rcc.c ****   }
 1267              		.loc 1 321 12 view .LVU439
 1268 04a8 0120     		movs	r0, #1
 1269              	.LVL109:
 716:Drivers/STM32G4xx_HAL_Driver/Src/stm32g4xx_hal_rcc.c **** 
 1270              		.loc 1 716 1 view .LVU440
 1271 04aa 7047     		bx	lr
 1272              	.LVL110:
 1273              	.L118:
 1274              		.cfi_def_cfa_offset 24
 1275              		.cfi_offset 4, -16
 1276              		.cfi_offset 5, -12
 1277              		.cfi_offset 6, -8
 1278              		.cfi_offset 14, -4
 341:Drivers/STM32G4xx_HAL_Driver/Src/stm32g4xx_hal_rcc.c ****       }
 1279              		.loc 1 341 16 view .LVU441
 1280 04ac 0120     		movs	r0, #1
 1281              	.LVL111:
 341:Drivers/STM32G4xx_HAL_Driver/Src/stm32g4xx_hal_rcc.c ****       }
ARM GAS  /tmp/cc3WS6gG.s 			page 55


 1282              		.loc 1 341 16 view .LVU442
 1283 04ae 04E0     		b	.L27
 1284              	.L88:
 395:Drivers/STM32G4xx_HAL_Driver/Src/stm32g4xx_hal_rcc.c ****       }
 1285              		.loc 1 395 16 view .LVU443
 1286 04b0 0120     		movs	r0, #1
 1287 04b2 02E0     		b	.L27
 1288              	.LVL112:
 1289              	.L121:
 406:Drivers/STM32G4xx_HAL_Driver/Src/stm32g4xx_hal_rcc.c ****         }
 1290              		.loc 1 406 18 view .LVU444
 1291 04b4 0120     		movs	r0, #1
 1292 04b6 00E0     		b	.L27
 1293              	.LVL113:
 1294              	.L100:
 715:Drivers/STM32G4xx_HAL_Driver/Src/stm32g4xx_hal_rcc.c **** }
 1295              		.loc 1 715 10 view .LVU445
 1296 04b8 1846     		mov	r0, r3
 1297              	.LVL114:
 1298              	.L27:
 716:Drivers/STM32G4xx_HAL_Driver/Src/stm32g4xx_hal_rcc.c **** 
 1299              		.loc 1 716 1 view .LVU446
 1300 04ba 02B0     		add	sp, sp, #8
 1301              		.cfi_remember_state
 1302              		.cfi_def_cfa_offset 16
 1303              		@ sp needed
 1304 04bc 70BD     		pop	{r4, r5, r6, pc}
 1305              	.LVL115:
 1306              	.L104:
 1307              		.cfi_restore_state
 696:Drivers/STM32G4xx_HAL_Driver/Src/stm32g4xx_hal_rcc.c ****       }
 1308              		.loc 1 696 16 view .LVU447
 1309 04be 0120     		movs	r0, #1
 1310 04c0 FBE7     		b	.L27
 1311              	.LVL116:
 1312              	.L105:
 709:Drivers/STM32G4xx_HAL_Driver/Src/stm32g4xx_hal_rcc.c ****       }
 1313              		.loc 1 709 16 view .LVU448
 1314 04c2 0120     		movs	r0, #1
 1315 04c4 F9E7     		b	.L27
 1316              	.L106:
 1317 04c6 0120     		movs	r0, #1
 1318 04c8 F7E7     		b	.L27
 1319              	.L107:
 1320 04ca 0120     		movs	r0, #1
 1321 04cc F5E7     		b	.L27
 1322              	.L108:
 1323 04ce 0120     		movs	r0, #1
 1324 04d0 F3E7     		b	.L27
 1325              	.L109:
 1326 04d2 0120     		movs	r0, #1
 1327 04d4 F1E7     		b	.L27
 1328              	.LVL117:
 1329              	.L110:
 709:Drivers/STM32G4xx_HAL_Driver/Src/stm32g4xx_hal_rcc.c ****       }
 1330              		.loc 1 709 16 view .LVU449
 1331 04d6 0120     		movs	r0, #1
ARM GAS  /tmp/cc3WS6gG.s 			page 56


 1332 04d8 EFE7     		b	.L27
 1333              	.L133:
 1334 04da 00BF     		.align	2
 1335              	.L132:
 1336 04dc 00100240 		.word	1073876992
 1337 04e0 0C809F01 		.word	27230220
 1338 04e4 FCFFEEFE 		.word	-17891332
 1339              		.cfi_endproc
 1340              	.LFE133:
 1342              		.section	.text.HAL_RCC_MCOConfig,"ax",%progbits
 1343              		.align	1
 1344              		.global	HAL_RCC_MCOConfig
 1345              		.syntax unified
 1346              		.thumb
 1347              		.thumb_func
 1349              	HAL_RCC_MCOConfig:
 1350              	.LVL118:
 1351              	.LFB135:
 995:Drivers/STM32G4xx_HAL_Driver/Src/stm32g4xx_hal_rcc.c ****   GPIO_InitTypeDef gpio_initstruct;
 1352              		.loc 1 995 1 is_stmt 1 view -0
 1353              		.cfi_startproc
 1354              		@ args = 0, pretend = 0, frame = 24
 1355              		@ frame_needed = 0, uses_anonymous_args = 0
 995:Drivers/STM32G4xx_HAL_Driver/Src/stm32g4xx_hal_rcc.c ****   GPIO_InitTypeDef gpio_initstruct;
 1356              		.loc 1 995 1 is_stmt 0 view .LVU451
 1357 0000 70B5     		push	{r4, r5, r6, lr}
 1358              		.cfi_def_cfa_offset 16
 1359              		.cfi_offset 4, -16
 1360              		.cfi_offset 5, -12
 1361              		.cfi_offset 6, -8
 1362              		.cfi_offset 14, -4
 1363 0002 86B0     		sub	sp, sp, #24
 1364              		.cfi_def_cfa_offset 40
 1365 0004 0E46     		mov	r6, r1
 1366 0006 1546     		mov	r5, r2
 996:Drivers/STM32G4xx_HAL_Driver/Src/stm32g4xx_hal_rcc.c ****   uint32_t mcoindex;
 1367              		.loc 1 996 3 is_stmt 1 view .LVU452
 997:Drivers/STM32G4xx_HAL_Driver/Src/stm32g4xx_hal_rcc.c ****   uint32_t mco_gpio_index;
 1368              		.loc 1 997 3 view .LVU453
 998:Drivers/STM32G4xx_HAL_Driver/Src/stm32g4xx_hal_rcc.c ****   GPIO_TypeDef * mco_gpio_port;
 1369              		.loc 1 998 3 view .LVU454
 999:Drivers/STM32G4xx_HAL_Driver/Src/stm32g4xx_hal_rcc.c **** 
 1370              		.loc 1 999 3 view .LVU455
1002:Drivers/STM32G4xx_HAL_Driver/Src/stm32g4xx_hal_rcc.c **** 
 1371              		.loc 1 1002 3 view .LVU456
1005:Drivers/STM32G4xx_HAL_Driver/Src/stm32g4xx_hal_rcc.c ****   gpio_initstruct.Speed     = GPIO_SPEED_FREQ_VERY_HIGH;
 1372              		.loc 1 1005 3 view .LVU457
1005:Drivers/STM32G4xx_HAL_Driver/Src/stm32g4xx_hal_rcc.c ****   gpio_initstruct.Speed     = GPIO_SPEED_FREQ_VERY_HIGH;
 1373              		.loc 1 1005 29 is_stmt 0 view .LVU458
 1374 0008 0223     		movs	r3, #2
 1375 000a 0293     		str	r3, [sp, #8]
1006:Drivers/STM32G4xx_HAL_Driver/Src/stm32g4xx_hal_rcc.c ****   gpio_initstruct.Pull      = GPIO_NOPULL;
 1376              		.loc 1 1006 3 is_stmt 1 view .LVU459
1006:Drivers/STM32G4xx_HAL_Driver/Src/stm32g4xx_hal_rcc.c ****   gpio_initstruct.Pull      = GPIO_NOPULL;
 1377              		.loc 1 1006 29 is_stmt 0 view .LVU460
 1378 000c 0323     		movs	r3, #3
 1379 000e 0493     		str	r3, [sp, #16]
ARM GAS  /tmp/cc3WS6gG.s 			page 57


1007:Drivers/STM32G4xx_HAL_Driver/Src/stm32g4xx_hal_rcc.c **** 
 1380              		.loc 1 1007 3 is_stmt 1 view .LVU461
1007:Drivers/STM32G4xx_HAL_Driver/Src/stm32g4xx_hal_rcc.c **** 
 1381              		.loc 1 1007 29 is_stmt 0 view .LVU462
 1382 0010 0023     		movs	r3, #0
 1383 0012 0393     		str	r3, [sp, #12]
1010:Drivers/STM32G4xx_HAL_Driver/Src/stm32g4xx_hal_rcc.c **** 
 1384              		.loc 1 1010 3 is_stmt 1 view .LVU463
1010:Drivers/STM32G4xx_HAL_Driver/Src/stm32g4xx_hal_rcc.c **** 
 1385              		.loc 1 1010 12 is_stmt 0 view .LVU464
 1386 0014 00F08054 		and	r4, r0, #268435456
 1387              	.LVL119:
1013:Drivers/STM32G4xx_HAL_Driver/Src/stm32g4xx_hal_rcc.c **** 
 1388              		.loc 1 1013 3 is_stmt 1 view .LVU465
1013:Drivers/STM32G4xx_HAL_Driver/Src/stm32g4xx_hal_rcc.c **** 
 1389              		.loc 1 1013 36 is_stmt 0 view .LVU466
 1390 0018 C0F3034C 		ubfx	ip, r0, #16, #4
 1391 001c 0CF5901E 		add	lr, ip, #1179648
 1392              	.LVL120:
1016:Drivers/STM32G4xx_HAL_Driver/Src/stm32g4xx_hal_rcc.c ****   SET_BIT(RCC->AHB2ENR, (1UL << mco_gpio_index ));
 1393              		.loc 1 1016 3 is_stmt 1 view .LVU467
1017:Drivers/STM32G4xx_HAL_Driver/Src/stm32g4xx_hal_rcc.c **** 
 1394              		.loc 1 1017 3 view .LVU468
 1395 0020 0D4A     		ldr	r2, .L137
 1396              	.LVL121:
1017:Drivers/STM32G4xx_HAL_Driver/Src/stm32g4xx_hal_rcc.c **** 
 1397              		.loc 1 1017 3 is_stmt 0 view .LVU469
 1398 0022 D36C     		ldr	r3, [r2, #76]
 1399 0024 0121     		movs	r1, #1
 1400              	.LVL122:
1017:Drivers/STM32G4xx_HAL_Driver/Src/stm32g4xx_hal_rcc.c **** 
 1401              		.loc 1 1017 3 view .LVU470
 1402 0026 01FA0CF1 		lsl	r1, r1, ip
 1403 002a 0B43     		orrs	r3, r3, r1
 1404 002c D364     		str	r3, [r2, #76]
1020:Drivers/STM32G4xx_HAL_Driver/Src/stm32g4xx_hal_rcc.c ****   gpio_initstruct.Alternate = RCC_GET_MCO_GPIO_AF(RCC_MCOx);
 1405              		.loc 1 1020 3 is_stmt 1 view .LVU471
1020:Drivers/STM32G4xx_HAL_Driver/Src/stm32g4xx_hal_rcc.c ****   gpio_initstruct.Alternate = RCC_GET_MCO_GPIO_AF(RCC_MCOx);
 1406              		.loc 1 1020 25 is_stmt 0 view .LVU472
 1407 002e 83B2     		uxth	r3, r0
1020:Drivers/STM32G4xx_HAL_Driver/Src/stm32g4xx_hal_rcc.c ****   gpio_initstruct.Alternate = RCC_GET_MCO_GPIO_AF(RCC_MCOx);
 1408              		.loc 1 1020 23 view .LVU473
 1409 0030 0193     		str	r3, [sp, #4]
1021:Drivers/STM32G4xx_HAL_Driver/Src/stm32g4xx_hal_rcc.c ****   HAL_GPIO_Init(mco_gpio_port, &gpio_initstruct);
 1410              		.loc 1 1021 3 is_stmt 1 view .LVU474
1021:Drivers/STM32G4xx_HAL_Driver/Src/stm32g4xx_hal_rcc.c ****   HAL_GPIO_Init(mco_gpio_port, &gpio_initstruct);
 1411              		.loc 1 1021 31 is_stmt 0 view .LVU475
 1412 0032 C0F30750 		ubfx	r0, r0, #20, #8
 1413              	.LVL123:
1021:Drivers/STM32G4xx_HAL_Driver/Src/stm32g4xx_hal_rcc.c ****   HAL_GPIO_Init(mco_gpio_port, &gpio_initstruct);
 1414              		.loc 1 1021 29 view .LVU476
 1415 0036 0590     		str	r0, [sp, #20]
1022:Drivers/STM32G4xx_HAL_Driver/Src/stm32g4xx_hal_rcc.c **** 
 1416              		.loc 1 1022 3 is_stmt 1 view .LVU477
 1417 0038 01A9     		add	r1, sp, #4
 1418 003a 4FEA8E20 		lsl	r0, lr, #10
 1419              	.LVL124:
ARM GAS  /tmp/cc3WS6gG.s 			page 58


1022:Drivers/STM32G4xx_HAL_Driver/Src/stm32g4xx_hal_rcc.c **** 
 1420              		.loc 1 1022 3 is_stmt 0 view .LVU478
 1421 003e FFF7FEFF 		bl	HAL_GPIO_Init
 1422              	.LVL125:
1024:Drivers/STM32G4xx_HAL_Driver/Src/stm32g4xx_hal_rcc.c ****   {
 1423              		.loc 1 1024 4 is_stmt 1 view .LVU479
1024:Drivers/STM32G4xx_HAL_Driver/Src/stm32g4xx_hal_rcc.c ****   {
 1424              		.loc 1 1024 7 is_stmt 0 view .LVU480
 1425 0042 3CB9     		cbnz	r4, .L134
1026:Drivers/STM32G4xx_HAL_Driver/Src/stm32g4xx_hal_rcc.c ****     assert_param(IS_RCC_MCO1SOURCE(RCC_MCOSource));
 1426              		.loc 1 1026 5 is_stmt 1 view .LVU481
1027:Drivers/STM32G4xx_HAL_Driver/Src/stm32g4xx_hal_rcc.c ****     /* Mask MCOSEL[] and MCOPRE[] bits then set MCO clock source and prescaler */
 1427              		.loc 1 1027 5 view .LVU482
1029:Drivers/STM32G4xx_HAL_Driver/Src/stm32g4xx_hal_rcc.c ****   }
 1428              		.loc 1 1029 5 view .LVU483
 1429 0044 0449     		ldr	r1, .L137
 1430 0046 8B68     		ldr	r3, [r1, #8]
 1431 0048 23F0FE43 		bic	r3, r3, #2130706432
 1432 004c 3046     		mov	r0, r6
 1433 004e 2843     		orrs	r0, r0, r5
 1434 0050 0343     		orrs	r3, r3, r0
 1435 0052 8B60     		str	r3, [r1, #8]
 1436              	.L134:
1031:Drivers/STM32G4xx_HAL_Driver/Src/stm32g4xx_hal_rcc.c **** 
 1437              		.loc 1 1031 1 is_stmt 0 view .LVU484
 1438 0054 06B0     		add	sp, sp, #24
 1439              		.cfi_def_cfa_offset 16
 1440              		@ sp needed
 1441 0056 70BD     		pop	{r4, r5, r6, pc}
 1442              	.LVL126:
 1443              	.L138:
1031:Drivers/STM32G4xx_HAL_Driver/Src/stm32g4xx_hal_rcc.c **** 
 1444              		.loc 1 1031 1 view .LVU485
 1445              		.align	2
 1446              	.L137:
 1447 0058 00100240 		.word	1073876992
 1448              		.cfi_endproc
 1449              	.LFE135:
 1451              		.section	.text.HAL_RCC_GetSysClockFreq,"ax",%progbits
 1452              		.align	1
 1453              		.global	HAL_RCC_GetSysClockFreq
 1454              		.syntax unified
 1455              		.thumb
 1456              		.thumb_func
 1458              	HAL_RCC_GetSysClockFreq:
 1459              	.LFB136:
1064:Drivers/STM32G4xx_HAL_Driver/Src/stm32g4xx_hal_rcc.c ****   uint32_t pllvco, pllsource, pllr, pllm;
 1460              		.loc 1 1064 1 is_stmt 1 view -0
 1461              		.cfi_startproc
 1462              		@ args = 0, pretend = 0, frame = 0
 1463              		@ frame_needed = 0, uses_anonymous_args = 0
 1464              		@ link register save eliminated.
1065:Drivers/STM32G4xx_HAL_Driver/Src/stm32g4xx_hal_rcc.c ****   uint32_t sysclockfreq;
 1465              		.loc 1 1065 3 view .LVU487
1066:Drivers/STM32G4xx_HAL_Driver/Src/stm32g4xx_hal_rcc.c **** 
 1466              		.loc 1 1066 3 view .LVU488
1068:Drivers/STM32G4xx_HAL_Driver/Src/stm32g4xx_hal_rcc.c ****   {
ARM GAS  /tmp/cc3WS6gG.s 			page 59


 1467              		.loc 1 1068 3 view .LVU489
1068:Drivers/STM32G4xx_HAL_Driver/Src/stm32g4xx_hal_rcc.c ****   {
 1468              		.loc 1 1068 7 is_stmt 0 view .LVU490
 1469 0000 1E4B     		ldr	r3, .L148
 1470 0002 9B68     		ldr	r3, [r3, #8]
 1471 0004 03F00C03 		and	r3, r3, #12
1068:Drivers/STM32G4xx_HAL_Driver/Src/stm32g4xx_hal_rcc.c ****   {
 1472              		.loc 1 1068 6 view .LVU491
 1473 0008 042B     		cmp	r3, #4
 1474 000a 33D0     		beq	.L143
1073:Drivers/STM32G4xx_HAL_Driver/Src/stm32g4xx_hal_rcc.c ****   {
 1475              		.loc 1 1073 8 is_stmt 1 view .LVU492
1073:Drivers/STM32G4xx_HAL_Driver/Src/stm32g4xx_hal_rcc.c ****   {
 1476              		.loc 1 1073 12 is_stmt 0 view .LVU493
 1477 000c 1B4B     		ldr	r3, .L148
 1478 000e 9B68     		ldr	r3, [r3, #8]
 1479 0010 03F00C03 		and	r3, r3, #12
1073:Drivers/STM32G4xx_HAL_Driver/Src/stm32g4xx_hal_rcc.c ****   {
 1480              		.loc 1 1073 11 view .LVU494
 1481 0014 082B     		cmp	r3, #8
 1482 0016 2FD0     		beq	.L144
1078:Drivers/STM32G4xx_HAL_Driver/Src/stm32g4xx_hal_rcc.c ****   {
 1483              		.loc 1 1078 8 is_stmt 1 view .LVU495
1078:Drivers/STM32G4xx_HAL_Driver/Src/stm32g4xx_hal_rcc.c ****   {
 1484              		.loc 1 1078 12 is_stmt 0 view .LVU496
 1485 0018 184B     		ldr	r3, .L148
 1486 001a 9B68     		ldr	r3, [r3, #8]
 1487 001c 03F00C03 		and	r3, r3, #12
1078:Drivers/STM32G4xx_HAL_Driver/Src/stm32g4xx_hal_rcc.c ****   {
 1488              		.loc 1 1078 11 view .LVU497
 1489 0020 0C2B     		cmp	r3, #12
 1490 0022 01D0     		beq	.L146
1104:Drivers/STM32G4xx_HAL_Driver/Src/stm32g4xx_hal_rcc.c ****   }
 1491              		.loc 1 1104 18 view .LVU498
 1492 0024 0020     		movs	r0, #0
 1493              	.LVL127:
1107:Drivers/STM32G4xx_HAL_Driver/Src/stm32g4xx_hal_rcc.c **** }
 1494              		.loc 1 1107 3 is_stmt 1 view .LVU499
1108:Drivers/STM32G4xx_HAL_Driver/Src/stm32g4xx_hal_rcc.c **** 
 1495              		.loc 1 1108 1 is_stmt 0 view .LVU500
 1496 0026 7047     		bx	lr
 1497              	.LVL128:
 1498              	.L146:
1085:Drivers/STM32G4xx_HAL_Driver/Src/stm32g4xx_hal_rcc.c ****     pllm = (READ_BIT(RCC->PLLCFGR, RCC_PLLCFGR_PLLM) >> RCC_PLLCFGR_PLLM_Pos) + 1U ;
 1499              		.loc 1 1085 5 is_stmt 1 view .LVU501
1085:Drivers/STM32G4xx_HAL_Driver/Src/stm32g4xx_hal_rcc.c ****     pllm = (READ_BIT(RCC->PLLCFGR, RCC_PLLCFGR_PLLM) >> RCC_PLLCFGR_PLLM_Pos) + 1U ;
 1500              		.loc 1 1085 17 is_stmt 0 view .LVU502
 1501 0028 144B     		ldr	r3, .L148
 1502 002a DA68     		ldr	r2, [r3, #12]
1085:Drivers/STM32G4xx_HAL_Driver/Src/stm32g4xx_hal_rcc.c ****     pllm = (READ_BIT(RCC->PLLCFGR, RCC_PLLCFGR_PLLM) >> RCC_PLLCFGR_PLLM_Pos) + 1U ;
 1503              		.loc 1 1085 15 view .LVU503
 1504 002c 02F00302 		and	r2, r2, #3
 1505              	.LVL129:
1086:Drivers/STM32G4xx_HAL_Driver/Src/stm32g4xx_hal_rcc.c **** 
 1506              		.loc 1 1086 5 is_stmt 1 view .LVU504
1086:Drivers/STM32G4xx_HAL_Driver/Src/stm32g4xx_hal_rcc.c **** 
 1507              		.loc 1 1086 13 is_stmt 0 view .LVU505
ARM GAS  /tmp/cc3WS6gG.s 			page 60


 1508 0030 DB68     		ldr	r3, [r3, #12]
1086:Drivers/STM32G4xx_HAL_Driver/Src/stm32g4xx_hal_rcc.c **** 
 1509              		.loc 1 1086 54 view .LVU506
 1510 0032 C3F30313 		ubfx	r3, r3, #4, #4
1086:Drivers/STM32G4xx_HAL_Driver/Src/stm32g4xx_hal_rcc.c **** 
 1511              		.loc 1 1086 10 view .LVU507
 1512 0036 0133     		adds	r3, r3, #1
 1513              	.LVL130:
1088:Drivers/STM32G4xx_HAL_Driver/Src/stm32g4xx_hal_rcc.c ****     {
 1514              		.loc 1 1088 5 is_stmt 1 view .LVU508
 1515 0038 032A     		cmp	r2, #3
 1516 003a 11D0     		beq	.L147
1096:Drivers/STM32G4xx_HAL_Driver/Src/stm32g4xx_hal_rcc.c ****       break;
 1517              		.loc 1 1096 7 view .LVU509
1096:Drivers/STM32G4xx_HAL_Driver/Src/stm32g4xx_hal_rcc.c ****       break;
 1518              		.loc 1 1096 27 is_stmt 0 view .LVU510
 1519 003c 1048     		ldr	r0, .L148+4
 1520 003e B0FBF3F0 		udiv	r0, r0, r3
1096:Drivers/STM32G4xx_HAL_Driver/Src/stm32g4xx_hal_rcc.c ****       break;
 1521              		.loc 1 1096 38 view .LVU511
 1522 0042 0E4B     		ldr	r3, .L148
 1523              	.LVL131:
1096:Drivers/STM32G4xx_HAL_Driver/Src/stm32g4xx_hal_rcc.c ****       break;
 1524              		.loc 1 1096 38 view .LVU512
 1525 0044 DB68     		ldr	r3, [r3, #12]
1096:Drivers/STM32G4xx_HAL_Driver/Src/stm32g4xx_hal_rcc.c ****       break;
 1526              		.loc 1 1096 79 view .LVU513
 1527 0046 C3F30623 		ubfx	r3, r3, #8, #7
1096:Drivers/STM32G4xx_HAL_Driver/Src/stm32g4xx_hal_rcc.c ****       break;
 1528              		.loc 1 1096 14 view .LVU514
 1529 004a 03FB00F0 		mul	r0, r3, r0
 1530              	.LVL132:
1097:Drivers/STM32G4xx_HAL_Driver/Src/stm32g4xx_hal_rcc.c ****     }
 1531              		.loc 1 1097 7 is_stmt 1 view .LVU515
 1532              	.L142:
1099:Drivers/STM32G4xx_HAL_Driver/Src/stm32g4xx_hal_rcc.c ****     sysclockfreq = pllvco/pllr;
 1533              		.loc 1 1099 5 view .LVU516
1099:Drivers/STM32G4xx_HAL_Driver/Src/stm32g4xx_hal_rcc.c ****     sysclockfreq = pllvco/pllr;
 1534              		.loc 1 1099 14 is_stmt 0 view .LVU517
 1535 004e 0B4B     		ldr	r3, .L148
 1536 0050 DB68     		ldr	r3, [r3, #12]
1099:Drivers/STM32G4xx_HAL_Driver/Src/stm32g4xx_hal_rcc.c ****     sysclockfreq = pllvco/pllr;
 1537              		.loc 1 1099 55 view .LVU518
 1538 0052 C3F34163 		ubfx	r3, r3, #25, #2
1099:Drivers/STM32G4xx_HAL_Driver/Src/stm32g4xx_hal_rcc.c ****     sysclockfreq = pllvco/pllr;
 1539              		.loc 1 1099 80 view .LVU519
 1540 0056 0133     		adds	r3, r3, #1
1099:Drivers/STM32G4xx_HAL_Driver/Src/stm32g4xx_hal_rcc.c ****     sysclockfreq = pllvco/pllr;
 1541              		.loc 1 1099 10 view .LVU520
 1542 0058 5B00     		lsls	r3, r3, #1
 1543              	.LVL133:
1100:Drivers/STM32G4xx_HAL_Driver/Src/stm32g4xx_hal_rcc.c ****   }
 1544              		.loc 1 1100 5 is_stmt 1 view .LVU521
1100:Drivers/STM32G4xx_HAL_Driver/Src/stm32g4xx_hal_rcc.c ****   }
 1545              		.loc 1 1100 18 is_stmt 0 view .LVU522
 1546 005a B0FBF3F0 		udiv	r0, r0, r3
 1547              	.LVL134:
ARM GAS  /tmp/cc3WS6gG.s 			page 61


1100:Drivers/STM32G4xx_HAL_Driver/Src/stm32g4xx_hal_rcc.c ****   }
 1548              		.loc 1 1100 18 view .LVU523
 1549 005e 7047     		bx	lr
 1550              	.LVL135:
 1551              	.L147:
1091:Drivers/STM32G4xx_HAL_Driver/Src/stm32g4xx_hal_rcc.c ****       break;
 1552              		.loc 1 1091 7 is_stmt 1 view .LVU524
1091:Drivers/STM32G4xx_HAL_Driver/Src/stm32g4xx_hal_rcc.c ****       break;
 1553              		.loc 1 1091 27 is_stmt 0 view .LVU525
 1554 0060 0848     		ldr	r0, .L148+8
 1555 0062 B0FBF3F0 		udiv	r0, r0, r3
1091:Drivers/STM32G4xx_HAL_Driver/Src/stm32g4xx_hal_rcc.c ****       break;
 1556              		.loc 1 1091 38 view .LVU526
 1557 0066 054B     		ldr	r3, .L148
 1558              	.LVL136:
1091:Drivers/STM32G4xx_HAL_Driver/Src/stm32g4xx_hal_rcc.c ****       break;
 1559              		.loc 1 1091 38 view .LVU527
 1560 0068 DB68     		ldr	r3, [r3, #12]
1091:Drivers/STM32G4xx_HAL_Driver/Src/stm32g4xx_hal_rcc.c ****       break;
 1561              		.loc 1 1091 79 view .LVU528
 1562 006a C3F30623 		ubfx	r3, r3, #8, #7
1091:Drivers/STM32G4xx_HAL_Driver/Src/stm32g4xx_hal_rcc.c ****       break;
 1563              		.loc 1 1091 14 view .LVU529
 1564 006e 03FB00F0 		mul	r0, r3, r0
 1565              	.LVL137:
1092:Drivers/STM32G4xx_HAL_Driver/Src/stm32g4xx_hal_rcc.c **** 
 1566              		.loc 1 1092 7 is_stmt 1 view .LVU530
 1567 0072 ECE7     		b	.L142
 1568              	.LVL138:
 1569              	.L143:
1071:Drivers/STM32G4xx_HAL_Driver/Src/stm32g4xx_hal_rcc.c ****   }
 1570              		.loc 1 1071 18 is_stmt 0 view .LVU531
 1571 0074 0248     		ldr	r0, .L148+4
 1572 0076 7047     		bx	lr
 1573              	.L144:
1076:Drivers/STM32G4xx_HAL_Driver/Src/stm32g4xx_hal_rcc.c ****   }
 1574              		.loc 1 1076 18 view .LVU532
 1575 0078 0248     		ldr	r0, .L148+8
 1576 007a 7047     		bx	lr
 1577              	.L149:
 1578              		.align	2
 1579              	.L148:
 1580 007c 00100240 		.word	1073876992
 1581 0080 0024F400 		.word	16000000
 1582 0084 00127A00 		.word	8000000
 1583              		.cfi_endproc
 1584              	.LFE136:
 1586              		.section	.text.HAL_RCC_ClockConfig,"ax",%progbits
 1587              		.align	1
 1588              		.global	HAL_RCC_ClockConfig
 1589              		.syntax unified
 1590              		.thumb
 1591              		.thumb_func
 1593              	HAL_RCC_ClockConfig:
 1594              	.LVL139:
 1595              	.LFB134:
 767:Drivers/STM32G4xx_HAL_Driver/Src/stm32g4xx_hal_rcc.c ****   uint32_t tickstart;
ARM GAS  /tmp/cc3WS6gG.s 			page 62


 1596              		.loc 1 767 1 is_stmt 1 view -0
 1597              		.cfi_startproc
 1598              		@ args = 0, pretend = 0, frame = 0
 1599              		@ frame_needed = 0, uses_anonymous_args = 0
 768:Drivers/STM32G4xx_HAL_Driver/Src/stm32g4xx_hal_rcc.c ****   uint32_t pllfreq;
 1600              		.loc 1 768 3 view .LVU534
 769:Drivers/STM32G4xx_HAL_Driver/Src/stm32g4xx_hal_rcc.c ****   uint32_t hpre = RCC_SYSCLK_DIV1;
 1601              		.loc 1 769 3 view .LVU535
 770:Drivers/STM32G4xx_HAL_Driver/Src/stm32g4xx_hal_rcc.c **** 
 1602              		.loc 1 770 3 view .LVU536
 773:Drivers/STM32G4xx_HAL_Driver/Src/stm32g4xx_hal_rcc.c ****   {
 1603              		.loc 1 773 3 view .LVU537
 773:Drivers/STM32G4xx_HAL_Driver/Src/stm32g4xx_hal_rcc.c ****   {
 1604              		.loc 1 773 6 is_stmt 0 view .LVU538
 1605 0000 0028     		cmp	r0, #0
 1606 0002 00F0ED80 		beq	.L170
 767:Drivers/STM32G4xx_HAL_Driver/Src/stm32g4xx_hal_rcc.c ****   uint32_t tickstart;
 1607              		.loc 1 767 1 view .LVU539
 1608 0006 F8B5     		push	{r3, r4, r5, r6, r7, lr}
 1609              		.cfi_def_cfa_offset 24
 1610              		.cfi_offset 3, -24
 1611              		.cfi_offset 4, -20
 1612              		.cfi_offset 5, -16
 1613              		.cfi_offset 6, -12
 1614              		.cfi_offset 7, -8
 1615              		.cfi_offset 14, -4
 1616 0008 0C46     		mov	r4, r1
 1617 000a 0546     		mov	r5, r0
 779:Drivers/STM32G4xx_HAL_Driver/Src/stm32g4xx_hal_rcc.c ****   assert_param(IS_FLASH_LATENCY(FLatency));
 1618              		.loc 1 779 3 is_stmt 1 view .LVU540
 780:Drivers/STM32G4xx_HAL_Driver/Src/stm32g4xx_hal_rcc.c **** 
 1619              		.loc 1 780 3 view .LVU541
 787:Drivers/STM32G4xx_HAL_Driver/Src/stm32g4xx_hal_rcc.c ****   {
 1620              		.loc 1 787 3 view .LVU542
 787:Drivers/STM32G4xx_HAL_Driver/Src/stm32g4xx_hal_rcc.c ****   {
 1621              		.loc 1 787 18 is_stmt 0 view .LVU543
 1622 000c 774B     		ldr	r3, .L188
 1623 000e 1B68     		ldr	r3, [r3]
 1624 0010 03F00F03 		and	r3, r3, #15
 787:Drivers/STM32G4xx_HAL_Driver/Src/stm32g4xx_hal_rcc.c ****   {
 1625              		.loc 1 787 6 view .LVU544
 1626 0014 8B42     		cmp	r3, r1
 1627 0016 0BD2     		bcs	.L152
 790:Drivers/STM32G4xx_HAL_Driver/Src/stm32g4xx_hal_rcc.c **** 
 1628              		.loc 1 790 5 is_stmt 1 view .LVU545
 1629 0018 744A     		ldr	r2, .L188
 1630 001a 1368     		ldr	r3, [r2]
 1631 001c 23F00F03 		bic	r3, r3, #15
 1632 0020 0B43     		orrs	r3, r3, r1
 1633 0022 1360     		str	r3, [r2]
 794:Drivers/STM32G4xx_HAL_Driver/Src/stm32g4xx_hal_rcc.c ****     {
 1634              		.loc 1 794 5 view .LVU546
 794:Drivers/STM32G4xx_HAL_Driver/Src/stm32g4xx_hal_rcc.c ****     {
 1635              		.loc 1 794 9 is_stmt 0 view .LVU547
 1636 0024 1368     		ldr	r3, [r2]
 1637 0026 03F00F03 		and	r3, r3, #15
 794:Drivers/STM32G4xx_HAL_Driver/Src/stm32g4xx_hal_rcc.c ****     {
ARM GAS  /tmp/cc3WS6gG.s 			page 63


 1638              		.loc 1 794 8 view .LVU548
 1639 002a 8B42     		cmp	r3, r1
 1640 002c 40F0DA80 		bne	.L171
 1641              	.L152:
 801:Drivers/STM32G4xx_HAL_Driver/Src/stm32g4xx_hal_rcc.c ****   {
 1642              		.loc 1 801 3 is_stmt 1 view .LVU549
 801:Drivers/STM32G4xx_HAL_Driver/Src/stm32g4xx_hal_rcc.c ****   {
 1643              		.loc 1 801 25 is_stmt 0 view .LVU550
 1644 0030 2B68     		ldr	r3, [r5]
 801:Drivers/STM32G4xx_HAL_Driver/Src/stm32g4xx_hal_rcc.c ****   {
 1645              		.loc 1 801 5 view .LVU551
 1646 0032 13F00103 		ands	r3, r3, #1
 1647 0036 1F46     		mov	r7, r3
 1648 0038 65D0     		beq	.L153
 803:Drivers/STM32G4xx_HAL_Driver/Src/stm32g4xx_hal_rcc.c **** 
 1649              		.loc 1 803 5 is_stmt 1 view .LVU552
 806:Drivers/STM32G4xx_HAL_Driver/Src/stm32g4xx_hal_rcc.c ****     {
 1650              		.loc 1 806 5 view .LVU553
 806:Drivers/STM32G4xx_HAL_Driver/Src/stm32g4xx_hal_rcc.c ****     {
 1651              		.loc 1 806 26 is_stmt 0 view .LVU554
 1652 003a 6B68     		ldr	r3, [r5, #4]
 806:Drivers/STM32G4xx_HAL_Driver/Src/stm32g4xx_hal_rcc.c ****     {
 1653              		.loc 1 806 8 view .LVU555
 1654 003c 032B     		cmp	r3, #3
 1655 003e 30D0     		beq	.L184
 832:Drivers/STM32G4xx_HAL_Driver/Src/stm32g4xx_hal_rcc.c ****       {
 1656              		.loc 1 832 7 is_stmt 1 view .LVU556
 832:Drivers/STM32G4xx_HAL_Driver/Src/stm32g4xx_hal_rcc.c ****       {
 1657              		.loc 1 832 10 is_stmt 0 view .LVU557
 1658 0040 022B     		cmp	r3, #2
 1659 0042 50D0     		beq	.L185
 844:Drivers/STM32G4xx_HAL_Driver/Src/stm32g4xx_hal_rcc.c ****         {
 1660              		.loc 1 844 9 is_stmt 1 view .LVU558
 844:Drivers/STM32G4xx_HAL_Driver/Src/stm32g4xx_hal_rcc.c ****         {
 1661              		.loc 1 844 12 is_stmt 0 view .LVU559
 1662 0044 6A4B     		ldr	r3, .L188+4
 1663 0046 1B68     		ldr	r3, [r3]
 844:Drivers/STM32G4xx_HAL_Driver/Src/stm32g4xx_hal_rcc.c ****         {
 1664              		.loc 1 844 11 view .LVU560
 1665 0048 13F4806F 		tst	r3, #1024
 1666 004c 00F0CC80 		beq	.L176
 1667              	.L158:
 850:Drivers/STM32G4xx_HAL_Driver/Src/stm32g4xx_hal_rcc.c **** 
 1668              		.loc 1 850 7 is_stmt 1 view .LVU561
 850:Drivers/STM32G4xx_HAL_Driver/Src/stm32g4xx_hal_rcc.c **** 
 1669              		.loc 1 850 17 is_stmt 0 view .LVU562
 1670 0050 FFF7FEFF 		bl	HAL_RCC_GetSysClockFreq
 1671              	.LVL140:
 853:Drivers/STM32G4xx_HAL_Driver/Src/stm32g4xx_hal_rcc.c ****       {
 1672              		.loc 1 853 7 is_stmt 1 view .LVU563
 853:Drivers/STM32G4xx_HAL_Driver/Src/stm32g4xx_hal_rcc.c ****       {
 1673              		.loc 1 853 9 is_stmt 0 view .LVU564
 1674 0054 674B     		ldr	r3, .L188+8
 1675 0056 9842     		cmp	r0, r3
 1676 0058 52D9     		bls	.L177
 855:Drivers/STM32G4xx_HAL_Driver/Src/stm32g4xx_hal_rcc.c ****         hpre = RCC_SYSCLK_DIV2;
 1677              		.loc 1 855 9 is_stmt 1 view .LVU565
ARM GAS  /tmp/cc3WS6gG.s 			page 64


 1678 005a 654A     		ldr	r2, .L188+4
 1679 005c 9368     		ldr	r3, [r2, #8]
 1680 005e 23F0F003 		bic	r3, r3, #240
 1681 0062 43F08003 		orr	r3, r3, #128
 1682 0066 9360     		str	r3, [r2, #8]
 856:Drivers/STM32G4xx_HAL_Driver/Src/stm32g4xx_hal_rcc.c ****       }
 1683              		.loc 1 856 9 view .LVU566
 1684              	.LVL141:
 856:Drivers/STM32G4xx_HAL_Driver/Src/stm32g4xx_hal_rcc.c ****       }
 1685              		.loc 1 856 14 is_stmt 0 view .LVU567
 1686 0068 8023     		movs	r3, #128
 1687 006a 1F46     		mov	r7, r3
 1688              	.LVL142:
 1689              	.L155:
 861:Drivers/STM32G4xx_HAL_Driver/Src/stm32g4xx_hal_rcc.c **** 
 1690              		.loc 1 861 5 is_stmt 1 view .LVU568
 1691 006c 604A     		ldr	r2, .L188+4
 1692 006e 9368     		ldr	r3, [r2, #8]
 1693 0070 23F00303 		bic	r3, r3, #3
 1694 0074 6968     		ldr	r1, [r5, #4]
 1695 0076 0B43     		orrs	r3, r3, r1
 1696 0078 9360     		str	r3, [r2, #8]
 864:Drivers/STM32G4xx_HAL_Driver/Src/stm32g4xx_hal_rcc.c **** 
 1697              		.loc 1 864 5 view .LVU569
 864:Drivers/STM32G4xx_HAL_Driver/Src/stm32g4xx_hal_rcc.c **** 
 1698              		.loc 1 864 17 is_stmt 0 view .LVU570
 1699 007a FFF7FEFF 		bl	HAL_GetTick
 1700              	.LVL143:
 864:Drivers/STM32G4xx_HAL_Driver/Src/stm32g4xx_hal_rcc.c **** 
 1701              		.loc 1 864 17 view .LVU571
 1702 007e 0646     		mov	r6, r0
 1703              	.LVL144:
 866:Drivers/STM32G4xx_HAL_Driver/Src/stm32g4xx_hal_rcc.c ****     {
 1704              		.loc 1 866 5 is_stmt 1 view .LVU572
 1705              	.L159:
 866:Drivers/STM32G4xx_HAL_Driver/Src/stm32g4xx_hal_rcc.c ****     {
 1706              		.loc 1 866 42 view .LVU573
 866:Drivers/STM32G4xx_HAL_Driver/Src/stm32g4xx_hal_rcc.c ****     {
 1707              		.loc 1 866 12 is_stmt 0 view .LVU574
 1708 0080 5B4B     		ldr	r3, .L188+4
 1709 0082 9B68     		ldr	r3, [r3, #8]
 1710 0084 03F00C03 		and	r3, r3, #12
 866:Drivers/STM32G4xx_HAL_Driver/Src/stm32g4xx_hal_rcc.c ****     {
 1711              		.loc 1 866 63 view .LVU575
 1712 0088 6A68     		ldr	r2, [r5, #4]
 866:Drivers/STM32G4xx_HAL_Driver/Src/stm32g4xx_hal_rcc.c ****     {
 1713              		.loc 1 866 42 view .LVU576
 1714 008a B3EB820F 		cmp	r3, r2, lsl #2
 1715 008e 3AD0     		beq	.L153
 868:Drivers/STM32G4xx_HAL_Driver/Src/stm32g4xx_hal_rcc.c ****       {
 1716              		.loc 1 868 7 is_stmt 1 view .LVU577
 868:Drivers/STM32G4xx_HAL_Driver/Src/stm32g4xx_hal_rcc.c ****       {
 1717              		.loc 1 868 12 is_stmt 0 view .LVU578
 1718 0090 FFF7FEFF 		bl	HAL_GetTick
 1719              	.LVL145:
 868:Drivers/STM32G4xx_HAL_Driver/Src/stm32g4xx_hal_rcc.c ****       {
 1720              		.loc 1 868 26 discriminator 1 view .LVU579
ARM GAS  /tmp/cc3WS6gG.s 			page 65


 1721 0094 801B     		subs	r0, r0, r6
 868:Drivers/STM32G4xx_HAL_Driver/Src/stm32g4xx_hal_rcc.c ****       {
 1722              		.loc 1 868 10 discriminator 1 view .LVU580
 1723 0096 41F28833 		movw	r3, #5000
 1724 009a 9842     		cmp	r0, r3
 1725 009c F0D9     		bls	.L159
 870:Drivers/STM32G4xx_HAL_Driver/Src/stm32g4xx_hal_rcc.c ****       }
 1726              		.loc 1 870 16 view .LVU581
 1727 009e 0320     		movs	r0, #3
 1728 00a0 7DE0     		b	.L151
 1729              	.LVL146:
 1730              	.L184:
 809:Drivers/STM32G4xx_HAL_Driver/Src/stm32g4xx_hal_rcc.c ****       {
 1731              		.loc 1 809 7 is_stmt 1 view .LVU582
 809:Drivers/STM32G4xx_HAL_Driver/Src/stm32g4xx_hal_rcc.c ****       {
 1732              		.loc 1 809 11 is_stmt 0 view .LVU583
 1733 00a2 534B     		ldr	r3, .L188+4
 1734 00a4 1B68     		ldr	r3, [r3]
 809:Drivers/STM32G4xx_HAL_Driver/Src/stm32g4xx_hal_rcc.c ****       {
 1735              		.loc 1 809 10 view .LVU584
 1736 00a6 13F0007F 		tst	r3, #33554432
 1737 00aa 01D1     		bne	.L186
 811:Drivers/STM32G4xx_HAL_Driver/Src/stm32g4xx_hal_rcc.c ****       }
 1738              		.loc 1 811 16 view .LVU585
 1739 00ac 0120     		movs	r0, #1
 1740              	.LVL147:
 811:Drivers/STM32G4xx_HAL_Driver/Src/stm32g4xx_hal_rcc.c ****       }
 1741              		.loc 1 811 16 view .LVU586
 1742 00ae 76E0     		b	.L151
 1743              	.LVL148:
 1744              	.L186:
 815:Drivers/STM32G4xx_HAL_Driver/Src/stm32g4xx_hal_rcc.c **** 
 1745              		.loc 1 815 7 is_stmt 1 view .LVU587
 815:Drivers/STM32G4xx_HAL_Driver/Src/stm32g4xx_hal_rcc.c **** 
 1746              		.loc 1 815 17 is_stmt 0 view .LVU588
 1747 00b0 FFF7FEFF 		bl	RCC_GetSysClockFreqFromPLLSource
 1748              	.LVL149:
 818:Drivers/STM32G4xx_HAL_Driver/Src/stm32g4xx_hal_rcc.c ****       {
 1749              		.loc 1 818 7 is_stmt 1 view .LVU589
 818:Drivers/STM32G4xx_HAL_Driver/Src/stm32g4xx_hal_rcc.c ****       {
 1750              		.loc 1 818 9 is_stmt 0 view .LVU590
 1751 00b4 4F4B     		ldr	r3, .L188+8
 1752 00b6 9842     		cmp	r0, r3
 1753 00b8 1CD9     		bls	.L173
 820:Drivers/STM32G4xx_HAL_Driver/Src/stm32g4xx_hal_rcc.c ****             (((((RCC_ClkInitStruct->ClockType) & RCC_CLOCKTYPE_HCLK) == RCC_CLOCKTYPE_HCLK) &&
 1754              		.loc 1 820 9 is_stmt 1 view .LVU591
 820:Drivers/STM32G4xx_HAL_Driver/Src/stm32g4xx_hal_rcc.c ****             (((((RCC_ClkInitStruct->ClockType) & RCC_CLOCKTYPE_HCLK) == RCC_CLOCKTYPE_HCLK) &&
 1755              		.loc 1 820 15 is_stmt 0 view .LVU592
 1756 00ba 4D4B     		ldr	r3, .L188+4
 1757 00bc 9B68     		ldr	r3, [r3, #8]
 820:Drivers/STM32G4xx_HAL_Driver/Src/stm32g4xx_hal_rcc.c ****             (((((RCC_ClkInitStruct->ClockType) & RCC_CLOCKTYPE_HCLK) == RCC_CLOCKTYPE_HCLK) &&
 1758              		.loc 1 820 12 view .LVU593
 1759 00be 13F0F00F 		tst	r3, #240
 1760 00c2 06D0     		beq	.L156
 821:Drivers/STM32G4xx_HAL_Driver/Src/stm32g4xx_hal_rcc.c ****               (RCC_ClkInitStruct->AHBCLKDivider == RCC_SYSCLK_DIV1))))
 1761              		.loc 1 821 35 view .LVU594
 1762 00c4 2B68     		ldr	r3, [r5]
ARM GAS  /tmp/cc3WS6gG.s 			page 66


 820:Drivers/STM32G4xx_HAL_Driver/Src/stm32g4xx_hal_rcc.c ****             (((((RCC_ClkInitStruct->ClockType) & RCC_CLOCKTYPE_HCLK) == RCC_CLOCKTYPE_HCLK) &&
 1763              		.loc 1 820 71 discriminator 1 view .LVU595
 1764 00c6 13F00203 		ands	r3, r3, #2
 1765 00ca 1F46     		mov	r7, r3
 1766 00cc CED0     		beq	.L155
 822:Drivers/STM32G4xx_HAL_Driver/Src/stm32g4xx_hal_rcc.c ****         {
 1767              		.loc 1 822 33 view .LVU596
 1768 00ce AB68     		ldr	r3, [r5, #8]
 821:Drivers/STM32G4xx_HAL_Driver/Src/stm32g4xx_hal_rcc.c ****               (RCC_ClkInitStruct->AHBCLKDivider == RCC_SYSCLK_DIV1))))
 1769              		.loc 1 821 93 view .LVU597
 1770 00d0 9BB9     		cbnz	r3, .L174
 1771              	.L156:
 824:Drivers/STM32G4xx_HAL_Driver/Src/stm32g4xx_hal_rcc.c ****           hpre = RCC_SYSCLK_DIV2;
 1772              		.loc 1 824 11 is_stmt 1 view .LVU598
 1773 00d2 474A     		ldr	r2, .L188+4
 1774 00d4 9368     		ldr	r3, [r2, #8]
 1775 00d6 23F0F003 		bic	r3, r3, #240
 1776 00da 43F08003 		orr	r3, r3, #128
 1777 00de 9360     		str	r3, [r2, #8]
 825:Drivers/STM32G4xx_HAL_Driver/Src/stm32g4xx_hal_rcc.c ****         }
 1778              		.loc 1 825 11 view .LVU599
 1779              	.LVL150:
 825:Drivers/STM32G4xx_HAL_Driver/Src/stm32g4xx_hal_rcc.c ****         }
 1780              		.loc 1 825 16 is_stmt 0 view .LVU600
 1781 00e0 8023     		movs	r3, #128
 1782 00e2 1F46     		mov	r7, r3
 1783 00e4 C2E7     		b	.L155
 1784              	.LVL151:
 1785              	.L185:
 835:Drivers/STM32G4xx_HAL_Driver/Src/stm32g4xx_hal_rcc.c ****         {
 1786              		.loc 1 835 9 is_stmt 1 view .LVU601
 835:Drivers/STM32G4xx_HAL_Driver/Src/stm32g4xx_hal_rcc.c ****         {
 1787              		.loc 1 835 12 is_stmt 0 view .LVU602
 1788 00e6 424B     		ldr	r3, .L188+4
 1789 00e8 1B68     		ldr	r3, [r3]
 835:Drivers/STM32G4xx_HAL_Driver/Src/stm32g4xx_hal_rcc.c ****         {
 1790              		.loc 1 835 11 view .LVU603
 1791 00ea 13F4003F 		tst	r3, #131072
 1792 00ee AFD1     		bne	.L158
 837:Drivers/STM32G4xx_HAL_Driver/Src/stm32g4xx_hal_rcc.c ****         }
 1793              		.loc 1 837 18 view .LVU604
 1794 00f0 0120     		movs	r0, #1
 1795              	.LVL152:
 837:Drivers/STM32G4xx_HAL_Driver/Src/stm32g4xx_hal_rcc.c ****         }
 1796              		.loc 1 837 18 view .LVU605
 1797 00f2 54E0     		b	.L151
 1798              	.LVL153:
 1799              	.L173:
 770:Drivers/STM32G4xx_HAL_Driver/Src/stm32g4xx_hal_rcc.c **** 
 1800              		.loc 1 770 12 view .LVU606
 1801 00f4 0023     		movs	r3, #0
 1802 00f6 1F46     		mov	r7, r3
 1803 00f8 B8E7     		b	.L155
 1804              	.L174:
 770:Drivers/STM32G4xx_HAL_Driver/Src/stm32g4xx_hal_rcc.c **** 
 1805              		.loc 1 770 12 view .LVU607
 1806 00fa 0023     		movs	r3, #0
ARM GAS  /tmp/cc3WS6gG.s 			page 67


 1807 00fc 1F46     		mov	r7, r3
 1808 00fe B5E7     		b	.L155
 1809              	.L177:
 770:Drivers/STM32G4xx_HAL_Driver/Src/stm32g4xx_hal_rcc.c **** 
 1810              		.loc 1 770 12 view .LVU608
 1811 0100 0023     		movs	r3, #0
 1812 0102 1F46     		mov	r7, r3
 1813 0104 B2E7     		b	.L155
 1814              	.LVL154:
 1815              	.L153:
 876:Drivers/STM32G4xx_HAL_Driver/Src/stm32g4xx_hal_rcc.c ****   {
 1816              		.loc 1 876 3 is_stmt 1 view .LVU609
 876:Drivers/STM32G4xx_HAL_Driver/Src/stm32g4xx_hal_rcc.c ****   {
 1817              		.loc 1 876 26 is_stmt 0 view .LVU610
 1818 0106 2B68     		ldr	r3, [r5]
 876:Drivers/STM32G4xx_HAL_Driver/Src/stm32g4xx_hal_rcc.c ****   {
 1819              		.loc 1 876 6 view .LVU611
 1820 0108 13F0020F 		tst	r3, #2
 1821 010c 48D0     		beq	.L161
 880:Drivers/STM32G4xx_HAL_Driver/Src/stm32g4xx_hal_rcc.c ****     {
 1822              		.loc 1 880 5 is_stmt 1 view .LVU612
 880:Drivers/STM32G4xx_HAL_Driver/Src/stm32g4xx_hal_rcc.c ****     {
 1823              		.loc 1 880 8 is_stmt 0 view .LVU613
 1824 010e 13F0040F 		tst	r3, #4
 1825 0112 04D0     		beq	.L162
 882:Drivers/STM32G4xx_HAL_Driver/Src/stm32g4xx_hal_rcc.c ****     }
 1826              		.loc 1 882 7 is_stmt 1 view .LVU614
 1827 0114 364A     		ldr	r2, .L188+4
 1828 0116 9368     		ldr	r3, [r2, #8]
 1829 0118 43F4E063 		orr	r3, r3, #1792
 1830 011c 9360     		str	r3, [r2, #8]
 1831              	.L162:
 884:Drivers/STM32G4xx_HAL_Driver/Src/stm32g4xx_hal_rcc.c ****     {
 1832              		.loc 1 884 5 view .LVU615
 884:Drivers/STM32G4xx_HAL_Driver/Src/stm32g4xx_hal_rcc.c ****     {
 1833              		.loc 1 884 28 is_stmt 0 view .LVU616
 1834 011e 2B68     		ldr	r3, [r5]
 884:Drivers/STM32G4xx_HAL_Driver/Src/stm32g4xx_hal_rcc.c ****     {
 1835              		.loc 1 884 8 view .LVU617
 1836 0120 13F0080F 		tst	r3, #8
 1837 0124 06D0     		beq	.L163
 886:Drivers/STM32G4xx_HAL_Driver/Src/stm32g4xx_hal_rcc.c ****     }
 1838              		.loc 1 886 7 is_stmt 1 view .LVU618
 1839 0126 324A     		ldr	r2, .L188+4
 1840 0128 9368     		ldr	r3, [r2, #8]
 1841 012a 23F47C53 		bic	r3, r3, #16128
 1842 012e 43F4E063 		orr	r3, r3, #1792
 1843 0132 9360     		str	r3, [r2, #8]
 1844              	.L163:
 890:Drivers/STM32G4xx_HAL_Driver/Src/stm32g4xx_hal_rcc.c ****     MODIFY_REG(RCC->CFGR, RCC_CFGR_HPRE, RCC_ClkInitStruct->AHBCLKDivider);
 1845              		.loc 1 890 5 view .LVU619
 891:Drivers/STM32G4xx_HAL_Driver/Src/stm32g4xx_hal_rcc.c ****   }
 1846              		.loc 1 891 5 view .LVU620
 1847 0134 2E4A     		ldr	r2, .L188+4
 1848 0136 9368     		ldr	r3, [r2, #8]
 1849 0138 23F0F003 		bic	r3, r3, #240
 1850 013c A968     		ldr	r1, [r5, #8]
ARM GAS  /tmp/cc3WS6gG.s 			page 68


 1851 013e 0B43     		orrs	r3, r3, r1
 1852 0140 9360     		str	r3, [r2, #8]
 1853              	.L164:
 903:Drivers/STM32G4xx_HAL_Driver/Src/stm32g4xx_hal_rcc.c ****   {
 1854              		.loc 1 903 3 view .LVU621
 903:Drivers/STM32G4xx_HAL_Driver/Src/stm32g4xx_hal_rcc.c ****   {
 1855              		.loc 1 903 18 is_stmt 0 view .LVU622
 1856 0142 2A4B     		ldr	r3, .L188
 1857 0144 1B68     		ldr	r3, [r3]
 1858 0146 03F00F03 		and	r3, r3, #15
 903:Drivers/STM32G4xx_HAL_Driver/Src/stm32g4xx_hal_rcc.c ****   {
 1859              		.loc 1 903 6 view .LVU623
 1860 014a A342     		cmp	r3, r4
 1861 014c 30D8     		bhi	.L187
 1862              	.L165:
 922:Drivers/STM32G4xx_HAL_Driver/Src/stm32g4xx_hal_rcc.c ****   {
 1863              		.loc 1 922 3 is_stmt 1 view .LVU624
 922:Drivers/STM32G4xx_HAL_Driver/Src/stm32g4xx_hal_rcc.c ****   {
 1864              		.loc 1 922 26 is_stmt 0 view .LVU625
 1865 014e 2B68     		ldr	r3, [r5]
 922:Drivers/STM32G4xx_HAL_Driver/Src/stm32g4xx_hal_rcc.c ****   {
 1866              		.loc 1 922 6 view .LVU626
 1867 0150 13F0040F 		tst	r3, #4
 1868 0154 06D0     		beq	.L168
 924:Drivers/STM32G4xx_HAL_Driver/Src/stm32g4xx_hal_rcc.c ****     MODIFY_REG(RCC->CFGR, RCC_CFGR_PPRE1, RCC_ClkInitStruct->APB1CLKDivider);
 1869              		.loc 1 924 5 is_stmt 1 view .LVU627
 925:Drivers/STM32G4xx_HAL_Driver/Src/stm32g4xx_hal_rcc.c ****   }
 1870              		.loc 1 925 5 view .LVU628
 1871 0156 264A     		ldr	r2, .L188+4
 1872 0158 9368     		ldr	r3, [r2, #8]
 1873 015a 23F4E063 		bic	r3, r3, #1792
 1874 015e E968     		ldr	r1, [r5, #12]
 1875 0160 0B43     		orrs	r3, r3, r1
 1876 0162 9360     		str	r3, [r2, #8]
 1877              	.L168:
 929:Drivers/STM32G4xx_HAL_Driver/Src/stm32g4xx_hal_rcc.c ****   {
 1878              		.loc 1 929 3 view .LVU629
 929:Drivers/STM32G4xx_HAL_Driver/Src/stm32g4xx_hal_rcc.c ****   {
 1879              		.loc 1 929 25 is_stmt 0 view .LVU630
 1880 0164 2B68     		ldr	r3, [r5]
 929:Drivers/STM32G4xx_HAL_Driver/Src/stm32g4xx_hal_rcc.c ****   {
 1881              		.loc 1 929 5 view .LVU631
 1882 0166 13F0080F 		tst	r3, #8
 1883 016a 07D0     		beq	.L169
 931:Drivers/STM32G4xx_HAL_Driver/Src/stm32g4xx_hal_rcc.c ****     MODIFY_REG(RCC->CFGR, RCC_CFGR_PPRE2, ((RCC_ClkInitStruct->APB2CLKDivider) << 3U));
 1884              		.loc 1 931 5 is_stmt 1 view .LVU632
 932:Drivers/STM32G4xx_HAL_Driver/Src/stm32g4xx_hal_rcc.c ****   }
 1885              		.loc 1 932 5 view .LVU633
 1886 016c 204A     		ldr	r2, .L188+4
 1887 016e 9368     		ldr	r3, [r2, #8]
 1888 0170 23F46053 		bic	r3, r3, #14336
 1889 0174 2969     		ldr	r1, [r5, #16]
 1890 0176 43EAC103 		orr	r3, r3, r1, lsl #3
 1891 017a 9360     		str	r3, [r2, #8]
 1892              	.L169:
 936:Drivers/STM32G4xx_HAL_Driver/Src/stm32g4xx_hal_rcc.c **** 
 1893              		.loc 1 936 3 view .LVU634
ARM GAS  /tmp/cc3WS6gG.s 			page 69


 936:Drivers/STM32G4xx_HAL_Driver/Src/stm32g4xx_hal_rcc.c **** 
 1894              		.loc 1 936 21 is_stmt 0 view .LVU635
 1895 017c FFF7FEFF 		bl	HAL_RCC_GetSysClockFreq
 1896              	.LVL155:
 936:Drivers/STM32G4xx_HAL_Driver/Src/stm32g4xx_hal_rcc.c **** 
 1897              		.loc 1 936 65 discriminator 1 view .LVU636
 1898 0180 1B4B     		ldr	r3, .L188+4
 1899 0182 9B68     		ldr	r3, [r3, #8]
 936:Drivers/STM32G4xx_HAL_Driver/Src/stm32g4xx_hal_rcc.c **** 
 1900              		.loc 1 936 100 discriminator 1 view .LVU637
 1901 0184 C3F30313 		ubfx	r3, r3, #4, #4
 936:Drivers/STM32G4xx_HAL_Driver/Src/stm32g4xx_hal_rcc.c **** 
 1902              		.loc 1 936 64 discriminator 1 view .LVU638
 1903 0188 1B4A     		ldr	r2, .L188+12
 1904 018a D35C     		ldrb	r3, [r2, r3]	@ zero_extendqisi2
 936:Drivers/STM32G4xx_HAL_Driver/Src/stm32g4xx_hal_rcc.c **** 
 1905              		.loc 1 936 122 discriminator 1 view .LVU639
 1906 018c 03F01F03 		and	r3, r3, #31
 936:Drivers/STM32G4xx_HAL_Driver/Src/stm32g4xx_hal_rcc.c **** 
 1907              		.loc 1 936 47 discriminator 1 view .LVU640
 1908 0190 D840     		lsrs	r0, r0, r3
 936:Drivers/STM32G4xx_HAL_Driver/Src/stm32g4xx_hal_rcc.c **** 
 1909              		.loc 1 936 19 discriminator 1 view .LVU641
 1910 0192 1A4B     		ldr	r3, .L188+16
 1911 0194 1860     		str	r0, [r3]
 939:Drivers/STM32G4xx_HAL_Driver/Src/stm32g4xx_hal_rcc.c **** }
 1912              		.loc 1 939 3 is_stmt 1 view .LVU642
 939:Drivers/STM32G4xx_HAL_Driver/Src/stm32g4xx_hal_rcc.c **** }
 1913              		.loc 1 939 10 is_stmt 0 view .LVU643
 1914 0196 1A4B     		ldr	r3, .L188+20
 1915 0198 1868     		ldr	r0, [r3]
 1916 019a FFF7FEFF 		bl	HAL_InitTick
 1917              	.LVL156:
 1918              	.L151:
 940:Drivers/STM32G4xx_HAL_Driver/Src/stm32g4xx_hal_rcc.c **** 
 1919              		.loc 1 940 1 view .LVU644
 1920 019e F8BD     		pop	{r3, r4, r5, r6, r7, pc}
 1921              	.LVL157:
 1922              	.L161:
 896:Drivers/STM32G4xx_HAL_Driver/Src/stm32g4xx_hal_rcc.c ****     {
 1923              		.loc 1 896 5 is_stmt 1 view .LVU645
 896:Drivers/STM32G4xx_HAL_Driver/Src/stm32g4xx_hal_rcc.c ****     {
 1924              		.loc 1 896 7 is_stmt 0 view .LVU646
 1925 01a0 802F     		cmp	r7, #128
 1926 01a2 CED1     		bne	.L164
 898:Drivers/STM32G4xx_HAL_Driver/Src/stm32g4xx_hal_rcc.c ****     }
 1927              		.loc 1 898 7 is_stmt 1 view .LVU647
 1928 01a4 124A     		ldr	r2, .L188+4
 1929 01a6 9368     		ldr	r3, [r2, #8]
 1930 01a8 23F0F003 		bic	r3, r3, #240
 1931 01ac 9360     		str	r3, [r2, #8]
 1932 01ae C8E7     		b	.L164
 1933              	.L187:
 906:Drivers/STM32G4xx_HAL_Driver/Src/stm32g4xx_hal_rcc.c **** 
 1934              		.loc 1 906 5 view .LVU648
 1935 01b0 0E4A     		ldr	r2, .L188
 1936 01b2 1368     		ldr	r3, [r2]
ARM GAS  /tmp/cc3WS6gG.s 			page 70


 1937 01b4 23F00F03 		bic	r3, r3, #15
 1938 01b8 2343     		orrs	r3, r3, r4
 1939 01ba 1360     		str	r3, [r2]
 910:Drivers/STM32G4xx_HAL_Driver/Src/stm32g4xx_hal_rcc.c **** 
 1940              		.loc 1 910 5 view .LVU649
 910:Drivers/STM32G4xx_HAL_Driver/Src/stm32g4xx_hal_rcc.c **** 
 1941              		.loc 1 910 17 is_stmt 0 view .LVU650
 1942 01bc FFF7FEFF 		bl	HAL_GetTick
 1943              	.LVL158:
 1944 01c0 0646     		mov	r6, r0
 1945              	.LVL159:
 912:Drivers/STM32G4xx_HAL_Driver/Src/stm32g4xx_hal_rcc.c ****     {
 1946              		.loc 1 912 5 is_stmt 1 view .LVU651
 1947              	.L166:
 912:Drivers/STM32G4xx_HAL_Driver/Src/stm32g4xx_hal_rcc.c ****     {
 1948              		.loc 1 912 38 view .LVU652
 912:Drivers/STM32G4xx_HAL_Driver/Src/stm32g4xx_hal_rcc.c ****     {
 1949              		.loc 1 912 12 is_stmt 0 view .LVU653
 1950 01c2 0A4B     		ldr	r3, .L188
 1951 01c4 1B68     		ldr	r3, [r3]
 1952 01c6 03F00F03 		and	r3, r3, #15
 912:Drivers/STM32G4xx_HAL_Driver/Src/stm32g4xx_hal_rcc.c ****     {
 1953              		.loc 1 912 38 view .LVU654
 1954 01ca A342     		cmp	r3, r4
 1955 01cc BFD0     		beq	.L165
 914:Drivers/STM32G4xx_HAL_Driver/Src/stm32g4xx_hal_rcc.c ****       {
 1956              		.loc 1 914 7 is_stmt 1 view .LVU655
 914:Drivers/STM32G4xx_HAL_Driver/Src/stm32g4xx_hal_rcc.c ****       {
 1957              		.loc 1 914 12 is_stmt 0 view .LVU656
 1958 01ce FFF7FEFF 		bl	HAL_GetTick
 1959              	.LVL160:
 914:Drivers/STM32G4xx_HAL_Driver/Src/stm32g4xx_hal_rcc.c ****       {
 1960              		.loc 1 914 26 discriminator 1 view .LVU657
 1961 01d2 801B     		subs	r0, r0, r6
 914:Drivers/STM32G4xx_HAL_Driver/Src/stm32g4xx_hal_rcc.c ****       {
 1962              		.loc 1 914 10 discriminator 1 view .LVU658
 1963 01d4 41F28833 		movw	r3, #5000
 1964 01d8 9842     		cmp	r0, r3
 1965 01da F2D9     		bls	.L166
 916:Drivers/STM32G4xx_HAL_Driver/Src/stm32g4xx_hal_rcc.c ****       }
 1966              		.loc 1 916 16 view .LVU659
 1967 01dc 0320     		movs	r0, #3
 1968 01de DEE7     		b	.L151
 1969              	.LVL161:
 1970              	.L170:
 1971              		.cfi_def_cfa_offset 0
 1972              		.cfi_restore 3
 1973              		.cfi_restore 4
 1974              		.cfi_restore 5
 1975              		.cfi_restore 6
 1976              		.cfi_restore 7
 1977              		.cfi_restore 14
 775:Drivers/STM32G4xx_HAL_Driver/Src/stm32g4xx_hal_rcc.c ****   }
 1978              		.loc 1 775 12 view .LVU660
 1979 01e0 0120     		movs	r0, #1
 1980              	.LVL162:
 940:Drivers/STM32G4xx_HAL_Driver/Src/stm32g4xx_hal_rcc.c **** 
ARM GAS  /tmp/cc3WS6gG.s 			page 71


 1981              		.loc 1 940 1 view .LVU661
 1982 01e2 7047     		bx	lr
 1983              	.LVL163:
 1984              	.L171:
 1985              		.cfi_def_cfa_offset 24
 1986              		.cfi_offset 3, -24
 1987              		.cfi_offset 4, -20
 1988              		.cfi_offset 5, -16
 1989              		.cfi_offset 6, -12
 1990              		.cfi_offset 7, -8
 1991              		.cfi_offset 14, -4
 796:Drivers/STM32G4xx_HAL_Driver/Src/stm32g4xx_hal_rcc.c ****     }
 1992              		.loc 1 796 14 view .LVU662
 1993 01e4 0120     		movs	r0, #1
 1994              	.LVL164:
 796:Drivers/STM32G4xx_HAL_Driver/Src/stm32g4xx_hal_rcc.c ****     }
 1995              		.loc 1 796 14 view .LVU663
 1996 01e6 DAE7     		b	.L151
 1997              	.LVL165:
 1998              	.L176:
 846:Drivers/STM32G4xx_HAL_Driver/Src/stm32g4xx_hal_rcc.c ****         }
 1999              		.loc 1 846 18 view .LVU664
 2000 01e8 0120     		movs	r0, #1
 2001              	.LVL166:
 846:Drivers/STM32G4xx_HAL_Driver/Src/stm32g4xx_hal_rcc.c ****         }
 2002              		.loc 1 846 18 view .LVU665
 2003 01ea D8E7     		b	.L151
 2004              	.L189:
 2005              		.align	2
 2006              	.L188:
 2007 01ec 00200240 		.word	1073881088
 2008 01f0 00100240 		.word	1073876992
 2009 01f4 00B4C404 		.word	80000000
 2010 01f8 00000000 		.word	AHBPrescTable
 2011 01fc 00000000 		.word	SystemCoreClock
 2012 0200 00000000 		.word	uwTickPrio
 2013              		.cfi_endproc
 2014              	.LFE134:
 2016              		.section	.text.HAL_RCC_GetHCLKFreq,"ax",%progbits
 2017              		.align	1
 2018              		.global	HAL_RCC_GetHCLKFreq
 2019              		.syntax unified
 2020              		.thumb
 2021              		.thumb_func
 2023              	HAL_RCC_GetHCLKFreq:
 2024              	.LFB137:
1119:Drivers/STM32G4xx_HAL_Driver/Src/stm32g4xx_hal_rcc.c ****   return SystemCoreClock;
 2025              		.loc 1 1119 1 is_stmt 1 view -0
 2026              		.cfi_startproc
 2027              		@ args = 0, pretend = 0, frame = 0
 2028              		@ frame_needed = 0, uses_anonymous_args = 0
 2029              		@ link register save eliminated.
1120:Drivers/STM32G4xx_HAL_Driver/Src/stm32g4xx_hal_rcc.c **** }
 2030              		.loc 1 1120 3 view .LVU667
1121:Drivers/STM32G4xx_HAL_Driver/Src/stm32g4xx_hal_rcc.c **** 
 2031              		.loc 1 1121 1 is_stmt 0 view .LVU668
 2032 0000 014B     		ldr	r3, .L191
ARM GAS  /tmp/cc3WS6gG.s 			page 72


 2033 0002 1868     		ldr	r0, [r3]
 2034 0004 7047     		bx	lr
 2035              	.L192:
 2036 0006 00BF     		.align	2
 2037              	.L191:
 2038 0008 00000000 		.word	SystemCoreClock
 2039              		.cfi_endproc
 2040              	.LFE137:
 2042              		.section	.text.HAL_RCC_GetPCLK1Freq,"ax",%progbits
 2043              		.align	1
 2044              		.global	HAL_RCC_GetPCLK1Freq
 2045              		.syntax unified
 2046              		.thumb
 2047              		.thumb_func
 2049              	HAL_RCC_GetPCLK1Freq:
 2050              	.LFB138:
1130:Drivers/STM32G4xx_HAL_Driver/Src/stm32g4xx_hal_rcc.c ****   /* Get HCLK source and Compute PCLK1 frequency ---------------------------*/
 2051              		.loc 1 1130 1 is_stmt 1 view -0
 2052              		.cfi_startproc
 2053              		@ args = 0, pretend = 0, frame = 0
 2054              		@ frame_needed = 0, uses_anonymous_args = 0
 2055 0000 08B5     		push	{r3, lr}
 2056              		.cfi_def_cfa_offset 8
 2057              		.cfi_offset 3, -8
 2058              		.cfi_offset 14, -4
1132:Drivers/STM32G4xx_HAL_Driver/Src/stm32g4xx_hal_rcc.c **** }
 2059              		.loc 1 1132 3 view .LVU670
1132:Drivers/STM32G4xx_HAL_Driver/Src/stm32g4xx_hal_rcc.c **** }
 2060              		.loc 1 1132 11 is_stmt 0 view .LVU671
 2061 0002 FFF7FEFF 		bl	HAL_RCC_GetHCLKFreq
 2062              	.LVL167:
1132:Drivers/STM32G4xx_HAL_Driver/Src/stm32g4xx_hal_rcc.c **** }
 2063              		.loc 1 1132 51 discriminator 1 view .LVU672
 2064 0006 054B     		ldr	r3, .L195
 2065 0008 9B68     		ldr	r3, [r3, #8]
1132:Drivers/STM32G4xx_HAL_Driver/Src/stm32g4xx_hal_rcc.c **** }
 2066              		.loc 1 1132 87 discriminator 1 view .LVU673
 2067 000a C3F30223 		ubfx	r3, r3, #8, #3
1132:Drivers/STM32G4xx_HAL_Driver/Src/stm32g4xx_hal_rcc.c **** }
 2068              		.loc 1 1132 50 discriminator 1 view .LVU674
 2069 000e 044A     		ldr	r2, .L195+4
 2070 0010 D35C     		ldrb	r3, [r2, r3]	@ zero_extendqisi2
1132:Drivers/STM32G4xx_HAL_Driver/Src/stm32g4xx_hal_rcc.c **** }
 2071              		.loc 1 1132 110 discriminator 1 view .LVU675
 2072 0012 03F01F03 		and	r3, r3, #31
1133:Drivers/STM32G4xx_HAL_Driver/Src/stm32g4xx_hal_rcc.c **** 
 2073              		.loc 1 1133 1 view .LVU676
 2074 0016 D840     		lsrs	r0, r0, r3
 2075 0018 08BD     		pop	{r3, pc}
 2076              	.L196:
 2077 001a 00BF     		.align	2
 2078              	.L195:
 2079 001c 00100240 		.word	1073876992
 2080 0020 00000000 		.word	APBPrescTable
 2081              		.cfi_endproc
 2082              	.LFE138:
 2084              		.section	.text.HAL_RCC_GetPCLK2Freq,"ax",%progbits
ARM GAS  /tmp/cc3WS6gG.s 			page 73


 2085              		.align	1
 2086              		.global	HAL_RCC_GetPCLK2Freq
 2087              		.syntax unified
 2088              		.thumb
 2089              		.thumb_func
 2091              	HAL_RCC_GetPCLK2Freq:
 2092              	.LFB139:
1142:Drivers/STM32G4xx_HAL_Driver/Src/stm32g4xx_hal_rcc.c ****   /* Get HCLK source and Compute PCLK2 frequency ---------------------------*/
 2093              		.loc 1 1142 1 is_stmt 1 view -0
 2094              		.cfi_startproc
 2095              		@ args = 0, pretend = 0, frame = 0
 2096              		@ frame_needed = 0, uses_anonymous_args = 0
 2097 0000 08B5     		push	{r3, lr}
 2098              		.cfi_def_cfa_offset 8
 2099              		.cfi_offset 3, -8
 2100              		.cfi_offset 14, -4
1144:Drivers/STM32G4xx_HAL_Driver/Src/stm32g4xx_hal_rcc.c **** }
 2101              		.loc 1 1144 3 view .LVU678
1144:Drivers/STM32G4xx_HAL_Driver/Src/stm32g4xx_hal_rcc.c **** }
 2102              		.loc 1 1144 11 is_stmt 0 view .LVU679
 2103 0002 FFF7FEFF 		bl	HAL_RCC_GetHCLKFreq
 2104              	.LVL168:
1144:Drivers/STM32G4xx_HAL_Driver/Src/stm32g4xx_hal_rcc.c **** }
 2105              		.loc 1 1144 50 discriminator 1 view .LVU680
 2106 0006 054B     		ldr	r3, .L199
 2107 0008 9B68     		ldr	r3, [r3, #8]
1144:Drivers/STM32G4xx_HAL_Driver/Src/stm32g4xx_hal_rcc.c **** }
 2108              		.loc 1 1144 86 discriminator 1 view .LVU681
 2109 000a C3F3C223 		ubfx	r3, r3, #11, #3
1144:Drivers/STM32G4xx_HAL_Driver/Src/stm32g4xx_hal_rcc.c **** }
 2110              		.loc 1 1144 49 discriminator 1 view .LVU682
 2111 000e 044A     		ldr	r2, .L199+4
 2112 0010 D35C     		ldrb	r3, [r2, r3]	@ zero_extendqisi2
1144:Drivers/STM32G4xx_HAL_Driver/Src/stm32g4xx_hal_rcc.c **** }
 2113              		.loc 1 1144 109 discriminator 1 view .LVU683
 2114 0012 03F01F03 		and	r3, r3, #31
1145:Drivers/STM32G4xx_HAL_Driver/Src/stm32g4xx_hal_rcc.c **** 
 2115              		.loc 1 1145 1 view .LVU684
 2116 0016 D840     		lsrs	r0, r0, r3
 2117 0018 08BD     		pop	{r3, pc}
 2118              	.L200:
 2119 001a 00BF     		.align	2
 2120              	.L199:
 2121 001c 00100240 		.word	1073876992
 2122 0020 00000000 		.word	APBPrescTable
 2123              		.cfi_endproc
 2124              	.LFE139:
 2126              		.section	.text.HAL_RCC_GetOscConfig,"ax",%progbits
 2127              		.align	1
 2128              		.global	HAL_RCC_GetOscConfig
 2129              		.syntax unified
 2130              		.thumb
 2131              		.thumb_func
 2133              	HAL_RCC_GetOscConfig:
 2134              	.LVL169:
 2135              	.LFB140:
1155:Drivers/STM32G4xx_HAL_Driver/Src/stm32g4xx_hal_rcc.c ****   /* Check the parameters */
ARM GAS  /tmp/cc3WS6gG.s 			page 74


 2136              		.loc 1 1155 1 is_stmt 1 view -0
 2137              		.cfi_startproc
 2138              		@ args = 0, pretend = 0, frame = 0
 2139              		@ frame_needed = 0, uses_anonymous_args = 0
 2140              		@ link register save eliminated.
1157:Drivers/STM32G4xx_HAL_Driver/Src/stm32g4xx_hal_rcc.c **** 
 2141              		.loc 1 1157 3 view .LVU686
1160:Drivers/STM32G4xx_HAL_Driver/Src/stm32g4xx_hal_rcc.c ****                                       RCC_OSCILLATORTYPE_LSE | RCC_OSCILLATORTYPE_LSI | RCC_OSCILLA
 2142              		.loc 1 1160 3 view .LVU687
1160:Drivers/STM32G4xx_HAL_Driver/Src/stm32g4xx_hal_rcc.c ****                                       RCC_OSCILLATORTYPE_LSE | RCC_OSCILLATORTYPE_LSI | RCC_OSCILLA
 2143              		.loc 1 1160 37 is_stmt 0 view .LVU688
 2144 0000 2F23     		movs	r3, #47
 2145 0002 0360     		str	r3, [r0]
1164:Drivers/STM32G4xx_HAL_Driver/Src/stm32g4xx_hal_rcc.c ****   {
 2146              		.loc 1 1164 3 is_stmt 1 view .LVU689
1164:Drivers/STM32G4xx_HAL_Driver/Src/stm32g4xx_hal_rcc.c ****   {
 2147              		.loc 1 1164 6 is_stmt 0 view .LVU690
 2148 0004 3A4B     		ldr	r3, .L216
 2149 0006 1B68     		ldr	r3, [r3]
1164:Drivers/STM32G4xx_HAL_Driver/Src/stm32g4xx_hal_rcc.c ****   {
 2150              		.loc 1 1164 5 view .LVU691
 2151 0008 13F4802F 		tst	r3, #262144
 2152 000c 4BD0     		beq	.L202
1166:Drivers/STM32G4xx_HAL_Driver/Src/stm32g4xx_hal_rcc.c ****   }
 2153              		.loc 1 1166 5 is_stmt 1 view .LVU692
1166:Drivers/STM32G4xx_HAL_Driver/Src/stm32g4xx_hal_rcc.c ****   }
 2154              		.loc 1 1166 33 is_stmt 0 view .LVU693
 2155 000e 4FF4A023 		mov	r3, #327680
 2156 0012 4360     		str	r3, [r0, #4]
 2157              	.L203:
1178:Drivers/STM32G4xx_HAL_Driver/Src/stm32g4xx_hal_rcc.c ****   {
 2158              		.loc 1 1178 3 is_stmt 1 view .LVU694
1178:Drivers/STM32G4xx_HAL_Driver/Src/stm32g4xx_hal_rcc.c ****   {
 2159              		.loc 1 1178 6 is_stmt 0 view .LVU695
 2160 0014 364B     		ldr	r3, .L216
 2161 0016 1B68     		ldr	r3, [r3]
1178:Drivers/STM32G4xx_HAL_Driver/Src/stm32g4xx_hal_rcc.c ****   {
 2162              		.loc 1 1178 5 view .LVU696
 2163 0018 13F4807F 		tst	r3, #256
 2164 001c 4FD0     		beq	.L205
1180:Drivers/STM32G4xx_HAL_Driver/Src/stm32g4xx_hal_rcc.c ****   }
 2165              		.loc 1 1180 5 is_stmt 1 view .LVU697
1180:Drivers/STM32G4xx_HAL_Driver/Src/stm32g4xx_hal_rcc.c ****   }
 2166              		.loc 1 1180 33 is_stmt 0 view .LVU698
 2167 001e 4FF48073 		mov	r3, #256
 2168 0022 C360     		str	r3, [r0, #12]
 2169              	.L206:
1187:Drivers/STM32G4xx_HAL_Driver/Src/stm32g4xx_hal_rcc.c **** 
 2170              		.loc 1 1187 3 is_stmt 1 view .LVU699
1187:Drivers/STM32G4xx_HAL_Driver/Src/stm32g4xx_hal_rcc.c **** 
 2171              		.loc 1 1187 44 is_stmt 0 view .LVU700
 2172 0024 324A     		ldr	r2, .L216
 2173 0026 5368     		ldr	r3, [r2, #4]
1187:Drivers/STM32G4xx_HAL_Driver/Src/stm32g4xx_hal_rcc.c **** 
 2174              		.loc 1 1187 84 view .LVU701
 2175 0028 C3F30663 		ubfx	r3, r3, #24, #7
1187:Drivers/STM32G4xx_HAL_Driver/Src/stm32g4xx_hal_rcc.c **** 
ARM GAS  /tmp/cc3WS6gG.s 			page 75


 2176              		.loc 1 1187 42 view .LVU702
 2177 002c 0361     		str	r3, [r0, #16]
1190:Drivers/STM32G4xx_HAL_Driver/Src/stm32g4xx_hal_rcc.c ****   {
 2178              		.loc 1 1190 3 is_stmt 1 view .LVU703
1190:Drivers/STM32G4xx_HAL_Driver/Src/stm32g4xx_hal_rcc.c ****   {
 2179              		.loc 1 1190 6 is_stmt 0 view .LVU704
 2180 002e D2F89030 		ldr	r3, [r2, #144]
1190:Drivers/STM32G4xx_HAL_Driver/Src/stm32g4xx_hal_rcc.c ****   {
 2181              		.loc 1 1190 5 view .LVU705
 2182 0032 13F0040F 		tst	r3, #4
 2183 0036 45D0     		beq	.L207
1192:Drivers/STM32G4xx_HAL_Driver/Src/stm32g4xx_hal_rcc.c ****   }
 2184              		.loc 1 1192 5 is_stmt 1 view .LVU706
1192:Drivers/STM32G4xx_HAL_Driver/Src/stm32g4xx_hal_rcc.c ****   }
 2185              		.loc 1 1192 33 is_stmt 0 view .LVU707
 2186 0038 0523     		movs	r3, #5
 2187 003a 8360     		str	r3, [r0, #8]
 2188              	.L208:
1204:Drivers/STM32G4xx_HAL_Driver/Src/stm32g4xx_hal_rcc.c ****   {
 2189              		.loc 1 1204 3 is_stmt 1 view .LVU708
1204:Drivers/STM32G4xx_HAL_Driver/Src/stm32g4xx_hal_rcc.c ****   {
 2190              		.loc 1 1204 6 is_stmt 0 view .LVU709
 2191 003c 2C4B     		ldr	r3, .L216
 2192 003e D3F89430 		ldr	r3, [r3, #148]
1204:Drivers/STM32G4xx_HAL_Driver/Src/stm32g4xx_hal_rcc.c ****   {
 2193              		.loc 1 1204 5 view .LVU710
 2194 0042 13F0010F 		tst	r3, #1
 2195 0046 49D0     		beq	.L210
1206:Drivers/STM32G4xx_HAL_Driver/Src/stm32g4xx_hal_rcc.c ****   }
 2196              		.loc 1 1206 5 is_stmt 1 view .LVU711
1206:Drivers/STM32G4xx_HAL_Driver/Src/stm32g4xx_hal_rcc.c ****   }
 2197              		.loc 1 1206 33 is_stmt 0 view .LVU712
 2198 0048 0123     		movs	r3, #1
 2199 004a 4361     		str	r3, [r0, #20]
 2200              	.L211:
1214:Drivers/STM32G4xx_HAL_Driver/Src/stm32g4xx_hal_rcc.c ****   {
 2201              		.loc 1 1214 3 is_stmt 1 view .LVU713
1214:Drivers/STM32G4xx_HAL_Driver/Src/stm32g4xx_hal_rcc.c ****   {
 2202              		.loc 1 1214 6 is_stmt 0 view .LVU714
 2203 004c 284B     		ldr	r3, .L216
 2204 004e D3F89830 		ldr	r3, [r3, #152]
1214:Drivers/STM32G4xx_HAL_Driver/Src/stm32g4xx_hal_rcc.c ****   {
 2205              		.loc 1 1214 5 view .LVU715
 2206 0052 13F0010F 		tst	r3, #1
 2207 0056 44D0     		beq	.L212
1216:Drivers/STM32G4xx_HAL_Driver/Src/stm32g4xx_hal_rcc.c ****   }
 2208              		.loc 1 1216 5 is_stmt 1 view .LVU716
1216:Drivers/STM32G4xx_HAL_Driver/Src/stm32g4xx_hal_rcc.c ****   }
 2209              		.loc 1 1216 35 is_stmt 0 view .LVU717
 2210 0058 0123     		movs	r3, #1
 2211 005a 8361     		str	r3, [r0, #24]
 2212              	.L213:
1224:Drivers/STM32G4xx_HAL_Driver/Src/stm32g4xx_hal_rcc.c ****   {
 2213              		.loc 1 1224 3 is_stmt 1 view .LVU718
1224:Drivers/STM32G4xx_HAL_Driver/Src/stm32g4xx_hal_rcc.c ****   {
 2214              		.loc 1 1224 6 is_stmt 0 view .LVU719
 2215 005c 244B     		ldr	r3, .L216
ARM GAS  /tmp/cc3WS6gG.s 			page 76


 2216 005e 1B68     		ldr	r3, [r3]
1224:Drivers/STM32G4xx_HAL_Driver/Src/stm32g4xx_hal_rcc.c ****   {
 2217              		.loc 1 1224 5 view .LVU720
 2218 0060 13F0807F 		tst	r3, #16777216
 2219 0064 40D0     		beq	.L214
1226:Drivers/STM32G4xx_HAL_Driver/Src/stm32g4xx_hal_rcc.c ****   }
 2220              		.loc 1 1226 5 is_stmt 1 view .LVU721
1226:Drivers/STM32G4xx_HAL_Driver/Src/stm32g4xx_hal_rcc.c ****   }
 2221              		.loc 1 1226 37 is_stmt 0 view .LVU722
 2222 0066 0223     		movs	r3, #2
 2223 0068 C361     		str	r3, [r0, #28]
 2224              	.L215:
1232:Drivers/STM32G4xx_HAL_Driver/Src/stm32g4xx_hal_rcc.c ****   RCC_OscInitStruct->PLL.PLLM = (READ_BIT(RCC->PLLCFGR, RCC_PLLCFGR_PLLM) >> RCC_PLLCFGR_PLLM_Pos) 
 2225              		.loc 1 1232 3 is_stmt 1 view .LVU723
1232:Drivers/STM32G4xx_HAL_Driver/Src/stm32g4xx_hal_rcc.c ****   RCC_OscInitStruct->PLL.PLLM = (READ_BIT(RCC->PLLCFGR, RCC_PLLCFGR_PLLM) >> RCC_PLLCFGR_PLLM_Pos) 
 2226              		.loc 1 1232 38 is_stmt 0 view .LVU724
 2227 006a 214A     		ldr	r2, .L216
 2228 006c D368     		ldr	r3, [r2, #12]
 2229 006e 03F00303 		and	r3, r3, #3
1232:Drivers/STM32G4xx_HAL_Driver/Src/stm32g4xx_hal_rcc.c ****   RCC_OscInitStruct->PLL.PLLM = (READ_BIT(RCC->PLLCFGR, RCC_PLLCFGR_PLLM) >> RCC_PLLCFGR_PLLM_Pos) 
 2230              		.loc 1 1232 36 view .LVU725
 2231 0072 0362     		str	r3, [r0, #32]
1233:Drivers/STM32G4xx_HAL_Driver/Src/stm32g4xx_hal_rcc.c ****   RCC_OscInitStruct->PLL.PLLN = READ_BIT(RCC->PLLCFGR, RCC_PLLCFGR_PLLN) >> RCC_PLLCFGR_PLLN_Pos;
 2232              		.loc 1 1233 3 is_stmt 1 view .LVU726
1233:Drivers/STM32G4xx_HAL_Driver/Src/stm32g4xx_hal_rcc.c ****   RCC_OscInitStruct->PLL.PLLN = READ_BIT(RCC->PLLCFGR, RCC_PLLCFGR_PLLN) >> RCC_PLLCFGR_PLLN_Pos;
 2233              		.loc 1 1233 34 is_stmt 0 view .LVU727
 2234 0074 D368     		ldr	r3, [r2, #12]
1233:Drivers/STM32G4xx_HAL_Driver/Src/stm32g4xx_hal_rcc.c ****   RCC_OscInitStruct->PLL.PLLN = READ_BIT(RCC->PLLCFGR, RCC_PLLCFGR_PLLN) >> RCC_PLLCFGR_PLLN_Pos;
 2235              		.loc 1 1233 75 view .LVU728
 2236 0076 C3F30313 		ubfx	r3, r3, #4, #4
1233:Drivers/STM32G4xx_HAL_Driver/Src/stm32g4xx_hal_rcc.c ****   RCC_OscInitStruct->PLL.PLLN = READ_BIT(RCC->PLLCFGR, RCC_PLLCFGR_PLLN) >> RCC_PLLCFGR_PLLN_Pos;
 2237              		.loc 1 1233 100 view .LVU729
 2238 007a 0133     		adds	r3, r3, #1
1233:Drivers/STM32G4xx_HAL_Driver/Src/stm32g4xx_hal_rcc.c ****   RCC_OscInitStruct->PLL.PLLN = READ_BIT(RCC->PLLCFGR, RCC_PLLCFGR_PLLN) >> RCC_PLLCFGR_PLLN_Pos;
 2239              		.loc 1 1233 31 view .LVU730
 2240 007c 4362     		str	r3, [r0, #36]
1234:Drivers/STM32G4xx_HAL_Driver/Src/stm32g4xx_hal_rcc.c ****   RCC_OscInitStruct->PLL.PLLQ = (((READ_BIT(RCC->PLLCFGR, RCC_PLLCFGR_PLLQ) >> RCC_PLLCFGR_PLLQ_Pos
 2241              		.loc 1 1234 3 is_stmt 1 view .LVU731
1234:Drivers/STM32G4xx_HAL_Driver/Src/stm32g4xx_hal_rcc.c ****   RCC_OscInitStruct->PLL.PLLQ = (((READ_BIT(RCC->PLLCFGR, RCC_PLLCFGR_PLLQ) >> RCC_PLLCFGR_PLLQ_Pos
 2242              		.loc 1 1234 33 is_stmt 0 view .LVU732
 2243 007e D368     		ldr	r3, [r2, #12]
1234:Drivers/STM32G4xx_HAL_Driver/Src/stm32g4xx_hal_rcc.c ****   RCC_OscInitStruct->PLL.PLLQ = (((READ_BIT(RCC->PLLCFGR, RCC_PLLCFGR_PLLQ) >> RCC_PLLCFGR_PLLQ_Pos
 2244              		.loc 1 1234 74 view .LVU733
 2245 0080 C3F30623 		ubfx	r3, r3, #8, #7
1234:Drivers/STM32G4xx_HAL_Driver/Src/stm32g4xx_hal_rcc.c ****   RCC_OscInitStruct->PLL.PLLQ = (((READ_BIT(RCC->PLLCFGR, RCC_PLLCFGR_PLLQ) >> RCC_PLLCFGR_PLLQ_Pos
 2246              		.loc 1 1234 31 view .LVU734
 2247 0084 8362     		str	r3, [r0, #40]
1235:Drivers/STM32G4xx_HAL_Driver/Src/stm32g4xx_hal_rcc.c ****   RCC_OscInitStruct->PLL.PLLR = (((READ_BIT(RCC->PLLCFGR, RCC_PLLCFGR_PLLR) >> RCC_PLLCFGR_PLLR_Pos
 2248              		.loc 1 1235 3 is_stmt 1 view .LVU735
1235:Drivers/STM32G4xx_HAL_Driver/Src/stm32g4xx_hal_rcc.c ****   RCC_OscInitStruct->PLL.PLLR = (((READ_BIT(RCC->PLLCFGR, RCC_PLLCFGR_PLLR) >> RCC_PLLCFGR_PLLR_Pos
 2249              		.loc 1 1235 36 is_stmt 0 view .LVU736
 2250 0086 D368     		ldr	r3, [r2, #12]
1235:Drivers/STM32G4xx_HAL_Driver/Src/stm32g4xx_hal_rcc.c ****   RCC_OscInitStruct->PLL.PLLR = (((READ_BIT(RCC->PLLCFGR, RCC_PLLCFGR_PLLR) >> RCC_PLLCFGR_PLLR_Pos
 2251              		.loc 1 1235 77 view .LVU737
 2252 0088 C3F34153 		ubfx	r3, r3, #21, #2
1235:Drivers/STM32G4xx_HAL_Driver/Src/stm32g4xx_hal_rcc.c ****   RCC_OscInitStruct->PLL.PLLR = (((READ_BIT(RCC->PLLCFGR, RCC_PLLCFGR_PLLR) >> RCC_PLLCFGR_PLLR_Pos
 2253              		.loc 1 1235 102 view .LVU738
ARM GAS  /tmp/cc3WS6gG.s 			page 77


 2254 008c 0133     		adds	r3, r3, #1
1235:Drivers/STM32G4xx_HAL_Driver/Src/stm32g4xx_hal_rcc.c ****   RCC_OscInitStruct->PLL.PLLR = (((READ_BIT(RCC->PLLCFGR, RCC_PLLCFGR_PLLR) >> RCC_PLLCFGR_PLLR_Pos
 2255              		.loc 1 1235 108 view .LVU739
 2256 008e 5B00     		lsls	r3, r3, #1
1235:Drivers/STM32G4xx_HAL_Driver/Src/stm32g4xx_hal_rcc.c ****   RCC_OscInitStruct->PLL.PLLR = (((READ_BIT(RCC->PLLCFGR, RCC_PLLCFGR_PLLR) >> RCC_PLLCFGR_PLLR_Pos
 2257              		.loc 1 1235 31 view .LVU740
 2258 0090 0363     		str	r3, [r0, #48]
1236:Drivers/STM32G4xx_HAL_Driver/Src/stm32g4xx_hal_rcc.c ****   RCC_OscInitStruct->PLL.PLLP = READ_BIT(RCC->PLLCFGR, RCC_PLLCFGR_PLLPDIV) >> RCC_PLLCFGR_PLLPDIV_
 2259              		.loc 1 1236 3 is_stmt 1 view .LVU741
1236:Drivers/STM32G4xx_HAL_Driver/Src/stm32g4xx_hal_rcc.c ****   RCC_OscInitStruct->PLL.PLLP = READ_BIT(RCC->PLLCFGR, RCC_PLLCFGR_PLLPDIV) >> RCC_PLLCFGR_PLLPDIV_
 2260              		.loc 1 1236 36 is_stmt 0 view .LVU742
 2261 0092 D368     		ldr	r3, [r2, #12]
1236:Drivers/STM32G4xx_HAL_Driver/Src/stm32g4xx_hal_rcc.c ****   RCC_OscInitStruct->PLL.PLLP = READ_BIT(RCC->PLLCFGR, RCC_PLLCFGR_PLLPDIV) >> RCC_PLLCFGR_PLLPDIV_
 2262              		.loc 1 1236 77 view .LVU743
 2263 0094 C3F34163 		ubfx	r3, r3, #25, #2
1236:Drivers/STM32G4xx_HAL_Driver/Src/stm32g4xx_hal_rcc.c ****   RCC_OscInitStruct->PLL.PLLP = READ_BIT(RCC->PLLCFGR, RCC_PLLCFGR_PLLPDIV) >> RCC_PLLCFGR_PLLPDIV_
 2264              		.loc 1 1236 102 view .LVU744
 2265 0098 0133     		adds	r3, r3, #1
1236:Drivers/STM32G4xx_HAL_Driver/Src/stm32g4xx_hal_rcc.c ****   RCC_OscInitStruct->PLL.PLLP = READ_BIT(RCC->PLLCFGR, RCC_PLLCFGR_PLLPDIV) >> RCC_PLLCFGR_PLLPDIV_
 2266              		.loc 1 1236 108 view .LVU745
 2267 009a 5B00     		lsls	r3, r3, #1
1236:Drivers/STM32G4xx_HAL_Driver/Src/stm32g4xx_hal_rcc.c ****   RCC_OscInitStruct->PLL.PLLP = READ_BIT(RCC->PLLCFGR, RCC_PLLCFGR_PLLPDIV) >> RCC_PLLCFGR_PLLPDIV_
 2268              		.loc 1 1236 31 view .LVU746
 2269 009c 4363     		str	r3, [r0, #52]
1237:Drivers/STM32G4xx_HAL_Driver/Src/stm32g4xx_hal_rcc.c **** }
 2270              		.loc 1 1237 3 is_stmt 1 view .LVU747
1237:Drivers/STM32G4xx_HAL_Driver/Src/stm32g4xx_hal_rcc.c **** }
 2271              		.loc 1 1237 33 is_stmt 0 view .LVU748
 2272 009e D368     		ldr	r3, [r2, #12]
1237:Drivers/STM32G4xx_HAL_Driver/Src/stm32g4xx_hal_rcc.c **** }
 2273              		.loc 1 1237 77 view .LVU749
 2274 00a0 DB0E     		lsrs	r3, r3, #27
1237:Drivers/STM32G4xx_HAL_Driver/Src/stm32g4xx_hal_rcc.c **** }
 2275              		.loc 1 1237 31 view .LVU750
 2276 00a2 C362     		str	r3, [r0, #44]
1238:Drivers/STM32G4xx_HAL_Driver/Src/stm32g4xx_hal_rcc.c **** 
 2277              		.loc 1 1238 1 view .LVU751
 2278 00a4 7047     		bx	lr
 2279              	.L202:
1168:Drivers/STM32G4xx_HAL_Driver/Src/stm32g4xx_hal_rcc.c ****   {
 2280              		.loc 1 1168 8 is_stmt 1 view .LVU752
1168:Drivers/STM32G4xx_HAL_Driver/Src/stm32g4xx_hal_rcc.c ****   {
 2281              		.loc 1 1168 11 is_stmt 0 view .LVU753
 2282 00a6 124B     		ldr	r3, .L216
 2283 00a8 1B68     		ldr	r3, [r3]
1168:Drivers/STM32G4xx_HAL_Driver/Src/stm32g4xx_hal_rcc.c ****   {
 2284              		.loc 1 1168 10 view .LVU754
 2285 00aa 13F4803F 		tst	r3, #65536
 2286 00ae 03D0     		beq	.L204
1170:Drivers/STM32G4xx_HAL_Driver/Src/stm32g4xx_hal_rcc.c ****   }
 2287              		.loc 1 1170 5 is_stmt 1 view .LVU755
1170:Drivers/STM32G4xx_HAL_Driver/Src/stm32g4xx_hal_rcc.c ****   }
 2288              		.loc 1 1170 33 is_stmt 0 view .LVU756
 2289 00b0 4FF48033 		mov	r3, #65536
 2290 00b4 4360     		str	r3, [r0, #4]
 2291 00b6 ADE7     		b	.L203
 2292              	.L204:
ARM GAS  /tmp/cc3WS6gG.s 			page 78


1174:Drivers/STM32G4xx_HAL_Driver/Src/stm32g4xx_hal_rcc.c ****   }
 2293              		.loc 1 1174 5 is_stmt 1 view .LVU757
1174:Drivers/STM32G4xx_HAL_Driver/Src/stm32g4xx_hal_rcc.c ****   }
 2294              		.loc 1 1174 33 is_stmt 0 view .LVU758
 2295 00b8 0023     		movs	r3, #0
 2296 00ba 4360     		str	r3, [r0, #4]
 2297 00bc AAE7     		b	.L203
 2298              	.L205:
1184:Drivers/STM32G4xx_HAL_Driver/Src/stm32g4xx_hal_rcc.c ****   }
 2299              		.loc 1 1184 5 is_stmt 1 view .LVU759
1184:Drivers/STM32G4xx_HAL_Driver/Src/stm32g4xx_hal_rcc.c ****   }
 2300              		.loc 1 1184 33 is_stmt 0 view .LVU760
 2301 00be 0023     		movs	r3, #0
 2302 00c0 C360     		str	r3, [r0, #12]
 2303 00c2 AFE7     		b	.L206
 2304              	.L207:
1194:Drivers/STM32G4xx_HAL_Driver/Src/stm32g4xx_hal_rcc.c ****   {
 2305              		.loc 1 1194 8 is_stmt 1 view .LVU761
1194:Drivers/STM32G4xx_HAL_Driver/Src/stm32g4xx_hal_rcc.c ****   {
 2306              		.loc 1 1194 11 is_stmt 0 view .LVU762
 2307 00c4 0A4B     		ldr	r3, .L216
 2308 00c6 D3F89030 		ldr	r3, [r3, #144]
1194:Drivers/STM32G4xx_HAL_Driver/Src/stm32g4xx_hal_rcc.c ****   {
 2309              		.loc 1 1194 10 view .LVU763
 2310 00ca 13F0010F 		tst	r3, #1
 2311 00ce 02D0     		beq	.L209
1196:Drivers/STM32G4xx_HAL_Driver/Src/stm32g4xx_hal_rcc.c ****   }
 2312              		.loc 1 1196 5 is_stmt 1 view .LVU764
1196:Drivers/STM32G4xx_HAL_Driver/Src/stm32g4xx_hal_rcc.c ****   }
 2313              		.loc 1 1196 33 is_stmt 0 view .LVU765
 2314 00d0 0123     		movs	r3, #1
 2315 00d2 8360     		str	r3, [r0, #8]
 2316 00d4 B2E7     		b	.L208
 2317              	.L209:
1200:Drivers/STM32G4xx_HAL_Driver/Src/stm32g4xx_hal_rcc.c ****   }
 2318              		.loc 1 1200 5 is_stmt 1 view .LVU766
1200:Drivers/STM32G4xx_HAL_Driver/Src/stm32g4xx_hal_rcc.c ****   }
 2319              		.loc 1 1200 33 is_stmt 0 view .LVU767
 2320 00d6 0023     		movs	r3, #0
 2321 00d8 8360     		str	r3, [r0, #8]
 2322 00da AFE7     		b	.L208
 2323              	.L210:
1210:Drivers/STM32G4xx_HAL_Driver/Src/stm32g4xx_hal_rcc.c ****   }
 2324              		.loc 1 1210 5 is_stmt 1 view .LVU768
1210:Drivers/STM32G4xx_HAL_Driver/Src/stm32g4xx_hal_rcc.c ****   }
 2325              		.loc 1 1210 33 is_stmt 0 view .LVU769
 2326 00dc 0023     		movs	r3, #0
 2327 00de 4361     		str	r3, [r0, #20]
 2328 00e0 B4E7     		b	.L211
 2329              	.L212:
1220:Drivers/STM32G4xx_HAL_Driver/Src/stm32g4xx_hal_rcc.c ****   }
 2330              		.loc 1 1220 5 is_stmt 1 view .LVU770
1220:Drivers/STM32G4xx_HAL_Driver/Src/stm32g4xx_hal_rcc.c ****   }
 2331              		.loc 1 1220 35 is_stmt 0 view .LVU771
 2332 00e2 0023     		movs	r3, #0
 2333 00e4 8361     		str	r3, [r0, #24]
 2334 00e6 B9E7     		b	.L213
ARM GAS  /tmp/cc3WS6gG.s 			page 79


 2335              	.L214:
1230:Drivers/STM32G4xx_HAL_Driver/Src/stm32g4xx_hal_rcc.c ****   }
 2336              		.loc 1 1230 5 is_stmt 1 view .LVU772
1230:Drivers/STM32G4xx_HAL_Driver/Src/stm32g4xx_hal_rcc.c ****   }
 2337              		.loc 1 1230 37 is_stmt 0 view .LVU773
 2338 00e8 0123     		movs	r3, #1
 2339 00ea C361     		str	r3, [r0, #28]
 2340 00ec BDE7     		b	.L215
 2341              	.L217:
 2342 00ee 00BF     		.align	2
 2343              	.L216:
 2344 00f0 00100240 		.word	1073876992
 2345              		.cfi_endproc
 2346              	.LFE140:
 2348              		.section	.text.HAL_RCC_GetClockConfig,"ax",%progbits
 2349              		.align	1
 2350              		.global	HAL_RCC_GetClockConfig
 2351              		.syntax unified
 2352              		.thumb
 2353              		.thumb_func
 2355              	HAL_RCC_GetClockConfig:
 2356              	.LVL170:
 2357              	.LFB141:
1249:Drivers/STM32G4xx_HAL_Driver/Src/stm32g4xx_hal_rcc.c ****   /* Check the parameters */
 2358              		.loc 1 1249 1 is_stmt 1 view -0
 2359              		.cfi_startproc
 2360              		@ args = 0, pretend = 0, frame = 0
 2361              		@ frame_needed = 0, uses_anonymous_args = 0
 2362              		@ link register save eliminated.
1251:Drivers/STM32G4xx_HAL_Driver/Src/stm32g4xx_hal_rcc.c ****   assert_param(pFLatency != (void *)NULL);
 2363              		.loc 1 1251 3 view .LVU775
1252:Drivers/STM32G4xx_HAL_Driver/Src/stm32g4xx_hal_rcc.c **** 
 2364              		.loc 1 1252 3 view .LVU776
1255:Drivers/STM32G4xx_HAL_Driver/Src/stm32g4xx_hal_rcc.c **** 
 2365              		.loc 1 1255 3 view .LVU777
1255:Drivers/STM32G4xx_HAL_Driver/Src/stm32g4xx_hal_rcc.c **** 
 2366              		.loc 1 1255 32 is_stmt 0 view .LVU778
 2367 0000 0F23     		movs	r3, #15
 2368 0002 0360     		str	r3, [r0]
1258:Drivers/STM32G4xx_HAL_Driver/Src/stm32g4xx_hal_rcc.c **** 
 2369              		.loc 1 1258 3 is_stmt 1 view .LVU779
1258:Drivers/STM32G4xx_HAL_Driver/Src/stm32g4xx_hal_rcc.c **** 
 2370              		.loc 1 1258 37 is_stmt 0 view .LVU780
 2371 0004 0B4B     		ldr	r3, .L219
 2372 0006 9A68     		ldr	r2, [r3, #8]
 2373 0008 02F00302 		and	r2, r2, #3
1258:Drivers/STM32G4xx_HAL_Driver/Src/stm32g4xx_hal_rcc.c **** 
 2374              		.loc 1 1258 35 view .LVU781
 2375 000c 4260     		str	r2, [r0, #4]
1261:Drivers/STM32G4xx_HAL_Driver/Src/stm32g4xx_hal_rcc.c **** 
 2376              		.loc 1 1261 3 is_stmt 1 view .LVU782
1261:Drivers/STM32G4xx_HAL_Driver/Src/stm32g4xx_hal_rcc.c **** 
 2377              		.loc 1 1261 38 is_stmt 0 view .LVU783
 2378 000e 9A68     		ldr	r2, [r3, #8]
 2379 0010 02F0F002 		and	r2, r2, #240
1261:Drivers/STM32G4xx_HAL_Driver/Src/stm32g4xx_hal_rcc.c **** 
 2380              		.loc 1 1261 36 view .LVU784
ARM GAS  /tmp/cc3WS6gG.s 			page 80


 2381 0014 8260     		str	r2, [r0, #8]
1264:Drivers/STM32G4xx_HAL_Driver/Src/stm32g4xx_hal_rcc.c **** 
 2382              		.loc 1 1264 3 is_stmt 1 view .LVU785
1264:Drivers/STM32G4xx_HAL_Driver/Src/stm32g4xx_hal_rcc.c **** 
 2383              		.loc 1 1264 39 is_stmt 0 view .LVU786
 2384 0016 9A68     		ldr	r2, [r3, #8]
 2385 0018 02F4E062 		and	r2, r2, #1792
1264:Drivers/STM32G4xx_HAL_Driver/Src/stm32g4xx_hal_rcc.c **** 
 2386              		.loc 1 1264 37 view .LVU787
 2387 001c C260     		str	r2, [r0, #12]
1267:Drivers/STM32G4xx_HAL_Driver/Src/stm32g4xx_hal_rcc.c **** 
 2388              		.loc 1 1267 3 is_stmt 1 view .LVU788
1267:Drivers/STM32G4xx_HAL_Driver/Src/stm32g4xx_hal_rcc.c **** 
 2389              		.loc 1 1267 40 is_stmt 0 view .LVU789
 2390 001e 9B68     		ldr	r3, [r3, #8]
1267:Drivers/STM32G4xx_HAL_Driver/Src/stm32g4xx_hal_rcc.c **** 
 2391              		.loc 1 1267 76 view .LVU790
 2392 0020 DB08     		lsrs	r3, r3, #3
 2393 0022 03F4E063 		and	r3, r3, #1792
1267:Drivers/STM32G4xx_HAL_Driver/Src/stm32g4xx_hal_rcc.c **** 
 2394              		.loc 1 1267 37 view .LVU791
 2395 0026 0361     		str	r3, [r0, #16]
1270:Drivers/STM32G4xx_HAL_Driver/Src/stm32g4xx_hal_rcc.c **** }
 2396              		.loc 1 1270 3 is_stmt 1 view .LVU792
1270:Drivers/STM32G4xx_HAL_Driver/Src/stm32g4xx_hal_rcc.c **** }
 2397              		.loc 1 1270 16 is_stmt 0 view .LVU793
 2398 0028 034B     		ldr	r3, .L219+4
 2399 002a 1B68     		ldr	r3, [r3]
 2400 002c 03F00F03 		and	r3, r3, #15
1270:Drivers/STM32G4xx_HAL_Driver/Src/stm32g4xx_hal_rcc.c **** }
 2401              		.loc 1 1270 14 view .LVU794
 2402 0030 0B60     		str	r3, [r1]
1271:Drivers/STM32G4xx_HAL_Driver/Src/stm32g4xx_hal_rcc.c **** 
 2403              		.loc 1 1271 1 view .LVU795
 2404 0032 7047     		bx	lr
 2405              	.L220:
 2406              		.align	2
 2407              	.L219:
 2408 0034 00100240 		.word	1073876992
 2409 0038 00200240 		.word	1073881088
 2410              		.cfi_endproc
 2411              	.LFE141:
 2413              		.section	.text.HAL_RCC_EnableCSS,"ax",%progbits
 2414              		.align	1
 2415              		.global	HAL_RCC_EnableCSS
 2416              		.syntax unified
 2417              		.thumb
 2418              		.thumb_func
 2420              	HAL_RCC_EnableCSS:
 2421              	.LFB142:
1284:Drivers/STM32G4xx_HAL_Driver/Src/stm32g4xx_hal_rcc.c ****   SET_BIT(RCC->CR, RCC_CR_CSSON) ;
 2422              		.loc 1 1284 1 is_stmt 1 view -0
 2423              		.cfi_startproc
 2424              		@ args = 0, pretend = 0, frame = 0
 2425              		@ frame_needed = 0, uses_anonymous_args = 0
 2426              		@ link register save eliminated.
1285:Drivers/STM32G4xx_HAL_Driver/Src/stm32g4xx_hal_rcc.c **** }
ARM GAS  /tmp/cc3WS6gG.s 			page 81


 2427              		.loc 1 1285 3 view .LVU797
 2428 0000 024A     		ldr	r2, .L222
 2429 0002 1368     		ldr	r3, [r2]
 2430 0004 43F40023 		orr	r3, r3, #524288
 2431 0008 1360     		str	r3, [r2]
1286:Drivers/STM32G4xx_HAL_Driver/Src/stm32g4xx_hal_rcc.c **** 
 2432              		.loc 1 1286 1 is_stmt 0 view .LVU798
 2433 000a 7047     		bx	lr
 2434              	.L223:
 2435              		.align	2
 2436              	.L222:
 2437 000c 00100240 		.word	1073876992
 2438              		.cfi_endproc
 2439              	.LFE142:
 2441              		.section	.text.HAL_RCC_EnableLSECSS,"ax",%progbits
 2442              		.align	1
 2443              		.global	HAL_RCC_EnableLSECSS
 2444              		.syntax unified
 2445              		.thumb
 2446              		.thumb_func
 2448              	HAL_RCC_EnableLSECSS:
 2449              	.LFB143:
1298:Drivers/STM32G4xx_HAL_Driver/Src/stm32g4xx_hal_rcc.c ****   SET_BIT(RCC->BDCR, RCC_BDCR_LSECSSON) ;
 2450              		.loc 1 1298 1 is_stmt 1 view -0
 2451              		.cfi_startproc
 2452              		@ args = 0, pretend = 0, frame = 0
 2453              		@ frame_needed = 0, uses_anonymous_args = 0
 2454              		@ link register save eliminated.
1299:Drivers/STM32G4xx_HAL_Driver/Src/stm32g4xx_hal_rcc.c **** }
 2455              		.loc 1 1299 3 view .LVU800
 2456 0000 034A     		ldr	r2, .L225
 2457 0002 D2F89030 		ldr	r3, [r2, #144]
 2458 0006 43F02003 		orr	r3, r3, #32
 2459 000a C2F89030 		str	r3, [r2, #144]
1300:Drivers/STM32G4xx_HAL_Driver/Src/stm32g4xx_hal_rcc.c **** 
 2460              		.loc 1 1300 1 is_stmt 0 view .LVU801
 2461 000e 7047     		bx	lr
 2462              	.L226:
 2463              		.align	2
 2464              	.L225:
 2465 0010 00100240 		.word	1073876992
 2466              		.cfi_endproc
 2467              	.LFE143:
 2469              		.section	.text.HAL_RCC_DisableLSECSS,"ax",%progbits
 2470              		.align	1
 2471              		.global	HAL_RCC_DisableLSECSS
 2472              		.syntax unified
 2473              		.thumb
 2474              		.thumb_func
 2476              	HAL_RCC_DisableLSECSS:
 2477              	.LFB144:
1309:Drivers/STM32G4xx_HAL_Driver/Src/stm32g4xx_hal_rcc.c ****   CLEAR_BIT(RCC->BDCR, RCC_BDCR_LSECSSON) ;
 2478              		.loc 1 1309 1 is_stmt 1 view -0
 2479              		.cfi_startproc
 2480              		@ args = 0, pretend = 0, frame = 0
 2481              		@ frame_needed = 0, uses_anonymous_args = 0
 2482              		@ link register save eliminated.
ARM GAS  /tmp/cc3WS6gG.s 			page 82


1310:Drivers/STM32G4xx_HAL_Driver/Src/stm32g4xx_hal_rcc.c **** }
 2483              		.loc 1 1310 3 view .LVU803
 2484 0000 034A     		ldr	r2, .L228
 2485 0002 D2F89030 		ldr	r3, [r2, #144]
 2486 0006 23F02003 		bic	r3, r3, #32
 2487 000a C2F89030 		str	r3, [r2, #144]
1311:Drivers/STM32G4xx_HAL_Driver/Src/stm32g4xx_hal_rcc.c **** 
 2488              		.loc 1 1311 1 is_stmt 0 view .LVU804
 2489 000e 7047     		bx	lr
 2490              	.L229:
 2491              		.align	2
 2492              	.L228:
 2493 0010 00100240 		.word	1073876992
 2494              		.cfi_endproc
 2495              	.LFE144:
 2497              		.section	.text.HAL_RCC_CSSCallback,"ax",%progbits
 2498              		.align	1
 2499              		.weak	HAL_RCC_CSSCallback
 2500              		.syntax unified
 2501              		.thumb
 2502              		.thumb_func
 2504              	HAL_RCC_CSSCallback:
 2505              	.LFB146:
1336:Drivers/STM32G4xx_HAL_Driver/Src/stm32g4xx_hal_rcc.c ****   /* NOTE : This function should not be modified, when the callback is needed,
 2506              		.loc 1 1336 1 is_stmt 1 view -0
 2507              		.cfi_startproc
 2508              		@ args = 0, pretend = 0, frame = 0
 2509              		@ frame_needed = 0, uses_anonymous_args = 0
 2510              		@ link register save eliminated.
1340:Drivers/STM32G4xx_HAL_Driver/Src/stm32g4xx_hal_rcc.c **** 
 2511              		.loc 1 1340 1 view .LVU806
 2512 0000 7047     		bx	lr
 2513              		.cfi_endproc
 2514              	.LFE146:
 2516              		.section	.text.HAL_RCC_NMI_IRQHandler,"ax",%progbits
 2517              		.align	1
 2518              		.global	HAL_RCC_NMI_IRQHandler
 2519              		.syntax unified
 2520              		.thumb
 2521              		.thumb_func
 2523              	HAL_RCC_NMI_IRQHandler:
 2524              	.LFB145:
1319:Drivers/STM32G4xx_HAL_Driver/Src/stm32g4xx_hal_rcc.c ****   /* Check RCC CSSF interrupt flag  */
 2525              		.loc 1 1319 1 view -0
 2526              		.cfi_startproc
 2527              		@ args = 0, pretend = 0, frame = 0
 2528              		@ frame_needed = 0, uses_anonymous_args = 0
 2529 0000 08B5     		push	{r3, lr}
 2530              		.cfi_def_cfa_offset 8
 2531              		.cfi_offset 3, -8
 2532              		.cfi_offset 14, -4
1321:Drivers/STM32G4xx_HAL_Driver/Src/stm32g4xx_hal_rcc.c ****   {
 2533              		.loc 1 1321 3 view .LVU808
1321:Drivers/STM32G4xx_HAL_Driver/Src/stm32g4xx_hal_rcc.c ****   {
 2534              		.loc 1 1321 6 is_stmt 0 view .LVU809
 2535 0002 064B     		ldr	r3, .L235
 2536 0004 DB69     		ldr	r3, [r3, #28]
ARM GAS  /tmp/cc3WS6gG.s 			page 83


1321:Drivers/STM32G4xx_HAL_Driver/Src/stm32g4xx_hal_rcc.c ****   {
 2537              		.loc 1 1321 5 view .LVU810
 2538 0006 13F4807F 		tst	r3, #256
 2539 000a 00D1     		bne	.L234
 2540              	.L231:
1329:Drivers/STM32G4xx_HAL_Driver/Src/stm32g4xx_hal_rcc.c **** 
 2541              		.loc 1 1329 1 view .LVU811
 2542 000c 08BD     		pop	{r3, pc}
 2543              	.L234:
1324:Drivers/STM32G4xx_HAL_Driver/Src/stm32g4xx_hal_rcc.c **** 
 2544              		.loc 1 1324 5 is_stmt 1 view .LVU812
 2545 000e FFF7FEFF 		bl	HAL_RCC_CSSCallback
 2546              	.LVL171:
1327:Drivers/STM32G4xx_HAL_Driver/Src/stm32g4xx_hal_rcc.c ****   }
 2547              		.loc 1 1327 5 view .LVU813
 2548 0012 024B     		ldr	r3, .L235
 2549 0014 4FF48072 		mov	r2, #256
 2550 0018 1A62     		str	r2, [r3, #32]
1329:Drivers/STM32G4xx_HAL_Driver/Src/stm32g4xx_hal_rcc.c **** 
 2551              		.loc 1 1329 1 is_stmt 0 view .LVU814
 2552 001a F7E7     		b	.L231
 2553              	.L236:
 2554              		.align	2
 2555              	.L235:
 2556 001c 00100240 		.word	1073876992
 2557              		.cfi_endproc
 2558              	.LFE145:
 2560              		.text
 2561              	.Letext0:
 2562              		.file 2 "/home/charlie/.config/Code/User/globalStorage/bmd.stm32-for-vscode/@xpack-dev-tools/arm-n
 2563              		.file 3 "/home/charlie/.config/Code/User/globalStorage/bmd.stm32-for-vscode/@xpack-dev-tools/arm-n
 2564              		.file 4 "Drivers/CMSIS/Device/ST/STM32G4xx/Include/system_stm32g4xx.h"
 2565              		.file 5 "Drivers/CMSIS/Device/ST/STM32G4xx/Include/stm32g431xx.h"
 2566              		.file 6 "Drivers/CMSIS/Device/ST/STM32G4xx/Include/stm32g4xx.h"
 2567              		.file 7 "Drivers/STM32G4xx_HAL_Driver/Inc/stm32g4xx_hal_def.h"
 2568              		.file 8 "Drivers/STM32G4xx_HAL_Driver/Inc/stm32g4xx_hal_rcc.h"
 2569              		.file 9 "Drivers/STM32G4xx_HAL_Driver/Inc/stm32g4xx_hal_gpio.h"
 2570              		.file 10 "Drivers/STM32G4xx_HAL_Driver/Inc/stm32g4xx_hal.h"
ARM GAS  /tmp/cc3WS6gG.s 			page 84


DEFINED SYMBOLS
                            *ABS*:00000000 stm32g4xx_hal_rcc.c
     /tmp/cc3WS6gG.s:21     .text.RCC_GetSysClockFreqFromPLLSource:00000000 $t
     /tmp/cc3WS6gG.s:26     .text.RCC_GetSysClockFreqFromPLLSource:00000000 RCC_GetSysClockFreqFromPLLSource
     /tmp/cc3WS6gG.s:108    .text.RCC_GetSysClockFreqFromPLLSource:0000004c $d
     /tmp/cc3WS6gG.s:115    .text.HAL_RCC_DeInit:00000000 $t
     /tmp/cc3WS6gG.s:121    .text.HAL_RCC_DeInit:00000000 HAL_RCC_DeInit
     /tmp/cc3WS6gG.s:293    .text.HAL_RCC_DeInit:000000bc $d
     /tmp/cc3WS6gG.s:301    .text.HAL_RCC_OscConfig:00000000 $t
     /tmp/cc3WS6gG.s:307    .text.HAL_RCC_OscConfig:00000000 HAL_RCC_OscConfig
     /tmp/cc3WS6gG.s:883    .text.HAL_RCC_OscConfig:000002ac $d
     /tmp/cc3WS6gG.s:888    .text.HAL_RCC_OscConfig:000002b8 $t
     /tmp/cc3WS6gG.s:1336   .text.HAL_RCC_OscConfig:000004dc $d
     /tmp/cc3WS6gG.s:1343   .text.HAL_RCC_MCOConfig:00000000 $t
     /tmp/cc3WS6gG.s:1349   .text.HAL_RCC_MCOConfig:00000000 HAL_RCC_MCOConfig
     /tmp/cc3WS6gG.s:1447   .text.HAL_RCC_MCOConfig:00000058 $d
     /tmp/cc3WS6gG.s:1452   .text.HAL_RCC_GetSysClockFreq:00000000 $t
     /tmp/cc3WS6gG.s:1458   .text.HAL_RCC_GetSysClockFreq:00000000 HAL_RCC_GetSysClockFreq
     /tmp/cc3WS6gG.s:1580   .text.HAL_RCC_GetSysClockFreq:0000007c $d
     /tmp/cc3WS6gG.s:1587   .text.HAL_RCC_ClockConfig:00000000 $t
     /tmp/cc3WS6gG.s:1593   .text.HAL_RCC_ClockConfig:00000000 HAL_RCC_ClockConfig
     /tmp/cc3WS6gG.s:2007   .text.HAL_RCC_ClockConfig:000001ec $d
     /tmp/cc3WS6gG.s:2017   .text.HAL_RCC_GetHCLKFreq:00000000 $t
     /tmp/cc3WS6gG.s:2023   .text.HAL_RCC_GetHCLKFreq:00000000 HAL_RCC_GetHCLKFreq
     /tmp/cc3WS6gG.s:2038   .text.HAL_RCC_GetHCLKFreq:00000008 $d
     /tmp/cc3WS6gG.s:2043   .text.HAL_RCC_GetPCLK1Freq:00000000 $t
     /tmp/cc3WS6gG.s:2049   .text.HAL_RCC_GetPCLK1Freq:00000000 HAL_RCC_GetPCLK1Freq
     /tmp/cc3WS6gG.s:2079   .text.HAL_RCC_GetPCLK1Freq:0000001c $d
     /tmp/cc3WS6gG.s:2085   .text.HAL_RCC_GetPCLK2Freq:00000000 $t
     /tmp/cc3WS6gG.s:2091   .text.HAL_RCC_GetPCLK2Freq:00000000 HAL_RCC_GetPCLK2Freq
     /tmp/cc3WS6gG.s:2121   .text.HAL_RCC_GetPCLK2Freq:0000001c $d
     /tmp/cc3WS6gG.s:2127   .text.HAL_RCC_GetOscConfig:00000000 $t
     /tmp/cc3WS6gG.s:2133   .text.HAL_RCC_GetOscConfig:00000000 HAL_RCC_GetOscConfig
     /tmp/cc3WS6gG.s:2344   .text.HAL_RCC_GetOscConfig:000000f0 $d
     /tmp/cc3WS6gG.s:2349   .text.HAL_RCC_GetClockConfig:00000000 $t
     /tmp/cc3WS6gG.s:2355   .text.HAL_RCC_GetClockConfig:00000000 HAL_RCC_GetClockConfig
     /tmp/cc3WS6gG.s:2408   .text.HAL_RCC_GetClockConfig:00000034 $d
     /tmp/cc3WS6gG.s:2414   .text.HAL_RCC_EnableCSS:00000000 $t
     /tmp/cc3WS6gG.s:2420   .text.HAL_RCC_EnableCSS:00000000 HAL_RCC_EnableCSS
     /tmp/cc3WS6gG.s:2437   .text.HAL_RCC_EnableCSS:0000000c $d
     /tmp/cc3WS6gG.s:2442   .text.HAL_RCC_EnableLSECSS:00000000 $t
     /tmp/cc3WS6gG.s:2448   .text.HAL_RCC_EnableLSECSS:00000000 HAL_RCC_EnableLSECSS
     /tmp/cc3WS6gG.s:2465   .text.HAL_RCC_EnableLSECSS:00000010 $d
     /tmp/cc3WS6gG.s:2470   .text.HAL_RCC_DisableLSECSS:00000000 $t
     /tmp/cc3WS6gG.s:2476   .text.HAL_RCC_DisableLSECSS:00000000 HAL_RCC_DisableLSECSS
     /tmp/cc3WS6gG.s:2493   .text.HAL_RCC_DisableLSECSS:00000010 $d
     /tmp/cc3WS6gG.s:2498   .text.HAL_RCC_CSSCallback:00000000 $t
     /tmp/cc3WS6gG.s:2504   .text.HAL_RCC_CSSCallback:00000000 HAL_RCC_CSSCallback
     /tmp/cc3WS6gG.s:2517   .text.HAL_RCC_NMI_IRQHandler:00000000 $t
     /tmp/cc3WS6gG.s:2523   .text.HAL_RCC_NMI_IRQHandler:00000000 HAL_RCC_NMI_IRQHandler
     /tmp/cc3WS6gG.s:2556   .text.HAL_RCC_NMI_IRQHandler:0000001c $d

UNDEFINED SYMBOLS
HAL_GetTick
HAL_InitTick
SystemCoreClock
uwTickPrio
ARM GAS  /tmp/cc3WS6gG.s 			page 85


HAL_GPIO_Init
AHBPrescTable
APBPrescTable
