ARM GAS  /tmp/ccdtMzc4.s 			page 1


   1              		.cpu cortex-m4
   2              		.arch armv7e-m
   3              		.fpu fpv4-sp-d16
   4              		.eabi_attribute 27, 1
   5              		.eabi_attribute 28, 1
   6              		.eabi_attribute 20, 1
   7              		.eabi_attribute 21, 1
   8              		.eabi_attribute 23, 3
   9              		.eabi_attribute 24, 1
  10              		.eabi_attribute 25, 1
  11              		.eabi_attribute 26, 1
  12              		.eabi_attribute 30, 1
  13              		.eabi_attribute 34, 1
  14              		.eabi_attribute 18, 4
  15              		.file	"stm32g4xx_hal_dma.c"
  16              		.text
  17              	.Ltext0:
  18              		.cfi_sections	.debug_frame
  19              		.file 1 "Drivers/STM32G4xx_HAL_Driver/Src/stm32g4xx_hal_dma.c"
  20              		.section	.text.DMA_SetConfig,"ax",%progbits
  21              		.align	1
  22              		.syntax unified
  23              		.thumb
  24              		.thumb_func
  26              	DMA_SetConfig:
  27              	.LVL0:
  28              	.LFB144:
   1:Drivers/STM32G4xx_HAL_Driver/Src/stm32g4xx_hal_dma.c **** /**
   2:Drivers/STM32G4xx_HAL_Driver/Src/stm32g4xx_hal_dma.c ****   ******************************************************************************
   3:Drivers/STM32G4xx_HAL_Driver/Src/stm32g4xx_hal_dma.c ****   * @file    stm32g4xx_hal_dma.c
   4:Drivers/STM32G4xx_HAL_Driver/Src/stm32g4xx_hal_dma.c ****   * @author  MCD Application Team
   5:Drivers/STM32G4xx_HAL_Driver/Src/stm32g4xx_hal_dma.c ****   * @brief   DMA HAL module driver.
   6:Drivers/STM32G4xx_HAL_Driver/Src/stm32g4xx_hal_dma.c ****   *         This file provides firmware functions to manage the following
   7:Drivers/STM32G4xx_HAL_Driver/Src/stm32g4xx_hal_dma.c ****   *         functionalities of the Direct Memory Access (DMA) peripheral:
   8:Drivers/STM32G4xx_HAL_Driver/Src/stm32g4xx_hal_dma.c ****   *           + Initialization and de-initialization functions
   9:Drivers/STM32G4xx_HAL_Driver/Src/stm32g4xx_hal_dma.c ****   *           + IO operation functions
  10:Drivers/STM32G4xx_HAL_Driver/Src/stm32g4xx_hal_dma.c ****   *           + Peripheral State and errors functions
  11:Drivers/STM32G4xx_HAL_Driver/Src/stm32g4xx_hal_dma.c ****   *
  12:Drivers/STM32G4xx_HAL_Driver/Src/stm32g4xx_hal_dma.c ****   ******************************************************************************
  13:Drivers/STM32G4xx_HAL_Driver/Src/stm32g4xx_hal_dma.c ****   * @attention
  14:Drivers/STM32G4xx_HAL_Driver/Src/stm32g4xx_hal_dma.c ****   *
  15:Drivers/STM32G4xx_HAL_Driver/Src/stm32g4xx_hal_dma.c ****   * Copyright (c) 2019 STMicroelectronics.
  16:Drivers/STM32G4xx_HAL_Driver/Src/stm32g4xx_hal_dma.c ****   * All rights reserved.
  17:Drivers/STM32G4xx_HAL_Driver/Src/stm32g4xx_hal_dma.c ****   *
  18:Drivers/STM32G4xx_HAL_Driver/Src/stm32g4xx_hal_dma.c ****   * This software is licensed under terms that can be found in the LICENSE file
  19:Drivers/STM32G4xx_HAL_Driver/Src/stm32g4xx_hal_dma.c ****   * in the root directory of this software component.
  20:Drivers/STM32G4xx_HAL_Driver/Src/stm32g4xx_hal_dma.c ****   * If no LICENSE file comes with this software, it is provided AS-IS.
  21:Drivers/STM32G4xx_HAL_Driver/Src/stm32g4xx_hal_dma.c ****   *
  22:Drivers/STM32G4xx_HAL_Driver/Src/stm32g4xx_hal_dma.c ****   ******************************************************************************
  23:Drivers/STM32G4xx_HAL_Driver/Src/stm32g4xx_hal_dma.c ****   @verbatim
  24:Drivers/STM32G4xx_HAL_Driver/Src/stm32g4xx_hal_dma.c ****   ==============================================================================
  25:Drivers/STM32G4xx_HAL_Driver/Src/stm32g4xx_hal_dma.c ****                         ##### How to use this driver #####
  26:Drivers/STM32G4xx_HAL_Driver/Src/stm32g4xx_hal_dma.c ****   ==============================================================================
  27:Drivers/STM32G4xx_HAL_Driver/Src/stm32g4xx_hal_dma.c ****   [..]
  28:Drivers/STM32G4xx_HAL_Driver/Src/stm32g4xx_hal_dma.c ****    (#) Enable and configure the peripheral to be connected to the DMA Channel
  29:Drivers/STM32G4xx_HAL_Driver/Src/stm32g4xx_hal_dma.c ****        (except for internal SRAM / FLASH memories: no initialization is
  30:Drivers/STM32G4xx_HAL_Driver/Src/stm32g4xx_hal_dma.c ****        necessary). Please refer to the Reference manual for connection between peripherals
ARM GAS  /tmp/ccdtMzc4.s 			page 2


  31:Drivers/STM32G4xx_HAL_Driver/Src/stm32g4xx_hal_dma.c ****        and DMA requests.
  32:Drivers/STM32G4xx_HAL_Driver/Src/stm32g4xx_hal_dma.c **** 
  33:Drivers/STM32G4xx_HAL_Driver/Src/stm32g4xx_hal_dma.c ****    (#) For a given Channel, program the required configuration through the following parameters:
  34:Drivers/STM32G4xx_HAL_Driver/Src/stm32g4xx_hal_dma.c ****        Channel request, Transfer Direction, Source and Destination data formats,
  35:Drivers/STM32G4xx_HAL_Driver/Src/stm32g4xx_hal_dma.c ****        Circular or Normal mode, Channel Priority level, Source and Destination Increment mode
  36:Drivers/STM32G4xx_HAL_Driver/Src/stm32g4xx_hal_dma.c ****        using HAL_DMA_Init() function.
  37:Drivers/STM32G4xx_HAL_Driver/Src/stm32g4xx_hal_dma.c **** 
  38:Drivers/STM32G4xx_HAL_Driver/Src/stm32g4xx_hal_dma.c ****        Prior to HAL_DMA_Init the peripheral clock shall be enabled for both DMA & DMAMUX
  39:Drivers/STM32G4xx_HAL_Driver/Src/stm32g4xx_hal_dma.c ****        thanks to:
  40:Drivers/STM32G4xx_HAL_Driver/Src/stm32g4xx_hal_dma.c ****       (##) DMA1 or DMA2: __HAL_RCC_DMA1_CLK_ENABLE() or  __HAL_RCC_DMA2_CLK_ENABLE() ;
  41:Drivers/STM32G4xx_HAL_Driver/Src/stm32g4xx_hal_dma.c ****       (##) DMAMUX1:      __HAL_RCC_DMAMUX1_CLK_ENABLE();
  42:Drivers/STM32G4xx_HAL_Driver/Src/stm32g4xx_hal_dma.c **** 
  43:Drivers/STM32G4xx_HAL_Driver/Src/stm32g4xx_hal_dma.c ****    (#) Use HAL_DMA_GetState() function to return the DMA state and HAL_DMA_GetError() in case of er
  44:Drivers/STM32G4xx_HAL_Driver/Src/stm32g4xx_hal_dma.c ****        detection.
  45:Drivers/STM32G4xx_HAL_Driver/Src/stm32g4xx_hal_dma.c **** 
  46:Drivers/STM32G4xx_HAL_Driver/Src/stm32g4xx_hal_dma.c ****    (#) Use HAL_DMA_Abort() function to abort the current transfer
  47:Drivers/STM32G4xx_HAL_Driver/Src/stm32g4xx_hal_dma.c **** 
  48:Drivers/STM32G4xx_HAL_Driver/Src/stm32g4xx_hal_dma.c ****      -@-   In Memory-to-Memory transfer mode, Circular mode is not allowed.
  49:Drivers/STM32G4xx_HAL_Driver/Src/stm32g4xx_hal_dma.c **** 
  50:Drivers/STM32G4xx_HAL_Driver/Src/stm32g4xx_hal_dma.c ****      *** Polling mode IO operation ***
  51:Drivers/STM32G4xx_HAL_Driver/Src/stm32g4xx_hal_dma.c ****      =================================
  52:Drivers/STM32G4xx_HAL_Driver/Src/stm32g4xx_hal_dma.c ****     [..]
  53:Drivers/STM32G4xx_HAL_Driver/Src/stm32g4xx_hal_dma.c ****           (+) Use HAL_DMA_Start() to start DMA transfer after the configuration of Source
  54:Drivers/STM32G4xx_HAL_Driver/Src/stm32g4xx_hal_dma.c ****               address and destination address and the Length of data to be transferred
  55:Drivers/STM32G4xx_HAL_Driver/Src/stm32g4xx_hal_dma.c ****           (+) Use HAL_DMA_PollForTransfer() to poll for the end of current transfer, in this
  56:Drivers/STM32G4xx_HAL_Driver/Src/stm32g4xx_hal_dma.c ****               case a fixed Timeout can be configured by User depending from his application.
  57:Drivers/STM32G4xx_HAL_Driver/Src/stm32g4xx_hal_dma.c **** 
  58:Drivers/STM32G4xx_HAL_Driver/Src/stm32g4xx_hal_dma.c ****      *** Interrupt mode IO operation ***
  59:Drivers/STM32G4xx_HAL_Driver/Src/stm32g4xx_hal_dma.c ****      ===================================
  60:Drivers/STM32G4xx_HAL_Driver/Src/stm32g4xx_hal_dma.c ****     [..]
  61:Drivers/STM32G4xx_HAL_Driver/Src/stm32g4xx_hal_dma.c ****           (+) Configure the DMA interrupt priority using HAL_NVIC_SetPriority()
  62:Drivers/STM32G4xx_HAL_Driver/Src/stm32g4xx_hal_dma.c ****           (+) Enable the DMA IRQ handler using HAL_NVIC_EnableIRQ()
  63:Drivers/STM32G4xx_HAL_Driver/Src/stm32g4xx_hal_dma.c ****           (+) Use HAL_DMA_Start_IT() to start DMA transfer after the configuration of
  64:Drivers/STM32G4xx_HAL_Driver/Src/stm32g4xx_hal_dma.c ****               Source address and destination address and the Length of data to be transferred.
  65:Drivers/STM32G4xx_HAL_Driver/Src/stm32g4xx_hal_dma.c ****               In this case the DMA interrupt is configured
  66:Drivers/STM32G4xx_HAL_Driver/Src/stm32g4xx_hal_dma.c ****           (+) Use HAL_DMA_IRQHandler() called under DMA_IRQHandler() Interrupt subroutine
  67:Drivers/STM32G4xx_HAL_Driver/Src/stm32g4xx_hal_dma.c ****           (+) At the end of data transfer HAL_DMA_IRQHandler() function is executed and user can
  68:Drivers/STM32G4xx_HAL_Driver/Src/stm32g4xx_hal_dma.c ****               add his own function to register callbacks with HAL_DMA_RegisterCallback().
  69:Drivers/STM32G4xx_HAL_Driver/Src/stm32g4xx_hal_dma.c **** 
  70:Drivers/STM32G4xx_HAL_Driver/Src/stm32g4xx_hal_dma.c ****      *** DMA HAL driver macros list ***
  71:Drivers/STM32G4xx_HAL_Driver/Src/stm32g4xx_hal_dma.c ****      =============================================
  72:Drivers/STM32G4xx_HAL_Driver/Src/stm32g4xx_hal_dma.c ****       [..]
  73:Drivers/STM32G4xx_HAL_Driver/Src/stm32g4xx_hal_dma.c ****        Below the list of macros in DMA HAL driver.
  74:Drivers/STM32G4xx_HAL_Driver/Src/stm32g4xx_hal_dma.c **** 
  75:Drivers/STM32G4xx_HAL_Driver/Src/stm32g4xx_hal_dma.c ****        (+) __HAL_DMA_ENABLE: Enable the specified DMA Channel.
  76:Drivers/STM32G4xx_HAL_Driver/Src/stm32g4xx_hal_dma.c ****        (+) __HAL_DMA_DISABLE: Disable the specified DMA Channel.
  77:Drivers/STM32G4xx_HAL_Driver/Src/stm32g4xx_hal_dma.c ****        (+) __HAL_DMA_GET_FLAG: Get the DMA Channel pending flags.
  78:Drivers/STM32G4xx_HAL_Driver/Src/stm32g4xx_hal_dma.c ****        (+) __HAL_DMA_CLEAR_FLAG: Clear the DMA Channel pending flags.
  79:Drivers/STM32G4xx_HAL_Driver/Src/stm32g4xx_hal_dma.c ****        (+) __HAL_DMA_ENABLE_IT: Enable the specified DMA Channel interrupts.
  80:Drivers/STM32G4xx_HAL_Driver/Src/stm32g4xx_hal_dma.c ****        (+) __HAL_DMA_DISABLE_IT: Disable the specified DMA Channel interrupts.
  81:Drivers/STM32G4xx_HAL_Driver/Src/stm32g4xx_hal_dma.c ****        (+) __HAL_DMA_GET_IT_SOURCE: Check whether the specified DMA Channel interrupt has occurred 
  82:Drivers/STM32G4xx_HAL_Driver/Src/stm32g4xx_hal_dma.c **** 
  83:Drivers/STM32G4xx_HAL_Driver/Src/stm32g4xx_hal_dma.c ****      [..]
  84:Drivers/STM32G4xx_HAL_Driver/Src/stm32g4xx_hal_dma.c ****       (@) You can refer to the DMA HAL driver header file for more useful macros
  85:Drivers/STM32G4xx_HAL_Driver/Src/stm32g4xx_hal_dma.c **** 
  86:Drivers/STM32G4xx_HAL_Driver/Src/stm32g4xx_hal_dma.c ****   @endverbatim
  87:Drivers/STM32G4xx_HAL_Driver/Src/stm32g4xx_hal_dma.c ****   */
ARM GAS  /tmp/ccdtMzc4.s 			page 3


  88:Drivers/STM32G4xx_HAL_Driver/Src/stm32g4xx_hal_dma.c **** 
  89:Drivers/STM32G4xx_HAL_Driver/Src/stm32g4xx_hal_dma.c **** /* Includes ------------------------------------------------------------------*/
  90:Drivers/STM32G4xx_HAL_Driver/Src/stm32g4xx_hal_dma.c **** #include "stm32g4xx_hal.h"
  91:Drivers/STM32G4xx_HAL_Driver/Src/stm32g4xx_hal_dma.c **** 
  92:Drivers/STM32G4xx_HAL_Driver/Src/stm32g4xx_hal_dma.c **** /** @addtogroup STM32G4xx_HAL_Driver
  93:Drivers/STM32G4xx_HAL_Driver/Src/stm32g4xx_hal_dma.c ****   * @{
  94:Drivers/STM32G4xx_HAL_Driver/Src/stm32g4xx_hal_dma.c ****   */
  95:Drivers/STM32G4xx_HAL_Driver/Src/stm32g4xx_hal_dma.c **** 
  96:Drivers/STM32G4xx_HAL_Driver/Src/stm32g4xx_hal_dma.c **** /** @defgroup DMA DMA
  97:Drivers/STM32G4xx_HAL_Driver/Src/stm32g4xx_hal_dma.c ****   * @brief DMA HAL module driver
  98:Drivers/STM32G4xx_HAL_Driver/Src/stm32g4xx_hal_dma.c ****   * @{
  99:Drivers/STM32G4xx_HAL_Driver/Src/stm32g4xx_hal_dma.c ****   */
 100:Drivers/STM32G4xx_HAL_Driver/Src/stm32g4xx_hal_dma.c **** 
 101:Drivers/STM32G4xx_HAL_Driver/Src/stm32g4xx_hal_dma.c **** #ifdef HAL_DMA_MODULE_ENABLED
 102:Drivers/STM32G4xx_HAL_Driver/Src/stm32g4xx_hal_dma.c **** 
 103:Drivers/STM32G4xx_HAL_Driver/Src/stm32g4xx_hal_dma.c **** /* Private typedef -----------------------------------------------------------*/
 104:Drivers/STM32G4xx_HAL_Driver/Src/stm32g4xx_hal_dma.c **** /* Private define ------------------------------------------------------------*/
 105:Drivers/STM32G4xx_HAL_Driver/Src/stm32g4xx_hal_dma.c **** /* Private macro -------------------------------------------------------------*/
 106:Drivers/STM32G4xx_HAL_Driver/Src/stm32g4xx_hal_dma.c **** /* Private variables ---------------------------------------------------------*/
 107:Drivers/STM32G4xx_HAL_Driver/Src/stm32g4xx_hal_dma.c **** /* Private function prototypes -----------------------------------------------*/
 108:Drivers/STM32G4xx_HAL_Driver/Src/stm32g4xx_hal_dma.c **** /** @defgroup DMA_Private_Functions DMA Private Functions
 109:Drivers/STM32G4xx_HAL_Driver/Src/stm32g4xx_hal_dma.c ****   * @{
 110:Drivers/STM32G4xx_HAL_Driver/Src/stm32g4xx_hal_dma.c ****   */
 111:Drivers/STM32G4xx_HAL_Driver/Src/stm32g4xx_hal_dma.c **** static void DMA_SetConfig(DMA_HandleTypeDef *hdma, uint32_t SrcAddress, uint32_t DstAddress, uint32
 112:Drivers/STM32G4xx_HAL_Driver/Src/stm32g4xx_hal_dma.c **** 
 113:Drivers/STM32G4xx_HAL_Driver/Src/stm32g4xx_hal_dma.c **** static void DMA_CalcDMAMUXChannelBaseAndMask(DMA_HandleTypeDef *hdma);
 114:Drivers/STM32G4xx_HAL_Driver/Src/stm32g4xx_hal_dma.c **** static void DMA_CalcDMAMUXRequestGenBaseAndMask(DMA_HandleTypeDef *hdma);
 115:Drivers/STM32G4xx_HAL_Driver/Src/stm32g4xx_hal_dma.c **** 
 116:Drivers/STM32G4xx_HAL_Driver/Src/stm32g4xx_hal_dma.c **** /**
 117:Drivers/STM32G4xx_HAL_Driver/Src/stm32g4xx_hal_dma.c ****   * @}
 118:Drivers/STM32G4xx_HAL_Driver/Src/stm32g4xx_hal_dma.c ****   */
 119:Drivers/STM32G4xx_HAL_Driver/Src/stm32g4xx_hal_dma.c **** 
 120:Drivers/STM32G4xx_HAL_Driver/Src/stm32g4xx_hal_dma.c **** /* Exported functions ---------------------------------------------------------*/
 121:Drivers/STM32G4xx_HAL_Driver/Src/stm32g4xx_hal_dma.c **** 
 122:Drivers/STM32G4xx_HAL_Driver/Src/stm32g4xx_hal_dma.c **** /** @defgroup DMA_Exported_Functions DMA Exported Functions
 123:Drivers/STM32G4xx_HAL_Driver/Src/stm32g4xx_hal_dma.c ****   * @{
 124:Drivers/STM32G4xx_HAL_Driver/Src/stm32g4xx_hal_dma.c ****   */
 125:Drivers/STM32G4xx_HAL_Driver/Src/stm32g4xx_hal_dma.c **** 
 126:Drivers/STM32G4xx_HAL_Driver/Src/stm32g4xx_hal_dma.c **** /** @defgroup DMA_Exported_Functions_Group1 Initialization and de-initialization functions
 127:Drivers/STM32G4xx_HAL_Driver/Src/stm32g4xx_hal_dma.c ****   *  @brief   Initialization and de-initialization functions
 128:Drivers/STM32G4xx_HAL_Driver/Src/stm32g4xx_hal_dma.c ****   *
 129:Drivers/STM32G4xx_HAL_Driver/Src/stm32g4xx_hal_dma.c **** @verbatim
 130:Drivers/STM32G4xx_HAL_Driver/Src/stm32g4xx_hal_dma.c ****  ===============================================================================
 131:Drivers/STM32G4xx_HAL_Driver/Src/stm32g4xx_hal_dma.c ****              ##### Initialization and de-initialization functions  #####
 132:Drivers/STM32G4xx_HAL_Driver/Src/stm32g4xx_hal_dma.c ****  ===============================================================================
 133:Drivers/STM32G4xx_HAL_Driver/Src/stm32g4xx_hal_dma.c ****     [..]
 134:Drivers/STM32G4xx_HAL_Driver/Src/stm32g4xx_hal_dma.c ****     This section provides functions allowing to initialize the DMA Channel source
 135:Drivers/STM32G4xx_HAL_Driver/Src/stm32g4xx_hal_dma.c ****     and destination addresses, incrementation and data sizes, transfer direction,
 136:Drivers/STM32G4xx_HAL_Driver/Src/stm32g4xx_hal_dma.c ****     circular/normal mode selection, memory-to-memory mode selection and Channel priority value.
 137:Drivers/STM32G4xx_HAL_Driver/Src/stm32g4xx_hal_dma.c ****     [..]
 138:Drivers/STM32G4xx_HAL_Driver/Src/stm32g4xx_hal_dma.c ****     The HAL_DMA_Init() function follows the DMA configuration procedures as described in
 139:Drivers/STM32G4xx_HAL_Driver/Src/stm32g4xx_hal_dma.c ****     reference manual.
 140:Drivers/STM32G4xx_HAL_Driver/Src/stm32g4xx_hal_dma.c **** 
 141:Drivers/STM32G4xx_HAL_Driver/Src/stm32g4xx_hal_dma.c **** @endverbatim
 142:Drivers/STM32G4xx_HAL_Driver/Src/stm32g4xx_hal_dma.c ****   * @{
 143:Drivers/STM32G4xx_HAL_Driver/Src/stm32g4xx_hal_dma.c ****   */
 144:Drivers/STM32G4xx_HAL_Driver/Src/stm32g4xx_hal_dma.c **** 
ARM GAS  /tmp/ccdtMzc4.s 			page 4


 145:Drivers/STM32G4xx_HAL_Driver/Src/stm32g4xx_hal_dma.c **** /**
 146:Drivers/STM32G4xx_HAL_Driver/Src/stm32g4xx_hal_dma.c ****   * @brief  Initialize the DMA according to the specified
 147:Drivers/STM32G4xx_HAL_Driver/Src/stm32g4xx_hal_dma.c ****   *         parameters in the DMA_InitTypeDef and initialize the associated handle.
 148:Drivers/STM32G4xx_HAL_Driver/Src/stm32g4xx_hal_dma.c ****   * @param  hdma Pointer to a DMA_HandleTypeDef structure that contains
 149:Drivers/STM32G4xx_HAL_Driver/Src/stm32g4xx_hal_dma.c ****   *               the configuration information for the specified DMA Channel.
 150:Drivers/STM32G4xx_HAL_Driver/Src/stm32g4xx_hal_dma.c ****   * @retval HAL status
 151:Drivers/STM32G4xx_HAL_Driver/Src/stm32g4xx_hal_dma.c ****   */
 152:Drivers/STM32G4xx_HAL_Driver/Src/stm32g4xx_hal_dma.c **** HAL_StatusTypeDef HAL_DMA_Init(DMA_HandleTypeDef *hdma)
 153:Drivers/STM32G4xx_HAL_Driver/Src/stm32g4xx_hal_dma.c **** {
 154:Drivers/STM32G4xx_HAL_Driver/Src/stm32g4xx_hal_dma.c ****   uint32_t tmp;
 155:Drivers/STM32G4xx_HAL_Driver/Src/stm32g4xx_hal_dma.c **** 
 156:Drivers/STM32G4xx_HAL_Driver/Src/stm32g4xx_hal_dma.c ****   /* Check the DMA handle allocation */
 157:Drivers/STM32G4xx_HAL_Driver/Src/stm32g4xx_hal_dma.c ****   if (hdma == NULL)
 158:Drivers/STM32G4xx_HAL_Driver/Src/stm32g4xx_hal_dma.c ****   {
 159:Drivers/STM32G4xx_HAL_Driver/Src/stm32g4xx_hal_dma.c ****     return HAL_ERROR;
 160:Drivers/STM32G4xx_HAL_Driver/Src/stm32g4xx_hal_dma.c ****   }
 161:Drivers/STM32G4xx_HAL_Driver/Src/stm32g4xx_hal_dma.c **** 
 162:Drivers/STM32G4xx_HAL_Driver/Src/stm32g4xx_hal_dma.c ****   /* Check the parameters */
 163:Drivers/STM32G4xx_HAL_Driver/Src/stm32g4xx_hal_dma.c ****   assert_param(IS_DMA_ALL_INSTANCE(hdma->Instance));
 164:Drivers/STM32G4xx_HAL_Driver/Src/stm32g4xx_hal_dma.c ****   assert_param(IS_DMA_DIRECTION(hdma->Init.Direction));
 165:Drivers/STM32G4xx_HAL_Driver/Src/stm32g4xx_hal_dma.c ****   assert_param(IS_DMA_PERIPHERAL_INC_STATE(hdma->Init.PeriphInc));
 166:Drivers/STM32G4xx_HAL_Driver/Src/stm32g4xx_hal_dma.c ****   assert_param(IS_DMA_MEMORY_INC_STATE(hdma->Init.MemInc));
 167:Drivers/STM32G4xx_HAL_Driver/Src/stm32g4xx_hal_dma.c ****   assert_param(IS_DMA_PERIPHERAL_DATA_SIZE(hdma->Init.PeriphDataAlignment));
 168:Drivers/STM32G4xx_HAL_Driver/Src/stm32g4xx_hal_dma.c ****   assert_param(IS_DMA_MEMORY_DATA_SIZE(hdma->Init.MemDataAlignment));
 169:Drivers/STM32G4xx_HAL_Driver/Src/stm32g4xx_hal_dma.c ****   assert_param(IS_DMA_MODE(hdma->Init.Mode));
 170:Drivers/STM32G4xx_HAL_Driver/Src/stm32g4xx_hal_dma.c ****   assert_param(IS_DMA_PRIORITY(hdma->Init.Priority));
 171:Drivers/STM32G4xx_HAL_Driver/Src/stm32g4xx_hal_dma.c **** 
 172:Drivers/STM32G4xx_HAL_Driver/Src/stm32g4xx_hal_dma.c ****   assert_param(IS_DMA_ALL_REQUEST(hdma->Init.Request));
 173:Drivers/STM32G4xx_HAL_Driver/Src/stm32g4xx_hal_dma.c **** 
 174:Drivers/STM32G4xx_HAL_Driver/Src/stm32g4xx_hal_dma.c ****   /* Compute the channel index */
 175:Drivers/STM32G4xx_HAL_Driver/Src/stm32g4xx_hal_dma.c ****   if ((uint32_t)(hdma->Instance) < (uint32_t)(DMA2_Channel1))
 176:Drivers/STM32G4xx_HAL_Driver/Src/stm32g4xx_hal_dma.c ****   {
 177:Drivers/STM32G4xx_HAL_Driver/Src/stm32g4xx_hal_dma.c ****     /* DMA1 */
 178:Drivers/STM32G4xx_HAL_Driver/Src/stm32g4xx_hal_dma.c ****     hdma->ChannelIndex = (((uint32_t)hdma->Instance - (uint32_t)DMA1_Channel1) / ((uint32_t)DMA1_Ch
 179:Drivers/STM32G4xx_HAL_Driver/Src/stm32g4xx_hal_dma.c ****     hdma->DmaBaseAddress = DMA1;
 180:Drivers/STM32G4xx_HAL_Driver/Src/stm32g4xx_hal_dma.c ****   }
 181:Drivers/STM32G4xx_HAL_Driver/Src/stm32g4xx_hal_dma.c ****   else
 182:Drivers/STM32G4xx_HAL_Driver/Src/stm32g4xx_hal_dma.c ****   {
 183:Drivers/STM32G4xx_HAL_Driver/Src/stm32g4xx_hal_dma.c ****     /* DMA2 */
 184:Drivers/STM32G4xx_HAL_Driver/Src/stm32g4xx_hal_dma.c ****     hdma->ChannelIndex = (((uint32_t)hdma->Instance - (uint32_t)DMA2_Channel1) / ((uint32_t)DMA2_Ch
 185:Drivers/STM32G4xx_HAL_Driver/Src/stm32g4xx_hal_dma.c ****     hdma->DmaBaseAddress = DMA2;
 186:Drivers/STM32G4xx_HAL_Driver/Src/stm32g4xx_hal_dma.c ****   }
 187:Drivers/STM32G4xx_HAL_Driver/Src/stm32g4xx_hal_dma.c **** 
 188:Drivers/STM32G4xx_HAL_Driver/Src/stm32g4xx_hal_dma.c ****   /* Change DMA peripheral state */
 189:Drivers/STM32G4xx_HAL_Driver/Src/stm32g4xx_hal_dma.c ****   hdma->State = HAL_DMA_STATE_BUSY;
 190:Drivers/STM32G4xx_HAL_Driver/Src/stm32g4xx_hal_dma.c **** 
 191:Drivers/STM32G4xx_HAL_Driver/Src/stm32g4xx_hal_dma.c ****   /* Get the CR register value */
 192:Drivers/STM32G4xx_HAL_Driver/Src/stm32g4xx_hal_dma.c ****   tmp = hdma->Instance->CCR;
 193:Drivers/STM32G4xx_HAL_Driver/Src/stm32g4xx_hal_dma.c **** 
 194:Drivers/STM32G4xx_HAL_Driver/Src/stm32g4xx_hal_dma.c ****   /* Clear PL, MSIZE, PSIZE, MINC, PINC, CIRC, DIR and MEM2MEM bits */
 195:Drivers/STM32G4xx_HAL_Driver/Src/stm32g4xx_hal_dma.c ****   tmp &= ((uint32_t)~(DMA_CCR_PL    | DMA_CCR_MSIZE  | DMA_CCR_PSIZE  |
 196:Drivers/STM32G4xx_HAL_Driver/Src/stm32g4xx_hal_dma.c ****                       DMA_CCR_MINC  | DMA_CCR_PINC   | DMA_CCR_CIRC   |
 197:Drivers/STM32G4xx_HAL_Driver/Src/stm32g4xx_hal_dma.c ****                       DMA_CCR_DIR   | DMA_CCR_MEM2MEM));
 198:Drivers/STM32G4xx_HAL_Driver/Src/stm32g4xx_hal_dma.c **** 
 199:Drivers/STM32G4xx_HAL_Driver/Src/stm32g4xx_hal_dma.c ****   /* Prepare the DMA Channel configuration */
 200:Drivers/STM32G4xx_HAL_Driver/Src/stm32g4xx_hal_dma.c ****   tmp |=  hdma->Init.Direction        |
 201:Drivers/STM32G4xx_HAL_Driver/Src/stm32g4xx_hal_dma.c ****           hdma->Init.PeriphInc           | hdma->Init.MemInc           |
ARM GAS  /tmp/ccdtMzc4.s 			page 5


 202:Drivers/STM32G4xx_HAL_Driver/Src/stm32g4xx_hal_dma.c ****           hdma->Init.PeriphDataAlignment | hdma->Init.MemDataAlignment |
 203:Drivers/STM32G4xx_HAL_Driver/Src/stm32g4xx_hal_dma.c ****           hdma->Init.Mode                | hdma->Init.Priority;
 204:Drivers/STM32G4xx_HAL_Driver/Src/stm32g4xx_hal_dma.c **** 
 205:Drivers/STM32G4xx_HAL_Driver/Src/stm32g4xx_hal_dma.c ****   /* Write to DMA Channel CR register */
 206:Drivers/STM32G4xx_HAL_Driver/Src/stm32g4xx_hal_dma.c ****   hdma->Instance->CCR = tmp;
 207:Drivers/STM32G4xx_HAL_Driver/Src/stm32g4xx_hal_dma.c **** 
 208:Drivers/STM32G4xx_HAL_Driver/Src/stm32g4xx_hal_dma.c ****   /* Initialize parameters for DMAMUX channel :
 209:Drivers/STM32G4xx_HAL_Driver/Src/stm32g4xx_hal_dma.c ****      DMAmuxChannel, DMAmuxChannelStatus and DMAmuxChannelStatusMask
 210:Drivers/STM32G4xx_HAL_Driver/Src/stm32g4xx_hal_dma.c ****   */
 211:Drivers/STM32G4xx_HAL_Driver/Src/stm32g4xx_hal_dma.c ****   DMA_CalcDMAMUXChannelBaseAndMask(hdma);
 212:Drivers/STM32G4xx_HAL_Driver/Src/stm32g4xx_hal_dma.c **** 
 213:Drivers/STM32G4xx_HAL_Driver/Src/stm32g4xx_hal_dma.c ****   if (hdma->Init.Direction == DMA_MEMORY_TO_MEMORY)
 214:Drivers/STM32G4xx_HAL_Driver/Src/stm32g4xx_hal_dma.c ****   {
 215:Drivers/STM32G4xx_HAL_Driver/Src/stm32g4xx_hal_dma.c ****     /* if memory to memory force the request to 0*/
 216:Drivers/STM32G4xx_HAL_Driver/Src/stm32g4xx_hal_dma.c ****     hdma->Init.Request = DMA_REQUEST_MEM2MEM;
 217:Drivers/STM32G4xx_HAL_Driver/Src/stm32g4xx_hal_dma.c ****   }
 218:Drivers/STM32G4xx_HAL_Driver/Src/stm32g4xx_hal_dma.c **** 
 219:Drivers/STM32G4xx_HAL_Driver/Src/stm32g4xx_hal_dma.c ****   /* Set peripheral request  to DMAMUX channel */
 220:Drivers/STM32G4xx_HAL_Driver/Src/stm32g4xx_hal_dma.c ****   hdma->DMAmuxChannel->CCR = (hdma->Init.Request & DMAMUX_CxCR_DMAREQ_ID);
 221:Drivers/STM32G4xx_HAL_Driver/Src/stm32g4xx_hal_dma.c **** 
 222:Drivers/STM32G4xx_HAL_Driver/Src/stm32g4xx_hal_dma.c ****   /* Clear the DMAMUX synchro overrun flag */
 223:Drivers/STM32G4xx_HAL_Driver/Src/stm32g4xx_hal_dma.c ****   hdma->DMAmuxChannelStatus->CFR = hdma->DMAmuxChannelStatusMask;
 224:Drivers/STM32G4xx_HAL_Driver/Src/stm32g4xx_hal_dma.c **** 
 225:Drivers/STM32G4xx_HAL_Driver/Src/stm32g4xx_hal_dma.c ****   if (((hdma->Init.Request >  0U) && (hdma->Init.Request <= DMA_REQUEST_GENERATOR3)))
 226:Drivers/STM32G4xx_HAL_Driver/Src/stm32g4xx_hal_dma.c ****   {
 227:Drivers/STM32G4xx_HAL_Driver/Src/stm32g4xx_hal_dma.c ****     /* Initialize parameters for DMAMUX request generator :
 228:Drivers/STM32G4xx_HAL_Driver/Src/stm32g4xx_hal_dma.c ****        DMAmuxRequestGen, DMAmuxRequestGenStatus and DMAmuxRequestGenStatusMask
 229:Drivers/STM32G4xx_HAL_Driver/Src/stm32g4xx_hal_dma.c ****     */
 230:Drivers/STM32G4xx_HAL_Driver/Src/stm32g4xx_hal_dma.c ****     DMA_CalcDMAMUXRequestGenBaseAndMask(hdma);
 231:Drivers/STM32G4xx_HAL_Driver/Src/stm32g4xx_hal_dma.c **** 
 232:Drivers/STM32G4xx_HAL_Driver/Src/stm32g4xx_hal_dma.c ****     /* Reset the DMAMUX request generator register*/
 233:Drivers/STM32G4xx_HAL_Driver/Src/stm32g4xx_hal_dma.c ****     hdma->DMAmuxRequestGen->RGCR = 0U;
 234:Drivers/STM32G4xx_HAL_Driver/Src/stm32g4xx_hal_dma.c **** 
 235:Drivers/STM32G4xx_HAL_Driver/Src/stm32g4xx_hal_dma.c ****     /* Clear the DMAMUX request generator overrun flag */
 236:Drivers/STM32G4xx_HAL_Driver/Src/stm32g4xx_hal_dma.c ****     hdma->DMAmuxRequestGenStatus->RGCFR = hdma->DMAmuxRequestGenStatusMask;
 237:Drivers/STM32G4xx_HAL_Driver/Src/stm32g4xx_hal_dma.c ****   }
 238:Drivers/STM32G4xx_HAL_Driver/Src/stm32g4xx_hal_dma.c ****   else
 239:Drivers/STM32G4xx_HAL_Driver/Src/stm32g4xx_hal_dma.c ****   {
 240:Drivers/STM32G4xx_HAL_Driver/Src/stm32g4xx_hal_dma.c ****     hdma->DMAmuxRequestGen = 0U;
 241:Drivers/STM32G4xx_HAL_Driver/Src/stm32g4xx_hal_dma.c ****     hdma->DMAmuxRequestGenStatus = 0U;
 242:Drivers/STM32G4xx_HAL_Driver/Src/stm32g4xx_hal_dma.c ****     hdma->DMAmuxRequestGenStatusMask = 0U;
 243:Drivers/STM32G4xx_HAL_Driver/Src/stm32g4xx_hal_dma.c ****   }
 244:Drivers/STM32G4xx_HAL_Driver/Src/stm32g4xx_hal_dma.c **** 
 245:Drivers/STM32G4xx_HAL_Driver/Src/stm32g4xx_hal_dma.c ****   /* Initialize the error code */
 246:Drivers/STM32G4xx_HAL_Driver/Src/stm32g4xx_hal_dma.c ****   hdma->ErrorCode = HAL_DMA_ERROR_NONE;
 247:Drivers/STM32G4xx_HAL_Driver/Src/stm32g4xx_hal_dma.c **** 
 248:Drivers/STM32G4xx_HAL_Driver/Src/stm32g4xx_hal_dma.c ****   /* Initialize the DMA state*/
 249:Drivers/STM32G4xx_HAL_Driver/Src/stm32g4xx_hal_dma.c ****   hdma->State  = HAL_DMA_STATE_READY;
 250:Drivers/STM32G4xx_HAL_Driver/Src/stm32g4xx_hal_dma.c **** 
 251:Drivers/STM32G4xx_HAL_Driver/Src/stm32g4xx_hal_dma.c ****   /* Allocate lock resource and initialize it */
 252:Drivers/STM32G4xx_HAL_Driver/Src/stm32g4xx_hal_dma.c ****   hdma->Lock = HAL_UNLOCKED;
 253:Drivers/STM32G4xx_HAL_Driver/Src/stm32g4xx_hal_dma.c **** 
 254:Drivers/STM32G4xx_HAL_Driver/Src/stm32g4xx_hal_dma.c ****   return HAL_OK;
 255:Drivers/STM32G4xx_HAL_Driver/Src/stm32g4xx_hal_dma.c **** }
 256:Drivers/STM32G4xx_HAL_Driver/Src/stm32g4xx_hal_dma.c **** 
 257:Drivers/STM32G4xx_HAL_Driver/Src/stm32g4xx_hal_dma.c **** /**
 258:Drivers/STM32G4xx_HAL_Driver/Src/stm32g4xx_hal_dma.c ****   * @brief  DeInitialize the DMA peripheral.
ARM GAS  /tmp/ccdtMzc4.s 			page 6


 259:Drivers/STM32G4xx_HAL_Driver/Src/stm32g4xx_hal_dma.c ****   * @param  hdma pointer to a DMA_HandleTypeDef structure that contains
 260:Drivers/STM32G4xx_HAL_Driver/Src/stm32g4xx_hal_dma.c ****   *               the configuration information for the specified DMA Channel.
 261:Drivers/STM32G4xx_HAL_Driver/Src/stm32g4xx_hal_dma.c ****   * @retval HAL status
 262:Drivers/STM32G4xx_HAL_Driver/Src/stm32g4xx_hal_dma.c ****   */
 263:Drivers/STM32G4xx_HAL_Driver/Src/stm32g4xx_hal_dma.c **** HAL_StatusTypeDef HAL_DMA_DeInit(DMA_HandleTypeDef *hdma)
 264:Drivers/STM32G4xx_HAL_Driver/Src/stm32g4xx_hal_dma.c **** {
 265:Drivers/STM32G4xx_HAL_Driver/Src/stm32g4xx_hal_dma.c **** 
 266:Drivers/STM32G4xx_HAL_Driver/Src/stm32g4xx_hal_dma.c ****   /* Check the DMA handle allocation */
 267:Drivers/STM32G4xx_HAL_Driver/Src/stm32g4xx_hal_dma.c ****   if (NULL == hdma)
 268:Drivers/STM32G4xx_HAL_Driver/Src/stm32g4xx_hal_dma.c ****   {
 269:Drivers/STM32G4xx_HAL_Driver/Src/stm32g4xx_hal_dma.c ****     return HAL_ERROR;
 270:Drivers/STM32G4xx_HAL_Driver/Src/stm32g4xx_hal_dma.c ****   }
 271:Drivers/STM32G4xx_HAL_Driver/Src/stm32g4xx_hal_dma.c **** 
 272:Drivers/STM32G4xx_HAL_Driver/Src/stm32g4xx_hal_dma.c ****   /* Check the parameters */
 273:Drivers/STM32G4xx_HAL_Driver/Src/stm32g4xx_hal_dma.c ****   assert_param(IS_DMA_ALL_INSTANCE(hdma->Instance));
 274:Drivers/STM32G4xx_HAL_Driver/Src/stm32g4xx_hal_dma.c **** 
 275:Drivers/STM32G4xx_HAL_Driver/Src/stm32g4xx_hal_dma.c ****   /* Disable the selected DMA Channelx */
 276:Drivers/STM32G4xx_HAL_Driver/Src/stm32g4xx_hal_dma.c ****   __HAL_DMA_DISABLE(hdma);
 277:Drivers/STM32G4xx_HAL_Driver/Src/stm32g4xx_hal_dma.c **** 
 278:Drivers/STM32G4xx_HAL_Driver/Src/stm32g4xx_hal_dma.c ****   /* Compute the channel index */
 279:Drivers/STM32G4xx_HAL_Driver/Src/stm32g4xx_hal_dma.c ****   if ((uint32_t)(hdma->Instance) < (uint32_t)(DMA2_Channel1))
 280:Drivers/STM32G4xx_HAL_Driver/Src/stm32g4xx_hal_dma.c ****   {
 281:Drivers/STM32G4xx_HAL_Driver/Src/stm32g4xx_hal_dma.c ****     /* DMA1 */
 282:Drivers/STM32G4xx_HAL_Driver/Src/stm32g4xx_hal_dma.c ****     hdma->ChannelIndex = (((uint32_t)hdma->Instance - (uint32_t)DMA1_Channel1) / ((uint32_t)DMA1_Ch
 283:Drivers/STM32G4xx_HAL_Driver/Src/stm32g4xx_hal_dma.c ****     hdma->DmaBaseAddress = DMA1;
 284:Drivers/STM32G4xx_HAL_Driver/Src/stm32g4xx_hal_dma.c ****   }
 285:Drivers/STM32G4xx_HAL_Driver/Src/stm32g4xx_hal_dma.c ****   else
 286:Drivers/STM32G4xx_HAL_Driver/Src/stm32g4xx_hal_dma.c ****   {
 287:Drivers/STM32G4xx_HAL_Driver/Src/stm32g4xx_hal_dma.c ****     /* DMA2 */
 288:Drivers/STM32G4xx_HAL_Driver/Src/stm32g4xx_hal_dma.c ****     hdma->ChannelIndex = (((uint32_t)hdma->Instance - (uint32_t)DMA2_Channel1) / ((uint32_t)DMA2_Ch
 289:Drivers/STM32G4xx_HAL_Driver/Src/stm32g4xx_hal_dma.c ****     hdma->DmaBaseAddress = DMA2;
 290:Drivers/STM32G4xx_HAL_Driver/Src/stm32g4xx_hal_dma.c ****   }
 291:Drivers/STM32G4xx_HAL_Driver/Src/stm32g4xx_hal_dma.c **** 
 292:Drivers/STM32G4xx_HAL_Driver/Src/stm32g4xx_hal_dma.c ****   /* Reset DMA Channel control register */
 293:Drivers/STM32G4xx_HAL_Driver/Src/stm32g4xx_hal_dma.c ****   hdma->Instance->CCR  = 0;
 294:Drivers/STM32G4xx_HAL_Driver/Src/stm32g4xx_hal_dma.c **** 
 295:Drivers/STM32G4xx_HAL_Driver/Src/stm32g4xx_hal_dma.c ****   /* Clear all flags */
 296:Drivers/STM32G4xx_HAL_Driver/Src/stm32g4xx_hal_dma.c ****   hdma->DmaBaseAddress->IFCR = (DMA_ISR_GIF1 << (hdma->ChannelIndex & 0x1FU));
 297:Drivers/STM32G4xx_HAL_Driver/Src/stm32g4xx_hal_dma.c **** 
 298:Drivers/STM32G4xx_HAL_Driver/Src/stm32g4xx_hal_dma.c ****   /* Initialize parameters for DMAMUX channel :
 299:Drivers/STM32G4xx_HAL_Driver/Src/stm32g4xx_hal_dma.c ****      DMAmuxChannel, DMAmuxChannelStatus and DMAmuxChannelStatusMask */
 300:Drivers/STM32G4xx_HAL_Driver/Src/stm32g4xx_hal_dma.c **** 
 301:Drivers/STM32G4xx_HAL_Driver/Src/stm32g4xx_hal_dma.c ****   DMA_CalcDMAMUXChannelBaseAndMask(hdma);
 302:Drivers/STM32G4xx_HAL_Driver/Src/stm32g4xx_hal_dma.c **** 
 303:Drivers/STM32G4xx_HAL_Driver/Src/stm32g4xx_hal_dma.c ****   /* Reset the DMAMUX channel that corresponds to the DMA channel */
 304:Drivers/STM32G4xx_HAL_Driver/Src/stm32g4xx_hal_dma.c ****   hdma->DMAmuxChannel->CCR = 0;
 305:Drivers/STM32G4xx_HAL_Driver/Src/stm32g4xx_hal_dma.c **** 
 306:Drivers/STM32G4xx_HAL_Driver/Src/stm32g4xx_hal_dma.c ****   /* Clear the DMAMUX synchro overrun flag */
 307:Drivers/STM32G4xx_HAL_Driver/Src/stm32g4xx_hal_dma.c ****   hdma->DMAmuxChannelStatus->CFR = hdma->DMAmuxChannelStatusMask;
 308:Drivers/STM32G4xx_HAL_Driver/Src/stm32g4xx_hal_dma.c **** 
 309:Drivers/STM32G4xx_HAL_Driver/Src/stm32g4xx_hal_dma.c ****   /* Reset Request generator parameters if any */
 310:Drivers/STM32G4xx_HAL_Driver/Src/stm32g4xx_hal_dma.c ****   if (((hdma->Init.Request >  0U) && (hdma->Init.Request <= DMA_REQUEST_GENERATOR3)))
 311:Drivers/STM32G4xx_HAL_Driver/Src/stm32g4xx_hal_dma.c ****   {
 312:Drivers/STM32G4xx_HAL_Driver/Src/stm32g4xx_hal_dma.c ****     /* Initialize parameters for DMAMUX request generator :
 313:Drivers/STM32G4xx_HAL_Driver/Src/stm32g4xx_hal_dma.c ****        DMAmuxRequestGen, DMAmuxRequestGenStatus and DMAmuxRequestGenStatusMask
 314:Drivers/STM32G4xx_HAL_Driver/Src/stm32g4xx_hal_dma.c ****     */
 315:Drivers/STM32G4xx_HAL_Driver/Src/stm32g4xx_hal_dma.c ****     DMA_CalcDMAMUXRequestGenBaseAndMask(hdma);
ARM GAS  /tmp/ccdtMzc4.s 			page 7


 316:Drivers/STM32G4xx_HAL_Driver/Src/stm32g4xx_hal_dma.c **** 
 317:Drivers/STM32G4xx_HAL_Driver/Src/stm32g4xx_hal_dma.c ****     /* Reset the DMAMUX request generator register*/
 318:Drivers/STM32G4xx_HAL_Driver/Src/stm32g4xx_hal_dma.c ****     hdma->DMAmuxRequestGen->RGCR = 0U;
 319:Drivers/STM32G4xx_HAL_Driver/Src/stm32g4xx_hal_dma.c **** 
 320:Drivers/STM32G4xx_HAL_Driver/Src/stm32g4xx_hal_dma.c ****     /* Clear the DMAMUX request generator overrun flag */
 321:Drivers/STM32G4xx_HAL_Driver/Src/stm32g4xx_hal_dma.c ****     hdma->DMAmuxRequestGenStatus->RGCFR = hdma->DMAmuxRequestGenStatusMask;
 322:Drivers/STM32G4xx_HAL_Driver/Src/stm32g4xx_hal_dma.c ****   }
 323:Drivers/STM32G4xx_HAL_Driver/Src/stm32g4xx_hal_dma.c **** 
 324:Drivers/STM32G4xx_HAL_Driver/Src/stm32g4xx_hal_dma.c ****   hdma->DMAmuxRequestGen = 0U;
 325:Drivers/STM32G4xx_HAL_Driver/Src/stm32g4xx_hal_dma.c ****   hdma->DMAmuxRequestGenStatus = 0U;
 326:Drivers/STM32G4xx_HAL_Driver/Src/stm32g4xx_hal_dma.c ****   hdma->DMAmuxRequestGenStatusMask = 0U;
 327:Drivers/STM32G4xx_HAL_Driver/Src/stm32g4xx_hal_dma.c **** 
 328:Drivers/STM32G4xx_HAL_Driver/Src/stm32g4xx_hal_dma.c ****   /* Clean callbacks */
 329:Drivers/STM32G4xx_HAL_Driver/Src/stm32g4xx_hal_dma.c ****   hdma->XferCpltCallback = NULL;
 330:Drivers/STM32G4xx_HAL_Driver/Src/stm32g4xx_hal_dma.c ****   hdma->XferHalfCpltCallback = NULL;
 331:Drivers/STM32G4xx_HAL_Driver/Src/stm32g4xx_hal_dma.c ****   hdma->XferErrorCallback = NULL;
 332:Drivers/STM32G4xx_HAL_Driver/Src/stm32g4xx_hal_dma.c ****   hdma->XferAbortCallback = NULL;
 333:Drivers/STM32G4xx_HAL_Driver/Src/stm32g4xx_hal_dma.c **** 
 334:Drivers/STM32G4xx_HAL_Driver/Src/stm32g4xx_hal_dma.c ****   /* Initialize the error code */
 335:Drivers/STM32G4xx_HAL_Driver/Src/stm32g4xx_hal_dma.c ****   hdma->ErrorCode = HAL_DMA_ERROR_NONE;
 336:Drivers/STM32G4xx_HAL_Driver/Src/stm32g4xx_hal_dma.c **** 
 337:Drivers/STM32G4xx_HAL_Driver/Src/stm32g4xx_hal_dma.c ****   /* Initialize the DMA state */
 338:Drivers/STM32G4xx_HAL_Driver/Src/stm32g4xx_hal_dma.c ****   hdma->State = HAL_DMA_STATE_RESET;
 339:Drivers/STM32G4xx_HAL_Driver/Src/stm32g4xx_hal_dma.c **** 
 340:Drivers/STM32G4xx_HAL_Driver/Src/stm32g4xx_hal_dma.c ****   /* Release Lock */
 341:Drivers/STM32G4xx_HAL_Driver/Src/stm32g4xx_hal_dma.c ****   __HAL_UNLOCK(hdma);
 342:Drivers/STM32G4xx_HAL_Driver/Src/stm32g4xx_hal_dma.c **** 
 343:Drivers/STM32G4xx_HAL_Driver/Src/stm32g4xx_hal_dma.c ****   return HAL_OK;
 344:Drivers/STM32G4xx_HAL_Driver/Src/stm32g4xx_hal_dma.c **** }
 345:Drivers/STM32G4xx_HAL_Driver/Src/stm32g4xx_hal_dma.c **** 
 346:Drivers/STM32G4xx_HAL_Driver/Src/stm32g4xx_hal_dma.c **** /**
 347:Drivers/STM32G4xx_HAL_Driver/Src/stm32g4xx_hal_dma.c ****   * @}
 348:Drivers/STM32G4xx_HAL_Driver/Src/stm32g4xx_hal_dma.c ****   */
 349:Drivers/STM32G4xx_HAL_Driver/Src/stm32g4xx_hal_dma.c **** 
 350:Drivers/STM32G4xx_HAL_Driver/Src/stm32g4xx_hal_dma.c **** /** @defgroup DMA_Exported_Functions_Group2 Input and Output operation functions
 351:Drivers/STM32G4xx_HAL_Driver/Src/stm32g4xx_hal_dma.c ****   *  @brief   Input and Output operation functions
 352:Drivers/STM32G4xx_HAL_Driver/Src/stm32g4xx_hal_dma.c ****   *
 353:Drivers/STM32G4xx_HAL_Driver/Src/stm32g4xx_hal_dma.c **** @verbatim
 354:Drivers/STM32G4xx_HAL_Driver/Src/stm32g4xx_hal_dma.c ****  ===============================================================================
 355:Drivers/STM32G4xx_HAL_Driver/Src/stm32g4xx_hal_dma.c ****                       #####  IO operation functions  #####
 356:Drivers/STM32G4xx_HAL_Driver/Src/stm32g4xx_hal_dma.c ****  ===============================================================================
 357:Drivers/STM32G4xx_HAL_Driver/Src/stm32g4xx_hal_dma.c ****     [..]  This section provides functions allowing to:
 358:Drivers/STM32G4xx_HAL_Driver/Src/stm32g4xx_hal_dma.c ****       (+) Configure the source, destination address and data length and Start DMA transfer
 359:Drivers/STM32G4xx_HAL_Driver/Src/stm32g4xx_hal_dma.c ****       (+) Configure the source, destination address and data length and
 360:Drivers/STM32G4xx_HAL_Driver/Src/stm32g4xx_hal_dma.c ****           Start DMA transfer with interrupt
 361:Drivers/STM32G4xx_HAL_Driver/Src/stm32g4xx_hal_dma.c ****       (+) Abort DMA transfer
 362:Drivers/STM32G4xx_HAL_Driver/Src/stm32g4xx_hal_dma.c ****       (+) Poll for transfer complete
 363:Drivers/STM32G4xx_HAL_Driver/Src/stm32g4xx_hal_dma.c ****       (+) Handle DMA interrupt request
 364:Drivers/STM32G4xx_HAL_Driver/Src/stm32g4xx_hal_dma.c **** 
 365:Drivers/STM32G4xx_HAL_Driver/Src/stm32g4xx_hal_dma.c **** @endverbatim
 366:Drivers/STM32G4xx_HAL_Driver/Src/stm32g4xx_hal_dma.c ****   * @{
 367:Drivers/STM32G4xx_HAL_Driver/Src/stm32g4xx_hal_dma.c ****   */
 368:Drivers/STM32G4xx_HAL_Driver/Src/stm32g4xx_hal_dma.c **** 
 369:Drivers/STM32G4xx_HAL_Driver/Src/stm32g4xx_hal_dma.c **** /**
 370:Drivers/STM32G4xx_HAL_Driver/Src/stm32g4xx_hal_dma.c ****   * @brief  Start the DMA Transfer.
 371:Drivers/STM32G4xx_HAL_Driver/Src/stm32g4xx_hal_dma.c ****   * @param  hdma pointer to a DMA_HandleTypeDef structure that contains
 372:Drivers/STM32G4xx_HAL_Driver/Src/stm32g4xx_hal_dma.c ****   *               the configuration information for the specified DMA Channel.
ARM GAS  /tmp/ccdtMzc4.s 			page 8


 373:Drivers/STM32G4xx_HAL_Driver/Src/stm32g4xx_hal_dma.c ****   * @param  SrcAddress The source memory Buffer address
 374:Drivers/STM32G4xx_HAL_Driver/Src/stm32g4xx_hal_dma.c ****   * @param  DstAddress The destination memory Buffer address
 375:Drivers/STM32G4xx_HAL_Driver/Src/stm32g4xx_hal_dma.c ****   * @param  DataLength The length of data to be transferred from source to destination (up to 256Kb
 376:Drivers/STM32G4xx_HAL_Driver/Src/stm32g4xx_hal_dma.c ****   * @retval HAL status
 377:Drivers/STM32G4xx_HAL_Driver/Src/stm32g4xx_hal_dma.c ****   */
 378:Drivers/STM32G4xx_HAL_Driver/Src/stm32g4xx_hal_dma.c **** HAL_StatusTypeDef HAL_DMA_Start(DMA_HandleTypeDef *hdma, uint32_t SrcAddress, uint32_t DstAddress, 
 379:Drivers/STM32G4xx_HAL_Driver/Src/stm32g4xx_hal_dma.c **** {
 380:Drivers/STM32G4xx_HAL_Driver/Src/stm32g4xx_hal_dma.c ****   HAL_StatusTypeDef status = HAL_OK;
 381:Drivers/STM32G4xx_HAL_Driver/Src/stm32g4xx_hal_dma.c **** 
 382:Drivers/STM32G4xx_HAL_Driver/Src/stm32g4xx_hal_dma.c ****   /* Check the parameters */
 383:Drivers/STM32G4xx_HAL_Driver/Src/stm32g4xx_hal_dma.c ****   assert_param(IS_DMA_BUFFER_SIZE(DataLength));
 384:Drivers/STM32G4xx_HAL_Driver/Src/stm32g4xx_hal_dma.c **** 
 385:Drivers/STM32G4xx_HAL_Driver/Src/stm32g4xx_hal_dma.c ****   /* Process locked */
 386:Drivers/STM32G4xx_HAL_Driver/Src/stm32g4xx_hal_dma.c ****   __HAL_LOCK(hdma);
 387:Drivers/STM32G4xx_HAL_Driver/Src/stm32g4xx_hal_dma.c **** 
 388:Drivers/STM32G4xx_HAL_Driver/Src/stm32g4xx_hal_dma.c ****   if (HAL_DMA_STATE_READY == hdma->State)
 389:Drivers/STM32G4xx_HAL_Driver/Src/stm32g4xx_hal_dma.c ****   {
 390:Drivers/STM32G4xx_HAL_Driver/Src/stm32g4xx_hal_dma.c ****     /* Change DMA peripheral state */
 391:Drivers/STM32G4xx_HAL_Driver/Src/stm32g4xx_hal_dma.c ****     hdma->State = HAL_DMA_STATE_BUSY;
 392:Drivers/STM32G4xx_HAL_Driver/Src/stm32g4xx_hal_dma.c ****     hdma->ErrorCode = HAL_DMA_ERROR_NONE;
 393:Drivers/STM32G4xx_HAL_Driver/Src/stm32g4xx_hal_dma.c **** 
 394:Drivers/STM32G4xx_HAL_Driver/Src/stm32g4xx_hal_dma.c ****     /* Disable the peripheral */
 395:Drivers/STM32G4xx_HAL_Driver/Src/stm32g4xx_hal_dma.c ****     __HAL_DMA_DISABLE(hdma);
 396:Drivers/STM32G4xx_HAL_Driver/Src/stm32g4xx_hal_dma.c **** 
 397:Drivers/STM32G4xx_HAL_Driver/Src/stm32g4xx_hal_dma.c ****     /* Configure the source, destination address and the data length & clear flags*/
 398:Drivers/STM32G4xx_HAL_Driver/Src/stm32g4xx_hal_dma.c ****     DMA_SetConfig(hdma, SrcAddress, DstAddress, DataLength);
 399:Drivers/STM32G4xx_HAL_Driver/Src/stm32g4xx_hal_dma.c **** 
 400:Drivers/STM32G4xx_HAL_Driver/Src/stm32g4xx_hal_dma.c ****     /* Enable the Peripheral */
 401:Drivers/STM32G4xx_HAL_Driver/Src/stm32g4xx_hal_dma.c ****     __HAL_DMA_ENABLE(hdma);
 402:Drivers/STM32G4xx_HAL_Driver/Src/stm32g4xx_hal_dma.c ****   }
 403:Drivers/STM32G4xx_HAL_Driver/Src/stm32g4xx_hal_dma.c ****   else
 404:Drivers/STM32G4xx_HAL_Driver/Src/stm32g4xx_hal_dma.c ****   {
 405:Drivers/STM32G4xx_HAL_Driver/Src/stm32g4xx_hal_dma.c ****     /* Process Unlocked */
 406:Drivers/STM32G4xx_HAL_Driver/Src/stm32g4xx_hal_dma.c ****     __HAL_UNLOCK(hdma);
 407:Drivers/STM32G4xx_HAL_Driver/Src/stm32g4xx_hal_dma.c ****     status = HAL_BUSY;
 408:Drivers/STM32G4xx_HAL_Driver/Src/stm32g4xx_hal_dma.c ****   }
 409:Drivers/STM32G4xx_HAL_Driver/Src/stm32g4xx_hal_dma.c ****   return status;
 410:Drivers/STM32G4xx_HAL_Driver/Src/stm32g4xx_hal_dma.c **** }
 411:Drivers/STM32G4xx_HAL_Driver/Src/stm32g4xx_hal_dma.c **** 
 412:Drivers/STM32G4xx_HAL_Driver/Src/stm32g4xx_hal_dma.c **** /**
 413:Drivers/STM32G4xx_HAL_Driver/Src/stm32g4xx_hal_dma.c ****   * @brief  Start the DMA Transfer with interrupt enabled.
 414:Drivers/STM32G4xx_HAL_Driver/Src/stm32g4xx_hal_dma.c ****   * @param  hdma pointer to a DMA_HandleTypeDef structure that contains
 415:Drivers/STM32G4xx_HAL_Driver/Src/stm32g4xx_hal_dma.c ****   *               the configuration information for the specified DMA Channel.
 416:Drivers/STM32G4xx_HAL_Driver/Src/stm32g4xx_hal_dma.c ****   * @param  SrcAddress The source memory Buffer address
 417:Drivers/STM32G4xx_HAL_Driver/Src/stm32g4xx_hal_dma.c ****   * @param  DstAddress The destination memory Buffer address
 418:Drivers/STM32G4xx_HAL_Driver/Src/stm32g4xx_hal_dma.c ****   * @param  DataLength The length of data to be transferred from source to destination (up to 256Kb
 419:Drivers/STM32G4xx_HAL_Driver/Src/stm32g4xx_hal_dma.c ****   * @retval HAL status
 420:Drivers/STM32G4xx_HAL_Driver/Src/stm32g4xx_hal_dma.c ****   */
 421:Drivers/STM32G4xx_HAL_Driver/Src/stm32g4xx_hal_dma.c **** HAL_StatusTypeDef HAL_DMA_Start_IT(DMA_HandleTypeDef *hdma, uint32_t SrcAddress, uint32_t DstAddres
 422:Drivers/STM32G4xx_HAL_Driver/Src/stm32g4xx_hal_dma.c ****                                    uint32_t DataLength)
 423:Drivers/STM32G4xx_HAL_Driver/Src/stm32g4xx_hal_dma.c **** {
 424:Drivers/STM32G4xx_HAL_Driver/Src/stm32g4xx_hal_dma.c ****   HAL_StatusTypeDef status = HAL_OK;
 425:Drivers/STM32G4xx_HAL_Driver/Src/stm32g4xx_hal_dma.c **** 
 426:Drivers/STM32G4xx_HAL_Driver/Src/stm32g4xx_hal_dma.c ****   /* Check the parameters */
 427:Drivers/STM32G4xx_HAL_Driver/Src/stm32g4xx_hal_dma.c ****   assert_param(IS_DMA_BUFFER_SIZE(DataLength));
 428:Drivers/STM32G4xx_HAL_Driver/Src/stm32g4xx_hal_dma.c **** 
 429:Drivers/STM32G4xx_HAL_Driver/Src/stm32g4xx_hal_dma.c ****   /* Process locked */
ARM GAS  /tmp/ccdtMzc4.s 			page 9


 430:Drivers/STM32G4xx_HAL_Driver/Src/stm32g4xx_hal_dma.c ****   __HAL_LOCK(hdma);
 431:Drivers/STM32G4xx_HAL_Driver/Src/stm32g4xx_hal_dma.c **** 
 432:Drivers/STM32G4xx_HAL_Driver/Src/stm32g4xx_hal_dma.c ****   if (HAL_DMA_STATE_READY == hdma->State)
 433:Drivers/STM32G4xx_HAL_Driver/Src/stm32g4xx_hal_dma.c ****   {
 434:Drivers/STM32G4xx_HAL_Driver/Src/stm32g4xx_hal_dma.c ****     /* Change DMA peripheral state */
 435:Drivers/STM32G4xx_HAL_Driver/Src/stm32g4xx_hal_dma.c ****     hdma->State = HAL_DMA_STATE_BUSY;
 436:Drivers/STM32G4xx_HAL_Driver/Src/stm32g4xx_hal_dma.c ****     hdma->ErrorCode = HAL_DMA_ERROR_NONE;
 437:Drivers/STM32G4xx_HAL_Driver/Src/stm32g4xx_hal_dma.c **** 
 438:Drivers/STM32G4xx_HAL_Driver/Src/stm32g4xx_hal_dma.c ****     /* Disable the peripheral */
 439:Drivers/STM32G4xx_HAL_Driver/Src/stm32g4xx_hal_dma.c ****     __HAL_DMA_DISABLE(hdma);
 440:Drivers/STM32G4xx_HAL_Driver/Src/stm32g4xx_hal_dma.c **** 
 441:Drivers/STM32G4xx_HAL_Driver/Src/stm32g4xx_hal_dma.c ****     /* Configure the source, destination address and the data length & clear flags*/
 442:Drivers/STM32G4xx_HAL_Driver/Src/stm32g4xx_hal_dma.c ****     DMA_SetConfig(hdma, SrcAddress, DstAddress, DataLength);
 443:Drivers/STM32G4xx_HAL_Driver/Src/stm32g4xx_hal_dma.c **** 
 444:Drivers/STM32G4xx_HAL_Driver/Src/stm32g4xx_hal_dma.c ****     /* Enable the transfer complete interrupt */
 445:Drivers/STM32G4xx_HAL_Driver/Src/stm32g4xx_hal_dma.c ****     /* Enable the transfer Error interrupt */
 446:Drivers/STM32G4xx_HAL_Driver/Src/stm32g4xx_hal_dma.c ****     if (NULL != hdma->XferHalfCpltCallback)
 447:Drivers/STM32G4xx_HAL_Driver/Src/stm32g4xx_hal_dma.c ****     {
 448:Drivers/STM32G4xx_HAL_Driver/Src/stm32g4xx_hal_dma.c ****       /* Enable the Half transfer complete interrupt as well */
 449:Drivers/STM32G4xx_HAL_Driver/Src/stm32g4xx_hal_dma.c ****       __HAL_DMA_ENABLE_IT(hdma, (DMA_IT_TC | DMA_IT_HT | DMA_IT_TE));
 450:Drivers/STM32G4xx_HAL_Driver/Src/stm32g4xx_hal_dma.c ****     }
 451:Drivers/STM32G4xx_HAL_Driver/Src/stm32g4xx_hal_dma.c ****     else
 452:Drivers/STM32G4xx_HAL_Driver/Src/stm32g4xx_hal_dma.c ****     {
 453:Drivers/STM32G4xx_HAL_Driver/Src/stm32g4xx_hal_dma.c ****       __HAL_DMA_DISABLE_IT(hdma, DMA_IT_HT);
 454:Drivers/STM32G4xx_HAL_Driver/Src/stm32g4xx_hal_dma.c ****       __HAL_DMA_ENABLE_IT(hdma, (DMA_IT_TC | DMA_IT_TE));
 455:Drivers/STM32G4xx_HAL_Driver/Src/stm32g4xx_hal_dma.c ****     }
 456:Drivers/STM32G4xx_HAL_Driver/Src/stm32g4xx_hal_dma.c **** 
 457:Drivers/STM32G4xx_HAL_Driver/Src/stm32g4xx_hal_dma.c ****     /* Check if DMAMUX Synchronization is enabled*/
 458:Drivers/STM32G4xx_HAL_Driver/Src/stm32g4xx_hal_dma.c ****     if ((hdma->DMAmuxChannel->CCR & DMAMUX_CxCR_SE) != 0U)
 459:Drivers/STM32G4xx_HAL_Driver/Src/stm32g4xx_hal_dma.c ****     {
 460:Drivers/STM32G4xx_HAL_Driver/Src/stm32g4xx_hal_dma.c ****       /* Enable DMAMUX sync overrun IT*/
 461:Drivers/STM32G4xx_HAL_Driver/Src/stm32g4xx_hal_dma.c ****       hdma->DMAmuxChannel->CCR |= DMAMUX_CxCR_SOIE;
 462:Drivers/STM32G4xx_HAL_Driver/Src/stm32g4xx_hal_dma.c ****     }
 463:Drivers/STM32G4xx_HAL_Driver/Src/stm32g4xx_hal_dma.c **** 
 464:Drivers/STM32G4xx_HAL_Driver/Src/stm32g4xx_hal_dma.c ****     if (hdma->DMAmuxRequestGen != 0U)
 465:Drivers/STM32G4xx_HAL_Driver/Src/stm32g4xx_hal_dma.c ****     {
 466:Drivers/STM32G4xx_HAL_Driver/Src/stm32g4xx_hal_dma.c ****       /* if using DMAMUX request generator, enable the DMAMUX request generator overrun IT*/
 467:Drivers/STM32G4xx_HAL_Driver/Src/stm32g4xx_hal_dma.c ****       /* enable the request gen overrun IT*/
 468:Drivers/STM32G4xx_HAL_Driver/Src/stm32g4xx_hal_dma.c ****       hdma->DMAmuxRequestGen->RGCR |= DMAMUX_RGxCR_OIE;
 469:Drivers/STM32G4xx_HAL_Driver/Src/stm32g4xx_hal_dma.c ****     }
 470:Drivers/STM32G4xx_HAL_Driver/Src/stm32g4xx_hal_dma.c **** 
 471:Drivers/STM32G4xx_HAL_Driver/Src/stm32g4xx_hal_dma.c ****     /* Enable the Peripheral */
 472:Drivers/STM32G4xx_HAL_Driver/Src/stm32g4xx_hal_dma.c ****     __HAL_DMA_ENABLE(hdma);
 473:Drivers/STM32G4xx_HAL_Driver/Src/stm32g4xx_hal_dma.c ****   }
 474:Drivers/STM32G4xx_HAL_Driver/Src/stm32g4xx_hal_dma.c ****   else
 475:Drivers/STM32G4xx_HAL_Driver/Src/stm32g4xx_hal_dma.c ****   {
 476:Drivers/STM32G4xx_HAL_Driver/Src/stm32g4xx_hal_dma.c ****     /* Process Unlocked */
 477:Drivers/STM32G4xx_HAL_Driver/Src/stm32g4xx_hal_dma.c ****     __HAL_UNLOCK(hdma);
 478:Drivers/STM32G4xx_HAL_Driver/Src/stm32g4xx_hal_dma.c **** 
 479:Drivers/STM32G4xx_HAL_Driver/Src/stm32g4xx_hal_dma.c ****     /* Remain BUSY */
 480:Drivers/STM32G4xx_HAL_Driver/Src/stm32g4xx_hal_dma.c ****     status = HAL_BUSY;
 481:Drivers/STM32G4xx_HAL_Driver/Src/stm32g4xx_hal_dma.c ****   }
 482:Drivers/STM32G4xx_HAL_Driver/Src/stm32g4xx_hal_dma.c ****   return status;
 483:Drivers/STM32G4xx_HAL_Driver/Src/stm32g4xx_hal_dma.c **** }
 484:Drivers/STM32G4xx_HAL_Driver/Src/stm32g4xx_hal_dma.c **** 
 485:Drivers/STM32G4xx_HAL_Driver/Src/stm32g4xx_hal_dma.c **** /**
 486:Drivers/STM32G4xx_HAL_Driver/Src/stm32g4xx_hal_dma.c ****   * @brief  Abort the DMA Transfer.
ARM GAS  /tmp/ccdtMzc4.s 			page 10


 487:Drivers/STM32G4xx_HAL_Driver/Src/stm32g4xx_hal_dma.c ****   * @param  hdma pointer to a DMA_HandleTypeDef structure that contains
 488:Drivers/STM32G4xx_HAL_Driver/Src/stm32g4xx_hal_dma.c ****   *               the configuration information for the specified DMA Channel.
 489:Drivers/STM32G4xx_HAL_Driver/Src/stm32g4xx_hal_dma.c ****     * @retval HAL status
 490:Drivers/STM32G4xx_HAL_Driver/Src/stm32g4xx_hal_dma.c ****   */
 491:Drivers/STM32G4xx_HAL_Driver/Src/stm32g4xx_hal_dma.c **** HAL_StatusTypeDef HAL_DMA_Abort(DMA_HandleTypeDef *hdma)
 492:Drivers/STM32G4xx_HAL_Driver/Src/stm32g4xx_hal_dma.c **** {
 493:Drivers/STM32G4xx_HAL_Driver/Src/stm32g4xx_hal_dma.c ****   HAL_StatusTypeDef status = HAL_OK;
 494:Drivers/STM32G4xx_HAL_Driver/Src/stm32g4xx_hal_dma.c **** 
 495:Drivers/STM32G4xx_HAL_Driver/Src/stm32g4xx_hal_dma.c ****   /* Check the DMA peripheral handle parameter */
 496:Drivers/STM32G4xx_HAL_Driver/Src/stm32g4xx_hal_dma.c ****   if (hdma == NULL)
 497:Drivers/STM32G4xx_HAL_Driver/Src/stm32g4xx_hal_dma.c ****   {
 498:Drivers/STM32G4xx_HAL_Driver/Src/stm32g4xx_hal_dma.c ****     return HAL_ERROR;
 499:Drivers/STM32G4xx_HAL_Driver/Src/stm32g4xx_hal_dma.c ****   }
 500:Drivers/STM32G4xx_HAL_Driver/Src/stm32g4xx_hal_dma.c **** 
 501:Drivers/STM32G4xx_HAL_Driver/Src/stm32g4xx_hal_dma.c ****   if (hdma->State != HAL_DMA_STATE_BUSY)
 502:Drivers/STM32G4xx_HAL_Driver/Src/stm32g4xx_hal_dma.c ****   {
 503:Drivers/STM32G4xx_HAL_Driver/Src/stm32g4xx_hal_dma.c ****     /* no transfer ongoing */
 504:Drivers/STM32G4xx_HAL_Driver/Src/stm32g4xx_hal_dma.c ****     hdma->ErrorCode = HAL_DMA_ERROR_NO_XFER;
 505:Drivers/STM32G4xx_HAL_Driver/Src/stm32g4xx_hal_dma.c **** 
 506:Drivers/STM32G4xx_HAL_Driver/Src/stm32g4xx_hal_dma.c ****     status = HAL_ERROR;
 507:Drivers/STM32G4xx_HAL_Driver/Src/stm32g4xx_hal_dma.c ****   }
 508:Drivers/STM32G4xx_HAL_Driver/Src/stm32g4xx_hal_dma.c ****   else
 509:Drivers/STM32G4xx_HAL_Driver/Src/stm32g4xx_hal_dma.c ****   {
 510:Drivers/STM32G4xx_HAL_Driver/Src/stm32g4xx_hal_dma.c ****     /* Disable the channel */
 511:Drivers/STM32G4xx_HAL_Driver/Src/stm32g4xx_hal_dma.c ****     __HAL_DMA_DISABLE(hdma);
 512:Drivers/STM32G4xx_HAL_Driver/Src/stm32g4xx_hal_dma.c **** 
 513:Drivers/STM32G4xx_HAL_Driver/Src/stm32g4xx_hal_dma.c ****     /* Disable DMA IT */
 514:Drivers/STM32G4xx_HAL_Driver/Src/stm32g4xx_hal_dma.c ****     __HAL_DMA_DISABLE_IT(hdma, (DMA_IT_TC | DMA_IT_HT | DMA_IT_TE));
 515:Drivers/STM32G4xx_HAL_Driver/Src/stm32g4xx_hal_dma.c **** 
 516:Drivers/STM32G4xx_HAL_Driver/Src/stm32g4xx_hal_dma.c ****     /* disable the DMAMUX sync overrun IT*/
 517:Drivers/STM32G4xx_HAL_Driver/Src/stm32g4xx_hal_dma.c ****     hdma->DMAmuxChannel->CCR &= ~DMAMUX_CxCR_SOIE;
 518:Drivers/STM32G4xx_HAL_Driver/Src/stm32g4xx_hal_dma.c **** 
 519:Drivers/STM32G4xx_HAL_Driver/Src/stm32g4xx_hal_dma.c ****     /* Clear all flags */
 520:Drivers/STM32G4xx_HAL_Driver/Src/stm32g4xx_hal_dma.c ****     hdma->DmaBaseAddress->IFCR = (DMA_ISR_GIF1 << (hdma->ChannelIndex & 0x1FU));
 521:Drivers/STM32G4xx_HAL_Driver/Src/stm32g4xx_hal_dma.c **** 
 522:Drivers/STM32G4xx_HAL_Driver/Src/stm32g4xx_hal_dma.c ****     /* Clear the DMAMUX synchro overrun flag */
 523:Drivers/STM32G4xx_HAL_Driver/Src/stm32g4xx_hal_dma.c ****     hdma->DMAmuxChannelStatus->CFR = hdma->DMAmuxChannelStatusMask;
 524:Drivers/STM32G4xx_HAL_Driver/Src/stm32g4xx_hal_dma.c **** 
 525:Drivers/STM32G4xx_HAL_Driver/Src/stm32g4xx_hal_dma.c ****     if (hdma->DMAmuxRequestGen != 0U)
 526:Drivers/STM32G4xx_HAL_Driver/Src/stm32g4xx_hal_dma.c ****     {
 527:Drivers/STM32G4xx_HAL_Driver/Src/stm32g4xx_hal_dma.c ****       /* if using DMAMUX request generator, disable the DMAMUX request generator overrun IT*/
 528:Drivers/STM32G4xx_HAL_Driver/Src/stm32g4xx_hal_dma.c ****       /* disable the request gen overrun IT*/
 529:Drivers/STM32G4xx_HAL_Driver/Src/stm32g4xx_hal_dma.c ****       hdma->DMAmuxRequestGen->RGCR &= ~DMAMUX_RGxCR_OIE;
 530:Drivers/STM32G4xx_HAL_Driver/Src/stm32g4xx_hal_dma.c **** 
 531:Drivers/STM32G4xx_HAL_Driver/Src/stm32g4xx_hal_dma.c ****       /* Clear the DMAMUX request generator overrun flag */
 532:Drivers/STM32G4xx_HAL_Driver/Src/stm32g4xx_hal_dma.c ****       hdma->DMAmuxRequestGenStatus->RGCFR = hdma->DMAmuxRequestGenStatusMask;
 533:Drivers/STM32G4xx_HAL_Driver/Src/stm32g4xx_hal_dma.c ****     }
 534:Drivers/STM32G4xx_HAL_Driver/Src/stm32g4xx_hal_dma.c ****   }
 535:Drivers/STM32G4xx_HAL_Driver/Src/stm32g4xx_hal_dma.c ****   /* Change the DMA state */
 536:Drivers/STM32G4xx_HAL_Driver/Src/stm32g4xx_hal_dma.c ****   hdma->State = HAL_DMA_STATE_READY;
 537:Drivers/STM32G4xx_HAL_Driver/Src/stm32g4xx_hal_dma.c **** 
 538:Drivers/STM32G4xx_HAL_Driver/Src/stm32g4xx_hal_dma.c ****   /* Process Unlocked */
 539:Drivers/STM32G4xx_HAL_Driver/Src/stm32g4xx_hal_dma.c ****   __HAL_UNLOCK(hdma);
 540:Drivers/STM32G4xx_HAL_Driver/Src/stm32g4xx_hal_dma.c **** 
 541:Drivers/STM32G4xx_HAL_Driver/Src/stm32g4xx_hal_dma.c ****   return status;
 542:Drivers/STM32G4xx_HAL_Driver/Src/stm32g4xx_hal_dma.c **** }
 543:Drivers/STM32G4xx_HAL_Driver/Src/stm32g4xx_hal_dma.c **** 
ARM GAS  /tmp/ccdtMzc4.s 			page 11


 544:Drivers/STM32G4xx_HAL_Driver/Src/stm32g4xx_hal_dma.c **** /**
 545:Drivers/STM32G4xx_HAL_Driver/Src/stm32g4xx_hal_dma.c ****   * @brief  Aborts the DMA Transfer in Interrupt mode.
 546:Drivers/STM32G4xx_HAL_Driver/Src/stm32g4xx_hal_dma.c ****   * @param  hdma pointer to a DMA_HandleTypeDef structure that contains
 547:Drivers/STM32G4xx_HAL_Driver/Src/stm32g4xx_hal_dma.c ****   *              the configuration information for the specified DMA Channel.
 548:Drivers/STM32G4xx_HAL_Driver/Src/stm32g4xx_hal_dma.c ****   * @retval HAL status
 549:Drivers/STM32G4xx_HAL_Driver/Src/stm32g4xx_hal_dma.c ****   */
 550:Drivers/STM32G4xx_HAL_Driver/Src/stm32g4xx_hal_dma.c **** HAL_StatusTypeDef HAL_DMA_Abort_IT(DMA_HandleTypeDef *hdma)
 551:Drivers/STM32G4xx_HAL_Driver/Src/stm32g4xx_hal_dma.c **** {
 552:Drivers/STM32G4xx_HAL_Driver/Src/stm32g4xx_hal_dma.c ****   HAL_StatusTypeDef status = HAL_OK;
 553:Drivers/STM32G4xx_HAL_Driver/Src/stm32g4xx_hal_dma.c **** 
 554:Drivers/STM32G4xx_HAL_Driver/Src/stm32g4xx_hal_dma.c ****   if (HAL_DMA_STATE_BUSY != hdma->State)
 555:Drivers/STM32G4xx_HAL_Driver/Src/stm32g4xx_hal_dma.c ****   {
 556:Drivers/STM32G4xx_HAL_Driver/Src/stm32g4xx_hal_dma.c ****     /* no transfer ongoing */
 557:Drivers/STM32G4xx_HAL_Driver/Src/stm32g4xx_hal_dma.c ****     hdma->ErrorCode = HAL_DMA_ERROR_NO_XFER;
 558:Drivers/STM32G4xx_HAL_Driver/Src/stm32g4xx_hal_dma.c **** 
 559:Drivers/STM32G4xx_HAL_Driver/Src/stm32g4xx_hal_dma.c ****     /* Change the DMA state */
 560:Drivers/STM32G4xx_HAL_Driver/Src/stm32g4xx_hal_dma.c ****     hdma->State = HAL_DMA_STATE_READY;
 561:Drivers/STM32G4xx_HAL_Driver/Src/stm32g4xx_hal_dma.c **** 
 562:Drivers/STM32G4xx_HAL_Driver/Src/stm32g4xx_hal_dma.c ****     /* Process Unlocked */
 563:Drivers/STM32G4xx_HAL_Driver/Src/stm32g4xx_hal_dma.c ****     __HAL_UNLOCK(hdma);
 564:Drivers/STM32G4xx_HAL_Driver/Src/stm32g4xx_hal_dma.c **** 
 565:Drivers/STM32G4xx_HAL_Driver/Src/stm32g4xx_hal_dma.c ****     status = HAL_ERROR;
 566:Drivers/STM32G4xx_HAL_Driver/Src/stm32g4xx_hal_dma.c ****   }
 567:Drivers/STM32G4xx_HAL_Driver/Src/stm32g4xx_hal_dma.c ****   else
 568:Drivers/STM32G4xx_HAL_Driver/Src/stm32g4xx_hal_dma.c ****   {
 569:Drivers/STM32G4xx_HAL_Driver/Src/stm32g4xx_hal_dma.c **** 
 570:Drivers/STM32G4xx_HAL_Driver/Src/stm32g4xx_hal_dma.c ****     /* Disable the channel */
 571:Drivers/STM32G4xx_HAL_Driver/Src/stm32g4xx_hal_dma.c ****     __HAL_DMA_DISABLE(hdma);
 572:Drivers/STM32G4xx_HAL_Driver/Src/stm32g4xx_hal_dma.c **** 
 573:Drivers/STM32G4xx_HAL_Driver/Src/stm32g4xx_hal_dma.c ****     /* Disable DMA IT */
 574:Drivers/STM32G4xx_HAL_Driver/Src/stm32g4xx_hal_dma.c ****     __HAL_DMA_DISABLE_IT(hdma, (DMA_IT_TC | DMA_IT_HT | DMA_IT_TE));
 575:Drivers/STM32G4xx_HAL_Driver/Src/stm32g4xx_hal_dma.c **** 
 576:Drivers/STM32G4xx_HAL_Driver/Src/stm32g4xx_hal_dma.c ****     /* disable the DMAMUX sync overrun IT*/
 577:Drivers/STM32G4xx_HAL_Driver/Src/stm32g4xx_hal_dma.c ****     hdma->DMAmuxChannel->CCR &= ~DMAMUX_CxCR_SOIE;
 578:Drivers/STM32G4xx_HAL_Driver/Src/stm32g4xx_hal_dma.c **** 
 579:Drivers/STM32G4xx_HAL_Driver/Src/stm32g4xx_hal_dma.c ****     /* Clear all flags */
 580:Drivers/STM32G4xx_HAL_Driver/Src/stm32g4xx_hal_dma.c ****     hdma->DmaBaseAddress->IFCR = (DMA_ISR_GIF1 << (hdma->ChannelIndex & 0x1FU));
 581:Drivers/STM32G4xx_HAL_Driver/Src/stm32g4xx_hal_dma.c **** 
 582:Drivers/STM32G4xx_HAL_Driver/Src/stm32g4xx_hal_dma.c ****     /* Clear the DMAMUX synchro overrun flag */
 583:Drivers/STM32G4xx_HAL_Driver/Src/stm32g4xx_hal_dma.c ****     hdma->DMAmuxChannelStatus->CFR = hdma->DMAmuxChannelStatusMask;
 584:Drivers/STM32G4xx_HAL_Driver/Src/stm32g4xx_hal_dma.c **** 
 585:Drivers/STM32G4xx_HAL_Driver/Src/stm32g4xx_hal_dma.c ****     if (hdma->DMAmuxRequestGen != 0U)
 586:Drivers/STM32G4xx_HAL_Driver/Src/stm32g4xx_hal_dma.c ****     {
 587:Drivers/STM32G4xx_HAL_Driver/Src/stm32g4xx_hal_dma.c ****       /* if using DMAMUX request generator, disable the DMAMUX request generator overrun IT*/
 588:Drivers/STM32G4xx_HAL_Driver/Src/stm32g4xx_hal_dma.c ****       /* disable the request gen overrun IT*/
 589:Drivers/STM32G4xx_HAL_Driver/Src/stm32g4xx_hal_dma.c ****       hdma->DMAmuxRequestGen->RGCR &= ~DMAMUX_RGxCR_OIE;
 590:Drivers/STM32G4xx_HAL_Driver/Src/stm32g4xx_hal_dma.c **** 
 591:Drivers/STM32G4xx_HAL_Driver/Src/stm32g4xx_hal_dma.c ****       /* Clear the DMAMUX request generator overrun flag */
 592:Drivers/STM32G4xx_HAL_Driver/Src/stm32g4xx_hal_dma.c ****       hdma->DMAmuxRequestGenStatus->RGCFR = hdma->DMAmuxRequestGenStatusMask;
 593:Drivers/STM32G4xx_HAL_Driver/Src/stm32g4xx_hal_dma.c ****     }
 594:Drivers/STM32G4xx_HAL_Driver/Src/stm32g4xx_hal_dma.c **** 
 595:Drivers/STM32G4xx_HAL_Driver/Src/stm32g4xx_hal_dma.c ****     /* Change the DMA state */
 596:Drivers/STM32G4xx_HAL_Driver/Src/stm32g4xx_hal_dma.c ****     hdma->State = HAL_DMA_STATE_READY;
 597:Drivers/STM32G4xx_HAL_Driver/Src/stm32g4xx_hal_dma.c **** 
 598:Drivers/STM32G4xx_HAL_Driver/Src/stm32g4xx_hal_dma.c ****     /* Process Unlocked */
 599:Drivers/STM32G4xx_HAL_Driver/Src/stm32g4xx_hal_dma.c ****     __HAL_UNLOCK(hdma);
 600:Drivers/STM32G4xx_HAL_Driver/Src/stm32g4xx_hal_dma.c **** 
ARM GAS  /tmp/ccdtMzc4.s 			page 12


 601:Drivers/STM32G4xx_HAL_Driver/Src/stm32g4xx_hal_dma.c ****     /* Call User Abort callback */
 602:Drivers/STM32G4xx_HAL_Driver/Src/stm32g4xx_hal_dma.c ****     if (hdma->XferAbortCallback != NULL)
 603:Drivers/STM32G4xx_HAL_Driver/Src/stm32g4xx_hal_dma.c ****     {
 604:Drivers/STM32G4xx_HAL_Driver/Src/stm32g4xx_hal_dma.c ****       hdma->XferAbortCallback(hdma);
 605:Drivers/STM32G4xx_HAL_Driver/Src/stm32g4xx_hal_dma.c ****     }
 606:Drivers/STM32G4xx_HAL_Driver/Src/stm32g4xx_hal_dma.c ****   }
 607:Drivers/STM32G4xx_HAL_Driver/Src/stm32g4xx_hal_dma.c ****   return status;
 608:Drivers/STM32G4xx_HAL_Driver/Src/stm32g4xx_hal_dma.c **** }
 609:Drivers/STM32G4xx_HAL_Driver/Src/stm32g4xx_hal_dma.c **** 
 610:Drivers/STM32G4xx_HAL_Driver/Src/stm32g4xx_hal_dma.c **** /**
 611:Drivers/STM32G4xx_HAL_Driver/Src/stm32g4xx_hal_dma.c ****   * @brief  Polling for transfer complete.
 612:Drivers/STM32G4xx_HAL_Driver/Src/stm32g4xx_hal_dma.c ****   * @param  hdma pointer to a DMA_HandleTypeDef structure that contains
 613:Drivers/STM32G4xx_HAL_Driver/Src/stm32g4xx_hal_dma.c ****   *              the configuration information for the specified DMA Channel.
 614:Drivers/STM32G4xx_HAL_Driver/Src/stm32g4xx_hal_dma.c ****   * @param  CompleteLevel Specifies the DMA level complete.
 615:Drivers/STM32G4xx_HAL_Driver/Src/stm32g4xx_hal_dma.c ****   * @param  Timeout       Timeout duration.
 616:Drivers/STM32G4xx_HAL_Driver/Src/stm32g4xx_hal_dma.c ****   * @retval HAL status
 617:Drivers/STM32G4xx_HAL_Driver/Src/stm32g4xx_hal_dma.c ****   */
 618:Drivers/STM32G4xx_HAL_Driver/Src/stm32g4xx_hal_dma.c **** HAL_StatusTypeDef HAL_DMA_PollForTransfer(DMA_HandleTypeDef *hdma, HAL_DMA_LevelCompleteTypeDef Com
 619:Drivers/STM32G4xx_HAL_Driver/Src/stm32g4xx_hal_dma.c ****                                           uint32_t Timeout)
 620:Drivers/STM32G4xx_HAL_Driver/Src/stm32g4xx_hal_dma.c **** {
 621:Drivers/STM32G4xx_HAL_Driver/Src/stm32g4xx_hal_dma.c ****   uint32_t temp;
 622:Drivers/STM32G4xx_HAL_Driver/Src/stm32g4xx_hal_dma.c ****   uint32_t tickstart;
 623:Drivers/STM32G4xx_HAL_Driver/Src/stm32g4xx_hal_dma.c **** 
 624:Drivers/STM32G4xx_HAL_Driver/Src/stm32g4xx_hal_dma.c ****   if (HAL_DMA_STATE_BUSY != hdma->State)
 625:Drivers/STM32G4xx_HAL_Driver/Src/stm32g4xx_hal_dma.c ****   {
 626:Drivers/STM32G4xx_HAL_Driver/Src/stm32g4xx_hal_dma.c ****     /* no transfer ongoing */
 627:Drivers/STM32G4xx_HAL_Driver/Src/stm32g4xx_hal_dma.c ****     hdma->ErrorCode = HAL_DMA_ERROR_NO_XFER;
 628:Drivers/STM32G4xx_HAL_Driver/Src/stm32g4xx_hal_dma.c ****     __HAL_UNLOCK(hdma);
 629:Drivers/STM32G4xx_HAL_Driver/Src/stm32g4xx_hal_dma.c ****     return HAL_ERROR;
 630:Drivers/STM32G4xx_HAL_Driver/Src/stm32g4xx_hal_dma.c ****   }
 631:Drivers/STM32G4xx_HAL_Driver/Src/stm32g4xx_hal_dma.c **** 
 632:Drivers/STM32G4xx_HAL_Driver/Src/stm32g4xx_hal_dma.c ****   /* Polling mode not supported in circular mode */
 633:Drivers/STM32G4xx_HAL_Driver/Src/stm32g4xx_hal_dma.c ****   if (0U != (hdma->Instance->CCR & DMA_CCR_CIRC))
 634:Drivers/STM32G4xx_HAL_Driver/Src/stm32g4xx_hal_dma.c ****   {
 635:Drivers/STM32G4xx_HAL_Driver/Src/stm32g4xx_hal_dma.c ****     hdma->ErrorCode = HAL_DMA_ERROR_NOT_SUPPORTED;
 636:Drivers/STM32G4xx_HAL_Driver/Src/stm32g4xx_hal_dma.c ****     return HAL_ERROR;
 637:Drivers/STM32G4xx_HAL_Driver/Src/stm32g4xx_hal_dma.c ****   }
 638:Drivers/STM32G4xx_HAL_Driver/Src/stm32g4xx_hal_dma.c **** 
 639:Drivers/STM32G4xx_HAL_Driver/Src/stm32g4xx_hal_dma.c ****   /* Get the level transfer complete flag */
 640:Drivers/STM32G4xx_HAL_Driver/Src/stm32g4xx_hal_dma.c ****   if (HAL_DMA_FULL_TRANSFER == CompleteLevel)
 641:Drivers/STM32G4xx_HAL_Driver/Src/stm32g4xx_hal_dma.c ****   {
 642:Drivers/STM32G4xx_HAL_Driver/Src/stm32g4xx_hal_dma.c ****     /* Transfer Complete flag */
 643:Drivers/STM32G4xx_HAL_Driver/Src/stm32g4xx_hal_dma.c **** 
 644:Drivers/STM32G4xx_HAL_Driver/Src/stm32g4xx_hal_dma.c ****     temp = (uint32_t)DMA_FLAG_TC1 << (hdma->ChannelIndex & 0x1FU);
 645:Drivers/STM32G4xx_HAL_Driver/Src/stm32g4xx_hal_dma.c ****   }
 646:Drivers/STM32G4xx_HAL_Driver/Src/stm32g4xx_hal_dma.c ****   else
 647:Drivers/STM32G4xx_HAL_Driver/Src/stm32g4xx_hal_dma.c ****   {
 648:Drivers/STM32G4xx_HAL_Driver/Src/stm32g4xx_hal_dma.c ****     /* Half Transfer Complete flag */
 649:Drivers/STM32G4xx_HAL_Driver/Src/stm32g4xx_hal_dma.c ****     temp = (uint32_t)DMA_FLAG_HT1 << (hdma->ChannelIndex & 0x1FU);
 650:Drivers/STM32G4xx_HAL_Driver/Src/stm32g4xx_hal_dma.c ****   }
 651:Drivers/STM32G4xx_HAL_Driver/Src/stm32g4xx_hal_dma.c **** 
 652:Drivers/STM32G4xx_HAL_Driver/Src/stm32g4xx_hal_dma.c ****   /* Get tick */
 653:Drivers/STM32G4xx_HAL_Driver/Src/stm32g4xx_hal_dma.c ****   tickstart = HAL_GetTick();
 654:Drivers/STM32G4xx_HAL_Driver/Src/stm32g4xx_hal_dma.c **** 
 655:Drivers/STM32G4xx_HAL_Driver/Src/stm32g4xx_hal_dma.c ****   while (0U == (hdma->DmaBaseAddress->ISR & temp))
 656:Drivers/STM32G4xx_HAL_Driver/Src/stm32g4xx_hal_dma.c ****   {
 657:Drivers/STM32G4xx_HAL_Driver/Src/stm32g4xx_hal_dma.c ****     if ((0U != (hdma->DmaBaseAddress->ISR & ((uint32_t)DMA_FLAG_TE1 << (hdma->ChannelIndex & 0x1FU)
ARM GAS  /tmp/ccdtMzc4.s 			page 13


 658:Drivers/STM32G4xx_HAL_Driver/Src/stm32g4xx_hal_dma.c ****     {
 659:Drivers/STM32G4xx_HAL_Driver/Src/stm32g4xx_hal_dma.c ****       /* When a DMA transfer error occurs */
 660:Drivers/STM32G4xx_HAL_Driver/Src/stm32g4xx_hal_dma.c ****       /* A hardware clear of its EN bits is performed */
 661:Drivers/STM32G4xx_HAL_Driver/Src/stm32g4xx_hal_dma.c ****       /* Clear all flags */
 662:Drivers/STM32G4xx_HAL_Driver/Src/stm32g4xx_hal_dma.c ****       hdma->DmaBaseAddress->IFCR = ((uint32_t)DMA_ISR_GIF1 << (hdma->ChannelIndex & 0x1FU));
 663:Drivers/STM32G4xx_HAL_Driver/Src/stm32g4xx_hal_dma.c **** 
 664:Drivers/STM32G4xx_HAL_Driver/Src/stm32g4xx_hal_dma.c ****       /* Update error code */
 665:Drivers/STM32G4xx_HAL_Driver/Src/stm32g4xx_hal_dma.c ****       hdma->ErrorCode = HAL_DMA_ERROR_TE;
 666:Drivers/STM32G4xx_HAL_Driver/Src/stm32g4xx_hal_dma.c **** 
 667:Drivers/STM32G4xx_HAL_Driver/Src/stm32g4xx_hal_dma.c ****       /* Change the DMA state */
 668:Drivers/STM32G4xx_HAL_Driver/Src/stm32g4xx_hal_dma.c ****       hdma->State = HAL_DMA_STATE_READY;
 669:Drivers/STM32G4xx_HAL_Driver/Src/stm32g4xx_hal_dma.c **** 
 670:Drivers/STM32G4xx_HAL_Driver/Src/stm32g4xx_hal_dma.c ****       /* Process Unlocked */
 671:Drivers/STM32G4xx_HAL_Driver/Src/stm32g4xx_hal_dma.c ****       __HAL_UNLOCK(hdma);
 672:Drivers/STM32G4xx_HAL_Driver/Src/stm32g4xx_hal_dma.c **** 
 673:Drivers/STM32G4xx_HAL_Driver/Src/stm32g4xx_hal_dma.c ****       return HAL_ERROR;
 674:Drivers/STM32G4xx_HAL_Driver/Src/stm32g4xx_hal_dma.c ****     }
 675:Drivers/STM32G4xx_HAL_Driver/Src/stm32g4xx_hal_dma.c ****     /* Check for the Timeout */
 676:Drivers/STM32G4xx_HAL_Driver/Src/stm32g4xx_hal_dma.c ****     if (Timeout != HAL_MAX_DELAY)
 677:Drivers/STM32G4xx_HAL_Driver/Src/stm32g4xx_hal_dma.c ****     {
 678:Drivers/STM32G4xx_HAL_Driver/Src/stm32g4xx_hal_dma.c ****       if (((HAL_GetTick() - tickstart) > Timeout) || (Timeout == 0U))
 679:Drivers/STM32G4xx_HAL_Driver/Src/stm32g4xx_hal_dma.c ****       {
 680:Drivers/STM32G4xx_HAL_Driver/Src/stm32g4xx_hal_dma.c ****         /* Update error code */
 681:Drivers/STM32G4xx_HAL_Driver/Src/stm32g4xx_hal_dma.c ****         hdma->ErrorCode = HAL_DMA_ERROR_TIMEOUT;
 682:Drivers/STM32G4xx_HAL_Driver/Src/stm32g4xx_hal_dma.c **** 
 683:Drivers/STM32G4xx_HAL_Driver/Src/stm32g4xx_hal_dma.c ****         /* Change the DMA state */
 684:Drivers/STM32G4xx_HAL_Driver/Src/stm32g4xx_hal_dma.c ****         hdma->State = HAL_DMA_STATE_READY;
 685:Drivers/STM32G4xx_HAL_Driver/Src/stm32g4xx_hal_dma.c **** 
 686:Drivers/STM32G4xx_HAL_Driver/Src/stm32g4xx_hal_dma.c ****         /* Process Unlocked */
 687:Drivers/STM32G4xx_HAL_Driver/Src/stm32g4xx_hal_dma.c ****         __HAL_UNLOCK(hdma);
 688:Drivers/STM32G4xx_HAL_Driver/Src/stm32g4xx_hal_dma.c **** 
 689:Drivers/STM32G4xx_HAL_Driver/Src/stm32g4xx_hal_dma.c ****         return HAL_ERROR;
 690:Drivers/STM32G4xx_HAL_Driver/Src/stm32g4xx_hal_dma.c ****       }
 691:Drivers/STM32G4xx_HAL_Driver/Src/stm32g4xx_hal_dma.c ****     }
 692:Drivers/STM32G4xx_HAL_Driver/Src/stm32g4xx_hal_dma.c ****   }
 693:Drivers/STM32G4xx_HAL_Driver/Src/stm32g4xx_hal_dma.c **** 
 694:Drivers/STM32G4xx_HAL_Driver/Src/stm32g4xx_hal_dma.c ****   /*Check for DMAMUX Request generator (if used) overrun status */
 695:Drivers/STM32G4xx_HAL_Driver/Src/stm32g4xx_hal_dma.c ****   if (hdma->DMAmuxRequestGen != 0U)
 696:Drivers/STM32G4xx_HAL_Driver/Src/stm32g4xx_hal_dma.c ****   {
 697:Drivers/STM32G4xx_HAL_Driver/Src/stm32g4xx_hal_dma.c ****     /* if using DMAMUX request generator Check for DMAMUX request generator overrun */
 698:Drivers/STM32G4xx_HAL_Driver/Src/stm32g4xx_hal_dma.c ****     if ((hdma->DMAmuxRequestGenStatus->RGSR & hdma->DMAmuxRequestGenStatusMask) != 0U)
 699:Drivers/STM32G4xx_HAL_Driver/Src/stm32g4xx_hal_dma.c ****     {
 700:Drivers/STM32G4xx_HAL_Driver/Src/stm32g4xx_hal_dma.c ****       /* Disable the request gen overrun interrupt */
 701:Drivers/STM32G4xx_HAL_Driver/Src/stm32g4xx_hal_dma.c ****       hdma->DMAmuxRequestGen->RGCR |= DMAMUX_RGxCR_OIE;
 702:Drivers/STM32G4xx_HAL_Driver/Src/stm32g4xx_hal_dma.c **** 
 703:Drivers/STM32G4xx_HAL_Driver/Src/stm32g4xx_hal_dma.c ****       /* Clear the DMAMUX request generator overrun flag */
 704:Drivers/STM32G4xx_HAL_Driver/Src/stm32g4xx_hal_dma.c ****       hdma->DMAmuxRequestGenStatus->RGCFR = hdma->DMAmuxRequestGenStatusMask;
 705:Drivers/STM32G4xx_HAL_Driver/Src/stm32g4xx_hal_dma.c **** 
 706:Drivers/STM32G4xx_HAL_Driver/Src/stm32g4xx_hal_dma.c ****       /* Update error code */
 707:Drivers/STM32G4xx_HAL_Driver/Src/stm32g4xx_hal_dma.c ****       hdma->ErrorCode |= HAL_DMA_ERROR_REQGEN;
 708:Drivers/STM32G4xx_HAL_Driver/Src/stm32g4xx_hal_dma.c ****     }
 709:Drivers/STM32G4xx_HAL_Driver/Src/stm32g4xx_hal_dma.c ****   }
 710:Drivers/STM32G4xx_HAL_Driver/Src/stm32g4xx_hal_dma.c **** 
 711:Drivers/STM32G4xx_HAL_Driver/Src/stm32g4xx_hal_dma.c ****   /* Check for DMAMUX Synchronization overrun */
 712:Drivers/STM32G4xx_HAL_Driver/Src/stm32g4xx_hal_dma.c ****   if ((hdma->DMAmuxChannelStatus->CSR & hdma->DMAmuxChannelStatusMask) != 0U)
 713:Drivers/STM32G4xx_HAL_Driver/Src/stm32g4xx_hal_dma.c ****   {
 714:Drivers/STM32G4xx_HAL_Driver/Src/stm32g4xx_hal_dma.c ****     /* Clear the DMAMUX synchro overrun flag */
ARM GAS  /tmp/ccdtMzc4.s 			page 14


 715:Drivers/STM32G4xx_HAL_Driver/Src/stm32g4xx_hal_dma.c ****     hdma->DMAmuxChannelStatus->CFR = hdma->DMAmuxChannelStatusMask;
 716:Drivers/STM32G4xx_HAL_Driver/Src/stm32g4xx_hal_dma.c **** 
 717:Drivers/STM32G4xx_HAL_Driver/Src/stm32g4xx_hal_dma.c ****     /* Update error code */
 718:Drivers/STM32G4xx_HAL_Driver/Src/stm32g4xx_hal_dma.c ****     hdma->ErrorCode |= HAL_DMA_ERROR_SYNC;
 719:Drivers/STM32G4xx_HAL_Driver/Src/stm32g4xx_hal_dma.c ****   }
 720:Drivers/STM32G4xx_HAL_Driver/Src/stm32g4xx_hal_dma.c **** 
 721:Drivers/STM32G4xx_HAL_Driver/Src/stm32g4xx_hal_dma.c ****   if (HAL_DMA_FULL_TRANSFER == CompleteLevel)
 722:Drivers/STM32G4xx_HAL_Driver/Src/stm32g4xx_hal_dma.c ****   {
 723:Drivers/STM32G4xx_HAL_Driver/Src/stm32g4xx_hal_dma.c ****     /* Clear the transfer complete flag */
 724:Drivers/STM32G4xx_HAL_Driver/Src/stm32g4xx_hal_dma.c ****     hdma->DmaBaseAddress->IFCR = ((uint32_t)DMA_FLAG_TC1 << (hdma->ChannelIndex & 0x1FU));
 725:Drivers/STM32G4xx_HAL_Driver/Src/stm32g4xx_hal_dma.c **** 
 726:Drivers/STM32G4xx_HAL_Driver/Src/stm32g4xx_hal_dma.c ****     /* The selected Channelx EN bit is cleared (DMA is disabled and
 727:Drivers/STM32G4xx_HAL_Driver/Src/stm32g4xx_hal_dma.c ****     all transfers are complete) */
 728:Drivers/STM32G4xx_HAL_Driver/Src/stm32g4xx_hal_dma.c ****     hdma->State = HAL_DMA_STATE_READY;
 729:Drivers/STM32G4xx_HAL_Driver/Src/stm32g4xx_hal_dma.c ****   }
 730:Drivers/STM32G4xx_HAL_Driver/Src/stm32g4xx_hal_dma.c ****   else
 731:Drivers/STM32G4xx_HAL_Driver/Src/stm32g4xx_hal_dma.c ****   {
 732:Drivers/STM32G4xx_HAL_Driver/Src/stm32g4xx_hal_dma.c ****     /* Clear the half transfer complete flag */
 733:Drivers/STM32G4xx_HAL_Driver/Src/stm32g4xx_hal_dma.c ****     hdma->DmaBaseAddress->IFCR = ((uint32_t)DMA_FLAG_HT1 << (hdma->ChannelIndex & 0x1FU));
 734:Drivers/STM32G4xx_HAL_Driver/Src/stm32g4xx_hal_dma.c ****   }
 735:Drivers/STM32G4xx_HAL_Driver/Src/stm32g4xx_hal_dma.c **** 
 736:Drivers/STM32G4xx_HAL_Driver/Src/stm32g4xx_hal_dma.c ****   /* Process unlocked */
 737:Drivers/STM32G4xx_HAL_Driver/Src/stm32g4xx_hal_dma.c ****   __HAL_UNLOCK(hdma);
 738:Drivers/STM32G4xx_HAL_Driver/Src/stm32g4xx_hal_dma.c **** 
 739:Drivers/STM32G4xx_HAL_Driver/Src/stm32g4xx_hal_dma.c ****   return HAL_OK;
 740:Drivers/STM32G4xx_HAL_Driver/Src/stm32g4xx_hal_dma.c **** }
 741:Drivers/STM32G4xx_HAL_Driver/Src/stm32g4xx_hal_dma.c **** 
 742:Drivers/STM32G4xx_HAL_Driver/Src/stm32g4xx_hal_dma.c **** /**
 743:Drivers/STM32G4xx_HAL_Driver/Src/stm32g4xx_hal_dma.c ****   * @brief  Handle DMA interrupt request.
 744:Drivers/STM32G4xx_HAL_Driver/Src/stm32g4xx_hal_dma.c ****   * @param  hdma pointer to a DMA_HandleTypeDef structure that contains
 745:Drivers/STM32G4xx_HAL_Driver/Src/stm32g4xx_hal_dma.c ****   *               the configuration information for the specified DMA Channel.
 746:Drivers/STM32G4xx_HAL_Driver/Src/stm32g4xx_hal_dma.c ****   * @retval None
 747:Drivers/STM32G4xx_HAL_Driver/Src/stm32g4xx_hal_dma.c ****   */
 748:Drivers/STM32G4xx_HAL_Driver/Src/stm32g4xx_hal_dma.c **** void HAL_DMA_IRQHandler(DMA_HandleTypeDef *hdma)
 749:Drivers/STM32G4xx_HAL_Driver/Src/stm32g4xx_hal_dma.c **** {
 750:Drivers/STM32G4xx_HAL_Driver/Src/stm32g4xx_hal_dma.c ****   uint32_t flag_it = hdma->DmaBaseAddress->ISR;
 751:Drivers/STM32G4xx_HAL_Driver/Src/stm32g4xx_hal_dma.c ****   uint32_t source_it = hdma->Instance->CCR;
 752:Drivers/STM32G4xx_HAL_Driver/Src/stm32g4xx_hal_dma.c **** 
 753:Drivers/STM32G4xx_HAL_Driver/Src/stm32g4xx_hal_dma.c ****   /* Half Transfer Complete Interrupt management ******************************/
 754:Drivers/STM32G4xx_HAL_Driver/Src/stm32g4xx_hal_dma.c ****   if ((0U != (flag_it & ((uint32_t)DMA_FLAG_HT1 << (hdma->ChannelIndex & 0x1FU)))) && (0U != (sourc
 755:Drivers/STM32G4xx_HAL_Driver/Src/stm32g4xx_hal_dma.c ****   {
 756:Drivers/STM32G4xx_HAL_Driver/Src/stm32g4xx_hal_dma.c ****     /* Disable the half transfer interrupt if the DMA mode is not CIRCULAR */
 757:Drivers/STM32G4xx_HAL_Driver/Src/stm32g4xx_hal_dma.c ****     if ((hdma->Instance->CCR & DMA_CCR_CIRC) == 0U)
 758:Drivers/STM32G4xx_HAL_Driver/Src/stm32g4xx_hal_dma.c ****     {
 759:Drivers/STM32G4xx_HAL_Driver/Src/stm32g4xx_hal_dma.c ****       /* Disable the half transfer interrupt */
 760:Drivers/STM32G4xx_HAL_Driver/Src/stm32g4xx_hal_dma.c ****       __HAL_DMA_DISABLE_IT(hdma, DMA_IT_HT);
 761:Drivers/STM32G4xx_HAL_Driver/Src/stm32g4xx_hal_dma.c ****     }
 762:Drivers/STM32G4xx_HAL_Driver/Src/stm32g4xx_hal_dma.c ****     /* Clear the half transfer complete flag */
 763:Drivers/STM32G4xx_HAL_Driver/Src/stm32g4xx_hal_dma.c ****     hdma->DmaBaseAddress->IFCR = ((uint32_t)DMA_ISR_HTIF1 << (hdma->ChannelIndex & 0x1FU));
 764:Drivers/STM32G4xx_HAL_Driver/Src/stm32g4xx_hal_dma.c **** 
 765:Drivers/STM32G4xx_HAL_Driver/Src/stm32g4xx_hal_dma.c ****     /* DMA peripheral state is not updated in Half Transfer */
 766:Drivers/STM32G4xx_HAL_Driver/Src/stm32g4xx_hal_dma.c ****     /* but in Transfer Complete case */
 767:Drivers/STM32G4xx_HAL_Driver/Src/stm32g4xx_hal_dma.c **** 
 768:Drivers/STM32G4xx_HAL_Driver/Src/stm32g4xx_hal_dma.c ****     if (hdma->XferHalfCpltCallback != NULL)
 769:Drivers/STM32G4xx_HAL_Driver/Src/stm32g4xx_hal_dma.c ****     {
 770:Drivers/STM32G4xx_HAL_Driver/Src/stm32g4xx_hal_dma.c ****       /* Half transfer callback */
 771:Drivers/STM32G4xx_HAL_Driver/Src/stm32g4xx_hal_dma.c ****       hdma->XferHalfCpltCallback(hdma);
ARM GAS  /tmp/ccdtMzc4.s 			page 15


 772:Drivers/STM32G4xx_HAL_Driver/Src/stm32g4xx_hal_dma.c ****     }
 773:Drivers/STM32G4xx_HAL_Driver/Src/stm32g4xx_hal_dma.c ****   }
 774:Drivers/STM32G4xx_HAL_Driver/Src/stm32g4xx_hal_dma.c ****   /* Transfer Complete Interrupt management ***********************************/
 775:Drivers/STM32G4xx_HAL_Driver/Src/stm32g4xx_hal_dma.c ****   else if ((0U != (flag_it & ((uint32_t)DMA_FLAG_TC1 << (hdma->ChannelIndex & 0x1FU))))
 776:Drivers/STM32G4xx_HAL_Driver/Src/stm32g4xx_hal_dma.c ****            && (0U != (source_it & DMA_IT_TC)))
 777:Drivers/STM32G4xx_HAL_Driver/Src/stm32g4xx_hal_dma.c ****   {
 778:Drivers/STM32G4xx_HAL_Driver/Src/stm32g4xx_hal_dma.c ****     if ((hdma->Instance->CCR & DMA_CCR_CIRC) == 0U)
 779:Drivers/STM32G4xx_HAL_Driver/Src/stm32g4xx_hal_dma.c ****     {
 780:Drivers/STM32G4xx_HAL_Driver/Src/stm32g4xx_hal_dma.c ****       /* Disable the transfer complete and error interrupt */
 781:Drivers/STM32G4xx_HAL_Driver/Src/stm32g4xx_hal_dma.c ****       __HAL_DMA_DISABLE_IT(hdma, DMA_IT_TE | DMA_IT_TC);
 782:Drivers/STM32G4xx_HAL_Driver/Src/stm32g4xx_hal_dma.c **** 
 783:Drivers/STM32G4xx_HAL_Driver/Src/stm32g4xx_hal_dma.c ****       /* Change the DMA state */
 784:Drivers/STM32G4xx_HAL_Driver/Src/stm32g4xx_hal_dma.c ****       hdma->State = HAL_DMA_STATE_READY;
 785:Drivers/STM32G4xx_HAL_Driver/Src/stm32g4xx_hal_dma.c ****     }
 786:Drivers/STM32G4xx_HAL_Driver/Src/stm32g4xx_hal_dma.c ****     /* Clear the transfer complete flag */
 787:Drivers/STM32G4xx_HAL_Driver/Src/stm32g4xx_hal_dma.c ****     hdma->DmaBaseAddress->IFCR = ((uint32_t)DMA_ISR_TCIF1 << (hdma->ChannelIndex & 0x1FU));
 788:Drivers/STM32G4xx_HAL_Driver/Src/stm32g4xx_hal_dma.c **** 
 789:Drivers/STM32G4xx_HAL_Driver/Src/stm32g4xx_hal_dma.c ****     /* Process Unlocked */
 790:Drivers/STM32G4xx_HAL_Driver/Src/stm32g4xx_hal_dma.c ****     __HAL_UNLOCK(hdma);
 791:Drivers/STM32G4xx_HAL_Driver/Src/stm32g4xx_hal_dma.c **** 
 792:Drivers/STM32G4xx_HAL_Driver/Src/stm32g4xx_hal_dma.c ****     if (hdma->XferCpltCallback != NULL)
 793:Drivers/STM32G4xx_HAL_Driver/Src/stm32g4xx_hal_dma.c ****     {
 794:Drivers/STM32G4xx_HAL_Driver/Src/stm32g4xx_hal_dma.c ****       /* Transfer complete callback */
 795:Drivers/STM32G4xx_HAL_Driver/Src/stm32g4xx_hal_dma.c ****       hdma->XferCpltCallback(hdma);
 796:Drivers/STM32G4xx_HAL_Driver/Src/stm32g4xx_hal_dma.c ****     }
 797:Drivers/STM32G4xx_HAL_Driver/Src/stm32g4xx_hal_dma.c ****   }
 798:Drivers/STM32G4xx_HAL_Driver/Src/stm32g4xx_hal_dma.c ****   /* Transfer Error Interrupt management **************************************/
 799:Drivers/STM32G4xx_HAL_Driver/Src/stm32g4xx_hal_dma.c ****   else if ((0U != (flag_it & ((uint32_t)DMA_FLAG_TE1 << (hdma->ChannelIndex & 0x1FU))))
 800:Drivers/STM32G4xx_HAL_Driver/Src/stm32g4xx_hal_dma.c ****            && (0U != (source_it & DMA_IT_TE)))
 801:Drivers/STM32G4xx_HAL_Driver/Src/stm32g4xx_hal_dma.c ****   {
 802:Drivers/STM32G4xx_HAL_Driver/Src/stm32g4xx_hal_dma.c ****     /* When a DMA transfer error occurs */
 803:Drivers/STM32G4xx_HAL_Driver/Src/stm32g4xx_hal_dma.c ****     /* A hardware clear of its EN bits is performed */
 804:Drivers/STM32G4xx_HAL_Driver/Src/stm32g4xx_hal_dma.c ****     /* Disable ALL DMA IT */
 805:Drivers/STM32G4xx_HAL_Driver/Src/stm32g4xx_hal_dma.c ****     __HAL_DMA_DISABLE_IT(hdma, (DMA_IT_TC | DMA_IT_HT | DMA_IT_TE));
 806:Drivers/STM32G4xx_HAL_Driver/Src/stm32g4xx_hal_dma.c **** 
 807:Drivers/STM32G4xx_HAL_Driver/Src/stm32g4xx_hal_dma.c ****     /* Clear all flags */
 808:Drivers/STM32G4xx_HAL_Driver/Src/stm32g4xx_hal_dma.c ****     hdma->DmaBaseAddress->IFCR = ((uint32_t)DMA_ISR_GIF1 << (hdma->ChannelIndex & 0x1FU));
 809:Drivers/STM32G4xx_HAL_Driver/Src/stm32g4xx_hal_dma.c **** 
 810:Drivers/STM32G4xx_HAL_Driver/Src/stm32g4xx_hal_dma.c ****     /* Update error code */
 811:Drivers/STM32G4xx_HAL_Driver/Src/stm32g4xx_hal_dma.c ****     hdma->ErrorCode = HAL_DMA_ERROR_TE;
 812:Drivers/STM32G4xx_HAL_Driver/Src/stm32g4xx_hal_dma.c **** 
 813:Drivers/STM32G4xx_HAL_Driver/Src/stm32g4xx_hal_dma.c ****     /* Change the DMA state */
 814:Drivers/STM32G4xx_HAL_Driver/Src/stm32g4xx_hal_dma.c ****     hdma->State = HAL_DMA_STATE_READY;
 815:Drivers/STM32G4xx_HAL_Driver/Src/stm32g4xx_hal_dma.c **** 
 816:Drivers/STM32G4xx_HAL_Driver/Src/stm32g4xx_hal_dma.c ****     /* Process Unlocked */
 817:Drivers/STM32G4xx_HAL_Driver/Src/stm32g4xx_hal_dma.c ****     __HAL_UNLOCK(hdma);
 818:Drivers/STM32G4xx_HAL_Driver/Src/stm32g4xx_hal_dma.c **** 
 819:Drivers/STM32G4xx_HAL_Driver/Src/stm32g4xx_hal_dma.c ****     if (hdma->XferErrorCallback != NULL)
 820:Drivers/STM32G4xx_HAL_Driver/Src/stm32g4xx_hal_dma.c ****     {
 821:Drivers/STM32G4xx_HAL_Driver/Src/stm32g4xx_hal_dma.c ****       /* Transfer error callback */
 822:Drivers/STM32G4xx_HAL_Driver/Src/stm32g4xx_hal_dma.c ****       hdma->XferErrorCallback(hdma);
 823:Drivers/STM32G4xx_HAL_Driver/Src/stm32g4xx_hal_dma.c ****     }
 824:Drivers/STM32G4xx_HAL_Driver/Src/stm32g4xx_hal_dma.c ****   }
 825:Drivers/STM32G4xx_HAL_Driver/Src/stm32g4xx_hal_dma.c ****   else
 826:Drivers/STM32G4xx_HAL_Driver/Src/stm32g4xx_hal_dma.c ****   {
 827:Drivers/STM32G4xx_HAL_Driver/Src/stm32g4xx_hal_dma.c ****     /* Nothing To Do */
 828:Drivers/STM32G4xx_HAL_Driver/Src/stm32g4xx_hal_dma.c ****   }
ARM GAS  /tmp/ccdtMzc4.s 			page 16


 829:Drivers/STM32G4xx_HAL_Driver/Src/stm32g4xx_hal_dma.c ****   return;
 830:Drivers/STM32G4xx_HAL_Driver/Src/stm32g4xx_hal_dma.c **** }
 831:Drivers/STM32G4xx_HAL_Driver/Src/stm32g4xx_hal_dma.c **** 
 832:Drivers/STM32G4xx_HAL_Driver/Src/stm32g4xx_hal_dma.c **** /**
 833:Drivers/STM32G4xx_HAL_Driver/Src/stm32g4xx_hal_dma.c ****   * @brief  Register callbacks
 834:Drivers/STM32G4xx_HAL_Driver/Src/stm32g4xx_hal_dma.c ****   * @param  hdma                 pointer to a DMA_HandleTypeDef structure that contains
 835:Drivers/STM32G4xx_HAL_Driver/Src/stm32g4xx_hal_dma.c ****   *                               the configuration information for the specified DMA Channel.
 836:Drivers/STM32G4xx_HAL_Driver/Src/stm32g4xx_hal_dma.c ****   * @param  CallbackID           User Callback identifier
 837:Drivers/STM32G4xx_HAL_Driver/Src/stm32g4xx_hal_dma.c ****   *                               a HAL_DMA_CallbackIDTypeDef ENUM as parameter.
 838:Drivers/STM32G4xx_HAL_Driver/Src/stm32g4xx_hal_dma.c ****   * @param  pCallback            pointer to private callbacsk function which has pointer to
 839:Drivers/STM32G4xx_HAL_Driver/Src/stm32g4xx_hal_dma.c ****   *                               a DMA_HandleTypeDef structure as parameter.
 840:Drivers/STM32G4xx_HAL_Driver/Src/stm32g4xx_hal_dma.c ****   * @retval HAL status
 841:Drivers/STM32G4xx_HAL_Driver/Src/stm32g4xx_hal_dma.c ****   */
 842:Drivers/STM32G4xx_HAL_Driver/Src/stm32g4xx_hal_dma.c **** HAL_StatusTypeDef HAL_DMA_RegisterCallback(DMA_HandleTypeDef *hdma, HAL_DMA_CallbackIDTypeDef Callb
 843:Drivers/STM32G4xx_HAL_Driver/Src/stm32g4xx_hal_dma.c **** {
 844:Drivers/STM32G4xx_HAL_Driver/Src/stm32g4xx_hal_dma.c ****   HAL_StatusTypeDef status = HAL_OK;
 845:Drivers/STM32G4xx_HAL_Driver/Src/stm32g4xx_hal_dma.c **** 
 846:Drivers/STM32G4xx_HAL_Driver/Src/stm32g4xx_hal_dma.c ****   /* Process locked */
 847:Drivers/STM32G4xx_HAL_Driver/Src/stm32g4xx_hal_dma.c ****   __HAL_LOCK(hdma);
 848:Drivers/STM32G4xx_HAL_Driver/Src/stm32g4xx_hal_dma.c **** 
 849:Drivers/STM32G4xx_HAL_Driver/Src/stm32g4xx_hal_dma.c ****   if (HAL_DMA_STATE_READY == hdma->State)
 850:Drivers/STM32G4xx_HAL_Driver/Src/stm32g4xx_hal_dma.c ****   {
 851:Drivers/STM32G4xx_HAL_Driver/Src/stm32g4xx_hal_dma.c ****     switch (CallbackID)
 852:Drivers/STM32G4xx_HAL_Driver/Src/stm32g4xx_hal_dma.c ****     {
 853:Drivers/STM32G4xx_HAL_Driver/Src/stm32g4xx_hal_dma.c ****       case  HAL_DMA_XFER_CPLT_CB_ID:
 854:Drivers/STM32G4xx_HAL_Driver/Src/stm32g4xx_hal_dma.c ****         hdma->XferCpltCallback = pCallback;
 855:Drivers/STM32G4xx_HAL_Driver/Src/stm32g4xx_hal_dma.c ****         break;
 856:Drivers/STM32G4xx_HAL_Driver/Src/stm32g4xx_hal_dma.c **** 
 857:Drivers/STM32G4xx_HAL_Driver/Src/stm32g4xx_hal_dma.c ****       case  HAL_DMA_XFER_HALFCPLT_CB_ID:
 858:Drivers/STM32G4xx_HAL_Driver/Src/stm32g4xx_hal_dma.c ****         hdma->XferHalfCpltCallback = pCallback;
 859:Drivers/STM32G4xx_HAL_Driver/Src/stm32g4xx_hal_dma.c ****         break;
 860:Drivers/STM32G4xx_HAL_Driver/Src/stm32g4xx_hal_dma.c **** 
 861:Drivers/STM32G4xx_HAL_Driver/Src/stm32g4xx_hal_dma.c ****       case  HAL_DMA_XFER_ERROR_CB_ID:
 862:Drivers/STM32G4xx_HAL_Driver/Src/stm32g4xx_hal_dma.c ****         hdma->XferErrorCallback = pCallback;
 863:Drivers/STM32G4xx_HAL_Driver/Src/stm32g4xx_hal_dma.c ****         break;
 864:Drivers/STM32G4xx_HAL_Driver/Src/stm32g4xx_hal_dma.c **** 
 865:Drivers/STM32G4xx_HAL_Driver/Src/stm32g4xx_hal_dma.c ****       case  HAL_DMA_XFER_ABORT_CB_ID:
 866:Drivers/STM32G4xx_HAL_Driver/Src/stm32g4xx_hal_dma.c ****         hdma->XferAbortCallback = pCallback;
 867:Drivers/STM32G4xx_HAL_Driver/Src/stm32g4xx_hal_dma.c ****         break;
 868:Drivers/STM32G4xx_HAL_Driver/Src/stm32g4xx_hal_dma.c **** 
 869:Drivers/STM32G4xx_HAL_Driver/Src/stm32g4xx_hal_dma.c ****       default:
 870:Drivers/STM32G4xx_HAL_Driver/Src/stm32g4xx_hal_dma.c ****         status = HAL_ERROR;
 871:Drivers/STM32G4xx_HAL_Driver/Src/stm32g4xx_hal_dma.c ****         break;
 872:Drivers/STM32G4xx_HAL_Driver/Src/stm32g4xx_hal_dma.c ****     }
 873:Drivers/STM32G4xx_HAL_Driver/Src/stm32g4xx_hal_dma.c ****   }
 874:Drivers/STM32G4xx_HAL_Driver/Src/stm32g4xx_hal_dma.c ****   else
 875:Drivers/STM32G4xx_HAL_Driver/Src/stm32g4xx_hal_dma.c ****   {
 876:Drivers/STM32G4xx_HAL_Driver/Src/stm32g4xx_hal_dma.c ****     status = HAL_ERROR;
 877:Drivers/STM32G4xx_HAL_Driver/Src/stm32g4xx_hal_dma.c ****   }
 878:Drivers/STM32G4xx_HAL_Driver/Src/stm32g4xx_hal_dma.c **** 
 879:Drivers/STM32G4xx_HAL_Driver/Src/stm32g4xx_hal_dma.c ****   /* Release Lock */
 880:Drivers/STM32G4xx_HAL_Driver/Src/stm32g4xx_hal_dma.c ****   __HAL_UNLOCK(hdma);
 881:Drivers/STM32G4xx_HAL_Driver/Src/stm32g4xx_hal_dma.c **** 
 882:Drivers/STM32G4xx_HAL_Driver/Src/stm32g4xx_hal_dma.c ****   return status;
 883:Drivers/STM32G4xx_HAL_Driver/Src/stm32g4xx_hal_dma.c **** }
 884:Drivers/STM32G4xx_HAL_Driver/Src/stm32g4xx_hal_dma.c **** 
 885:Drivers/STM32G4xx_HAL_Driver/Src/stm32g4xx_hal_dma.c **** /**
ARM GAS  /tmp/ccdtMzc4.s 			page 17


 886:Drivers/STM32G4xx_HAL_Driver/Src/stm32g4xx_hal_dma.c ****   * @brief  UnRegister callbacks
 887:Drivers/STM32G4xx_HAL_Driver/Src/stm32g4xx_hal_dma.c ****   * @param  hdma                 pointer to a DMA_HandleTypeDef structure that contains
 888:Drivers/STM32G4xx_HAL_Driver/Src/stm32g4xx_hal_dma.c ****   *                               the configuration information for the specified DMA Channel.
 889:Drivers/STM32G4xx_HAL_Driver/Src/stm32g4xx_hal_dma.c ****   * @param  CallbackID           User Callback identifier
 890:Drivers/STM32G4xx_HAL_Driver/Src/stm32g4xx_hal_dma.c ****   *                               a HAL_DMA_CallbackIDTypeDef ENUM as parameter.
 891:Drivers/STM32G4xx_HAL_Driver/Src/stm32g4xx_hal_dma.c ****   * @retval HAL status
 892:Drivers/STM32G4xx_HAL_Driver/Src/stm32g4xx_hal_dma.c ****   */
 893:Drivers/STM32G4xx_HAL_Driver/Src/stm32g4xx_hal_dma.c **** HAL_StatusTypeDef HAL_DMA_UnRegisterCallback(DMA_HandleTypeDef *hdma, HAL_DMA_CallbackIDTypeDef Cal
 894:Drivers/STM32G4xx_HAL_Driver/Src/stm32g4xx_hal_dma.c **** {
 895:Drivers/STM32G4xx_HAL_Driver/Src/stm32g4xx_hal_dma.c ****   HAL_StatusTypeDef status = HAL_OK;
 896:Drivers/STM32G4xx_HAL_Driver/Src/stm32g4xx_hal_dma.c **** 
 897:Drivers/STM32G4xx_HAL_Driver/Src/stm32g4xx_hal_dma.c ****   /* Process locked */
 898:Drivers/STM32G4xx_HAL_Driver/Src/stm32g4xx_hal_dma.c ****   __HAL_LOCK(hdma);
 899:Drivers/STM32G4xx_HAL_Driver/Src/stm32g4xx_hal_dma.c **** 
 900:Drivers/STM32G4xx_HAL_Driver/Src/stm32g4xx_hal_dma.c ****   if (HAL_DMA_STATE_READY == hdma->State)
 901:Drivers/STM32G4xx_HAL_Driver/Src/stm32g4xx_hal_dma.c ****   {
 902:Drivers/STM32G4xx_HAL_Driver/Src/stm32g4xx_hal_dma.c ****     switch (CallbackID)
 903:Drivers/STM32G4xx_HAL_Driver/Src/stm32g4xx_hal_dma.c ****     {
 904:Drivers/STM32G4xx_HAL_Driver/Src/stm32g4xx_hal_dma.c ****       case  HAL_DMA_XFER_CPLT_CB_ID:
 905:Drivers/STM32G4xx_HAL_Driver/Src/stm32g4xx_hal_dma.c ****         hdma->XferCpltCallback = NULL;
 906:Drivers/STM32G4xx_HAL_Driver/Src/stm32g4xx_hal_dma.c ****         break;
 907:Drivers/STM32G4xx_HAL_Driver/Src/stm32g4xx_hal_dma.c **** 
 908:Drivers/STM32G4xx_HAL_Driver/Src/stm32g4xx_hal_dma.c ****       case  HAL_DMA_XFER_HALFCPLT_CB_ID:
 909:Drivers/STM32G4xx_HAL_Driver/Src/stm32g4xx_hal_dma.c ****         hdma->XferHalfCpltCallback = NULL;
 910:Drivers/STM32G4xx_HAL_Driver/Src/stm32g4xx_hal_dma.c ****         break;
 911:Drivers/STM32G4xx_HAL_Driver/Src/stm32g4xx_hal_dma.c **** 
 912:Drivers/STM32G4xx_HAL_Driver/Src/stm32g4xx_hal_dma.c ****       case  HAL_DMA_XFER_ERROR_CB_ID:
 913:Drivers/STM32G4xx_HAL_Driver/Src/stm32g4xx_hal_dma.c ****         hdma->XferErrorCallback = NULL;
 914:Drivers/STM32G4xx_HAL_Driver/Src/stm32g4xx_hal_dma.c ****         break;
 915:Drivers/STM32G4xx_HAL_Driver/Src/stm32g4xx_hal_dma.c **** 
 916:Drivers/STM32G4xx_HAL_Driver/Src/stm32g4xx_hal_dma.c ****       case  HAL_DMA_XFER_ABORT_CB_ID:
 917:Drivers/STM32G4xx_HAL_Driver/Src/stm32g4xx_hal_dma.c ****         hdma->XferAbortCallback = NULL;
 918:Drivers/STM32G4xx_HAL_Driver/Src/stm32g4xx_hal_dma.c ****         break;
 919:Drivers/STM32G4xx_HAL_Driver/Src/stm32g4xx_hal_dma.c **** 
 920:Drivers/STM32G4xx_HAL_Driver/Src/stm32g4xx_hal_dma.c ****       case   HAL_DMA_XFER_ALL_CB_ID:
 921:Drivers/STM32G4xx_HAL_Driver/Src/stm32g4xx_hal_dma.c ****         hdma->XferCpltCallback = NULL;
 922:Drivers/STM32G4xx_HAL_Driver/Src/stm32g4xx_hal_dma.c ****         hdma->XferHalfCpltCallback = NULL;
 923:Drivers/STM32G4xx_HAL_Driver/Src/stm32g4xx_hal_dma.c ****         hdma->XferErrorCallback = NULL;
 924:Drivers/STM32G4xx_HAL_Driver/Src/stm32g4xx_hal_dma.c ****         hdma->XferAbortCallback = NULL;
 925:Drivers/STM32G4xx_HAL_Driver/Src/stm32g4xx_hal_dma.c ****         break;
 926:Drivers/STM32G4xx_HAL_Driver/Src/stm32g4xx_hal_dma.c **** 
 927:Drivers/STM32G4xx_HAL_Driver/Src/stm32g4xx_hal_dma.c ****       default:
 928:Drivers/STM32G4xx_HAL_Driver/Src/stm32g4xx_hal_dma.c ****         status = HAL_ERROR;
 929:Drivers/STM32G4xx_HAL_Driver/Src/stm32g4xx_hal_dma.c ****         break;
 930:Drivers/STM32G4xx_HAL_Driver/Src/stm32g4xx_hal_dma.c ****     }
 931:Drivers/STM32G4xx_HAL_Driver/Src/stm32g4xx_hal_dma.c ****   }
 932:Drivers/STM32G4xx_HAL_Driver/Src/stm32g4xx_hal_dma.c ****   else
 933:Drivers/STM32G4xx_HAL_Driver/Src/stm32g4xx_hal_dma.c ****   {
 934:Drivers/STM32G4xx_HAL_Driver/Src/stm32g4xx_hal_dma.c ****     status = HAL_ERROR;
 935:Drivers/STM32G4xx_HAL_Driver/Src/stm32g4xx_hal_dma.c ****   }
 936:Drivers/STM32G4xx_HAL_Driver/Src/stm32g4xx_hal_dma.c **** 
 937:Drivers/STM32G4xx_HAL_Driver/Src/stm32g4xx_hal_dma.c ****   /* Release Lock */
 938:Drivers/STM32G4xx_HAL_Driver/Src/stm32g4xx_hal_dma.c ****   __HAL_UNLOCK(hdma);
 939:Drivers/STM32G4xx_HAL_Driver/Src/stm32g4xx_hal_dma.c **** 
 940:Drivers/STM32G4xx_HAL_Driver/Src/stm32g4xx_hal_dma.c ****   return status;
 941:Drivers/STM32G4xx_HAL_Driver/Src/stm32g4xx_hal_dma.c **** }
 942:Drivers/STM32G4xx_HAL_Driver/Src/stm32g4xx_hal_dma.c **** 
ARM GAS  /tmp/ccdtMzc4.s 			page 18


 943:Drivers/STM32G4xx_HAL_Driver/Src/stm32g4xx_hal_dma.c **** /**
 944:Drivers/STM32G4xx_HAL_Driver/Src/stm32g4xx_hal_dma.c ****   * @}
 945:Drivers/STM32G4xx_HAL_Driver/Src/stm32g4xx_hal_dma.c ****   */
 946:Drivers/STM32G4xx_HAL_Driver/Src/stm32g4xx_hal_dma.c **** 
 947:Drivers/STM32G4xx_HAL_Driver/Src/stm32g4xx_hal_dma.c **** 
 948:Drivers/STM32G4xx_HAL_Driver/Src/stm32g4xx_hal_dma.c **** /** @defgroup DMA_Exported_Functions_Group3 Peripheral State and Errors functions
 949:Drivers/STM32G4xx_HAL_Driver/Src/stm32g4xx_hal_dma.c ****   *  @brief    Peripheral State and Errors functions
 950:Drivers/STM32G4xx_HAL_Driver/Src/stm32g4xx_hal_dma.c ****   *
 951:Drivers/STM32G4xx_HAL_Driver/Src/stm32g4xx_hal_dma.c **** @verbatim
 952:Drivers/STM32G4xx_HAL_Driver/Src/stm32g4xx_hal_dma.c ****  ===============================================================================
 953:Drivers/STM32G4xx_HAL_Driver/Src/stm32g4xx_hal_dma.c ****             ##### Peripheral State and Errors functions #####
 954:Drivers/STM32G4xx_HAL_Driver/Src/stm32g4xx_hal_dma.c ****  ===============================================================================
 955:Drivers/STM32G4xx_HAL_Driver/Src/stm32g4xx_hal_dma.c ****     [..]
 956:Drivers/STM32G4xx_HAL_Driver/Src/stm32g4xx_hal_dma.c ****     This subsection provides functions allowing to
 957:Drivers/STM32G4xx_HAL_Driver/Src/stm32g4xx_hal_dma.c ****       (+) Check the DMA state
 958:Drivers/STM32G4xx_HAL_Driver/Src/stm32g4xx_hal_dma.c ****       (+) Get error code
 959:Drivers/STM32G4xx_HAL_Driver/Src/stm32g4xx_hal_dma.c **** 
 960:Drivers/STM32G4xx_HAL_Driver/Src/stm32g4xx_hal_dma.c **** @endverbatim
 961:Drivers/STM32G4xx_HAL_Driver/Src/stm32g4xx_hal_dma.c ****   * @{
 962:Drivers/STM32G4xx_HAL_Driver/Src/stm32g4xx_hal_dma.c ****   */
 963:Drivers/STM32G4xx_HAL_Driver/Src/stm32g4xx_hal_dma.c **** 
 964:Drivers/STM32G4xx_HAL_Driver/Src/stm32g4xx_hal_dma.c **** /**
 965:Drivers/STM32G4xx_HAL_Driver/Src/stm32g4xx_hal_dma.c ****   * @brief  Return the DMA hande state.
 966:Drivers/STM32G4xx_HAL_Driver/Src/stm32g4xx_hal_dma.c ****   * @param  hdma pointer to a DMA_HandleTypeDef structure that contains
 967:Drivers/STM32G4xx_HAL_Driver/Src/stm32g4xx_hal_dma.c ****   *               the configuration information for the specified DMA Channel.
 968:Drivers/STM32G4xx_HAL_Driver/Src/stm32g4xx_hal_dma.c ****   * @retval HAL state
 969:Drivers/STM32G4xx_HAL_Driver/Src/stm32g4xx_hal_dma.c ****   */
 970:Drivers/STM32G4xx_HAL_Driver/Src/stm32g4xx_hal_dma.c **** HAL_DMA_StateTypeDef HAL_DMA_GetState(DMA_HandleTypeDef *hdma)
 971:Drivers/STM32G4xx_HAL_Driver/Src/stm32g4xx_hal_dma.c **** {
 972:Drivers/STM32G4xx_HAL_Driver/Src/stm32g4xx_hal_dma.c ****   /* Return DMA handle state */
 973:Drivers/STM32G4xx_HAL_Driver/Src/stm32g4xx_hal_dma.c ****   return hdma->State;
 974:Drivers/STM32G4xx_HAL_Driver/Src/stm32g4xx_hal_dma.c **** }
 975:Drivers/STM32G4xx_HAL_Driver/Src/stm32g4xx_hal_dma.c **** 
 976:Drivers/STM32G4xx_HAL_Driver/Src/stm32g4xx_hal_dma.c **** /**
 977:Drivers/STM32G4xx_HAL_Driver/Src/stm32g4xx_hal_dma.c ****   * @brief  Return the DMA error code.
 978:Drivers/STM32G4xx_HAL_Driver/Src/stm32g4xx_hal_dma.c ****   * @param  hdma : pointer to a DMA_HandleTypeDef structure that contains
 979:Drivers/STM32G4xx_HAL_Driver/Src/stm32g4xx_hal_dma.c ****   *              the configuration information for the specified DMA Channel.
 980:Drivers/STM32G4xx_HAL_Driver/Src/stm32g4xx_hal_dma.c ****   * @retval DMA Error Code
 981:Drivers/STM32G4xx_HAL_Driver/Src/stm32g4xx_hal_dma.c ****   */
 982:Drivers/STM32G4xx_HAL_Driver/Src/stm32g4xx_hal_dma.c **** uint32_t HAL_DMA_GetError(DMA_HandleTypeDef *hdma)
 983:Drivers/STM32G4xx_HAL_Driver/Src/stm32g4xx_hal_dma.c **** {
 984:Drivers/STM32G4xx_HAL_Driver/Src/stm32g4xx_hal_dma.c ****   return hdma->ErrorCode;
 985:Drivers/STM32G4xx_HAL_Driver/Src/stm32g4xx_hal_dma.c **** }
 986:Drivers/STM32G4xx_HAL_Driver/Src/stm32g4xx_hal_dma.c **** 
 987:Drivers/STM32G4xx_HAL_Driver/Src/stm32g4xx_hal_dma.c **** /**
 988:Drivers/STM32G4xx_HAL_Driver/Src/stm32g4xx_hal_dma.c ****   * @}
 989:Drivers/STM32G4xx_HAL_Driver/Src/stm32g4xx_hal_dma.c ****   */
 990:Drivers/STM32G4xx_HAL_Driver/Src/stm32g4xx_hal_dma.c **** 
 991:Drivers/STM32G4xx_HAL_Driver/Src/stm32g4xx_hal_dma.c **** /**
 992:Drivers/STM32G4xx_HAL_Driver/Src/stm32g4xx_hal_dma.c ****   * @}
 993:Drivers/STM32G4xx_HAL_Driver/Src/stm32g4xx_hal_dma.c ****   */
 994:Drivers/STM32G4xx_HAL_Driver/Src/stm32g4xx_hal_dma.c **** 
 995:Drivers/STM32G4xx_HAL_Driver/Src/stm32g4xx_hal_dma.c **** /** @addtogroup DMA_Private_Functions
 996:Drivers/STM32G4xx_HAL_Driver/Src/stm32g4xx_hal_dma.c ****   * @{
 997:Drivers/STM32G4xx_HAL_Driver/Src/stm32g4xx_hal_dma.c ****   */
 998:Drivers/STM32G4xx_HAL_Driver/Src/stm32g4xx_hal_dma.c **** 
 999:Drivers/STM32G4xx_HAL_Driver/Src/stm32g4xx_hal_dma.c **** /**
ARM GAS  /tmp/ccdtMzc4.s 			page 19


1000:Drivers/STM32G4xx_HAL_Driver/Src/stm32g4xx_hal_dma.c ****   * @brief  Sets the DMA Transfer parameter.
1001:Drivers/STM32G4xx_HAL_Driver/Src/stm32g4xx_hal_dma.c ****   * @param  hdma       pointer to a DMA_HandleTypeDef structure that contains
1002:Drivers/STM32G4xx_HAL_Driver/Src/stm32g4xx_hal_dma.c ****   *                     the configuration information for the specified DMA Channel.
1003:Drivers/STM32G4xx_HAL_Driver/Src/stm32g4xx_hal_dma.c ****   * @param  SrcAddress The source memory Buffer address
1004:Drivers/STM32G4xx_HAL_Driver/Src/stm32g4xx_hal_dma.c ****   * @param  DstAddress The destination memory Buffer address
1005:Drivers/STM32G4xx_HAL_Driver/Src/stm32g4xx_hal_dma.c ****   * @param  DataLength The length of data to be transferred from source to destination
1006:Drivers/STM32G4xx_HAL_Driver/Src/stm32g4xx_hal_dma.c ****   * @retval HAL status
1007:Drivers/STM32G4xx_HAL_Driver/Src/stm32g4xx_hal_dma.c ****   */
1008:Drivers/STM32G4xx_HAL_Driver/Src/stm32g4xx_hal_dma.c **** static void DMA_SetConfig(DMA_HandleTypeDef *hdma, uint32_t SrcAddress, uint32_t DstAddress, uint32
1009:Drivers/STM32G4xx_HAL_Driver/Src/stm32g4xx_hal_dma.c **** {
  29              		.loc 1 1009 1 view -0
  30              		.cfi_startproc
  31              		@ args = 0, pretend = 0, frame = 0
  32              		@ frame_needed = 0, uses_anonymous_args = 0
  33              		.loc 1 1009 1 is_stmt 0 view .LVU1
  34 0000 30B5     		push	{r4, r5, lr}
  35              		.cfi_def_cfa_offset 12
  36              		.cfi_offset 4, -12
  37              		.cfi_offset 5, -8
  38              		.cfi_offset 14, -4
1010:Drivers/STM32G4xx_HAL_Driver/Src/stm32g4xx_hal_dma.c ****   /* Clear the DMAMUX synchro overrun flag */
1011:Drivers/STM32G4xx_HAL_Driver/Src/stm32g4xx_hal_dma.c ****   hdma->DMAmuxChannelStatus->CFR = hdma->DMAmuxChannelStatusMask;
  39              		.loc 1 1011 3 is_stmt 1 view .LVU2
  40              		.loc 1 1011 34 is_stmt 0 view .LVU3
  41 0002 C46C     		ldr	r4, [r0, #76]
  42 0004 056D     		ldr	r5, [r0, #80]
  43 0006 6560     		str	r5, [r4, #4]
1012:Drivers/STM32G4xx_HAL_Driver/Src/stm32g4xx_hal_dma.c **** 
1013:Drivers/STM32G4xx_HAL_Driver/Src/stm32g4xx_hal_dma.c ****   if (hdma->DMAmuxRequestGen != 0U)
  44              		.loc 1 1013 3 is_stmt 1 view .LVU4
  45              		.loc 1 1013 6 is_stmt 0 view .LVU5
  46 0008 446D     		ldr	r4, [r0, #84]
  47 000a 14B1     		cbz	r4, .L2
1014:Drivers/STM32G4xx_HAL_Driver/Src/stm32g4xx_hal_dma.c ****   {
1015:Drivers/STM32G4xx_HAL_Driver/Src/stm32g4xx_hal_dma.c ****     /* Clear the DMAMUX request generator overrun flag */
1016:Drivers/STM32G4xx_HAL_Driver/Src/stm32g4xx_hal_dma.c ****     hdma->DMAmuxRequestGenStatus->RGCFR = hdma->DMAmuxRequestGenStatusMask;
  48              		.loc 1 1016 5 is_stmt 1 view .LVU6
  49              		.loc 1 1016 41 is_stmt 0 view .LVU7
  50 000c 846D     		ldr	r4, [r0, #88]
  51 000e C56D     		ldr	r5, [r0, #92]
  52 0010 6560     		str	r5, [r4, #4]
  53              	.L2:
1017:Drivers/STM32G4xx_HAL_Driver/Src/stm32g4xx_hal_dma.c ****   }
1018:Drivers/STM32G4xx_HAL_Driver/Src/stm32g4xx_hal_dma.c **** 
1019:Drivers/STM32G4xx_HAL_Driver/Src/stm32g4xx_hal_dma.c ****   /* Clear all flags */
1020:Drivers/STM32G4xx_HAL_Driver/Src/stm32g4xx_hal_dma.c ****   hdma->DmaBaseAddress->IFCR = (DMA_ISR_GIF1 << (hdma->ChannelIndex & 0x1FU));
  54              		.loc 1 1020 3 is_stmt 1 view .LVU8
  55              		.loc 1 1020 69 is_stmt 0 view .LVU9
  56 0012 446C     		ldr	r4, [r0, #68]
  57 0014 04F01F0E 		and	lr, r4, #31
  58              		.loc 1 1020 46 view .LVU10
  59 0018 4FF0010C 		mov	ip, #1
  60 001c 0CFA0EFC 		lsl	ip, ip, lr
  61              		.loc 1 1020 30 view .LVU11
  62 0020 046C     		ldr	r4, [r0, #64]
  63 0022 C4F804C0 		str	ip, [r4, #4]
1021:Drivers/STM32G4xx_HAL_Driver/Src/stm32g4xx_hal_dma.c **** 
ARM GAS  /tmp/ccdtMzc4.s 			page 20


1022:Drivers/STM32G4xx_HAL_Driver/Src/stm32g4xx_hal_dma.c ****   /* Configure DMA Channel data length */
1023:Drivers/STM32G4xx_HAL_Driver/Src/stm32g4xx_hal_dma.c ****   hdma->Instance->CNDTR = DataLength;
  64              		.loc 1 1023 3 is_stmt 1 view .LVU12
  65              		.loc 1 1023 25 is_stmt 0 view .LVU13
  66 0026 0468     		ldr	r4, [r0]
  67 0028 6360     		str	r3, [r4, #4]
1024:Drivers/STM32G4xx_HAL_Driver/Src/stm32g4xx_hal_dma.c **** 
1025:Drivers/STM32G4xx_HAL_Driver/Src/stm32g4xx_hal_dma.c ****   /* Memory to Peripheral */
1026:Drivers/STM32G4xx_HAL_Driver/Src/stm32g4xx_hal_dma.c ****   if ((hdma->Init.Direction) == DMA_MEMORY_TO_PERIPH)
  68              		.loc 1 1026 3 is_stmt 1 view .LVU14
  69              		.loc 1 1026 18 is_stmt 0 view .LVU15
  70 002a 8368     		ldr	r3, [r0, #8]
  71              	.LVL1:
  72              		.loc 1 1026 6 view .LVU16
  73 002c 102B     		cmp	r3, #16
  74 002e 04D0     		beq	.L6
1027:Drivers/STM32G4xx_HAL_Driver/Src/stm32g4xx_hal_dma.c ****   {
1028:Drivers/STM32G4xx_HAL_Driver/Src/stm32g4xx_hal_dma.c ****     /* Configure DMA Channel destination address */
1029:Drivers/STM32G4xx_HAL_Driver/Src/stm32g4xx_hal_dma.c ****     hdma->Instance->CPAR = DstAddress;
1030:Drivers/STM32G4xx_HAL_Driver/Src/stm32g4xx_hal_dma.c **** 
1031:Drivers/STM32G4xx_HAL_Driver/Src/stm32g4xx_hal_dma.c ****     /* Configure DMA Channel source address */
1032:Drivers/STM32G4xx_HAL_Driver/Src/stm32g4xx_hal_dma.c ****     hdma->Instance->CMAR = SrcAddress;
1033:Drivers/STM32G4xx_HAL_Driver/Src/stm32g4xx_hal_dma.c ****   }
1034:Drivers/STM32G4xx_HAL_Driver/Src/stm32g4xx_hal_dma.c ****   /* Peripheral to Memory */
1035:Drivers/STM32G4xx_HAL_Driver/Src/stm32g4xx_hal_dma.c ****   else
1036:Drivers/STM32G4xx_HAL_Driver/Src/stm32g4xx_hal_dma.c ****   {
1037:Drivers/STM32G4xx_HAL_Driver/Src/stm32g4xx_hal_dma.c ****     /* Configure DMA Channel source address */
1038:Drivers/STM32G4xx_HAL_Driver/Src/stm32g4xx_hal_dma.c ****     hdma->Instance->CPAR = SrcAddress;
  75              		.loc 1 1038 5 is_stmt 1 view .LVU17
  76              		.loc 1 1038 9 is_stmt 0 view .LVU18
  77 0030 0368     		ldr	r3, [r0]
  78              		.loc 1 1038 26 view .LVU19
  79 0032 9960     		str	r1, [r3, #8]
  80              	.LVL2:
1039:Drivers/STM32G4xx_HAL_Driver/Src/stm32g4xx_hal_dma.c **** 
1040:Drivers/STM32G4xx_HAL_Driver/Src/stm32g4xx_hal_dma.c ****     /* Configure DMA Channel destination address */
1041:Drivers/STM32G4xx_HAL_Driver/Src/stm32g4xx_hal_dma.c ****     hdma->Instance->CMAR = DstAddress;
  81              		.loc 1 1041 5 is_stmt 1 view .LVU20
  82              		.loc 1 1041 9 is_stmt 0 view .LVU21
  83 0034 0368     		ldr	r3, [r0]
  84              		.loc 1 1041 26 view .LVU22
  85 0036 DA60     		str	r2, [r3, #12]
  86              	.L1:
1042:Drivers/STM32G4xx_HAL_Driver/Src/stm32g4xx_hal_dma.c ****   }
1043:Drivers/STM32G4xx_HAL_Driver/Src/stm32g4xx_hal_dma.c **** }
  87              		.loc 1 1043 1 view .LVU23
  88 0038 30BD     		pop	{r4, r5, pc}
  89              	.LVL3:
  90              	.L6:
1029:Drivers/STM32G4xx_HAL_Driver/Src/stm32g4xx_hal_dma.c **** 
  91              		.loc 1 1029 5 is_stmt 1 view .LVU24
1029:Drivers/STM32G4xx_HAL_Driver/Src/stm32g4xx_hal_dma.c **** 
  92              		.loc 1 1029 9 is_stmt 0 view .LVU25
  93 003a 0368     		ldr	r3, [r0]
1029:Drivers/STM32G4xx_HAL_Driver/Src/stm32g4xx_hal_dma.c **** 
  94              		.loc 1 1029 26 view .LVU26
  95 003c 9A60     		str	r2, [r3, #8]
ARM GAS  /tmp/ccdtMzc4.s 			page 21


  96              	.LVL4:
1032:Drivers/STM32G4xx_HAL_Driver/Src/stm32g4xx_hal_dma.c ****   }
  97              		.loc 1 1032 5 is_stmt 1 view .LVU27
1032:Drivers/STM32G4xx_HAL_Driver/Src/stm32g4xx_hal_dma.c ****   }
  98              		.loc 1 1032 9 is_stmt 0 view .LVU28
  99 003e 0368     		ldr	r3, [r0]
1032:Drivers/STM32G4xx_HAL_Driver/Src/stm32g4xx_hal_dma.c ****   }
 100              		.loc 1 1032 26 view .LVU29
 101 0040 D960     		str	r1, [r3, #12]
 102 0042 F9E7     		b	.L1
 103              		.cfi_endproc
 104              	.LFE144:
 106              		.section	.text.DMA_CalcDMAMUXChannelBaseAndMask,"ax",%progbits
 107              		.align	1
 108              		.syntax unified
 109              		.thumb
 110              		.thumb_func
 112              	DMA_CalcDMAMUXChannelBaseAndMask:
 113              	.LVL5:
 114              	.LFB145:
1044:Drivers/STM32G4xx_HAL_Driver/Src/stm32g4xx_hal_dma.c **** 
1045:Drivers/STM32G4xx_HAL_Driver/Src/stm32g4xx_hal_dma.c **** /**
1046:Drivers/STM32G4xx_HAL_Driver/Src/stm32g4xx_hal_dma.c ****   * @brief  Updates the DMA handle with the DMAMUX  channel and status mask depending on stream num
1047:Drivers/STM32G4xx_HAL_Driver/Src/stm32g4xx_hal_dma.c ****   * @param  hdma        pointer to a DMA_HandleTypeDef structure that contains
1048:Drivers/STM32G4xx_HAL_Driver/Src/stm32g4xx_hal_dma.c ****   *                     the configuration information for the specified DMA Stream.
1049:Drivers/STM32G4xx_HAL_Driver/Src/stm32g4xx_hal_dma.c ****   * @retval None
1050:Drivers/STM32G4xx_HAL_Driver/Src/stm32g4xx_hal_dma.c ****   */
1051:Drivers/STM32G4xx_HAL_Driver/Src/stm32g4xx_hal_dma.c **** static void DMA_CalcDMAMUXChannelBaseAndMask(DMA_HandleTypeDef *hdma)
1052:Drivers/STM32G4xx_HAL_Driver/Src/stm32g4xx_hal_dma.c **** {
 115              		.loc 1 1052 1 is_stmt 1 view -0
 116              		.cfi_startproc
 117              		@ args = 0, pretend = 0, frame = 0
 118              		@ frame_needed = 0, uses_anonymous_args = 0
 119              		@ link register save eliminated.
1053:Drivers/STM32G4xx_HAL_Driver/Src/stm32g4xx_hal_dma.c ****   uint32_t dmamux_base_addr;
 120              		.loc 1 1053 3 view .LVU31
1054:Drivers/STM32G4xx_HAL_Driver/Src/stm32g4xx_hal_dma.c ****   uint32_t channel_number;
 121              		.loc 1 1054 3 view .LVU32
1055:Drivers/STM32G4xx_HAL_Driver/Src/stm32g4xx_hal_dma.c ****   DMAMUX_Channel_TypeDef *DMAMUX1_ChannelBase;
 122              		.loc 1 1055 3 view .LVU33
1056:Drivers/STM32G4xx_HAL_Driver/Src/stm32g4xx_hal_dma.c **** 
1057:Drivers/STM32G4xx_HAL_Driver/Src/stm32g4xx_hal_dma.c ****   /* check if instance is not outside the DMA channel range */
1058:Drivers/STM32G4xx_HAL_Driver/Src/stm32g4xx_hal_dma.c ****   if ((uint32_t)hdma->Instance < (uint32_t)DMA2_Channel1)
 123              		.loc 1 1058 3 view .LVU34
 124              		.loc 1 1058 21 is_stmt 0 view .LVU35
 125 0000 0368     		ldr	r3, [r0]
 126              		.loc 1 1058 6 view .LVU36
 127 0002 104A     		ldr	r2, .L10
 128 0004 9342     		cmp	r3, r2
 129 0006 14D8     		bhi	.L8
1059:Drivers/STM32G4xx_HAL_Driver/Src/stm32g4xx_hal_dma.c ****   {
1060:Drivers/STM32G4xx_HAL_Driver/Src/stm32g4xx_hal_dma.c ****     /* DMA1 */
1061:Drivers/STM32G4xx_HAL_Driver/Src/stm32g4xx_hal_dma.c ****     DMAMUX1_ChannelBase = DMAMUX1_Channel0;
 130              		.loc 1 1061 5 is_stmt 1 view .LVU37
 131              	.LVL6:
1062:Drivers/STM32G4xx_HAL_Driver/Src/stm32g4xx_hal_dma.c ****     channel_number = (((uint32_t)hdma->Instance & 0xFFU) - 8U) / 20U;
 132              		.loc 1 1062 5 view .LVU38
ARM GAS  /tmp/ccdtMzc4.s 			page 22


 133              		.loc 1 1062 49 is_stmt 0 view .LVU39
 134 0008 DBB2     		uxtb	r3, r3
 135              		.loc 1 1062 58 view .LVU40
 136 000a 083B     		subs	r3, r3, #8
 137              		.loc 1 1062 20 view .LVU41
 138 000c 0E4A     		ldr	r2, .L10+4
 139 000e A2FB0323 		umull	r2, r3, r2, r3
 140 0012 1B09     		lsrs	r3, r3, #4
 141              	.LVL7:
1061:Drivers/STM32G4xx_HAL_Driver/Src/stm32g4xx_hal_dma.c ****     channel_number = (((uint32_t)hdma->Instance & 0xFFU) - 8U) / 20U;
 142              		.loc 1 1061 25 view .LVU42
 143 0014 0D49     		ldr	r1, .L10+8
 144              	.LVL8:
 145              	.L9:
1063:Drivers/STM32G4xx_HAL_Driver/Src/stm32g4xx_hal_dma.c ****   }
1064:Drivers/STM32G4xx_HAL_Driver/Src/stm32g4xx_hal_dma.c ****   else
1065:Drivers/STM32G4xx_HAL_Driver/Src/stm32g4xx_hal_dma.c ****   {
1066:Drivers/STM32G4xx_HAL_Driver/Src/stm32g4xx_hal_dma.c ****     /* DMA2 */
1067:Drivers/STM32G4xx_HAL_Driver/Src/stm32g4xx_hal_dma.c **** #if defined (STM32G471xx) || defined (STM32G473xx) || defined (STM32G474xx) || defined (STM32G414xx
1068:Drivers/STM32G4xx_HAL_Driver/Src/stm32g4xx_hal_dma.c ****     DMAMUX1_ChannelBase = DMAMUX1_Channel8;
1069:Drivers/STM32G4xx_HAL_Driver/Src/stm32g4xx_hal_dma.c ****     channel_number = ((((uint32_t)hdma->Instance & 0xFFU) - 8U) / 20U) + 8U;
1070:Drivers/STM32G4xx_HAL_Driver/Src/stm32g4xx_hal_dma.c **** #elif defined (STM32G411xB) || defined (STM32G431xx) || defined (STM32G441xx) || defined (STM32GBK1
1071:Drivers/STM32G4xx_HAL_Driver/Src/stm32g4xx_hal_dma.c ****     DMAMUX1_ChannelBase = DMAMUX1_Channel6;
1072:Drivers/STM32G4xx_HAL_Driver/Src/stm32g4xx_hal_dma.c ****     channel_number = ((((uint32_t)hdma->Instance & 0xFFU) - 8U) / 20U) + 6U;
1073:Drivers/STM32G4xx_HAL_Driver/Src/stm32g4xx_hal_dma.c **** #else
1074:Drivers/STM32G4xx_HAL_Driver/Src/stm32g4xx_hal_dma.c ****     DMAMUX1_ChannelBase = DMAMUX1_Channel7;
1075:Drivers/STM32G4xx_HAL_Driver/Src/stm32g4xx_hal_dma.c ****     channel_number = ((((uint32_t)hdma->Instance & 0xFFU) - 8U) / 20U) + 7U;
1076:Drivers/STM32G4xx_HAL_Driver/Src/stm32g4xx_hal_dma.c **** #endif /* STM32G4x1xx) */
1077:Drivers/STM32G4xx_HAL_Driver/Src/stm32g4xx_hal_dma.c ****   }
1078:Drivers/STM32G4xx_HAL_Driver/Src/stm32g4xx_hal_dma.c **** 
1079:Drivers/STM32G4xx_HAL_Driver/Src/stm32g4xx_hal_dma.c ****   dmamux_base_addr = (uint32_t)DMAMUX1_ChannelBase;
 146              		.loc 1 1079 3 is_stmt 1 view .LVU43
1080:Drivers/STM32G4xx_HAL_Driver/Src/stm32g4xx_hal_dma.c ****   hdma->DMAmuxChannel = (DMAMUX_Channel_TypeDef *)(uint32_t)(dmamux_base_addr + ((hdma->ChannelInde
 147              		.loc 1 1080 3 view .LVU44
 148              		.loc 1 1080 87 is_stmt 0 view .LVU45
 149 0016 426C     		ldr	r2, [r0, #68]
 150              		.loc 1 1080 109 view .LVU46
 151 0018 22F00302 		bic	r2, r2, #3
 152              		.loc 1 1080 51 view .LVU47
 153 001c 0A44     		add	r2, r2, r1
 154              		.loc 1 1080 23 view .LVU48
 155 001e 8264     		str	r2, [r0, #72]
1081:Drivers/STM32G4xx_HAL_Driver/Src/stm32g4xx_hal_dma.c ****   hdma->DMAmuxChannelStatus = DMAMUX1_ChannelStatus;
 156              		.loc 1 1081 3 is_stmt 1 view .LVU49
 157              		.loc 1 1081 29 is_stmt 0 view .LVU50
 158 0020 0B4A     		ldr	r2, .L10+12
 159 0022 C264     		str	r2, [r0, #76]
1082:Drivers/STM32G4xx_HAL_Driver/Src/stm32g4xx_hal_dma.c ****   hdma->DMAmuxChannelStatusMask = 1UL << (channel_number & 0x1FU);
 160              		.loc 1 1082 3 is_stmt 1 view .LVU51
 161              		.loc 1 1082 58 is_stmt 0 view .LVU52
 162 0024 03F01F03 		and	r3, r3, #31
 163              	.LVL9:
 164              		.loc 1 1082 39 view .LVU53
 165 0028 0122     		movs	r2, #1
 166 002a 02FA03F3 		lsl	r3, r2, r3
 167              		.loc 1 1082 33 view .LVU54
 168 002e 0365     		str	r3, [r0, #80]
ARM GAS  /tmp/ccdtMzc4.s 			page 23


1083:Drivers/STM32G4xx_HAL_Driver/Src/stm32g4xx_hal_dma.c **** }
 169              		.loc 1 1083 1 view .LVU55
 170 0030 7047     		bx	lr
 171              	.LVL10:
 172              	.L8:
1071:Drivers/STM32G4xx_HAL_Driver/Src/stm32g4xx_hal_dma.c ****     channel_number = ((((uint32_t)hdma->Instance & 0xFFU) - 8U) / 20U) + 6U;
 173              		.loc 1 1071 5 is_stmt 1 view .LVU56
1072:Drivers/STM32G4xx_HAL_Driver/Src/stm32g4xx_hal_dma.c **** #else
 174              		.loc 1 1072 5 view .LVU57
1072:Drivers/STM32G4xx_HAL_Driver/Src/stm32g4xx_hal_dma.c **** #else
 175              		.loc 1 1072 50 is_stmt 0 view .LVU58
 176 0032 DBB2     		uxtb	r3, r3
1072:Drivers/STM32G4xx_HAL_Driver/Src/stm32g4xx_hal_dma.c **** #else
 177              		.loc 1 1072 59 view .LVU59
 178 0034 083B     		subs	r3, r3, #8
1072:Drivers/STM32G4xx_HAL_Driver/Src/stm32g4xx_hal_dma.c **** #else
 179              		.loc 1 1072 65 view .LVU60
 180 0036 044A     		ldr	r2, .L10+4
 181 0038 A2FB0323 		umull	r2, r3, r2, r3
 182 003c 1B09     		lsrs	r3, r3, #4
1072:Drivers/STM32G4xx_HAL_Driver/Src/stm32g4xx_hal_dma.c **** #else
 183              		.loc 1 1072 20 view .LVU61
 184 003e 0633     		adds	r3, r3, #6
 185              	.LVL11:
1071:Drivers/STM32G4xx_HAL_Driver/Src/stm32g4xx_hal_dma.c ****     channel_number = ((((uint32_t)hdma->Instance & 0xFFU) - 8U) / 20U) + 6U;
 186              		.loc 1 1071 25 view .LVU62
 187 0040 0449     		ldr	r1, .L10+16
 188 0042 E8E7     		b	.L9
 189              	.L11:
 190              		.align	2
 191              	.L10:
 192 0044 07040240 		.word	1073873927
 193 0048 CDCCCCCC 		.word	-858993459
 194 004c 00080240 		.word	1073874944
 195 0050 80080240 		.word	1073875072
 196 0054 20080240 		.word	1073874976
 197              		.cfi_endproc
 198              	.LFE145:
 200              		.section	.text.DMA_CalcDMAMUXRequestGenBaseAndMask,"ax",%progbits
 201              		.align	1
 202              		.syntax unified
 203              		.thumb
 204              		.thumb_func
 206              	DMA_CalcDMAMUXRequestGenBaseAndMask:
 207              	.LVL12:
 208              	.LFB146:
1084:Drivers/STM32G4xx_HAL_Driver/Src/stm32g4xx_hal_dma.c **** 
1085:Drivers/STM32G4xx_HAL_Driver/Src/stm32g4xx_hal_dma.c **** /**
1086:Drivers/STM32G4xx_HAL_Driver/Src/stm32g4xx_hal_dma.c ****   * @brief  Updates the DMA handle with the DMAMUX  request generator params
1087:Drivers/STM32G4xx_HAL_Driver/Src/stm32g4xx_hal_dma.c ****   * @param  hdma        pointer to a DMA_HandleTypeDef structure that contains
1088:Drivers/STM32G4xx_HAL_Driver/Src/stm32g4xx_hal_dma.c ****   *                     the configuration information for the specified DMA Channel.
1089:Drivers/STM32G4xx_HAL_Driver/Src/stm32g4xx_hal_dma.c ****   * @retval None
1090:Drivers/STM32G4xx_HAL_Driver/Src/stm32g4xx_hal_dma.c ****   */
1091:Drivers/STM32G4xx_HAL_Driver/Src/stm32g4xx_hal_dma.c **** 
1092:Drivers/STM32G4xx_HAL_Driver/Src/stm32g4xx_hal_dma.c **** static void DMA_CalcDMAMUXRequestGenBaseAndMask(DMA_HandleTypeDef *hdma)
1093:Drivers/STM32G4xx_HAL_Driver/Src/stm32g4xx_hal_dma.c **** {
 209              		.loc 1 1093 1 is_stmt 1 view -0
ARM GAS  /tmp/ccdtMzc4.s 			page 24


 210              		.cfi_startproc
 211              		@ args = 0, pretend = 0, frame = 0
 212              		@ frame_needed = 0, uses_anonymous_args = 0
 213              		@ link register save eliminated.
1094:Drivers/STM32G4xx_HAL_Driver/Src/stm32g4xx_hal_dma.c ****   uint32_t request =  hdma->Init.Request & DMAMUX_CxCR_DMAREQ_ID;
 214              		.loc 1 1094 3 view .LVU64
 215              		.loc 1 1094 33 is_stmt 0 view .LVU65
 216 0000 4368     		ldr	r3, [r0, #4]
 217              		.loc 1 1094 12 view .LVU66
 218 0002 03F07F03 		and	r3, r3, #127
 219              	.LVL13:
1095:Drivers/STM32G4xx_HAL_Driver/Src/stm32g4xx_hal_dma.c **** 
1096:Drivers/STM32G4xx_HAL_Driver/Src/stm32g4xx_hal_dma.c ****   /* DMA Channels are connected to DMAMUX1 request generator blocks*/
1097:Drivers/STM32G4xx_HAL_Driver/Src/stm32g4xx_hal_dma.c ****   hdma->DMAmuxRequestGen = (DMAMUX_RequestGen_TypeDef *)((uint32_t)(((uint32_t)DMAMUX1_RequestGener
 220              		.loc 1 1097 3 is_stmt 1 view .LVU67
 221              		.loc 1 1097 58 is_stmt 0 view .LVU68
 222 0006 074A     		ldr	r2, .L13
 223 0008 1A44     		add	r2, r2, r3
 224 000a 9200     		lsls	r2, r2, #2
 225              		.loc 1 1097 26 view .LVU69
 226 000c 4265     		str	r2, [r0, #84]
1098:Drivers/STM32G4xx_HAL_Driver/Src/stm32g4xx_hal_dma.c **** 
1099:Drivers/STM32G4xx_HAL_Driver/Src/stm32g4xx_hal_dma.c ****   hdma->DMAmuxRequestGenStatus = DMAMUX1_RequestGenStatus;
 227              		.loc 1 1099 3 is_stmt 1 view .LVU70
 228              		.loc 1 1099 32 is_stmt 0 view .LVU71
 229 000e 064A     		ldr	r2, .L13+4
 230 0010 8265     		str	r2, [r0, #88]
1100:Drivers/STM32G4xx_HAL_Driver/Src/stm32g4xx_hal_dma.c **** 
1101:Drivers/STM32G4xx_HAL_Driver/Src/stm32g4xx_hal_dma.c ****   hdma->DMAmuxRequestGenStatusMask = 1UL << ((request - 1U) & 0x1FU);
 231              		.loc 1 1101 3 is_stmt 1 view .LVU72
 232              		.loc 1 1101 55 is_stmt 0 view .LVU73
 233 0012 013B     		subs	r3, r3, #1
 234              	.LVL14:
 235              		.loc 1 1101 61 view .LVU74
 236 0014 03F01F03 		and	r3, r3, #31
 237              	.LVL15:
 238              		.loc 1 1101 42 view .LVU75
 239 0018 0122     		movs	r2, #1
 240 001a 02FA03F3 		lsl	r3, r2, r3
 241              		.loc 1 1101 36 view .LVU76
 242 001e C365     		str	r3, [r0, #92]
1102:Drivers/STM32G4xx_HAL_Driver/Src/stm32g4xx_hal_dma.c **** }
 243              		.loc 1 1102 1 view .LVU77
 244 0020 7047     		bx	lr
 245              	.L14:
 246 0022 00BF     		.align	2
 247              	.L13:
 248 0024 3F820010 		.word	268468799
 249 0028 40090240 		.word	1073875264
 250              		.cfi_endproc
 251              	.LFE146:
 253              		.section	.text.HAL_DMA_Init,"ax",%progbits
 254              		.align	1
 255              		.global	HAL_DMA_Init
 256              		.syntax unified
 257              		.thumb
 258              		.thumb_func
ARM GAS  /tmp/ccdtMzc4.s 			page 25


 260              	HAL_DMA_Init:
 261              	.LVL16:
 262              	.LFB132:
 153:Drivers/STM32G4xx_HAL_Driver/Src/stm32g4xx_hal_dma.c ****   uint32_t tmp;
 263              		.loc 1 153 1 is_stmt 1 view -0
 264              		.cfi_startproc
 265              		@ args = 0, pretend = 0, frame = 0
 266              		@ frame_needed = 0, uses_anonymous_args = 0
 154:Drivers/STM32G4xx_HAL_Driver/Src/stm32g4xx_hal_dma.c **** 
 267              		.loc 1 154 3 view .LVU79
 157:Drivers/STM32G4xx_HAL_Driver/Src/stm32g4xx_hal_dma.c ****   {
 268              		.loc 1 157 3 view .LVU80
 157:Drivers/STM32G4xx_HAL_Driver/Src/stm32g4xx_hal_dma.c ****   {
 269              		.loc 1 157 6 is_stmt 0 view .LVU81
 270 0000 0028     		cmp	r0, #0
 271 0002 5BD0     		beq	.L22
 153:Drivers/STM32G4xx_HAL_Driver/Src/stm32g4xx_hal_dma.c ****   uint32_t tmp;
 272              		.loc 1 153 1 view .LVU82
 273 0004 10B5     		push	{r4, lr}
 274              		.cfi_def_cfa_offset 8
 275              		.cfi_offset 4, -8
 276              		.cfi_offset 14, -4
 277 0006 0446     		mov	r4, r0
 163:Drivers/STM32G4xx_HAL_Driver/Src/stm32g4xx_hal_dma.c ****   assert_param(IS_DMA_DIRECTION(hdma->Init.Direction));
 278              		.loc 1 163 3 is_stmt 1 view .LVU83
 164:Drivers/STM32G4xx_HAL_Driver/Src/stm32g4xx_hal_dma.c ****   assert_param(IS_DMA_PERIPHERAL_INC_STATE(hdma->Init.PeriphInc));
 279              		.loc 1 164 3 view .LVU84
 165:Drivers/STM32G4xx_HAL_Driver/Src/stm32g4xx_hal_dma.c ****   assert_param(IS_DMA_MEMORY_INC_STATE(hdma->Init.MemInc));
 280              		.loc 1 165 3 view .LVU85
 166:Drivers/STM32G4xx_HAL_Driver/Src/stm32g4xx_hal_dma.c ****   assert_param(IS_DMA_PERIPHERAL_DATA_SIZE(hdma->Init.PeriphDataAlignment));
 281              		.loc 1 166 3 view .LVU86
 167:Drivers/STM32G4xx_HAL_Driver/Src/stm32g4xx_hal_dma.c ****   assert_param(IS_DMA_MEMORY_DATA_SIZE(hdma->Init.MemDataAlignment));
 282              		.loc 1 167 3 view .LVU87
 168:Drivers/STM32G4xx_HAL_Driver/Src/stm32g4xx_hal_dma.c ****   assert_param(IS_DMA_MODE(hdma->Init.Mode));
 283              		.loc 1 168 3 view .LVU88
 169:Drivers/STM32G4xx_HAL_Driver/Src/stm32g4xx_hal_dma.c ****   assert_param(IS_DMA_PRIORITY(hdma->Init.Priority));
 284              		.loc 1 169 3 view .LVU89
 170:Drivers/STM32G4xx_HAL_Driver/Src/stm32g4xx_hal_dma.c **** 
 285              		.loc 1 170 3 view .LVU90
 172:Drivers/STM32G4xx_HAL_Driver/Src/stm32g4xx_hal_dma.c **** 
 286              		.loc 1 172 3 view .LVU91
 175:Drivers/STM32G4xx_HAL_Driver/Src/stm32g4xx_hal_dma.c ****   {
 287              		.loc 1 175 3 view .LVU92
 175:Drivers/STM32G4xx_HAL_Driver/Src/stm32g4xx_hal_dma.c ****   {
 288              		.loc 1 175 22 is_stmt 0 view .LVU93
 289 0008 0268     		ldr	r2, [r0]
 175:Drivers/STM32G4xx_HAL_Driver/Src/stm32g4xx_hal_dma.c ****   {
 290              		.loc 1 175 6 view .LVU94
 291 000a 2D4B     		ldr	r3, .L29
 292 000c 9A42     		cmp	r2, r3
 293 000e 3DD8     		bhi	.L17
 178:Drivers/STM32G4xx_HAL_Driver/Src/stm32g4xx_hal_dma.c ****     hdma->DmaBaseAddress = DMA1;
 294              		.loc 1 178 5 is_stmt 1 view .LVU95
 178:Drivers/STM32G4xx_HAL_Driver/Src/stm32g4xx_hal_dma.c ****     hdma->DmaBaseAddress = DMA1;
 295              		.loc 1 178 53 is_stmt 0 view .LVU96
 296 0010 2C4B     		ldr	r3, .L29+4
 297 0012 1344     		add	r3, r3, r2
ARM GAS  /tmp/ccdtMzc4.s 			page 26


 178:Drivers/STM32G4xx_HAL_Driver/Src/stm32g4xx_hal_dma.c ****     hdma->DmaBaseAddress = DMA1;
 298              		.loc 1 178 80 view .LVU97
 299 0014 2C49     		ldr	r1, .L29+8
 300 0016 A1FB0313 		umull	r1, r3, r1, r3
 301 001a 1B09     		lsrs	r3, r3, #4
 178:Drivers/STM32G4xx_HAL_Driver/Src/stm32g4xx_hal_dma.c ****     hdma->DmaBaseAddress = DMA1;
 302              		.loc 1 178 135 view .LVU98
 303 001c 9B00     		lsls	r3, r3, #2
 178:Drivers/STM32G4xx_HAL_Driver/Src/stm32g4xx_hal_dma.c ****     hdma->DmaBaseAddress = DMA1;
 304              		.loc 1 178 24 view .LVU99
 305 001e 4364     		str	r3, [r0, #68]
 179:Drivers/STM32G4xx_HAL_Driver/Src/stm32g4xx_hal_dma.c ****   }
 306              		.loc 1 179 5 is_stmt 1 view .LVU100
 179:Drivers/STM32G4xx_HAL_Driver/Src/stm32g4xx_hal_dma.c ****   }
 307              		.loc 1 179 26 is_stmt 0 view .LVU101
 308 0020 2A4B     		ldr	r3, .L29+12
 309 0022 0364     		str	r3, [r0, #64]
 310              	.L18:
 189:Drivers/STM32G4xx_HAL_Driver/Src/stm32g4xx_hal_dma.c **** 
 311              		.loc 1 189 3 is_stmt 1 view .LVU102
 189:Drivers/STM32G4xx_HAL_Driver/Src/stm32g4xx_hal_dma.c **** 
 312              		.loc 1 189 15 is_stmt 0 view .LVU103
 313 0024 0223     		movs	r3, #2
 314 0026 84F82530 		strb	r3, [r4, #37]
 192:Drivers/STM32G4xx_HAL_Driver/Src/stm32g4xx_hal_dma.c **** 
 315              		.loc 1 192 3 is_stmt 1 view .LVU104
 192:Drivers/STM32G4xx_HAL_Driver/Src/stm32g4xx_hal_dma.c **** 
 316              		.loc 1 192 7 is_stmt 0 view .LVU105
 317 002a 1168     		ldr	r1, [r2]
 318              	.LVL17:
 195:Drivers/STM32G4xx_HAL_Driver/Src/stm32g4xx_hal_dma.c ****                       DMA_CCR_MINC  | DMA_CCR_PINC   | DMA_CCR_CIRC   |
 319              		.loc 1 195 3 is_stmt 1 view .LVU106
 195:Drivers/STM32G4xx_HAL_Driver/Src/stm32g4xx_hal_dma.c ****                       DMA_CCR_MINC  | DMA_CCR_PINC   | DMA_CCR_CIRC   |
 320              		.loc 1 195 7 is_stmt 0 view .LVU107
 321 002c 6FF30E11 		bfc	r1, #4, #11
 322              	.LVL18:
 200:Drivers/STM32G4xx_HAL_Driver/Src/stm32g4xx_hal_dma.c ****           hdma->Init.PeriphInc           | hdma->Init.MemInc           |
 323              		.loc 1 200 3 is_stmt 1 view .LVU108
 200:Drivers/STM32G4xx_HAL_Driver/Src/stm32g4xx_hal_dma.c ****           hdma->Init.PeriphInc           | hdma->Init.MemInc           |
 324              		.loc 1 200 21 is_stmt 0 view .LVU109
 325 0030 A368     		ldr	r3, [r4, #8]
 201:Drivers/STM32G4xx_HAL_Driver/Src/stm32g4xx_hal_dma.c ****           hdma->Init.PeriphDataAlignment | hdma->Init.MemDataAlignment |
 326              		.loc 1 201 21 view .LVU110
 327 0032 E068     		ldr	r0, [r4, #12]
 328              	.LVL19:
 200:Drivers/STM32G4xx_HAL_Driver/Src/stm32g4xx_hal_dma.c ****           hdma->Init.PeriphInc           | hdma->Init.MemInc           |
 329              		.loc 1 200 39 view .LVU111
 330 0034 0343     		orrs	r3, r3, r0
 201:Drivers/STM32G4xx_HAL_Driver/Src/stm32g4xx_hal_dma.c ****           hdma->Init.PeriphDataAlignment | hdma->Init.MemDataAlignment |
 331              		.loc 1 201 54 view .LVU112
 332 0036 2069     		ldr	r0, [r4, #16]
 201:Drivers/STM32G4xx_HAL_Driver/Src/stm32g4xx_hal_dma.c ****           hdma->Init.PeriphDataAlignment | hdma->Init.MemDataAlignment |
 333              		.loc 1 201 42 view .LVU113
 334 0038 0343     		orrs	r3, r3, r0
 202:Drivers/STM32G4xx_HAL_Driver/Src/stm32g4xx_hal_dma.c ****           hdma->Init.Mode                | hdma->Init.Priority;
 335              		.loc 1 202 21 view .LVU114
 336 003a 6069     		ldr	r0, [r4, #20]
ARM GAS  /tmp/ccdtMzc4.s 			page 27


 201:Drivers/STM32G4xx_HAL_Driver/Src/stm32g4xx_hal_dma.c ****           hdma->Init.PeriphDataAlignment | hdma->Init.MemDataAlignment |
 337              		.loc 1 201 72 view .LVU115
 338 003c 0343     		orrs	r3, r3, r0
 202:Drivers/STM32G4xx_HAL_Driver/Src/stm32g4xx_hal_dma.c ****           hdma->Init.Mode                | hdma->Init.Priority;
 339              		.loc 1 202 54 view .LVU116
 340 003e A069     		ldr	r0, [r4, #24]
 202:Drivers/STM32G4xx_HAL_Driver/Src/stm32g4xx_hal_dma.c ****           hdma->Init.Mode                | hdma->Init.Priority;
 341              		.loc 1 202 42 view .LVU117
 342 0040 0343     		orrs	r3, r3, r0
 203:Drivers/STM32G4xx_HAL_Driver/Src/stm32g4xx_hal_dma.c **** 
 343              		.loc 1 203 21 view .LVU118
 344 0042 E069     		ldr	r0, [r4, #28]
 202:Drivers/STM32G4xx_HAL_Driver/Src/stm32g4xx_hal_dma.c ****           hdma->Init.Mode                | hdma->Init.Priority;
 345              		.loc 1 202 72 view .LVU119
 346 0044 0343     		orrs	r3, r3, r0
 203:Drivers/STM32G4xx_HAL_Driver/Src/stm32g4xx_hal_dma.c **** 
 347              		.loc 1 203 54 view .LVU120
 348 0046 206A     		ldr	r0, [r4, #32]
 203:Drivers/STM32G4xx_HAL_Driver/Src/stm32g4xx_hal_dma.c **** 
 349              		.loc 1 203 42 view .LVU121
 350 0048 0343     		orrs	r3, r3, r0
 200:Drivers/STM32G4xx_HAL_Driver/Src/stm32g4xx_hal_dma.c ****           hdma->Init.PeriphInc           | hdma->Init.MemInc           |
 351              		.loc 1 200 7 view .LVU122
 352 004a 0B43     		orrs	r3, r3, r1
 353              	.LVL20:
 206:Drivers/STM32G4xx_HAL_Driver/Src/stm32g4xx_hal_dma.c **** 
 354              		.loc 1 206 3 is_stmt 1 view .LVU123
 206:Drivers/STM32G4xx_HAL_Driver/Src/stm32g4xx_hal_dma.c **** 
 355              		.loc 1 206 23 is_stmt 0 view .LVU124
 356 004c 1360     		str	r3, [r2]
 211:Drivers/STM32G4xx_HAL_Driver/Src/stm32g4xx_hal_dma.c **** 
 357              		.loc 1 211 3 is_stmt 1 view .LVU125
 358 004e 2046     		mov	r0, r4
 359 0050 FFF7FEFF 		bl	DMA_CalcDMAMUXChannelBaseAndMask
 360              	.LVL21:
 213:Drivers/STM32G4xx_HAL_Driver/Src/stm32g4xx_hal_dma.c ****   {
 361              		.loc 1 213 3 view .LVU126
 213:Drivers/STM32G4xx_HAL_Driver/Src/stm32g4xx_hal_dma.c ****   {
 362              		.loc 1 213 17 is_stmt 0 view .LVU127
 363 0054 A368     		ldr	r3, [r4, #8]
 213:Drivers/STM32G4xx_HAL_Driver/Src/stm32g4xx_hal_dma.c ****   {
 364              		.loc 1 213 6 view .LVU128
 365 0056 B3F5804F 		cmp	r3, #16384
 366 005a 22D0     		beq	.L27
 367              	.L19:
 220:Drivers/STM32G4xx_HAL_Driver/Src/stm32g4xx_hal_dma.c **** 
 368              		.loc 1 220 3 is_stmt 1 view .LVU129
 220:Drivers/STM32G4xx_HAL_Driver/Src/stm32g4xx_hal_dma.c **** 
 369              		.loc 1 220 41 is_stmt 0 view .LVU130
 370 005c 6368     		ldr	r3, [r4, #4]
 220:Drivers/STM32G4xx_HAL_Driver/Src/stm32g4xx_hal_dma.c **** 
 371              		.loc 1 220 7 view .LVU131
 372 005e A26C     		ldr	r2, [r4, #72]
 220:Drivers/STM32G4xx_HAL_Driver/Src/stm32g4xx_hal_dma.c **** 
 373              		.loc 1 220 50 view .LVU132
 374 0060 03F07F03 		and	r3, r3, #127
 220:Drivers/STM32G4xx_HAL_Driver/Src/stm32g4xx_hal_dma.c **** 
ARM GAS  /tmp/ccdtMzc4.s 			page 28


 375              		.loc 1 220 28 view .LVU133
 376 0064 1360     		str	r3, [r2]
 223:Drivers/STM32G4xx_HAL_Driver/Src/stm32g4xx_hal_dma.c **** 
 377              		.loc 1 223 3 is_stmt 1 view .LVU134
 223:Drivers/STM32G4xx_HAL_Driver/Src/stm32g4xx_hal_dma.c **** 
 378              		.loc 1 223 7 is_stmt 0 view .LVU135
 379 0066 E36C     		ldr	r3, [r4, #76]
 223:Drivers/STM32G4xx_HAL_Driver/Src/stm32g4xx_hal_dma.c **** 
 380              		.loc 1 223 40 view .LVU136
 381 0068 226D     		ldr	r2, [r4, #80]
 223:Drivers/STM32G4xx_HAL_Driver/Src/stm32g4xx_hal_dma.c **** 
 382              		.loc 1 223 34 view .LVU137
 383 006a 5A60     		str	r2, [r3, #4]
 225:Drivers/STM32G4xx_HAL_Driver/Src/stm32g4xx_hal_dma.c ****   {
 384              		.loc 1 225 3 is_stmt 1 view .LVU138
 225:Drivers/STM32G4xx_HAL_Driver/Src/stm32g4xx_hal_dma.c ****   {
 385              		.loc 1 225 19 is_stmt 0 view .LVU139
 386 006c 6368     		ldr	r3, [r4, #4]
 225:Drivers/STM32G4xx_HAL_Driver/Src/stm32g4xx_hal_dma.c ****   {
 387              		.loc 1 225 35 view .LVU140
 388 006e 013B     		subs	r3, r3, #1
 225:Drivers/STM32G4xx_HAL_Driver/Src/stm32g4xx_hal_dma.c ****   {
 389              		.loc 1 225 6 view .LVU141
 390 0070 032B     		cmp	r3, #3
 391 0072 19D9     		bls	.L28
 240:Drivers/STM32G4xx_HAL_Driver/Src/stm32g4xx_hal_dma.c ****     hdma->DMAmuxRequestGenStatus = 0U;
 392              		.loc 1 240 5 is_stmt 1 view .LVU142
 240:Drivers/STM32G4xx_HAL_Driver/Src/stm32g4xx_hal_dma.c ****     hdma->DMAmuxRequestGenStatus = 0U;
 393              		.loc 1 240 28 is_stmt 0 view .LVU143
 394 0074 0023     		movs	r3, #0
 395 0076 6365     		str	r3, [r4, #84]
 241:Drivers/STM32G4xx_HAL_Driver/Src/stm32g4xx_hal_dma.c ****     hdma->DMAmuxRequestGenStatusMask = 0U;
 396              		.loc 1 241 5 is_stmt 1 view .LVU144
 241:Drivers/STM32G4xx_HAL_Driver/Src/stm32g4xx_hal_dma.c ****     hdma->DMAmuxRequestGenStatusMask = 0U;
 397              		.loc 1 241 34 is_stmt 0 view .LVU145
 398 0078 A365     		str	r3, [r4, #88]
 242:Drivers/STM32G4xx_HAL_Driver/Src/stm32g4xx_hal_dma.c ****   }
 399              		.loc 1 242 5 is_stmt 1 view .LVU146
 242:Drivers/STM32G4xx_HAL_Driver/Src/stm32g4xx_hal_dma.c ****   }
 400              		.loc 1 242 38 is_stmt 0 view .LVU147
 401 007a E365     		str	r3, [r4, #92]
 402              	.L21:
 246:Drivers/STM32G4xx_HAL_Driver/Src/stm32g4xx_hal_dma.c **** 
 403              		.loc 1 246 3 is_stmt 1 view .LVU148
 246:Drivers/STM32G4xx_HAL_Driver/Src/stm32g4xx_hal_dma.c **** 
 404              		.loc 1 246 19 is_stmt 0 view .LVU149
 405 007c 0020     		movs	r0, #0
 406 007e E063     		str	r0, [r4, #60]
 249:Drivers/STM32G4xx_HAL_Driver/Src/stm32g4xx_hal_dma.c **** 
 407              		.loc 1 249 3 is_stmt 1 view .LVU150
 249:Drivers/STM32G4xx_HAL_Driver/Src/stm32g4xx_hal_dma.c **** 
 408              		.loc 1 249 16 is_stmt 0 view .LVU151
 409 0080 0123     		movs	r3, #1
 410 0082 84F82530 		strb	r3, [r4, #37]
 252:Drivers/STM32G4xx_HAL_Driver/Src/stm32g4xx_hal_dma.c **** 
 411              		.loc 1 252 3 is_stmt 1 view .LVU152
 252:Drivers/STM32G4xx_HAL_Driver/Src/stm32g4xx_hal_dma.c **** 
ARM GAS  /tmp/ccdtMzc4.s 			page 29


 412              		.loc 1 252 14 is_stmt 0 view .LVU153
 413 0086 84F82400 		strb	r0, [r4, #36]
 254:Drivers/STM32G4xx_HAL_Driver/Src/stm32g4xx_hal_dma.c **** }
 414              		.loc 1 254 3 is_stmt 1 view .LVU154
 255:Drivers/STM32G4xx_HAL_Driver/Src/stm32g4xx_hal_dma.c **** 
 415              		.loc 1 255 1 is_stmt 0 view .LVU155
 416 008a 10BD     		pop	{r4, pc}
 417              	.LVL22:
 418              	.L17:
 184:Drivers/STM32G4xx_HAL_Driver/Src/stm32g4xx_hal_dma.c ****     hdma->DmaBaseAddress = DMA2;
 419              		.loc 1 184 5 is_stmt 1 view .LVU156
 184:Drivers/STM32G4xx_HAL_Driver/Src/stm32g4xx_hal_dma.c ****     hdma->DmaBaseAddress = DMA2;
 420              		.loc 1 184 53 is_stmt 0 view .LVU157
 421 008c 104B     		ldr	r3, .L29+16
 422 008e 1344     		add	r3, r3, r2
 184:Drivers/STM32G4xx_HAL_Driver/Src/stm32g4xx_hal_dma.c ****     hdma->DmaBaseAddress = DMA2;
 423              		.loc 1 184 80 view .LVU158
 424 0090 0D49     		ldr	r1, .L29+8
 425 0092 A1FB0313 		umull	r1, r3, r1, r3
 426 0096 1B09     		lsrs	r3, r3, #4
 184:Drivers/STM32G4xx_HAL_Driver/Src/stm32g4xx_hal_dma.c ****     hdma->DmaBaseAddress = DMA2;
 427              		.loc 1 184 135 view .LVU159
 428 0098 9B00     		lsls	r3, r3, #2
 184:Drivers/STM32G4xx_HAL_Driver/Src/stm32g4xx_hal_dma.c ****     hdma->DmaBaseAddress = DMA2;
 429              		.loc 1 184 24 view .LVU160
 430 009a 4364     		str	r3, [r0, #68]
 185:Drivers/STM32G4xx_HAL_Driver/Src/stm32g4xx_hal_dma.c ****   }
 431              		.loc 1 185 5 is_stmt 1 view .LVU161
 185:Drivers/STM32G4xx_HAL_Driver/Src/stm32g4xx_hal_dma.c ****   }
 432              		.loc 1 185 26 is_stmt 0 view .LVU162
 433 009c 0D4B     		ldr	r3, .L29+20
 434 009e 0364     		str	r3, [r0, #64]
 435 00a0 C0E7     		b	.L18
 436              	.LVL23:
 437              	.L27:
 216:Drivers/STM32G4xx_HAL_Driver/Src/stm32g4xx_hal_dma.c ****   }
 438              		.loc 1 216 5 is_stmt 1 view .LVU163
 216:Drivers/STM32G4xx_HAL_Driver/Src/stm32g4xx_hal_dma.c ****   }
 439              		.loc 1 216 24 is_stmt 0 view .LVU164
 440 00a2 0023     		movs	r3, #0
 441 00a4 6360     		str	r3, [r4, #4]
 442 00a6 D9E7     		b	.L19
 443              	.L28:
 230:Drivers/STM32G4xx_HAL_Driver/Src/stm32g4xx_hal_dma.c **** 
 444              		.loc 1 230 5 is_stmt 1 view .LVU165
 445 00a8 2046     		mov	r0, r4
 446 00aa FFF7FEFF 		bl	DMA_CalcDMAMUXRequestGenBaseAndMask
 447              	.LVL24:
 233:Drivers/STM32G4xx_HAL_Driver/Src/stm32g4xx_hal_dma.c **** 
 448              		.loc 1 233 5 view .LVU166
 233:Drivers/STM32G4xx_HAL_Driver/Src/stm32g4xx_hal_dma.c **** 
 449              		.loc 1 233 9 is_stmt 0 view .LVU167
 450 00ae 636D     		ldr	r3, [r4, #84]
 233:Drivers/STM32G4xx_HAL_Driver/Src/stm32g4xx_hal_dma.c **** 
 451              		.loc 1 233 34 view .LVU168
 452 00b0 0022     		movs	r2, #0
 453 00b2 1A60     		str	r2, [r3]
ARM GAS  /tmp/ccdtMzc4.s 			page 30


 236:Drivers/STM32G4xx_HAL_Driver/Src/stm32g4xx_hal_dma.c ****   }
 454              		.loc 1 236 5 is_stmt 1 view .LVU169
 236:Drivers/STM32G4xx_HAL_Driver/Src/stm32g4xx_hal_dma.c ****   }
 455              		.loc 1 236 9 is_stmt 0 view .LVU170
 456 00b4 A36D     		ldr	r3, [r4, #88]
 236:Drivers/STM32G4xx_HAL_Driver/Src/stm32g4xx_hal_dma.c ****   }
 457              		.loc 1 236 47 view .LVU171
 458 00b6 E26D     		ldr	r2, [r4, #92]
 236:Drivers/STM32G4xx_HAL_Driver/Src/stm32g4xx_hal_dma.c ****   }
 459              		.loc 1 236 41 view .LVU172
 460 00b8 5A60     		str	r2, [r3, #4]
 461 00ba DFE7     		b	.L21
 462              	.LVL25:
 463              	.L22:
 464              		.cfi_def_cfa_offset 0
 465              		.cfi_restore 4
 466              		.cfi_restore 14
 159:Drivers/STM32G4xx_HAL_Driver/Src/stm32g4xx_hal_dma.c ****   }
 467              		.loc 1 159 12 view .LVU173
 468 00bc 0120     		movs	r0, #1
 469              	.LVL26:
 255:Drivers/STM32G4xx_HAL_Driver/Src/stm32g4xx_hal_dma.c **** 
 470              		.loc 1 255 1 view .LVU174
 471 00be 7047     		bx	lr
 472              	.L30:
 473              		.align	2
 474              	.L29:
 475 00c0 07040240 		.word	1073873927
 476 00c4 F8FFFDBF 		.word	-1073872904
 477 00c8 CDCCCCCC 		.word	-858993459
 478 00cc 00000240 		.word	1073872896
 479 00d0 F8FBFDBF 		.word	-1073873928
 480 00d4 00040240 		.word	1073873920
 481              		.cfi_endproc
 482              	.LFE132:
 484              		.section	.text.HAL_DMA_DeInit,"ax",%progbits
 485              		.align	1
 486              		.global	HAL_DMA_DeInit
 487              		.syntax unified
 488              		.thumb
 489              		.thumb_func
 491              	HAL_DMA_DeInit:
 492              	.LVL27:
 493              	.LFB133:
 264:Drivers/STM32G4xx_HAL_Driver/Src/stm32g4xx_hal_dma.c **** 
 494              		.loc 1 264 1 is_stmt 1 view -0
 495              		.cfi_startproc
 496              		@ args = 0, pretend = 0, frame = 0
 497              		@ frame_needed = 0, uses_anonymous_args = 0
 267:Drivers/STM32G4xx_HAL_Driver/Src/stm32g4xx_hal_dma.c ****   {
 498              		.loc 1 267 3 view .LVU176
 267:Drivers/STM32G4xx_HAL_Driver/Src/stm32g4xx_hal_dma.c ****   {
 499              		.loc 1 267 6 is_stmt 0 view .LVU177
 500 0000 0028     		cmp	r0, #0
 501 0002 4BD0     		beq	.L36
 264:Drivers/STM32G4xx_HAL_Driver/Src/stm32g4xx_hal_dma.c **** 
 502              		.loc 1 264 1 view .LVU178
ARM GAS  /tmp/ccdtMzc4.s 			page 31


 503 0004 38B5     		push	{r3, r4, r5, lr}
 504              		.cfi_def_cfa_offset 16
 505              		.cfi_offset 3, -16
 506              		.cfi_offset 4, -12
 507              		.cfi_offset 5, -8
 508              		.cfi_offset 14, -4
 509 0006 0446     		mov	r4, r0
 273:Drivers/STM32G4xx_HAL_Driver/Src/stm32g4xx_hal_dma.c **** 
 510              		.loc 1 273 3 is_stmt 1 view .LVU179
 276:Drivers/STM32G4xx_HAL_Driver/Src/stm32g4xx_hal_dma.c **** 
 511              		.loc 1 276 3 view .LVU180
 512 0008 0268     		ldr	r2, [r0]
 513 000a 1368     		ldr	r3, [r2]
 514 000c 23F00103 		bic	r3, r3, #1
 515 0010 1360     		str	r3, [r2]
 279:Drivers/STM32G4xx_HAL_Driver/Src/stm32g4xx_hal_dma.c ****   {
 516              		.loc 1 279 3 view .LVU181
 279:Drivers/STM32G4xx_HAL_Driver/Src/stm32g4xx_hal_dma.c ****   {
 517              		.loc 1 279 22 is_stmt 0 view .LVU182
 518 0012 0268     		ldr	r2, [r0]
 279:Drivers/STM32G4xx_HAL_Driver/Src/stm32g4xx_hal_dma.c ****   {
 519              		.loc 1 279 6 view .LVU183
 520 0014 224B     		ldr	r3, .L42
 521 0016 9A42     		cmp	r2, r3
 522 0018 2CD8     		bhi	.L33
 282:Drivers/STM32G4xx_HAL_Driver/Src/stm32g4xx_hal_dma.c ****     hdma->DmaBaseAddress = DMA1;
 523              		.loc 1 282 5 is_stmt 1 view .LVU184
 282:Drivers/STM32G4xx_HAL_Driver/Src/stm32g4xx_hal_dma.c ****     hdma->DmaBaseAddress = DMA1;
 524              		.loc 1 282 53 is_stmt 0 view .LVU185
 525 001a 224B     		ldr	r3, .L42+4
 526 001c 1344     		add	r3, r3, r2
 282:Drivers/STM32G4xx_HAL_Driver/Src/stm32g4xx_hal_dma.c ****     hdma->DmaBaseAddress = DMA1;
 527              		.loc 1 282 80 view .LVU186
 528 001e 2249     		ldr	r1, .L42+8
 529 0020 A1FB0313 		umull	r1, r3, r1, r3
 530 0024 1B09     		lsrs	r3, r3, #4
 282:Drivers/STM32G4xx_HAL_Driver/Src/stm32g4xx_hal_dma.c ****     hdma->DmaBaseAddress = DMA1;
 531              		.loc 1 282 135 view .LVU187
 532 0026 9B00     		lsls	r3, r3, #2
 282:Drivers/STM32G4xx_HAL_Driver/Src/stm32g4xx_hal_dma.c ****     hdma->DmaBaseAddress = DMA1;
 533              		.loc 1 282 24 view .LVU188
 534 0028 4364     		str	r3, [r0, #68]
 283:Drivers/STM32G4xx_HAL_Driver/Src/stm32g4xx_hal_dma.c ****   }
 535              		.loc 1 283 5 is_stmt 1 view .LVU189
 283:Drivers/STM32G4xx_HAL_Driver/Src/stm32g4xx_hal_dma.c ****   }
 536              		.loc 1 283 26 is_stmt 0 view .LVU190
 537 002a 204B     		ldr	r3, .L42+12
 538 002c 0364     		str	r3, [r0, #64]
 539              	.L34:
 293:Drivers/STM32G4xx_HAL_Driver/Src/stm32g4xx_hal_dma.c **** 
 540              		.loc 1 293 3 is_stmt 1 view .LVU191
 293:Drivers/STM32G4xx_HAL_Driver/Src/stm32g4xx_hal_dma.c **** 
 541              		.loc 1 293 24 is_stmt 0 view .LVU192
 542 002e 0025     		movs	r5, #0
 543 0030 1560     		str	r5, [r2]
 296:Drivers/STM32G4xx_HAL_Driver/Src/stm32g4xx_hal_dma.c **** 
 544              		.loc 1 296 3 is_stmt 1 view .LVU193
ARM GAS  /tmp/ccdtMzc4.s 			page 32


 296:Drivers/STM32G4xx_HAL_Driver/Src/stm32g4xx_hal_dma.c **** 
 545              		.loc 1 296 54 is_stmt 0 view .LVU194
 546 0032 636C     		ldr	r3, [r4, #68]
 296:Drivers/STM32G4xx_HAL_Driver/Src/stm32g4xx_hal_dma.c **** 
 547              		.loc 1 296 69 view .LVU195
 548 0034 03F01F02 		and	r2, r3, #31
 296:Drivers/STM32G4xx_HAL_Driver/Src/stm32g4xx_hal_dma.c **** 
 549              		.loc 1 296 7 view .LVU196
 550 0038 216C     		ldr	r1, [r4, #64]
 296:Drivers/STM32G4xx_HAL_Driver/Src/stm32g4xx_hal_dma.c **** 
 551              		.loc 1 296 46 view .LVU197
 552 003a 0123     		movs	r3, #1
 553 003c 9340     		lsls	r3, r3, r2
 296:Drivers/STM32G4xx_HAL_Driver/Src/stm32g4xx_hal_dma.c **** 
 554              		.loc 1 296 30 view .LVU198
 555 003e 4B60     		str	r3, [r1, #4]
 301:Drivers/STM32G4xx_HAL_Driver/Src/stm32g4xx_hal_dma.c **** 
 556              		.loc 1 301 3 is_stmt 1 view .LVU199
 557 0040 2046     		mov	r0, r4
 558              	.LVL28:
 301:Drivers/STM32G4xx_HAL_Driver/Src/stm32g4xx_hal_dma.c **** 
 559              		.loc 1 301 3 is_stmt 0 view .LVU200
 560 0042 FFF7FEFF 		bl	DMA_CalcDMAMUXChannelBaseAndMask
 561              	.LVL29:
 304:Drivers/STM32G4xx_HAL_Driver/Src/stm32g4xx_hal_dma.c **** 
 562              		.loc 1 304 3 is_stmt 1 view .LVU201
 304:Drivers/STM32G4xx_HAL_Driver/Src/stm32g4xx_hal_dma.c **** 
 563              		.loc 1 304 7 is_stmt 0 view .LVU202
 564 0046 A36C     		ldr	r3, [r4, #72]
 304:Drivers/STM32G4xx_HAL_Driver/Src/stm32g4xx_hal_dma.c **** 
 565              		.loc 1 304 28 view .LVU203
 566 0048 1D60     		str	r5, [r3]
 307:Drivers/STM32G4xx_HAL_Driver/Src/stm32g4xx_hal_dma.c **** 
 567              		.loc 1 307 3 is_stmt 1 view .LVU204
 307:Drivers/STM32G4xx_HAL_Driver/Src/stm32g4xx_hal_dma.c **** 
 568              		.loc 1 307 7 is_stmt 0 view .LVU205
 569 004a E36C     		ldr	r3, [r4, #76]
 307:Drivers/STM32G4xx_HAL_Driver/Src/stm32g4xx_hal_dma.c **** 
 570              		.loc 1 307 40 view .LVU206
 571 004c 226D     		ldr	r2, [r4, #80]
 307:Drivers/STM32G4xx_HAL_Driver/Src/stm32g4xx_hal_dma.c **** 
 572              		.loc 1 307 34 view .LVU207
 573 004e 5A60     		str	r2, [r3, #4]
 310:Drivers/STM32G4xx_HAL_Driver/Src/stm32g4xx_hal_dma.c ****   {
 574              		.loc 1 310 3 is_stmt 1 view .LVU208
 310:Drivers/STM32G4xx_HAL_Driver/Src/stm32g4xx_hal_dma.c ****   {
 575              		.loc 1 310 19 is_stmt 0 view .LVU209
 576 0050 6368     		ldr	r3, [r4, #4]
 310:Drivers/STM32G4xx_HAL_Driver/Src/stm32g4xx_hal_dma.c ****   {
 577              		.loc 1 310 35 view .LVU210
 578 0052 013B     		subs	r3, r3, #1
 310:Drivers/STM32G4xx_HAL_Driver/Src/stm32g4xx_hal_dma.c ****   {
 579              		.loc 1 310 6 view .LVU211
 580 0054 032B     		cmp	r3, #3
 581 0056 18D9     		bls	.L41
 582              	.L35:
 324:Drivers/STM32G4xx_HAL_Driver/Src/stm32g4xx_hal_dma.c ****   hdma->DMAmuxRequestGenStatus = 0U;
ARM GAS  /tmp/ccdtMzc4.s 			page 33


 583              		.loc 1 324 3 is_stmt 1 view .LVU212
 324:Drivers/STM32G4xx_HAL_Driver/Src/stm32g4xx_hal_dma.c ****   hdma->DMAmuxRequestGenStatus = 0U;
 584              		.loc 1 324 26 is_stmt 0 view .LVU213
 585 0058 0020     		movs	r0, #0
 586 005a 6065     		str	r0, [r4, #84]
 325:Drivers/STM32G4xx_HAL_Driver/Src/stm32g4xx_hal_dma.c ****   hdma->DMAmuxRequestGenStatusMask = 0U;
 587              		.loc 1 325 3 is_stmt 1 view .LVU214
 325:Drivers/STM32G4xx_HAL_Driver/Src/stm32g4xx_hal_dma.c ****   hdma->DMAmuxRequestGenStatusMask = 0U;
 588              		.loc 1 325 32 is_stmt 0 view .LVU215
 589 005c A065     		str	r0, [r4, #88]
 326:Drivers/STM32G4xx_HAL_Driver/Src/stm32g4xx_hal_dma.c **** 
 590              		.loc 1 326 3 is_stmt 1 view .LVU216
 326:Drivers/STM32G4xx_HAL_Driver/Src/stm32g4xx_hal_dma.c **** 
 591              		.loc 1 326 36 is_stmt 0 view .LVU217
 592 005e E065     		str	r0, [r4, #92]
 329:Drivers/STM32G4xx_HAL_Driver/Src/stm32g4xx_hal_dma.c ****   hdma->XferHalfCpltCallback = NULL;
 593              		.loc 1 329 3 is_stmt 1 view .LVU218
 329:Drivers/STM32G4xx_HAL_Driver/Src/stm32g4xx_hal_dma.c ****   hdma->XferHalfCpltCallback = NULL;
 594              		.loc 1 329 26 is_stmt 0 view .LVU219
 595 0060 E062     		str	r0, [r4, #44]
 330:Drivers/STM32G4xx_HAL_Driver/Src/stm32g4xx_hal_dma.c ****   hdma->XferErrorCallback = NULL;
 596              		.loc 1 330 3 is_stmt 1 view .LVU220
 330:Drivers/STM32G4xx_HAL_Driver/Src/stm32g4xx_hal_dma.c ****   hdma->XferErrorCallback = NULL;
 597              		.loc 1 330 30 is_stmt 0 view .LVU221
 598 0062 2063     		str	r0, [r4, #48]
 331:Drivers/STM32G4xx_HAL_Driver/Src/stm32g4xx_hal_dma.c ****   hdma->XferAbortCallback = NULL;
 599              		.loc 1 331 3 is_stmt 1 view .LVU222
 331:Drivers/STM32G4xx_HAL_Driver/Src/stm32g4xx_hal_dma.c ****   hdma->XferAbortCallback = NULL;
 600              		.loc 1 331 27 is_stmt 0 view .LVU223
 601 0064 6063     		str	r0, [r4, #52]
 332:Drivers/STM32G4xx_HAL_Driver/Src/stm32g4xx_hal_dma.c **** 
 602              		.loc 1 332 3 is_stmt 1 view .LVU224
 332:Drivers/STM32G4xx_HAL_Driver/Src/stm32g4xx_hal_dma.c **** 
 603              		.loc 1 332 27 is_stmt 0 view .LVU225
 604 0066 A063     		str	r0, [r4, #56]
 335:Drivers/STM32G4xx_HAL_Driver/Src/stm32g4xx_hal_dma.c **** 
 605              		.loc 1 335 3 is_stmt 1 view .LVU226
 335:Drivers/STM32G4xx_HAL_Driver/Src/stm32g4xx_hal_dma.c **** 
 606              		.loc 1 335 19 is_stmt 0 view .LVU227
 607 0068 E063     		str	r0, [r4, #60]
 338:Drivers/STM32G4xx_HAL_Driver/Src/stm32g4xx_hal_dma.c **** 
 608              		.loc 1 338 3 is_stmt 1 view .LVU228
 338:Drivers/STM32G4xx_HAL_Driver/Src/stm32g4xx_hal_dma.c **** 
 609              		.loc 1 338 15 is_stmt 0 view .LVU229
 610 006a 84F82500 		strb	r0, [r4, #37]
 341:Drivers/STM32G4xx_HAL_Driver/Src/stm32g4xx_hal_dma.c **** 
 611              		.loc 1 341 3 is_stmt 1 view .LVU230
 341:Drivers/STM32G4xx_HAL_Driver/Src/stm32g4xx_hal_dma.c **** 
 612              		.loc 1 341 3 view .LVU231
 613 006e 84F82400 		strb	r0, [r4, #36]
 341:Drivers/STM32G4xx_HAL_Driver/Src/stm32g4xx_hal_dma.c **** 
 614              		.loc 1 341 3 view .LVU232
 343:Drivers/STM32G4xx_HAL_Driver/Src/stm32g4xx_hal_dma.c **** }
 615              		.loc 1 343 3 view .LVU233
 344:Drivers/STM32G4xx_HAL_Driver/Src/stm32g4xx_hal_dma.c **** 
 616              		.loc 1 344 1 is_stmt 0 view .LVU234
 617 0072 38BD     		pop	{r3, r4, r5, pc}
ARM GAS  /tmp/ccdtMzc4.s 			page 34


 618              	.LVL30:
 619              	.L33:
 288:Drivers/STM32G4xx_HAL_Driver/Src/stm32g4xx_hal_dma.c ****     hdma->DmaBaseAddress = DMA2;
 620              		.loc 1 288 5 is_stmt 1 view .LVU235
 288:Drivers/STM32G4xx_HAL_Driver/Src/stm32g4xx_hal_dma.c ****     hdma->DmaBaseAddress = DMA2;
 621              		.loc 1 288 53 is_stmt 0 view .LVU236
 622 0074 0E4B     		ldr	r3, .L42+16
 623 0076 1344     		add	r3, r3, r2
 288:Drivers/STM32G4xx_HAL_Driver/Src/stm32g4xx_hal_dma.c ****     hdma->DmaBaseAddress = DMA2;
 624              		.loc 1 288 80 view .LVU237
 625 0078 0B49     		ldr	r1, .L42+8
 626 007a A1FB0313 		umull	r1, r3, r1, r3
 627 007e 1B09     		lsrs	r3, r3, #4
 288:Drivers/STM32G4xx_HAL_Driver/Src/stm32g4xx_hal_dma.c ****     hdma->DmaBaseAddress = DMA2;
 628              		.loc 1 288 135 view .LVU238
 629 0080 9B00     		lsls	r3, r3, #2
 288:Drivers/STM32G4xx_HAL_Driver/Src/stm32g4xx_hal_dma.c ****     hdma->DmaBaseAddress = DMA2;
 630              		.loc 1 288 24 view .LVU239
 631 0082 4364     		str	r3, [r0, #68]
 289:Drivers/STM32G4xx_HAL_Driver/Src/stm32g4xx_hal_dma.c ****   }
 632              		.loc 1 289 5 is_stmt 1 view .LVU240
 289:Drivers/STM32G4xx_HAL_Driver/Src/stm32g4xx_hal_dma.c ****   }
 633              		.loc 1 289 26 is_stmt 0 view .LVU241
 634 0084 0B4B     		ldr	r3, .L42+20
 635 0086 0364     		str	r3, [r0, #64]
 636 0088 D1E7     		b	.L34
 637              	.LVL31:
 638              	.L41:
 315:Drivers/STM32G4xx_HAL_Driver/Src/stm32g4xx_hal_dma.c **** 
 639              		.loc 1 315 5 is_stmt 1 view .LVU242
 640 008a 2046     		mov	r0, r4
 641 008c FFF7FEFF 		bl	DMA_CalcDMAMUXRequestGenBaseAndMask
 642              	.LVL32:
 318:Drivers/STM32G4xx_HAL_Driver/Src/stm32g4xx_hal_dma.c **** 
 643              		.loc 1 318 5 view .LVU243
 318:Drivers/STM32G4xx_HAL_Driver/Src/stm32g4xx_hal_dma.c **** 
 644              		.loc 1 318 9 is_stmt 0 view .LVU244
 645 0090 636D     		ldr	r3, [r4, #84]
 318:Drivers/STM32G4xx_HAL_Driver/Src/stm32g4xx_hal_dma.c **** 
 646              		.loc 1 318 34 view .LVU245
 647 0092 1D60     		str	r5, [r3]
 321:Drivers/STM32G4xx_HAL_Driver/Src/stm32g4xx_hal_dma.c ****   }
 648              		.loc 1 321 5 is_stmt 1 view .LVU246
 321:Drivers/STM32G4xx_HAL_Driver/Src/stm32g4xx_hal_dma.c ****   }
 649              		.loc 1 321 9 is_stmt 0 view .LVU247
 650 0094 A36D     		ldr	r3, [r4, #88]
 321:Drivers/STM32G4xx_HAL_Driver/Src/stm32g4xx_hal_dma.c ****   }
 651              		.loc 1 321 47 view .LVU248
 652 0096 E26D     		ldr	r2, [r4, #92]
 321:Drivers/STM32G4xx_HAL_Driver/Src/stm32g4xx_hal_dma.c ****   }
 653              		.loc 1 321 41 view .LVU249
 654 0098 5A60     		str	r2, [r3, #4]
 655 009a DDE7     		b	.L35
 656              	.LVL33:
 657              	.L36:
 658              		.cfi_def_cfa_offset 0
 659              		.cfi_restore 3
ARM GAS  /tmp/ccdtMzc4.s 			page 35


 660              		.cfi_restore 4
 661              		.cfi_restore 5
 662              		.cfi_restore 14
 269:Drivers/STM32G4xx_HAL_Driver/Src/stm32g4xx_hal_dma.c ****   }
 663              		.loc 1 269 12 view .LVU250
 664 009c 0120     		movs	r0, #1
 665              	.LVL34:
 344:Drivers/STM32G4xx_HAL_Driver/Src/stm32g4xx_hal_dma.c **** 
 666              		.loc 1 344 1 view .LVU251
 667 009e 7047     		bx	lr
 668              	.L43:
 669              		.align	2
 670              	.L42:
 671 00a0 07040240 		.word	1073873927
 672 00a4 F8FFFDBF 		.word	-1073872904
 673 00a8 CDCCCCCC 		.word	-858993459
 674 00ac 00000240 		.word	1073872896
 675 00b0 F8FBFDBF 		.word	-1073873928
 676 00b4 00040240 		.word	1073873920
 677              		.cfi_endproc
 678              	.LFE133:
 680              		.section	.text.HAL_DMA_Start,"ax",%progbits
 681              		.align	1
 682              		.global	HAL_DMA_Start
 683              		.syntax unified
 684              		.thumb
 685              		.thumb_func
 687              	HAL_DMA_Start:
 688              	.LVL35:
 689              	.LFB134:
 379:Drivers/STM32G4xx_HAL_Driver/Src/stm32g4xx_hal_dma.c ****   HAL_StatusTypeDef status = HAL_OK;
 690              		.loc 1 379 1 is_stmt 1 view -0
 691              		.cfi_startproc
 692              		@ args = 0, pretend = 0, frame = 0
 693              		@ frame_needed = 0, uses_anonymous_args = 0
 379:Drivers/STM32G4xx_HAL_Driver/Src/stm32g4xx_hal_dma.c ****   HAL_StatusTypeDef status = HAL_OK;
 694              		.loc 1 379 1 is_stmt 0 view .LVU253
 695 0000 10B5     		push	{r4, lr}
 696              		.cfi_def_cfa_offset 8
 697              		.cfi_offset 4, -8
 698              		.cfi_offset 14, -4
 699 0002 0446     		mov	r4, r0
 380:Drivers/STM32G4xx_HAL_Driver/Src/stm32g4xx_hal_dma.c **** 
 700              		.loc 1 380 3 is_stmt 1 view .LVU254
 701              	.LVL36:
 383:Drivers/STM32G4xx_HAL_Driver/Src/stm32g4xx_hal_dma.c **** 
 702              		.loc 1 383 3 view .LVU255
 386:Drivers/STM32G4xx_HAL_Driver/Src/stm32g4xx_hal_dma.c **** 
 703              		.loc 1 386 3 view .LVU256
 386:Drivers/STM32G4xx_HAL_Driver/Src/stm32g4xx_hal_dma.c **** 
 704              		.loc 1 386 3 view .LVU257
 705 0004 90F82400 		ldrb	r0, [r0, #36]	@ zero_extendqisi2
 706              	.LVL37:
 386:Drivers/STM32G4xx_HAL_Driver/Src/stm32g4xx_hal_dma.c **** 
 707              		.loc 1 386 3 is_stmt 0 view .LVU258
 708 0008 0128     		cmp	r0, #1
 709 000a 22D0     		beq	.L47
ARM GAS  /tmp/ccdtMzc4.s 			page 36


 386:Drivers/STM32G4xx_HAL_Driver/Src/stm32g4xx_hal_dma.c **** 
 710              		.loc 1 386 3 is_stmt 1 discriminator 2 view .LVU259
 711 000c 0120     		movs	r0, #1
 712 000e 84F82400 		strb	r0, [r4, #36]
 386:Drivers/STM32G4xx_HAL_Driver/Src/stm32g4xx_hal_dma.c **** 
 713              		.loc 1 386 3 view .LVU260
 388:Drivers/STM32G4xx_HAL_Driver/Src/stm32g4xx_hal_dma.c ****   {
 714              		.loc 1 388 3 view .LVU261
 388:Drivers/STM32G4xx_HAL_Driver/Src/stm32g4xx_hal_dma.c ****   {
 715              		.loc 1 388 34 is_stmt 0 view .LVU262
 716 0012 94F82500 		ldrb	r0, [r4, #37]	@ zero_extendqisi2
 388:Drivers/STM32G4xx_HAL_Driver/Src/stm32g4xx_hal_dma.c ****   {
 717              		.loc 1 388 6 view .LVU263
 718 0016 0128     		cmp	r0, #1
 719 0018 04D0     		beq	.L49
 406:Drivers/STM32G4xx_HAL_Driver/Src/stm32g4xx_hal_dma.c ****     status = HAL_BUSY;
 720              		.loc 1 406 5 is_stmt 1 view .LVU264
 406:Drivers/STM32G4xx_HAL_Driver/Src/stm32g4xx_hal_dma.c ****     status = HAL_BUSY;
 721              		.loc 1 406 5 view .LVU265
 722 001a 0023     		movs	r3, #0
 723              	.LVL38:
 406:Drivers/STM32G4xx_HAL_Driver/Src/stm32g4xx_hal_dma.c ****     status = HAL_BUSY;
 724              		.loc 1 406 5 is_stmt 0 view .LVU266
 725 001c 84F82430 		strb	r3, [r4, #36]
 406:Drivers/STM32G4xx_HAL_Driver/Src/stm32g4xx_hal_dma.c ****     status = HAL_BUSY;
 726              		.loc 1 406 5 is_stmt 1 view .LVU267
 407:Drivers/STM32G4xx_HAL_Driver/Src/stm32g4xx_hal_dma.c ****   }
 727              		.loc 1 407 5 view .LVU268
 728              	.LVL39:
 407:Drivers/STM32G4xx_HAL_Driver/Src/stm32g4xx_hal_dma.c ****   }
 729              		.loc 1 407 12 is_stmt 0 view .LVU269
 730 0020 0220     		movs	r0, #2
 731              	.LVL40:
 732              	.L45:
 410:Drivers/STM32G4xx_HAL_Driver/Src/stm32g4xx_hal_dma.c **** 
 733              		.loc 1 410 1 view .LVU270
 734 0022 10BD     		pop	{r4, pc}
 735              	.LVL41:
 736              	.L49:
 391:Drivers/STM32G4xx_HAL_Driver/Src/stm32g4xx_hal_dma.c ****     hdma->ErrorCode = HAL_DMA_ERROR_NONE;
 737              		.loc 1 391 5 is_stmt 1 view .LVU271
 391:Drivers/STM32G4xx_HAL_Driver/Src/stm32g4xx_hal_dma.c ****     hdma->ErrorCode = HAL_DMA_ERROR_NONE;
 738              		.loc 1 391 17 is_stmt 0 view .LVU272
 739 0024 0220     		movs	r0, #2
 740 0026 84F82500 		strb	r0, [r4, #37]
 392:Drivers/STM32G4xx_HAL_Driver/Src/stm32g4xx_hal_dma.c **** 
 741              		.loc 1 392 5 is_stmt 1 view .LVU273
 392:Drivers/STM32G4xx_HAL_Driver/Src/stm32g4xx_hal_dma.c **** 
 742              		.loc 1 392 21 is_stmt 0 view .LVU274
 743 002a 0020     		movs	r0, #0
 744 002c E063     		str	r0, [r4, #60]
 395:Drivers/STM32G4xx_HAL_Driver/Src/stm32g4xx_hal_dma.c **** 
 745              		.loc 1 395 5 is_stmt 1 view .LVU275
 746 002e D4F800C0 		ldr	ip, [r4]
 747 0032 DCF80000 		ldr	r0, [ip]
 748 0036 20F00100 		bic	r0, r0, #1
 749 003a CCF80000 		str	r0, [ip]
ARM GAS  /tmp/ccdtMzc4.s 			page 37


 398:Drivers/STM32G4xx_HAL_Driver/Src/stm32g4xx_hal_dma.c **** 
 750              		.loc 1 398 5 view .LVU276
 751 003e 2046     		mov	r0, r4
 752 0040 FFF7FEFF 		bl	DMA_SetConfig
 753              	.LVL42:
 401:Drivers/STM32G4xx_HAL_Driver/Src/stm32g4xx_hal_dma.c ****   }
 754              		.loc 1 401 5 view .LVU277
 755 0044 2268     		ldr	r2, [r4]
 756 0046 1368     		ldr	r3, [r2]
 757 0048 43F00103 		orr	r3, r3, #1
 758 004c 1360     		str	r3, [r2]
 380:Drivers/STM32G4xx_HAL_Driver/Src/stm32g4xx_hal_dma.c **** 
 759              		.loc 1 380 21 is_stmt 0 view .LVU278
 760 004e 0020     		movs	r0, #0
 761 0050 E7E7     		b	.L45
 762              	.LVL43:
 763              	.L47:
 386:Drivers/STM32G4xx_HAL_Driver/Src/stm32g4xx_hal_dma.c **** 
 764              		.loc 1 386 3 discriminator 1 view .LVU279
 765 0052 0220     		movs	r0, #2
 766 0054 E5E7     		b	.L45
 767              		.cfi_endproc
 768              	.LFE134:
 770              		.section	.text.HAL_DMA_Start_IT,"ax",%progbits
 771              		.align	1
 772              		.global	HAL_DMA_Start_IT
 773              		.syntax unified
 774              		.thumb
 775              		.thumb_func
 777              	HAL_DMA_Start_IT:
 778              	.LVL44:
 779              	.LFB135:
 423:Drivers/STM32G4xx_HAL_Driver/Src/stm32g4xx_hal_dma.c ****   HAL_StatusTypeDef status = HAL_OK;
 780              		.loc 1 423 1 is_stmt 1 view -0
 781              		.cfi_startproc
 782              		@ args = 0, pretend = 0, frame = 0
 783              		@ frame_needed = 0, uses_anonymous_args = 0
 423:Drivers/STM32G4xx_HAL_Driver/Src/stm32g4xx_hal_dma.c ****   HAL_StatusTypeDef status = HAL_OK;
 784              		.loc 1 423 1 is_stmt 0 view .LVU281
 785 0000 10B5     		push	{r4, lr}
 786              		.cfi_def_cfa_offset 8
 787              		.cfi_offset 4, -8
 788              		.cfi_offset 14, -4
 789 0002 0446     		mov	r4, r0
 424:Drivers/STM32G4xx_HAL_Driver/Src/stm32g4xx_hal_dma.c **** 
 790              		.loc 1 424 3 is_stmt 1 view .LVU282
 791              	.LVL45:
 427:Drivers/STM32G4xx_HAL_Driver/Src/stm32g4xx_hal_dma.c **** 
 792              		.loc 1 427 3 view .LVU283
 430:Drivers/STM32G4xx_HAL_Driver/Src/stm32g4xx_hal_dma.c **** 
 793              		.loc 1 430 3 view .LVU284
 430:Drivers/STM32G4xx_HAL_Driver/Src/stm32g4xx_hal_dma.c **** 
 794              		.loc 1 430 3 view .LVU285
 795 0004 90F82400 		ldrb	r0, [r0, #36]	@ zero_extendqisi2
 796              	.LVL46:
 430:Drivers/STM32G4xx_HAL_Driver/Src/stm32g4xx_hal_dma.c **** 
 797              		.loc 1 430 3 is_stmt 0 view .LVU286
ARM GAS  /tmp/ccdtMzc4.s 			page 38


 798 0008 0128     		cmp	r0, #1
 799 000a 43D0     		beq	.L57
 430:Drivers/STM32G4xx_HAL_Driver/Src/stm32g4xx_hal_dma.c **** 
 800              		.loc 1 430 3 is_stmt 1 discriminator 2 view .LVU287
 801 000c 0120     		movs	r0, #1
 802 000e 84F82400 		strb	r0, [r4, #36]
 430:Drivers/STM32G4xx_HAL_Driver/Src/stm32g4xx_hal_dma.c **** 
 803              		.loc 1 430 3 view .LVU288
 432:Drivers/STM32G4xx_HAL_Driver/Src/stm32g4xx_hal_dma.c ****   {
 804              		.loc 1 432 3 view .LVU289
 432:Drivers/STM32G4xx_HAL_Driver/Src/stm32g4xx_hal_dma.c ****   {
 805              		.loc 1 432 34 is_stmt 0 view .LVU290
 806 0012 94F82500 		ldrb	r0, [r4, #37]	@ zero_extendqisi2
 432:Drivers/STM32G4xx_HAL_Driver/Src/stm32g4xx_hal_dma.c ****   {
 807              		.loc 1 432 6 view .LVU291
 808 0016 0128     		cmp	r0, #1
 809 0018 04D0     		beq	.L59
 477:Drivers/STM32G4xx_HAL_Driver/Src/stm32g4xx_hal_dma.c **** 
 810              		.loc 1 477 5 is_stmt 1 view .LVU292
 477:Drivers/STM32G4xx_HAL_Driver/Src/stm32g4xx_hal_dma.c **** 
 811              		.loc 1 477 5 view .LVU293
 812 001a 0023     		movs	r3, #0
 813              	.LVL47:
 477:Drivers/STM32G4xx_HAL_Driver/Src/stm32g4xx_hal_dma.c **** 
 814              		.loc 1 477 5 is_stmt 0 view .LVU294
 815 001c 84F82430 		strb	r3, [r4, #36]
 477:Drivers/STM32G4xx_HAL_Driver/Src/stm32g4xx_hal_dma.c **** 
 816              		.loc 1 477 5 is_stmt 1 view .LVU295
 480:Drivers/STM32G4xx_HAL_Driver/Src/stm32g4xx_hal_dma.c ****   }
 817              		.loc 1 480 5 view .LVU296
 818              	.LVL48:
 480:Drivers/STM32G4xx_HAL_Driver/Src/stm32g4xx_hal_dma.c ****   }
 819              		.loc 1 480 12 is_stmt 0 view .LVU297
 820 0020 0220     		movs	r0, #2
 821              	.LVL49:
 822              	.L51:
 483:Drivers/STM32G4xx_HAL_Driver/Src/stm32g4xx_hal_dma.c **** 
 823              		.loc 1 483 1 view .LVU298
 824 0022 10BD     		pop	{r4, pc}
 825              	.LVL50:
 826              	.L59:
 435:Drivers/STM32G4xx_HAL_Driver/Src/stm32g4xx_hal_dma.c ****     hdma->ErrorCode = HAL_DMA_ERROR_NONE;
 827              		.loc 1 435 5 is_stmt 1 view .LVU299
 435:Drivers/STM32G4xx_HAL_Driver/Src/stm32g4xx_hal_dma.c ****     hdma->ErrorCode = HAL_DMA_ERROR_NONE;
 828              		.loc 1 435 17 is_stmt 0 view .LVU300
 829 0024 0220     		movs	r0, #2
 830 0026 84F82500 		strb	r0, [r4, #37]
 436:Drivers/STM32G4xx_HAL_Driver/Src/stm32g4xx_hal_dma.c **** 
 831              		.loc 1 436 5 is_stmt 1 view .LVU301
 436:Drivers/STM32G4xx_HAL_Driver/Src/stm32g4xx_hal_dma.c **** 
 832              		.loc 1 436 21 is_stmt 0 view .LVU302
 833 002a 0020     		movs	r0, #0
 834 002c E063     		str	r0, [r4, #60]
 439:Drivers/STM32G4xx_HAL_Driver/Src/stm32g4xx_hal_dma.c **** 
 835              		.loc 1 439 5 is_stmt 1 view .LVU303
 836 002e D4F800C0 		ldr	ip, [r4]
 837 0032 DCF80000 		ldr	r0, [ip]
ARM GAS  /tmp/ccdtMzc4.s 			page 39


 838 0036 20F00100 		bic	r0, r0, #1
 839 003a CCF80000 		str	r0, [ip]
 442:Drivers/STM32G4xx_HAL_Driver/Src/stm32g4xx_hal_dma.c **** 
 840              		.loc 1 442 5 view .LVU304
 841 003e 2046     		mov	r0, r4
 842 0040 FFF7FEFF 		bl	DMA_SetConfig
 843              	.LVL51:
 446:Drivers/STM32G4xx_HAL_Driver/Src/stm32g4xx_hal_dma.c ****     {
 844              		.loc 1 446 5 view .LVU305
 446:Drivers/STM32G4xx_HAL_Driver/Src/stm32g4xx_hal_dma.c ****     {
 845              		.loc 1 446 21 is_stmt 0 view .LVU306
 846 0044 236B     		ldr	r3, [r4, #48]
 446:Drivers/STM32G4xx_HAL_Driver/Src/stm32g4xx_hal_dma.c ****     {
 847              		.loc 1 446 8 view .LVU307
 848 0046 D3B1     		cbz	r3, .L53
 449:Drivers/STM32G4xx_HAL_Driver/Src/stm32g4xx_hal_dma.c ****     }
 849              		.loc 1 449 7 is_stmt 1 view .LVU308
 850 0048 2268     		ldr	r2, [r4]
 851 004a 1368     		ldr	r3, [r2]
 852 004c 43F00E03 		orr	r3, r3, #14
 853 0050 1360     		str	r3, [r2]
 854              	.L54:
 458:Drivers/STM32G4xx_HAL_Driver/Src/stm32g4xx_hal_dma.c ****     {
 855              		.loc 1 458 5 view .LVU309
 458:Drivers/STM32G4xx_HAL_Driver/Src/stm32g4xx_hal_dma.c ****     {
 856              		.loc 1 458 14 is_stmt 0 view .LVU310
 857 0052 A36C     		ldr	r3, [r4, #72]
 458:Drivers/STM32G4xx_HAL_Driver/Src/stm32g4xx_hal_dma.c ****     {
 858              		.loc 1 458 29 view .LVU311
 859 0054 1A68     		ldr	r2, [r3]
 458:Drivers/STM32G4xx_HAL_Driver/Src/stm32g4xx_hal_dma.c ****     {
 860              		.loc 1 458 8 view .LVU312
 861 0056 12F4803F 		tst	r2, #65536
 862 005a 03D0     		beq	.L55
 461:Drivers/STM32G4xx_HAL_Driver/Src/stm32g4xx_hal_dma.c ****     }
 863              		.loc 1 461 7 is_stmt 1 view .LVU313
 461:Drivers/STM32G4xx_HAL_Driver/Src/stm32g4xx_hal_dma.c ****     }
 864              		.loc 1 461 26 is_stmt 0 view .LVU314
 865 005c 1A68     		ldr	r2, [r3]
 461:Drivers/STM32G4xx_HAL_Driver/Src/stm32g4xx_hal_dma.c ****     }
 866              		.loc 1 461 32 view .LVU315
 867 005e 42F48072 		orr	r2, r2, #256
 868 0062 1A60     		str	r2, [r3]
 869              	.L55:
 464:Drivers/STM32G4xx_HAL_Driver/Src/stm32g4xx_hal_dma.c ****     {
 870              		.loc 1 464 5 is_stmt 1 view .LVU316
 464:Drivers/STM32G4xx_HAL_Driver/Src/stm32g4xx_hal_dma.c ****     {
 871              		.loc 1 464 13 is_stmt 0 view .LVU317
 872 0064 636D     		ldr	r3, [r4, #84]
 464:Drivers/STM32G4xx_HAL_Driver/Src/stm32g4xx_hal_dma.c ****     {
 873              		.loc 1 464 8 view .LVU318
 874 0066 1BB1     		cbz	r3, .L56
 468:Drivers/STM32G4xx_HAL_Driver/Src/stm32g4xx_hal_dma.c ****     }
 875              		.loc 1 468 7 is_stmt 1 view .LVU319
 468:Drivers/STM32G4xx_HAL_Driver/Src/stm32g4xx_hal_dma.c ****     }
 876              		.loc 1 468 29 is_stmt 0 view .LVU320
 877 0068 1A68     		ldr	r2, [r3]
ARM GAS  /tmp/ccdtMzc4.s 			page 40


 468:Drivers/STM32G4xx_HAL_Driver/Src/stm32g4xx_hal_dma.c ****     }
 878              		.loc 1 468 36 view .LVU321
 879 006a 42F48072 		orr	r2, r2, #256
 880 006e 1A60     		str	r2, [r3]
 881              	.L56:
 472:Drivers/STM32G4xx_HAL_Driver/Src/stm32g4xx_hal_dma.c ****   }
 882              		.loc 1 472 5 is_stmt 1 view .LVU322
 883 0070 2268     		ldr	r2, [r4]
 884 0072 1368     		ldr	r3, [r2]
 885 0074 43F00103 		orr	r3, r3, #1
 886 0078 1360     		str	r3, [r2]
 424:Drivers/STM32G4xx_HAL_Driver/Src/stm32g4xx_hal_dma.c **** 
 887              		.loc 1 424 21 is_stmt 0 view .LVU323
 888 007a 0020     		movs	r0, #0
 889 007c D1E7     		b	.L51
 890              	.L53:
 453:Drivers/STM32G4xx_HAL_Driver/Src/stm32g4xx_hal_dma.c ****       __HAL_DMA_ENABLE_IT(hdma, (DMA_IT_TC | DMA_IT_TE));
 891              		.loc 1 453 7 is_stmt 1 view .LVU324
 892 007e 2268     		ldr	r2, [r4]
 893 0080 1368     		ldr	r3, [r2]
 894 0082 23F00403 		bic	r3, r3, #4
 895 0086 1360     		str	r3, [r2]
 454:Drivers/STM32G4xx_HAL_Driver/Src/stm32g4xx_hal_dma.c ****     }
 896              		.loc 1 454 7 view .LVU325
 897 0088 2268     		ldr	r2, [r4]
 898 008a 1368     		ldr	r3, [r2]
 899 008c 43F00A03 		orr	r3, r3, #10
 900 0090 1360     		str	r3, [r2]
 901 0092 DEE7     		b	.L54
 902              	.LVL52:
 903              	.L57:
 430:Drivers/STM32G4xx_HAL_Driver/Src/stm32g4xx_hal_dma.c **** 
 904              		.loc 1 430 3 is_stmt 0 discriminator 1 view .LVU326
 905 0094 0220     		movs	r0, #2
 906 0096 C4E7     		b	.L51
 907              		.cfi_endproc
 908              	.LFE135:
 910              		.section	.text.HAL_DMA_Abort,"ax",%progbits
 911              		.align	1
 912              		.global	HAL_DMA_Abort
 913              		.syntax unified
 914              		.thumb
 915              		.thumb_func
 917              	HAL_DMA_Abort:
 918              	.LVL53:
 919              	.LFB136:
 492:Drivers/STM32G4xx_HAL_Driver/Src/stm32g4xx_hal_dma.c ****   HAL_StatusTypeDef status = HAL_OK;
 920              		.loc 1 492 1 is_stmt 1 view -0
 921              		.cfi_startproc
 922              		@ args = 0, pretend = 0, frame = 0
 923              		@ frame_needed = 0, uses_anonymous_args = 0
 924              		@ link register save eliminated.
 493:Drivers/STM32G4xx_HAL_Driver/Src/stm32g4xx_hal_dma.c **** 
 925              		.loc 1 493 3 view .LVU328
 496:Drivers/STM32G4xx_HAL_Driver/Src/stm32g4xx_hal_dma.c ****   {
 926              		.loc 1 496 3 view .LVU329
 496:Drivers/STM32G4xx_HAL_Driver/Src/stm32g4xx_hal_dma.c ****   {
ARM GAS  /tmp/ccdtMzc4.s 			page 41


 927              		.loc 1 496 6 is_stmt 0 view .LVU330
 928 0000 0346     		mov	r3, r0
 929 0002 0028     		cmp	r0, #0
 930 0004 33D0     		beq	.L64
 501:Drivers/STM32G4xx_HAL_Driver/Src/stm32g4xx_hal_dma.c ****   {
 931              		.loc 1 501 3 is_stmt 1 view .LVU331
 501:Drivers/STM32G4xx_HAL_Driver/Src/stm32g4xx_hal_dma.c ****   {
 932              		.loc 1 501 11 is_stmt 0 view .LVU332
 933 0006 90F82520 		ldrb	r2, [r0, #37]	@ zero_extendqisi2
 501:Drivers/STM32G4xx_HAL_Driver/Src/stm32g4xx_hal_dma.c ****   {
 934              		.loc 1 501 6 view .LVU333
 935 000a 022A     		cmp	r2, #2
 936 000c 09D0     		beq	.L62
 504:Drivers/STM32G4xx_HAL_Driver/Src/stm32g4xx_hal_dma.c **** 
 937              		.loc 1 504 5 is_stmt 1 view .LVU334
 504:Drivers/STM32G4xx_HAL_Driver/Src/stm32g4xx_hal_dma.c **** 
 938              		.loc 1 504 21 is_stmt 0 view .LVU335
 939 000e 0422     		movs	r2, #4
 940 0010 C263     		str	r2, [r0, #60]
 506:Drivers/STM32G4xx_HAL_Driver/Src/stm32g4xx_hal_dma.c ****   }
 941              		.loc 1 506 5 is_stmt 1 view .LVU336
 942              	.LVL54:
 506:Drivers/STM32G4xx_HAL_Driver/Src/stm32g4xx_hal_dma.c ****   }
 943              		.loc 1 506 12 is_stmt 0 view .LVU337
 944 0012 0120     		movs	r0, #1
 945              	.LVL55:
 946              	.L63:
 536:Drivers/STM32G4xx_HAL_Driver/Src/stm32g4xx_hal_dma.c **** 
 947              		.loc 1 536 3 is_stmt 1 view .LVU338
 536:Drivers/STM32G4xx_HAL_Driver/Src/stm32g4xx_hal_dma.c **** 
 948              		.loc 1 536 15 is_stmt 0 view .LVU339
 949 0014 0122     		movs	r2, #1
 950 0016 83F82520 		strb	r2, [r3, #37]
 539:Drivers/STM32G4xx_HAL_Driver/Src/stm32g4xx_hal_dma.c **** 
 951              		.loc 1 539 3 is_stmt 1 view .LVU340
 539:Drivers/STM32G4xx_HAL_Driver/Src/stm32g4xx_hal_dma.c **** 
 952              		.loc 1 539 3 view .LVU341
 953 001a 0022     		movs	r2, #0
 954 001c 83F82420 		strb	r2, [r3, #36]
 539:Drivers/STM32G4xx_HAL_Driver/Src/stm32g4xx_hal_dma.c **** 
 955              		.loc 1 539 3 view .LVU342
 541:Drivers/STM32G4xx_HAL_Driver/Src/stm32g4xx_hal_dma.c **** }
 956              		.loc 1 541 3 view .LVU343
 541:Drivers/STM32G4xx_HAL_Driver/Src/stm32g4xx_hal_dma.c **** }
 957              		.loc 1 541 10 is_stmt 0 view .LVU344
 958 0020 7047     		bx	lr
 959              	.LVL56:
 960              	.L62:
 511:Drivers/STM32G4xx_HAL_Driver/Src/stm32g4xx_hal_dma.c **** 
 961              		.loc 1 511 5 is_stmt 1 view .LVU345
 962 0022 0168     		ldr	r1, [r0]
 963 0024 0A68     		ldr	r2, [r1]
 964 0026 22F00102 		bic	r2, r2, #1
 965 002a 0A60     		str	r2, [r1]
 514:Drivers/STM32G4xx_HAL_Driver/Src/stm32g4xx_hal_dma.c **** 
 966              		.loc 1 514 5 view .LVU346
 967 002c 0168     		ldr	r1, [r0]
ARM GAS  /tmp/ccdtMzc4.s 			page 42


 968 002e 0A68     		ldr	r2, [r1]
 969 0030 22F00E02 		bic	r2, r2, #14
 970 0034 0A60     		str	r2, [r1]
 517:Drivers/STM32G4xx_HAL_Driver/Src/stm32g4xx_hal_dma.c **** 
 971              		.loc 1 517 5 view .LVU347
 517:Drivers/STM32G4xx_HAL_Driver/Src/stm32g4xx_hal_dma.c **** 
 972              		.loc 1 517 9 is_stmt 0 view .LVU348
 973 0036 816C     		ldr	r1, [r0, #72]
 517:Drivers/STM32G4xx_HAL_Driver/Src/stm32g4xx_hal_dma.c **** 
 974              		.loc 1 517 24 view .LVU349
 975 0038 0A68     		ldr	r2, [r1]
 517:Drivers/STM32G4xx_HAL_Driver/Src/stm32g4xx_hal_dma.c **** 
 976              		.loc 1 517 30 view .LVU350
 977 003a 22F48072 		bic	r2, r2, #256
 978 003e 0A60     		str	r2, [r1]
 520:Drivers/STM32G4xx_HAL_Driver/Src/stm32g4xx_hal_dma.c **** 
 979              		.loc 1 520 5 is_stmt 1 view .LVU351
 520:Drivers/STM32G4xx_HAL_Driver/Src/stm32g4xx_hal_dma.c **** 
 980              		.loc 1 520 56 is_stmt 0 view .LVU352
 981 0040 426C     		ldr	r2, [r0, #68]
 520:Drivers/STM32G4xx_HAL_Driver/Src/stm32g4xx_hal_dma.c **** 
 982              		.loc 1 520 71 view .LVU353
 983 0042 02F01F01 		and	r1, r2, #31
 520:Drivers/STM32G4xx_HAL_Driver/Src/stm32g4xx_hal_dma.c **** 
 984              		.loc 1 520 9 view .LVU354
 985 0046 006C     		ldr	r0, [r0, #64]
 986              	.LVL57:
 520:Drivers/STM32G4xx_HAL_Driver/Src/stm32g4xx_hal_dma.c **** 
 987              		.loc 1 520 48 view .LVU355
 988 0048 0122     		movs	r2, #1
 989 004a 8A40     		lsls	r2, r2, r1
 520:Drivers/STM32G4xx_HAL_Driver/Src/stm32g4xx_hal_dma.c **** 
 990              		.loc 1 520 32 view .LVU356
 991 004c 4260     		str	r2, [r0, #4]
 523:Drivers/STM32G4xx_HAL_Driver/Src/stm32g4xx_hal_dma.c **** 
 992              		.loc 1 523 5 is_stmt 1 view .LVU357
 523:Drivers/STM32G4xx_HAL_Driver/Src/stm32g4xx_hal_dma.c **** 
 993              		.loc 1 523 9 is_stmt 0 view .LVU358
 994 004e DA6C     		ldr	r2, [r3, #76]
 523:Drivers/STM32G4xx_HAL_Driver/Src/stm32g4xx_hal_dma.c **** 
 995              		.loc 1 523 42 view .LVU359
 996 0050 196D     		ldr	r1, [r3, #80]
 523:Drivers/STM32G4xx_HAL_Driver/Src/stm32g4xx_hal_dma.c **** 
 997              		.loc 1 523 36 view .LVU360
 998 0052 5160     		str	r1, [r2, #4]
 525:Drivers/STM32G4xx_HAL_Driver/Src/stm32g4xx_hal_dma.c ****     {
 999              		.loc 1 525 5 is_stmt 1 view .LVU361
 525:Drivers/STM32G4xx_HAL_Driver/Src/stm32g4xx_hal_dma.c ****     {
 1000              		.loc 1 525 13 is_stmt 0 view .LVU362
 1001 0054 5A6D     		ldr	r2, [r3, #84]
 525:Drivers/STM32G4xx_HAL_Driver/Src/stm32g4xx_hal_dma.c ****     {
 1002              		.loc 1 525 8 view .LVU363
 1003 0056 42B1     		cbz	r2, .L65
 529:Drivers/STM32G4xx_HAL_Driver/Src/stm32g4xx_hal_dma.c **** 
 1004              		.loc 1 529 7 is_stmt 1 view .LVU364
 529:Drivers/STM32G4xx_HAL_Driver/Src/stm32g4xx_hal_dma.c **** 
 1005              		.loc 1 529 29 is_stmt 0 view .LVU365
ARM GAS  /tmp/ccdtMzc4.s 			page 43


 1006 0058 1168     		ldr	r1, [r2]
 529:Drivers/STM32G4xx_HAL_Driver/Src/stm32g4xx_hal_dma.c **** 
 1007              		.loc 1 529 36 view .LVU366
 1008 005a 21F48071 		bic	r1, r1, #256
 1009 005e 1160     		str	r1, [r2]
 532:Drivers/STM32G4xx_HAL_Driver/Src/stm32g4xx_hal_dma.c ****     }
 1010              		.loc 1 532 7 is_stmt 1 view .LVU367
 532:Drivers/STM32G4xx_HAL_Driver/Src/stm32g4xx_hal_dma.c ****     }
 1011              		.loc 1 532 11 is_stmt 0 view .LVU368
 1012 0060 9A6D     		ldr	r2, [r3, #88]
 532:Drivers/STM32G4xx_HAL_Driver/Src/stm32g4xx_hal_dma.c ****     }
 1013              		.loc 1 532 49 view .LVU369
 1014 0062 D96D     		ldr	r1, [r3, #92]
 532:Drivers/STM32G4xx_HAL_Driver/Src/stm32g4xx_hal_dma.c ****     }
 1015              		.loc 1 532 43 view .LVU370
 1016 0064 5160     		str	r1, [r2, #4]
 493:Drivers/STM32G4xx_HAL_Driver/Src/stm32g4xx_hal_dma.c **** 
 1017              		.loc 1 493 21 view .LVU371
 1018 0066 0020     		movs	r0, #0
 1019 0068 D4E7     		b	.L63
 1020              	.L65:
 1021 006a 1046     		mov	r0, r2
 1022 006c D2E7     		b	.L63
 1023              	.LVL58:
 1024              	.L64:
 498:Drivers/STM32G4xx_HAL_Driver/Src/stm32g4xx_hal_dma.c ****   }
 1025              		.loc 1 498 12 view .LVU372
 1026 006e 0120     		movs	r0, #1
 1027              	.LVL59:
 542:Drivers/STM32G4xx_HAL_Driver/Src/stm32g4xx_hal_dma.c **** 
 1028              		.loc 1 542 1 view .LVU373
 1029 0070 7047     		bx	lr
 1030              		.cfi_endproc
 1031              	.LFE136:
 1033              		.section	.text.HAL_DMA_Abort_IT,"ax",%progbits
 1034              		.align	1
 1035              		.global	HAL_DMA_Abort_IT
 1036              		.syntax unified
 1037              		.thumb
 1038              		.thumb_func
 1040              	HAL_DMA_Abort_IT:
 1041              	.LVL60:
 1042              	.LFB137:
 551:Drivers/STM32G4xx_HAL_Driver/Src/stm32g4xx_hal_dma.c ****   HAL_StatusTypeDef status = HAL_OK;
 1043              		.loc 1 551 1 is_stmt 1 view -0
 1044              		.cfi_startproc
 1045              		@ args = 0, pretend = 0, frame = 0
 1046              		@ frame_needed = 0, uses_anonymous_args = 0
 551:Drivers/STM32G4xx_HAL_Driver/Src/stm32g4xx_hal_dma.c ****   HAL_StatusTypeDef status = HAL_OK;
 1047              		.loc 1 551 1 is_stmt 0 view .LVU375
 1048 0000 08B5     		push	{r3, lr}
 1049              		.cfi_def_cfa_offset 8
 1050              		.cfi_offset 3, -8
 1051              		.cfi_offset 14, -4
 552:Drivers/STM32G4xx_HAL_Driver/Src/stm32g4xx_hal_dma.c **** 
 1052              		.loc 1 552 3 is_stmt 1 view .LVU376
 1053              	.LVL61:
ARM GAS  /tmp/ccdtMzc4.s 			page 44


 554:Drivers/STM32G4xx_HAL_Driver/Src/stm32g4xx_hal_dma.c ****   {
 1054              		.loc 1 554 3 view .LVU377
 554:Drivers/STM32G4xx_HAL_Driver/Src/stm32g4xx_hal_dma.c ****   {
 1055              		.loc 1 554 33 is_stmt 0 view .LVU378
 1056 0002 90F82530 		ldrb	r3, [r0, #37]	@ zero_extendqisi2
 554:Drivers/STM32G4xx_HAL_Driver/Src/stm32g4xx_hal_dma.c ****   {
 1057              		.loc 1 554 6 view .LVU379
 1058 0006 022B     		cmp	r3, #2
 1059 0008 09D0     		beq	.L67
 557:Drivers/STM32G4xx_HAL_Driver/Src/stm32g4xx_hal_dma.c **** 
 1060              		.loc 1 557 5 is_stmt 1 view .LVU380
 557:Drivers/STM32G4xx_HAL_Driver/Src/stm32g4xx_hal_dma.c **** 
 1061              		.loc 1 557 21 is_stmt 0 view .LVU381
 1062 000a 0423     		movs	r3, #4
 1063 000c C363     		str	r3, [r0, #60]
 560:Drivers/STM32G4xx_HAL_Driver/Src/stm32g4xx_hal_dma.c **** 
 1064              		.loc 1 560 5 is_stmt 1 view .LVU382
 560:Drivers/STM32G4xx_HAL_Driver/Src/stm32g4xx_hal_dma.c **** 
 1065              		.loc 1 560 17 is_stmt 0 view .LVU383
 1066 000e 0123     		movs	r3, #1
 1067 0010 80F82530 		strb	r3, [r0, #37]
 563:Drivers/STM32G4xx_HAL_Driver/Src/stm32g4xx_hal_dma.c **** 
 1068              		.loc 1 563 5 is_stmt 1 view .LVU384
 563:Drivers/STM32G4xx_HAL_Driver/Src/stm32g4xx_hal_dma.c **** 
 1069              		.loc 1 563 5 view .LVU385
 1070 0014 0022     		movs	r2, #0
 1071 0016 80F82420 		strb	r2, [r0, #36]
 563:Drivers/STM32G4xx_HAL_Driver/Src/stm32g4xx_hal_dma.c **** 
 1072              		.loc 1 563 5 view .LVU386
 565:Drivers/STM32G4xx_HAL_Driver/Src/stm32g4xx_hal_dma.c ****   }
 1073              		.loc 1 565 5 view .LVU387
 1074              	.LVL62:
 565:Drivers/STM32G4xx_HAL_Driver/Src/stm32g4xx_hal_dma.c ****   }
 1075              		.loc 1 565 12 is_stmt 0 view .LVU388
 1076 001a 1846     		mov	r0, r3
 1077              	.LVL63:
 1078              	.L68:
 607:Drivers/STM32G4xx_HAL_Driver/Src/stm32g4xx_hal_dma.c **** }
 1079              		.loc 1 607 3 is_stmt 1 view .LVU389
 608:Drivers/STM32G4xx_HAL_Driver/Src/stm32g4xx_hal_dma.c **** 
 1080              		.loc 1 608 1 is_stmt 0 view .LVU390
 1081 001c 08BD     		pop	{r3, pc}
 1082              	.LVL64:
 1083              	.L67:
 571:Drivers/STM32G4xx_HAL_Driver/Src/stm32g4xx_hal_dma.c **** 
 1084              		.loc 1 571 5 is_stmt 1 view .LVU391
 1085 001e 0268     		ldr	r2, [r0]
 1086 0020 1368     		ldr	r3, [r2]
 1087 0022 23F00103 		bic	r3, r3, #1
 1088 0026 1360     		str	r3, [r2]
 574:Drivers/STM32G4xx_HAL_Driver/Src/stm32g4xx_hal_dma.c **** 
 1089              		.loc 1 574 5 view .LVU392
 1090 0028 0268     		ldr	r2, [r0]
 1091 002a 1368     		ldr	r3, [r2]
 1092 002c 23F00E03 		bic	r3, r3, #14
 1093 0030 1360     		str	r3, [r2]
 577:Drivers/STM32G4xx_HAL_Driver/Src/stm32g4xx_hal_dma.c **** 
ARM GAS  /tmp/ccdtMzc4.s 			page 45


 1094              		.loc 1 577 5 view .LVU393
 577:Drivers/STM32G4xx_HAL_Driver/Src/stm32g4xx_hal_dma.c **** 
 1095              		.loc 1 577 9 is_stmt 0 view .LVU394
 1096 0032 826C     		ldr	r2, [r0, #72]
 577:Drivers/STM32G4xx_HAL_Driver/Src/stm32g4xx_hal_dma.c **** 
 1097              		.loc 1 577 24 view .LVU395
 1098 0034 1368     		ldr	r3, [r2]
 577:Drivers/STM32G4xx_HAL_Driver/Src/stm32g4xx_hal_dma.c **** 
 1099              		.loc 1 577 30 view .LVU396
 1100 0036 23F48073 		bic	r3, r3, #256
 1101 003a 1360     		str	r3, [r2]
 580:Drivers/STM32G4xx_HAL_Driver/Src/stm32g4xx_hal_dma.c **** 
 1102              		.loc 1 580 5 is_stmt 1 view .LVU397
 580:Drivers/STM32G4xx_HAL_Driver/Src/stm32g4xx_hal_dma.c **** 
 1103              		.loc 1 580 56 is_stmt 0 view .LVU398
 1104 003c 436C     		ldr	r3, [r0, #68]
 580:Drivers/STM32G4xx_HAL_Driver/Src/stm32g4xx_hal_dma.c **** 
 1105              		.loc 1 580 71 view .LVU399
 1106 003e 03F01F02 		and	r2, r3, #31
 580:Drivers/STM32G4xx_HAL_Driver/Src/stm32g4xx_hal_dma.c **** 
 1107              		.loc 1 580 9 view .LVU400
 1108 0042 016C     		ldr	r1, [r0, #64]
 580:Drivers/STM32G4xx_HAL_Driver/Src/stm32g4xx_hal_dma.c **** 
 1109              		.loc 1 580 48 view .LVU401
 1110 0044 0123     		movs	r3, #1
 1111 0046 9340     		lsls	r3, r3, r2
 580:Drivers/STM32G4xx_HAL_Driver/Src/stm32g4xx_hal_dma.c **** 
 1112              		.loc 1 580 32 view .LVU402
 1113 0048 4B60     		str	r3, [r1, #4]
 583:Drivers/STM32G4xx_HAL_Driver/Src/stm32g4xx_hal_dma.c **** 
 1114              		.loc 1 583 5 is_stmt 1 view .LVU403
 583:Drivers/STM32G4xx_HAL_Driver/Src/stm32g4xx_hal_dma.c **** 
 1115              		.loc 1 583 9 is_stmt 0 view .LVU404
 1116 004a C36C     		ldr	r3, [r0, #76]
 583:Drivers/STM32G4xx_HAL_Driver/Src/stm32g4xx_hal_dma.c **** 
 1117              		.loc 1 583 42 view .LVU405
 1118 004c 026D     		ldr	r2, [r0, #80]
 583:Drivers/STM32G4xx_HAL_Driver/Src/stm32g4xx_hal_dma.c **** 
 1119              		.loc 1 583 36 view .LVU406
 1120 004e 5A60     		str	r2, [r3, #4]
 585:Drivers/STM32G4xx_HAL_Driver/Src/stm32g4xx_hal_dma.c ****     {
 1121              		.loc 1 585 5 is_stmt 1 view .LVU407
 585:Drivers/STM32G4xx_HAL_Driver/Src/stm32g4xx_hal_dma.c ****     {
 1122              		.loc 1 585 13 is_stmt 0 view .LVU408
 1123 0050 436D     		ldr	r3, [r0, #84]
 585:Drivers/STM32G4xx_HAL_Driver/Src/stm32g4xx_hal_dma.c ****     {
 1124              		.loc 1 585 8 view .LVU409
 1125 0052 33B1     		cbz	r3, .L69
 589:Drivers/STM32G4xx_HAL_Driver/Src/stm32g4xx_hal_dma.c **** 
 1126              		.loc 1 589 7 is_stmt 1 view .LVU410
 589:Drivers/STM32G4xx_HAL_Driver/Src/stm32g4xx_hal_dma.c **** 
 1127              		.loc 1 589 29 is_stmt 0 view .LVU411
 1128 0054 1A68     		ldr	r2, [r3]
 589:Drivers/STM32G4xx_HAL_Driver/Src/stm32g4xx_hal_dma.c **** 
 1129              		.loc 1 589 36 view .LVU412
 1130 0056 22F48072 		bic	r2, r2, #256
 1131 005a 1A60     		str	r2, [r3]
ARM GAS  /tmp/ccdtMzc4.s 			page 46


 592:Drivers/STM32G4xx_HAL_Driver/Src/stm32g4xx_hal_dma.c ****     }
 1132              		.loc 1 592 7 is_stmt 1 view .LVU413
 592:Drivers/STM32G4xx_HAL_Driver/Src/stm32g4xx_hal_dma.c ****     }
 1133              		.loc 1 592 11 is_stmt 0 view .LVU414
 1134 005c 836D     		ldr	r3, [r0, #88]
 592:Drivers/STM32G4xx_HAL_Driver/Src/stm32g4xx_hal_dma.c ****     }
 1135              		.loc 1 592 49 view .LVU415
 1136 005e C26D     		ldr	r2, [r0, #92]
 592:Drivers/STM32G4xx_HAL_Driver/Src/stm32g4xx_hal_dma.c ****     }
 1137              		.loc 1 592 43 view .LVU416
 1138 0060 5A60     		str	r2, [r3, #4]
 1139              	.L69:
 596:Drivers/STM32G4xx_HAL_Driver/Src/stm32g4xx_hal_dma.c **** 
 1140              		.loc 1 596 5 is_stmt 1 view .LVU417
 596:Drivers/STM32G4xx_HAL_Driver/Src/stm32g4xx_hal_dma.c **** 
 1141              		.loc 1 596 17 is_stmt 0 view .LVU418
 1142 0062 0123     		movs	r3, #1
 1143 0064 80F82530 		strb	r3, [r0, #37]
 599:Drivers/STM32G4xx_HAL_Driver/Src/stm32g4xx_hal_dma.c **** 
 1144              		.loc 1 599 5 is_stmt 1 view .LVU419
 599:Drivers/STM32G4xx_HAL_Driver/Src/stm32g4xx_hal_dma.c **** 
 1145              		.loc 1 599 5 view .LVU420
 1146 0068 0023     		movs	r3, #0
 1147 006a 80F82430 		strb	r3, [r0, #36]
 599:Drivers/STM32G4xx_HAL_Driver/Src/stm32g4xx_hal_dma.c **** 
 1148              		.loc 1 599 5 view .LVU421
 602:Drivers/STM32G4xx_HAL_Driver/Src/stm32g4xx_hal_dma.c ****     {
 1149              		.loc 1 602 5 view .LVU422
 602:Drivers/STM32G4xx_HAL_Driver/Src/stm32g4xx_hal_dma.c ****     {
 1150              		.loc 1 602 13 is_stmt 0 view .LVU423
 1151 006e 836B     		ldr	r3, [r0, #56]
 602:Drivers/STM32G4xx_HAL_Driver/Src/stm32g4xx_hal_dma.c ****     {
 1152              		.loc 1 602 8 view .LVU424
 1153 0070 13B1     		cbz	r3, .L70
 604:Drivers/STM32G4xx_HAL_Driver/Src/stm32g4xx_hal_dma.c ****     }
 1154              		.loc 1 604 7 is_stmt 1 view .LVU425
 1155 0072 9847     		blx	r3
 1156              	.LVL65:
 552:Drivers/STM32G4xx_HAL_Driver/Src/stm32g4xx_hal_dma.c **** 
 1157              		.loc 1 552 21 is_stmt 0 view .LVU426
 1158 0074 0020     		movs	r0, #0
 1159 0076 D1E7     		b	.L68
 1160              	.LVL66:
 1161              	.L70:
 552:Drivers/STM32G4xx_HAL_Driver/Src/stm32g4xx_hal_dma.c **** 
 1162              		.loc 1 552 21 view .LVU427
 1163 0078 1846     		mov	r0, r3
 1164              	.LVL67:
 552:Drivers/STM32G4xx_HAL_Driver/Src/stm32g4xx_hal_dma.c **** 
 1165              		.loc 1 552 21 view .LVU428
 1166 007a CFE7     		b	.L68
 1167              		.cfi_endproc
 1168              	.LFE137:
 1170              		.section	.text.HAL_DMA_PollForTransfer,"ax",%progbits
 1171              		.align	1
 1172              		.global	HAL_DMA_PollForTransfer
 1173              		.syntax unified
ARM GAS  /tmp/ccdtMzc4.s 			page 47


 1174              		.thumb
 1175              		.thumb_func
 1177              	HAL_DMA_PollForTransfer:
 1178              	.LVL68:
 1179              	.LFB138:
 620:Drivers/STM32G4xx_HAL_Driver/Src/stm32g4xx_hal_dma.c ****   uint32_t temp;
 1180              		.loc 1 620 1 is_stmt 1 view -0
 1181              		.cfi_startproc
 1182              		@ args = 0, pretend = 0, frame = 0
 1183              		@ frame_needed = 0, uses_anonymous_args = 0
 620:Drivers/STM32G4xx_HAL_Driver/Src/stm32g4xx_hal_dma.c ****   uint32_t temp;
 1184              		.loc 1 620 1 is_stmt 0 view .LVU430
 1185 0000 2DE9F041 		push	{r4, r5, r6, r7, r8, lr}
 1186              		.cfi_def_cfa_offset 24
 1187              		.cfi_offset 4, -24
 1188              		.cfi_offset 5, -20
 1189              		.cfi_offset 6, -16
 1190              		.cfi_offset 7, -12
 1191              		.cfi_offset 8, -8
 1192              		.cfi_offset 14, -4
 1193 0004 0446     		mov	r4, r0
 621:Drivers/STM32G4xx_HAL_Driver/Src/stm32g4xx_hal_dma.c ****   uint32_t tickstart;
 1194              		.loc 1 621 3 is_stmt 1 view .LVU431
 622:Drivers/STM32G4xx_HAL_Driver/Src/stm32g4xx_hal_dma.c **** 
 1195              		.loc 1 622 3 view .LVU432
 624:Drivers/STM32G4xx_HAL_Driver/Src/stm32g4xx_hal_dma.c ****   {
 1196              		.loc 1 624 3 view .LVU433
 624:Drivers/STM32G4xx_HAL_Driver/Src/stm32g4xx_hal_dma.c ****   {
 1197              		.loc 1 624 33 is_stmt 0 view .LVU434
 1198 0006 90F82530 		ldrb	r3, [r0, #37]	@ zero_extendqisi2
 624:Drivers/STM32G4xx_HAL_Driver/Src/stm32g4xx_hal_dma.c ****   {
 1199              		.loc 1 624 6 view .LVU435
 1200 000a 022B     		cmp	r3, #2
 1201 000c 07D0     		beq	.L73
 627:Drivers/STM32G4xx_HAL_Driver/Src/stm32g4xx_hal_dma.c ****     __HAL_UNLOCK(hdma);
 1202              		.loc 1 627 5 is_stmt 1 view .LVU436
 627:Drivers/STM32G4xx_HAL_Driver/Src/stm32g4xx_hal_dma.c ****     __HAL_UNLOCK(hdma);
 1203              		.loc 1 627 21 is_stmt 0 view .LVU437
 1204 000e 0423     		movs	r3, #4
 1205 0010 C363     		str	r3, [r0, #60]
 628:Drivers/STM32G4xx_HAL_Driver/Src/stm32g4xx_hal_dma.c ****     return HAL_ERROR;
 1206              		.loc 1 628 5 is_stmt 1 view .LVU438
 628:Drivers/STM32G4xx_HAL_Driver/Src/stm32g4xx_hal_dma.c ****     return HAL_ERROR;
 1207              		.loc 1 628 5 view .LVU439
 1208 0012 0023     		movs	r3, #0
 1209 0014 80F82430 		strb	r3, [r0, #36]
 628:Drivers/STM32G4xx_HAL_Driver/Src/stm32g4xx_hal_dma.c ****     return HAL_ERROR;
 1210              		.loc 1 628 5 view .LVU440
 629:Drivers/STM32G4xx_HAL_Driver/Src/stm32g4xx_hal_dma.c ****   }
 1211              		.loc 1 629 5 view .LVU441
 629:Drivers/STM32G4xx_HAL_Driver/Src/stm32g4xx_hal_dma.c ****   }
 1212              		.loc 1 629 12 is_stmt 0 view .LVU442
 1213 0018 0120     		movs	r0, #1
 1214              	.LVL69:
 1215              	.L74:
 740:Drivers/STM32G4xx_HAL_Driver/Src/stm32g4xx_hal_dma.c **** 
 1216              		.loc 1 740 1 view .LVU443
ARM GAS  /tmp/ccdtMzc4.s 			page 48


 1217 001a BDE8F081 		pop	{r4, r5, r6, r7, r8, pc}
 1218              	.LVL70:
 1219              	.L73:
 740:Drivers/STM32G4xx_HAL_Driver/Src/stm32g4xx_hal_dma.c **** 
 1220              		.loc 1 740 1 view .LVU444
 1221 001e 0F46     		mov	r7, r1
 1222 0020 1546     		mov	r5, r2
 633:Drivers/STM32G4xx_HAL_Driver/Src/stm32g4xx_hal_dma.c ****   {
 1223              		.loc 1 633 3 is_stmt 1 view .LVU445
 633:Drivers/STM32G4xx_HAL_Driver/Src/stm32g4xx_hal_dma.c ****   {
 1224              		.loc 1 633 18 is_stmt 0 view .LVU446
 1225 0022 0368     		ldr	r3, [r0]
 633:Drivers/STM32G4xx_HAL_Driver/Src/stm32g4xx_hal_dma.c ****   {
 1226              		.loc 1 633 28 view .LVU447
 1227 0024 1B68     		ldr	r3, [r3]
 633:Drivers/STM32G4xx_HAL_Driver/Src/stm32g4xx_hal_dma.c ****   {
 1228              		.loc 1 633 6 view .LVU448
 1229 0026 13F0200F 		tst	r3, #32
 1230 002a 2BD1     		bne	.L88
 640:Drivers/STM32G4xx_HAL_Driver/Src/stm32g4xx_hal_dma.c ****   {
 1231              		.loc 1 640 3 is_stmt 1 view .LVU449
 640:Drivers/STM32G4xx_HAL_Driver/Src/stm32g4xx_hal_dma.c ****   {
 1232              		.loc 1 640 6 is_stmt 0 view .LVU450
 1233 002c 79BB     		cbnz	r1, .L76
 644:Drivers/STM32G4xx_HAL_Driver/Src/stm32g4xx_hal_dma.c ****   }
 1234              		.loc 1 644 5 is_stmt 1 view .LVU451
 644:Drivers/STM32G4xx_HAL_Driver/Src/stm32g4xx_hal_dma.c ****   }
 1235              		.loc 1 644 43 is_stmt 0 view .LVU452
 1236 002e 436C     		ldr	r3, [r0, #68]
 644:Drivers/STM32G4xx_HAL_Driver/Src/stm32g4xx_hal_dma.c ****   }
 1237              		.loc 1 644 58 view .LVU453
 1238 0030 03F01F03 		and	r3, r3, #31
 644:Drivers/STM32G4xx_HAL_Driver/Src/stm32g4xx_hal_dma.c ****   }
 1239              		.loc 1 644 10 view .LVU454
 1240 0034 0226     		movs	r6, #2
 1241 0036 9E40     		lsls	r6, r6, r3
 1242              	.LVL71:
 1243              	.L77:
 653:Drivers/STM32G4xx_HAL_Driver/Src/stm32g4xx_hal_dma.c **** 
 1244              		.loc 1 653 3 is_stmt 1 view .LVU455
 653:Drivers/STM32G4xx_HAL_Driver/Src/stm32g4xx_hal_dma.c **** 
 1245              		.loc 1 653 15 is_stmt 0 view .LVU456
 1246 0038 FFF7FEFF 		bl	HAL_GetTick
 1247              	.LVL72:
 653:Drivers/STM32G4xx_HAL_Driver/Src/stm32g4xx_hal_dma.c **** 
 1248              		.loc 1 653 15 view .LVU457
 1249 003c 8046     		mov	r8, r0
 1250              	.LVL73:
 655:Drivers/STM32G4xx_HAL_Driver/Src/stm32g4xx_hal_dma.c ****   {
 1251              		.loc 1 655 3 is_stmt 1 view .LVU458
 1252              	.L80:
 655:Drivers/STM32G4xx_HAL_Driver/Src/stm32g4xx_hal_dma.c ****   {
 1253              		.loc 1 655 13 view .LVU459
 655:Drivers/STM32G4xx_HAL_Driver/Src/stm32g4xx_hal_dma.c ****   {
 1254              		.loc 1 655 21 is_stmt 0 view .LVU460
 1255 003e 226C     		ldr	r2, [r4, #64]
 655:Drivers/STM32G4xx_HAL_Driver/Src/stm32g4xx_hal_dma.c ****   {
ARM GAS  /tmp/ccdtMzc4.s 			page 49


 1256              		.loc 1 655 37 view .LVU461
 1257 0040 1368     		ldr	r3, [r2]
 655:Drivers/STM32G4xx_HAL_Driver/Src/stm32g4xx_hal_dma.c ****   {
 1258              		.loc 1 655 13 view .LVU462
 1259 0042 3342     		tst	r3, r6
 1260 0044 34D1     		bne	.L89
 657:Drivers/STM32G4xx_HAL_Driver/Src/stm32g4xx_hal_dma.c ****     {
 1261              		.loc 1 657 5 is_stmt 1 view .LVU463
 657:Drivers/STM32G4xx_HAL_Driver/Src/stm32g4xx_hal_dma.c ****     {
 1262              		.loc 1 657 37 is_stmt 0 view .LVU464
 1263 0046 1168     		ldr	r1, [r2]
 657:Drivers/STM32G4xx_HAL_Driver/Src/stm32g4xx_hal_dma.c ****     {
 1264              		.loc 1 657 77 view .LVU465
 1265 0048 636C     		ldr	r3, [r4, #68]
 657:Drivers/STM32G4xx_HAL_Driver/Src/stm32g4xx_hal_dma.c ****     {
 1266              		.loc 1 657 92 view .LVU466
 1267 004a 03F01F03 		and	r3, r3, #31
 657:Drivers/STM32G4xx_HAL_Driver/Src/stm32g4xx_hal_dma.c ****     {
 1268              		.loc 1 657 69 view .LVU467
 1269 004e 4FF0080C 		mov	ip, #8
 1270 0052 0CFA03FC 		lsl	ip, ip, r3
 657:Drivers/STM32G4xx_HAL_Driver/Src/stm32g4xx_hal_dma.c ****     {
 1271              		.loc 1 657 8 view .LVU468
 1272 0056 11EA0C0F 		tst	r1, ip
 1273 005a 1ED1     		bne	.L90
 676:Drivers/STM32G4xx_HAL_Driver/Src/stm32g4xx_hal_dma.c ****     {
 1274              		.loc 1 676 5 is_stmt 1 view .LVU469
 676:Drivers/STM32G4xx_HAL_Driver/Src/stm32g4xx_hal_dma.c ****     {
 1275              		.loc 1 676 8 is_stmt 0 view .LVU470
 1276 005c B5F1FF3F 		cmp	r5, #-1
 1277 0060 EDD0     		beq	.L80
 678:Drivers/STM32G4xx_HAL_Driver/Src/stm32g4xx_hal_dma.c ****       {
 1278              		.loc 1 678 7 is_stmt 1 view .LVU471
 678:Drivers/STM32G4xx_HAL_Driver/Src/stm32g4xx_hal_dma.c ****       {
 1279              		.loc 1 678 13 is_stmt 0 view .LVU472
 1280 0062 FFF7FEFF 		bl	HAL_GetTick
 1281              	.LVL74:
 678:Drivers/STM32G4xx_HAL_Driver/Src/stm32g4xx_hal_dma.c ****       {
 1282              		.loc 1 678 27 discriminator 1 view .LVU473
 1283 0066 4346     		mov	r3, r8
 1284 0068 C01A     		subs	r0, r0, r3
 678:Drivers/STM32G4xx_HAL_Driver/Src/stm32g4xx_hal_dma.c ****       {
 1285              		.loc 1 678 10 discriminator 1 view .LVU474
 1286 006a A842     		cmp	r0, r5
 1287 006c 01D8     		bhi	.L81
 1288              	.LVL75:
 678:Drivers/STM32G4xx_HAL_Driver/Src/stm32g4xx_hal_dma.c ****       {
 1289              		.loc 1 678 51 discriminator 2 view .LVU475
 1290 006e 002D     		cmp	r5, #0
 1291 0070 E5D1     		bne	.L80
 1292              	.L81:
 681:Drivers/STM32G4xx_HAL_Driver/Src/stm32g4xx_hal_dma.c **** 
 1293              		.loc 1 681 9 is_stmt 1 view .LVU476
 681:Drivers/STM32G4xx_HAL_Driver/Src/stm32g4xx_hal_dma.c **** 
 1294              		.loc 1 681 25 is_stmt 0 view .LVU477
 1295 0072 2023     		movs	r3, #32
 1296              	.LVL76:
ARM GAS  /tmp/ccdtMzc4.s 			page 50


 681:Drivers/STM32G4xx_HAL_Driver/Src/stm32g4xx_hal_dma.c **** 
 1297              		.loc 1 681 25 view .LVU478
 1298 0074 E363     		str	r3, [r4, #60]
 684:Drivers/STM32G4xx_HAL_Driver/Src/stm32g4xx_hal_dma.c **** 
 1299              		.loc 1 684 9 is_stmt 1 view .LVU479
 684:Drivers/STM32G4xx_HAL_Driver/Src/stm32g4xx_hal_dma.c **** 
 1300              		.loc 1 684 21 is_stmt 0 view .LVU480
 1301 0076 0120     		movs	r0, #1
 1302 0078 84F82500 		strb	r0, [r4, #37]
 687:Drivers/STM32G4xx_HAL_Driver/Src/stm32g4xx_hal_dma.c **** 
 1303              		.loc 1 687 9 is_stmt 1 view .LVU481
 687:Drivers/STM32G4xx_HAL_Driver/Src/stm32g4xx_hal_dma.c **** 
 1304              		.loc 1 687 9 view .LVU482
 1305 007c 0023     		movs	r3, #0
 1306 007e 84F82430 		strb	r3, [r4, #36]
 687:Drivers/STM32G4xx_HAL_Driver/Src/stm32g4xx_hal_dma.c **** 
 1307              		.loc 1 687 9 view .LVU483
 689:Drivers/STM32G4xx_HAL_Driver/Src/stm32g4xx_hal_dma.c ****       }
 1308              		.loc 1 689 9 view .LVU484
 689:Drivers/STM32G4xx_HAL_Driver/Src/stm32g4xx_hal_dma.c ****       }
 1309              		.loc 1 689 16 is_stmt 0 view .LVU485
 1310 0082 CAE7     		b	.L74
 1311              	.LVL77:
 1312              	.L88:
 635:Drivers/STM32G4xx_HAL_Driver/Src/stm32g4xx_hal_dma.c ****     return HAL_ERROR;
 1313              		.loc 1 635 5 is_stmt 1 view .LVU486
 635:Drivers/STM32G4xx_HAL_Driver/Src/stm32g4xx_hal_dma.c ****     return HAL_ERROR;
 1314              		.loc 1 635 21 is_stmt 0 view .LVU487
 1315 0084 4FF48073 		mov	r3, #256
 1316 0088 C363     		str	r3, [r0, #60]
 636:Drivers/STM32G4xx_HAL_Driver/Src/stm32g4xx_hal_dma.c ****   }
 1317              		.loc 1 636 5 is_stmt 1 view .LVU488
 636:Drivers/STM32G4xx_HAL_Driver/Src/stm32g4xx_hal_dma.c ****   }
 1318              		.loc 1 636 12 is_stmt 0 view .LVU489
 1319 008a 0120     		movs	r0, #1
 1320              	.LVL78:
 636:Drivers/STM32G4xx_HAL_Driver/Src/stm32g4xx_hal_dma.c ****   }
 1321              		.loc 1 636 12 view .LVU490
 1322 008c C5E7     		b	.L74
 1323              	.LVL79:
 1324              	.L76:
 649:Drivers/STM32G4xx_HAL_Driver/Src/stm32g4xx_hal_dma.c ****   }
 1325              		.loc 1 649 5 is_stmt 1 view .LVU491
 649:Drivers/STM32G4xx_HAL_Driver/Src/stm32g4xx_hal_dma.c ****   }
 1326              		.loc 1 649 43 is_stmt 0 view .LVU492
 1327 008e 436C     		ldr	r3, [r0, #68]
 649:Drivers/STM32G4xx_HAL_Driver/Src/stm32g4xx_hal_dma.c ****   }
 1328              		.loc 1 649 58 view .LVU493
 1329 0090 03F01F03 		and	r3, r3, #31
 649:Drivers/STM32G4xx_HAL_Driver/Src/stm32g4xx_hal_dma.c ****   }
 1330              		.loc 1 649 10 view .LVU494
 1331 0094 0426     		movs	r6, #4
 1332 0096 9E40     		lsls	r6, r6, r3
 1333 0098 CEE7     		b	.L77
 1334              	.LVL80:
 1335              	.L90:
 662:Drivers/STM32G4xx_HAL_Driver/Src/stm32g4xx_hal_dma.c **** 
ARM GAS  /tmp/ccdtMzc4.s 			page 51


 1336              		.loc 1 662 7 is_stmt 1 view .LVU495
 662:Drivers/STM32G4xx_HAL_Driver/Src/stm32g4xx_hal_dma.c **** 
 1337              		.loc 1 662 60 is_stmt 0 view .LVU496
 1338 009a 0120     		movs	r0, #1
 1339 009c 00FA03F3 		lsl	r3, r0, r3
 662:Drivers/STM32G4xx_HAL_Driver/Src/stm32g4xx_hal_dma.c **** 
 1340              		.loc 1 662 34 view .LVU497
 1341 00a0 5360     		str	r3, [r2, #4]
 665:Drivers/STM32G4xx_HAL_Driver/Src/stm32g4xx_hal_dma.c **** 
 1342              		.loc 1 665 7 is_stmt 1 view .LVU498
 665:Drivers/STM32G4xx_HAL_Driver/Src/stm32g4xx_hal_dma.c **** 
 1343              		.loc 1 665 23 is_stmt 0 view .LVU499
 1344 00a2 E063     		str	r0, [r4, #60]
 668:Drivers/STM32G4xx_HAL_Driver/Src/stm32g4xx_hal_dma.c **** 
 1345              		.loc 1 668 7 is_stmt 1 view .LVU500
 668:Drivers/STM32G4xx_HAL_Driver/Src/stm32g4xx_hal_dma.c **** 
 1346              		.loc 1 668 19 is_stmt 0 view .LVU501
 1347 00a4 84F82500 		strb	r0, [r4, #37]
 671:Drivers/STM32G4xx_HAL_Driver/Src/stm32g4xx_hal_dma.c **** 
 1348              		.loc 1 671 7 is_stmt 1 view .LVU502
 671:Drivers/STM32G4xx_HAL_Driver/Src/stm32g4xx_hal_dma.c **** 
 1349              		.loc 1 671 7 view .LVU503
 1350 00a8 0023     		movs	r3, #0
 1351 00aa 84F82430 		strb	r3, [r4, #36]
 671:Drivers/STM32G4xx_HAL_Driver/Src/stm32g4xx_hal_dma.c **** 
 1352              		.loc 1 671 7 view .LVU504
 673:Drivers/STM32G4xx_HAL_Driver/Src/stm32g4xx_hal_dma.c ****     }
 1353              		.loc 1 673 7 view .LVU505
 673:Drivers/STM32G4xx_HAL_Driver/Src/stm32g4xx_hal_dma.c ****     }
 1354              		.loc 1 673 14 is_stmt 0 view .LVU506
 1355 00ae B4E7     		b	.L74
 1356              	.L89:
 695:Drivers/STM32G4xx_HAL_Driver/Src/stm32g4xx_hal_dma.c ****   {
 1357              		.loc 1 695 3 is_stmt 1 view .LVU507
 695:Drivers/STM32G4xx_HAL_Driver/Src/stm32g4xx_hal_dma.c ****   {
 1358              		.loc 1 695 11 is_stmt 0 view .LVU508
 1359 00b0 636D     		ldr	r3, [r4, #84]
 695:Drivers/STM32G4xx_HAL_Driver/Src/stm32g4xx_hal_dma.c ****   {
 1360              		.loc 1 695 6 view .LVU509
 1361 00b2 7BB1     		cbz	r3, .L83
 698:Drivers/STM32G4xx_HAL_Driver/Src/stm32g4xx_hal_dma.c ****     {
 1362              		.loc 1 698 5 is_stmt 1 view .LVU510
 698:Drivers/STM32G4xx_HAL_Driver/Src/stm32g4xx_hal_dma.c ****     {
 1363              		.loc 1 698 14 is_stmt 0 view .LVU511
 1364 00b4 A26D     		ldr	r2, [r4, #88]
 698:Drivers/STM32G4xx_HAL_Driver/Src/stm32g4xx_hal_dma.c ****     {
 1365              		.loc 1 698 38 view .LVU512
 1366 00b6 1168     		ldr	r1, [r2]
 698:Drivers/STM32G4xx_HAL_Driver/Src/stm32g4xx_hal_dma.c ****     {
 1367              		.loc 1 698 51 view .LVU513
 1368 00b8 E26D     		ldr	r2, [r4, #92]
 698:Drivers/STM32G4xx_HAL_Driver/Src/stm32g4xx_hal_dma.c ****     {
 1369              		.loc 1 698 8 view .LVU514
 1370 00ba 1142     		tst	r1, r2
 1371 00bc 0AD0     		beq	.L83
 701:Drivers/STM32G4xx_HAL_Driver/Src/stm32g4xx_hal_dma.c **** 
 1372              		.loc 1 701 7 is_stmt 1 view .LVU515
ARM GAS  /tmp/ccdtMzc4.s 			page 52


 701:Drivers/STM32G4xx_HAL_Driver/Src/stm32g4xx_hal_dma.c **** 
 1373              		.loc 1 701 29 is_stmt 0 view .LVU516
 1374 00be 1A68     		ldr	r2, [r3]
 701:Drivers/STM32G4xx_HAL_Driver/Src/stm32g4xx_hal_dma.c **** 
 1375              		.loc 1 701 36 view .LVU517
 1376 00c0 42F48072 		orr	r2, r2, #256
 1377 00c4 1A60     		str	r2, [r3]
 704:Drivers/STM32G4xx_HAL_Driver/Src/stm32g4xx_hal_dma.c **** 
 1378              		.loc 1 704 7 is_stmt 1 view .LVU518
 704:Drivers/STM32G4xx_HAL_Driver/Src/stm32g4xx_hal_dma.c **** 
 1379              		.loc 1 704 11 is_stmt 0 view .LVU519
 1380 00c6 A36D     		ldr	r3, [r4, #88]
 704:Drivers/STM32G4xx_HAL_Driver/Src/stm32g4xx_hal_dma.c **** 
 1381              		.loc 1 704 49 view .LVU520
 1382 00c8 E26D     		ldr	r2, [r4, #92]
 704:Drivers/STM32G4xx_HAL_Driver/Src/stm32g4xx_hal_dma.c **** 
 1383              		.loc 1 704 43 view .LVU521
 1384 00ca 5A60     		str	r2, [r3, #4]
 707:Drivers/STM32G4xx_HAL_Driver/Src/stm32g4xx_hal_dma.c ****     }
 1385              		.loc 1 707 7 is_stmt 1 view .LVU522
 707:Drivers/STM32G4xx_HAL_Driver/Src/stm32g4xx_hal_dma.c ****     }
 1386              		.loc 1 707 11 is_stmt 0 view .LVU523
 1387 00cc E36B     		ldr	r3, [r4, #60]
 707:Drivers/STM32G4xx_HAL_Driver/Src/stm32g4xx_hal_dma.c ****     }
 1388              		.loc 1 707 23 view .LVU524
 1389 00ce 43F48063 		orr	r3, r3, #1024
 1390 00d2 E363     		str	r3, [r4, #60]
 1391              	.L83:
 712:Drivers/STM32G4xx_HAL_Driver/Src/stm32g4xx_hal_dma.c ****   {
 1392              		.loc 1 712 3 is_stmt 1 view .LVU525
 712:Drivers/STM32G4xx_HAL_Driver/Src/stm32g4xx_hal_dma.c ****   {
 1393              		.loc 1 712 12 is_stmt 0 view .LVU526
 1394 00d4 E36C     		ldr	r3, [r4, #76]
 712:Drivers/STM32G4xx_HAL_Driver/Src/stm32g4xx_hal_dma.c ****   {
 1395              		.loc 1 712 33 view .LVU527
 1396 00d6 1968     		ldr	r1, [r3]
 712:Drivers/STM32G4xx_HAL_Driver/Src/stm32g4xx_hal_dma.c ****   {
 1397              		.loc 1 712 45 view .LVU528
 1398 00d8 226D     		ldr	r2, [r4, #80]
 712:Drivers/STM32G4xx_HAL_Driver/Src/stm32g4xx_hal_dma.c ****   {
 1399              		.loc 1 712 6 view .LVU529
 1400 00da 1142     		tst	r1, r2
 1401 00dc 04D0     		beq	.L84
 715:Drivers/STM32G4xx_HAL_Driver/Src/stm32g4xx_hal_dma.c **** 
 1402              		.loc 1 715 5 is_stmt 1 view .LVU530
 715:Drivers/STM32G4xx_HAL_Driver/Src/stm32g4xx_hal_dma.c **** 
 1403              		.loc 1 715 36 is_stmt 0 view .LVU531
 1404 00de 5A60     		str	r2, [r3, #4]
 718:Drivers/STM32G4xx_HAL_Driver/Src/stm32g4xx_hal_dma.c ****   }
 1405              		.loc 1 718 5 is_stmt 1 view .LVU532
 718:Drivers/STM32G4xx_HAL_Driver/Src/stm32g4xx_hal_dma.c ****   }
 1406              		.loc 1 718 9 is_stmt 0 view .LVU533
 1407 00e0 E36B     		ldr	r3, [r4, #60]
 718:Drivers/STM32G4xx_HAL_Driver/Src/stm32g4xx_hal_dma.c ****   }
 1408              		.loc 1 718 21 view .LVU534
 1409 00e2 43F40073 		orr	r3, r3, #512
 1410 00e6 E363     		str	r3, [r4, #60]
ARM GAS  /tmp/ccdtMzc4.s 			page 53


 1411              	.L84:
 721:Drivers/STM32G4xx_HAL_Driver/Src/stm32g4xx_hal_dma.c ****   {
 1412              		.loc 1 721 3 is_stmt 1 view .LVU535
 721:Drivers/STM32G4xx_HAL_Driver/Src/stm32g4xx_hal_dma.c ****   {
 1413              		.loc 1 721 6 is_stmt 0 view .LVU536
 1414 00e8 6FB9     		cbnz	r7, .L85
 724:Drivers/STM32G4xx_HAL_Driver/Src/stm32g4xx_hal_dma.c **** 
 1415              		.loc 1 724 5 is_stmt 1 view .LVU537
 724:Drivers/STM32G4xx_HAL_Driver/Src/stm32g4xx_hal_dma.c **** 
 1416              		.loc 1 724 66 is_stmt 0 view .LVU538
 1417 00ea 636C     		ldr	r3, [r4, #68]
 724:Drivers/STM32G4xx_HAL_Driver/Src/stm32g4xx_hal_dma.c **** 
 1418              		.loc 1 724 81 view .LVU539
 1419 00ec 03F01F02 		and	r2, r3, #31
 724:Drivers/STM32G4xx_HAL_Driver/Src/stm32g4xx_hal_dma.c **** 
 1420              		.loc 1 724 9 view .LVU540
 1421 00f0 216C     		ldr	r1, [r4, #64]
 724:Drivers/STM32G4xx_HAL_Driver/Src/stm32g4xx_hal_dma.c **** 
 1422              		.loc 1 724 58 view .LVU541
 1423 00f2 0223     		movs	r3, #2
 1424 00f4 9340     		lsls	r3, r3, r2
 724:Drivers/STM32G4xx_HAL_Driver/Src/stm32g4xx_hal_dma.c **** 
 1425              		.loc 1 724 32 view .LVU542
 1426 00f6 4B60     		str	r3, [r1, #4]
 728:Drivers/STM32G4xx_HAL_Driver/Src/stm32g4xx_hal_dma.c ****   }
 1427              		.loc 1 728 5 is_stmt 1 view .LVU543
 728:Drivers/STM32G4xx_HAL_Driver/Src/stm32g4xx_hal_dma.c ****   }
 1428              		.loc 1 728 17 is_stmt 0 view .LVU544
 1429 00f8 0123     		movs	r3, #1
 1430 00fa 84F82530 		strb	r3, [r4, #37]
 1431              	.L86:
 737:Drivers/STM32G4xx_HAL_Driver/Src/stm32g4xx_hal_dma.c **** 
 1432              		.loc 1 737 3 is_stmt 1 view .LVU545
 737:Drivers/STM32G4xx_HAL_Driver/Src/stm32g4xx_hal_dma.c **** 
 1433              		.loc 1 737 3 view .LVU546
 1434 00fe 0020     		movs	r0, #0
 1435 0100 84F82400 		strb	r0, [r4, #36]
 737:Drivers/STM32G4xx_HAL_Driver/Src/stm32g4xx_hal_dma.c **** 
 1436              		.loc 1 737 3 view .LVU547
 739:Drivers/STM32G4xx_HAL_Driver/Src/stm32g4xx_hal_dma.c **** }
 1437              		.loc 1 739 3 view .LVU548
 739:Drivers/STM32G4xx_HAL_Driver/Src/stm32g4xx_hal_dma.c **** }
 1438              		.loc 1 739 10 is_stmt 0 view .LVU549
 1439 0104 89E7     		b	.L74
 1440              	.L85:
 733:Drivers/STM32G4xx_HAL_Driver/Src/stm32g4xx_hal_dma.c ****   }
 1441              		.loc 1 733 5 is_stmt 1 view .LVU550
 733:Drivers/STM32G4xx_HAL_Driver/Src/stm32g4xx_hal_dma.c ****   }
 1442              		.loc 1 733 66 is_stmt 0 view .LVU551
 1443 0106 636C     		ldr	r3, [r4, #68]
 733:Drivers/STM32G4xx_HAL_Driver/Src/stm32g4xx_hal_dma.c ****   }
 1444              		.loc 1 733 81 view .LVU552
 1445 0108 03F01F02 		and	r2, r3, #31
 733:Drivers/STM32G4xx_HAL_Driver/Src/stm32g4xx_hal_dma.c ****   }
 1446              		.loc 1 733 9 view .LVU553
 1447 010c 216C     		ldr	r1, [r4, #64]
 733:Drivers/STM32G4xx_HAL_Driver/Src/stm32g4xx_hal_dma.c ****   }
ARM GAS  /tmp/ccdtMzc4.s 			page 54


 1448              		.loc 1 733 58 view .LVU554
 1449 010e 0423     		movs	r3, #4
 1450 0110 9340     		lsls	r3, r3, r2
 733:Drivers/STM32G4xx_HAL_Driver/Src/stm32g4xx_hal_dma.c ****   }
 1451              		.loc 1 733 32 view .LVU555
 1452 0112 4B60     		str	r3, [r1, #4]
 1453 0114 F3E7     		b	.L86
 1454              		.cfi_endproc
 1455              	.LFE138:
 1457              		.section	.text.HAL_DMA_IRQHandler,"ax",%progbits
 1458              		.align	1
 1459              		.global	HAL_DMA_IRQHandler
 1460              		.syntax unified
 1461              		.thumb
 1462              		.thumb_func
 1464              	HAL_DMA_IRQHandler:
 1465              	.LVL81:
 1466              	.LFB139:
 749:Drivers/STM32G4xx_HAL_Driver/Src/stm32g4xx_hal_dma.c ****   uint32_t flag_it = hdma->DmaBaseAddress->ISR;
 1467              		.loc 1 749 1 is_stmt 1 view -0
 1468              		.cfi_startproc
 1469              		@ args = 0, pretend = 0, frame = 0
 1470              		@ frame_needed = 0, uses_anonymous_args = 0
 749:Drivers/STM32G4xx_HAL_Driver/Src/stm32g4xx_hal_dma.c ****   uint32_t flag_it = hdma->DmaBaseAddress->ISR;
 1471              		.loc 1 749 1 is_stmt 0 view .LVU557
 1472 0000 08B5     		push	{r3, lr}
 1473              		.cfi_def_cfa_offset 8
 1474              		.cfi_offset 3, -8
 1475              		.cfi_offset 14, -4
 750:Drivers/STM32G4xx_HAL_Driver/Src/stm32g4xx_hal_dma.c ****   uint32_t source_it = hdma->Instance->CCR;
 1476              		.loc 1 750 3 is_stmt 1 view .LVU558
 750:Drivers/STM32G4xx_HAL_Driver/Src/stm32g4xx_hal_dma.c ****   uint32_t source_it = hdma->Instance->CCR;
 1477              		.loc 1 750 26 is_stmt 0 view .LVU559
 1478 0002 036C     		ldr	r3, [r0, #64]
 750:Drivers/STM32G4xx_HAL_Driver/Src/stm32g4xx_hal_dma.c ****   uint32_t source_it = hdma->Instance->CCR;
 1479              		.loc 1 750 12 view .LVU560
 1480 0004 1968     		ldr	r1, [r3]
 1481              	.LVL82:
 751:Drivers/STM32G4xx_HAL_Driver/Src/stm32g4xx_hal_dma.c **** 
 1482              		.loc 1 751 3 is_stmt 1 view .LVU561
 751:Drivers/STM32G4xx_HAL_Driver/Src/stm32g4xx_hal_dma.c **** 
 1483              		.loc 1 751 28 is_stmt 0 view .LVU562
 1484 0006 D0F800C0 		ldr	ip, [r0]
 751:Drivers/STM32G4xx_HAL_Driver/Src/stm32g4xx_hal_dma.c **** 
 1485              		.loc 1 751 12 view .LVU563
 1486 000a DCF800E0 		ldr	lr, [ip]
 1487              	.LVL83:
 754:Drivers/STM32G4xx_HAL_Driver/Src/stm32g4xx_hal_dma.c ****   {
 1488              		.loc 1 754 3 is_stmt 1 view .LVU564
 754:Drivers/STM32G4xx_HAL_Driver/Src/stm32g4xx_hal_dma.c ****   {
 1489              		.loc 1 754 57 is_stmt 0 view .LVU565
 1490 000e 436C     		ldr	r3, [r0, #68]
 754:Drivers/STM32G4xx_HAL_Driver/Src/stm32g4xx_hal_dma.c ****   {
 1491              		.loc 1 754 72 view .LVU566
 1492 0010 03F01F03 		and	r3, r3, #31
 754:Drivers/STM32G4xx_HAL_Driver/Src/stm32g4xx_hal_dma.c ****   {
 1493              		.loc 1 754 49 view .LVU567
ARM GAS  /tmp/ccdtMzc4.s 			page 55


 1494 0014 0422     		movs	r2, #4
 1495 0016 9A40     		lsls	r2, r2, r3
 754:Drivers/STM32G4xx_HAL_Driver/Src/stm32g4xx_hal_dma.c ****   {
 1496              		.loc 1 754 6 view .LVU568
 1497 0018 0A42     		tst	r2, r1
 1498 001a 18D0     		beq	.L92
 754:Drivers/STM32G4xx_HAL_Driver/Src/stm32g4xx_hal_dma.c ****   {
 1499              		.loc 1 754 84 discriminator 1 view .LVU569
 1500 001c 1EF0040F 		tst	lr, #4
 1501 0020 15D0     		beq	.L92
 757:Drivers/STM32G4xx_HAL_Driver/Src/stm32g4xx_hal_dma.c ****     {
 1502              		.loc 1 757 5 is_stmt 1 view .LVU570
 757:Drivers/STM32G4xx_HAL_Driver/Src/stm32g4xx_hal_dma.c ****     {
 1503              		.loc 1 757 24 is_stmt 0 view .LVU571
 1504 0022 DCF80030 		ldr	r3, [ip]
 757:Drivers/STM32G4xx_HAL_Driver/Src/stm32g4xx_hal_dma.c ****     {
 1505              		.loc 1 757 8 view .LVU572
 1506 0026 13F0200F 		tst	r3, #32
 1507 002a 05D1     		bne	.L93
 760:Drivers/STM32G4xx_HAL_Driver/Src/stm32g4xx_hal_dma.c ****     }
 1508              		.loc 1 760 7 is_stmt 1 view .LVU573
 1509 002c DCF80030 		ldr	r3, [ip]
 1510 0030 23F00403 		bic	r3, r3, #4
 1511 0034 CCF80030 		str	r3, [ip]
 1512              	.L93:
 763:Drivers/STM32G4xx_HAL_Driver/Src/stm32g4xx_hal_dma.c **** 
 1513              		.loc 1 763 5 view .LVU574
 763:Drivers/STM32G4xx_HAL_Driver/Src/stm32g4xx_hal_dma.c **** 
 1514              		.loc 1 763 67 is_stmt 0 view .LVU575
 1515 0038 436C     		ldr	r3, [r0, #68]
 763:Drivers/STM32G4xx_HAL_Driver/Src/stm32g4xx_hal_dma.c **** 
 1516              		.loc 1 763 82 view .LVU576
 1517 003a 03F01F02 		and	r2, r3, #31
 763:Drivers/STM32G4xx_HAL_Driver/Src/stm32g4xx_hal_dma.c **** 
 1518              		.loc 1 763 9 view .LVU577
 1519 003e 016C     		ldr	r1, [r0, #64]
 1520              	.LVL84:
 763:Drivers/STM32G4xx_HAL_Driver/Src/stm32g4xx_hal_dma.c **** 
 1521              		.loc 1 763 59 view .LVU578
 1522 0040 0423     		movs	r3, #4
 1523 0042 9340     		lsls	r3, r3, r2
 763:Drivers/STM32G4xx_HAL_Driver/Src/stm32g4xx_hal_dma.c **** 
 1524              		.loc 1 763 32 view .LVU579
 1525 0044 4B60     		str	r3, [r1, #4]
 768:Drivers/STM32G4xx_HAL_Driver/Src/stm32g4xx_hal_dma.c ****     {
 1526              		.loc 1 768 5 is_stmt 1 view .LVU580
 768:Drivers/STM32G4xx_HAL_Driver/Src/stm32g4xx_hal_dma.c ****     {
 1527              		.loc 1 768 13 is_stmt 0 view .LVU581
 1528 0046 036B     		ldr	r3, [r0, #48]
 768:Drivers/STM32G4xx_HAL_Driver/Src/stm32g4xx_hal_dma.c ****     {
 1529              		.loc 1 768 8 view .LVU582
 1530 0048 03B1     		cbz	r3, .L91
 771:Drivers/STM32G4xx_HAL_Driver/Src/stm32g4xx_hal_dma.c ****     }
 1531              		.loc 1 771 7 is_stmt 1 view .LVU583
 1532 004a 9847     		blx	r3
 1533              	.LVL85:
 1534              	.L91:
ARM GAS  /tmp/ccdtMzc4.s 			page 56


 830:Drivers/STM32G4xx_HAL_Driver/Src/stm32g4xx_hal_dma.c **** 
 1535              		.loc 1 830 1 is_stmt 0 view .LVU584
 1536 004c 08BD     		pop	{r3, pc}
 1537              	.LVL86:
 1538              	.L92:
 775:Drivers/STM32G4xx_HAL_Driver/Src/stm32g4xx_hal_dma.c ****            && (0U != (source_it & DMA_IT_TC)))
 1539              		.loc 1 775 8 is_stmt 1 view .LVU585
 775:Drivers/STM32G4xx_HAL_Driver/Src/stm32g4xx_hal_dma.c ****            && (0U != (source_it & DMA_IT_TC)))
 1540              		.loc 1 775 54 is_stmt 0 view .LVU586
 1541 004e 0222     		movs	r2, #2
 1542 0050 9A40     		lsls	r2, r2, r3
 775:Drivers/STM32G4xx_HAL_Driver/Src/stm32g4xx_hal_dma.c ****            && (0U != (source_it & DMA_IT_TC)))
 1543              		.loc 1 775 11 view .LVU587
 1544 0052 0A42     		tst	r2, r1
 1545 0054 1FD0     		beq	.L95
 776:Drivers/STM32G4xx_HAL_Driver/Src/stm32g4xx_hal_dma.c ****   {
 1546              		.loc 1 776 12 view .LVU588
 1547 0056 1EF0020F 		tst	lr, #2
 1548 005a 1CD0     		beq	.L95
 778:Drivers/STM32G4xx_HAL_Driver/Src/stm32g4xx_hal_dma.c ****     {
 1549              		.loc 1 778 5 is_stmt 1 view .LVU589
 778:Drivers/STM32G4xx_HAL_Driver/Src/stm32g4xx_hal_dma.c ****     {
 1550              		.loc 1 778 24 is_stmt 0 view .LVU590
 1551 005c DCF80030 		ldr	r3, [ip]
 778:Drivers/STM32G4xx_HAL_Driver/Src/stm32g4xx_hal_dma.c ****     {
 1552              		.loc 1 778 8 view .LVU591
 1553 0060 13F0200F 		tst	r3, #32
 1554 0064 08D1     		bne	.L96
 781:Drivers/STM32G4xx_HAL_Driver/Src/stm32g4xx_hal_dma.c **** 
 1555              		.loc 1 781 7 is_stmt 1 view .LVU592
 1556 0066 DCF80030 		ldr	r3, [ip]
 1557 006a 23F00A03 		bic	r3, r3, #10
 1558 006e CCF80030 		str	r3, [ip]
 784:Drivers/STM32G4xx_HAL_Driver/Src/stm32g4xx_hal_dma.c ****     }
 1559              		.loc 1 784 7 view .LVU593
 784:Drivers/STM32G4xx_HAL_Driver/Src/stm32g4xx_hal_dma.c ****     }
 1560              		.loc 1 784 19 is_stmt 0 view .LVU594
 1561 0072 0123     		movs	r3, #1
 1562 0074 80F82530 		strb	r3, [r0, #37]
 1563              	.L96:
 787:Drivers/STM32G4xx_HAL_Driver/Src/stm32g4xx_hal_dma.c **** 
 1564              		.loc 1 787 5 is_stmt 1 view .LVU595
 787:Drivers/STM32G4xx_HAL_Driver/Src/stm32g4xx_hal_dma.c **** 
 1565              		.loc 1 787 67 is_stmt 0 view .LVU596
 1566 0078 436C     		ldr	r3, [r0, #68]
 787:Drivers/STM32G4xx_HAL_Driver/Src/stm32g4xx_hal_dma.c **** 
 1567              		.loc 1 787 82 view .LVU597
 1568 007a 03F01F02 		and	r2, r3, #31
 787:Drivers/STM32G4xx_HAL_Driver/Src/stm32g4xx_hal_dma.c **** 
 1569              		.loc 1 787 9 view .LVU598
 1570 007e 016C     		ldr	r1, [r0, #64]
 1571              	.LVL87:
 787:Drivers/STM32G4xx_HAL_Driver/Src/stm32g4xx_hal_dma.c **** 
 1572              		.loc 1 787 59 view .LVU599
 1573 0080 0223     		movs	r3, #2
 1574 0082 9340     		lsls	r3, r3, r2
 787:Drivers/STM32G4xx_HAL_Driver/Src/stm32g4xx_hal_dma.c **** 
ARM GAS  /tmp/ccdtMzc4.s 			page 57


 1575              		.loc 1 787 32 view .LVU600
 1576 0084 4B60     		str	r3, [r1, #4]
 790:Drivers/STM32G4xx_HAL_Driver/Src/stm32g4xx_hal_dma.c **** 
 1577              		.loc 1 790 5 is_stmt 1 view .LVU601
 790:Drivers/STM32G4xx_HAL_Driver/Src/stm32g4xx_hal_dma.c **** 
 1578              		.loc 1 790 5 view .LVU602
 1579 0086 0023     		movs	r3, #0
 1580 0088 80F82430 		strb	r3, [r0, #36]
 790:Drivers/STM32G4xx_HAL_Driver/Src/stm32g4xx_hal_dma.c **** 
 1581              		.loc 1 790 5 view .LVU603
 792:Drivers/STM32G4xx_HAL_Driver/Src/stm32g4xx_hal_dma.c ****     {
 1582              		.loc 1 792 5 view .LVU604
 792:Drivers/STM32G4xx_HAL_Driver/Src/stm32g4xx_hal_dma.c ****     {
 1583              		.loc 1 792 13 is_stmt 0 view .LVU605
 1584 008c C36A     		ldr	r3, [r0, #44]
 792:Drivers/STM32G4xx_HAL_Driver/Src/stm32g4xx_hal_dma.c ****     {
 1585              		.loc 1 792 8 view .LVU606
 1586 008e 002B     		cmp	r3, #0
 1587 0090 DCD0     		beq	.L91
 795:Drivers/STM32G4xx_HAL_Driver/Src/stm32g4xx_hal_dma.c ****     }
 1588              		.loc 1 795 7 is_stmt 1 view .LVU607
 1589 0092 9847     		blx	r3
 1590              	.LVL88:
 795:Drivers/STM32G4xx_HAL_Driver/Src/stm32g4xx_hal_dma.c ****     }
 1591              		.loc 1 795 7 is_stmt 0 view .LVU608
 1592 0094 DAE7     		b	.L91
 1593              	.LVL89:
 1594              	.L95:
 799:Drivers/STM32G4xx_HAL_Driver/Src/stm32g4xx_hal_dma.c ****            && (0U != (source_it & DMA_IT_TE)))
 1595              		.loc 1 799 8 is_stmt 1 view .LVU609
 799:Drivers/STM32G4xx_HAL_Driver/Src/stm32g4xx_hal_dma.c ****            && (0U != (source_it & DMA_IT_TE)))
 1596              		.loc 1 799 54 is_stmt 0 view .LVU610
 1597 0096 0822     		movs	r2, #8
 1598 0098 02FA03F3 		lsl	r3, r2, r3
 799:Drivers/STM32G4xx_HAL_Driver/Src/stm32g4xx_hal_dma.c ****            && (0U != (source_it & DMA_IT_TE)))
 1599              		.loc 1 799 11 view .LVU611
 1600 009c 0B42     		tst	r3, r1
 1601 009e D5D0     		beq	.L91
 800:Drivers/STM32G4xx_HAL_Driver/Src/stm32g4xx_hal_dma.c ****   {
 1602              		.loc 1 800 12 view .LVU612
 1603 00a0 1EF0080F 		tst	lr, #8
 1604 00a4 D2D0     		beq	.L91
 805:Drivers/STM32G4xx_HAL_Driver/Src/stm32g4xx_hal_dma.c **** 
 1605              		.loc 1 805 5 is_stmt 1 view .LVU613
 1606 00a6 DCF80030 		ldr	r3, [ip]
 1607 00aa 23F00E03 		bic	r3, r3, #14
 1608 00ae CCF80030 		str	r3, [ip]
 808:Drivers/STM32G4xx_HAL_Driver/Src/stm32g4xx_hal_dma.c **** 
 1609              		.loc 1 808 5 view .LVU614
 808:Drivers/STM32G4xx_HAL_Driver/Src/stm32g4xx_hal_dma.c **** 
 1610              		.loc 1 808 66 is_stmt 0 view .LVU615
 1611 00b2 436C     		ldr	r3, [r0, #68]
 808:Drivers/STM32G4xx_HAL_Driver/Src/stm32g4xx_hal_dma.c **** 
 1612              		.loc 1 808 81 view .LVU616
 1613 00b4 03F01F03 		and	r3, r3, #31
 808:Drivers/STM32G4xx_HAL_Driver/Src/stm32g4xx_hal_dma.c **** 
 1614              		.loc 1 808 9 view .LVU617
ARM GAS  /tmp/ccdtMzc4.s 			page 58


 1615 00b8 016C     		ldr	r1, [r0, #64]
 1616              	.LVL90:
 808:Drivers/STM32G4xx_HAL_Driver/Src/stm32g4xx_hal_dma.c **** 
 1617              		.loc 1 808 58 view .LVU618
 1618 00ba 0122     		movs	r2, #1
 1619 00bc 02FA03F3 		lsl	r3, r2, r3
 808:Drivers/STM32G4xx_HAL_Driver/Src/stm32g4xx_hal_dma.c **** 
 1620              		.loc 1 808 32 view .LVU619
 1621 00c0 4B60     		str	r3, [r1, #4]
 811:Drivers/STM32G4xx_HAL_Driver/Src/stm32g4xx_hal_dma.c **** 
 1622              		.loc 1 811 5 is_stmt 1 view .LVU620
 811:Drivers/STM32G4xx_HAL_Driver/Src/stm32g4xx_hal_dma.c **** 
 1623              		.loc 1 811 21 is_stmt 0 view .LVU621
 1624 00c2 C263     		str	r2, [r0, #60]
 814:Drivers/STM32G4xx_HAL_Driver/Src/stm32g4xx_hal_dma.c **** 
 1625              		.loc 1 814 5 is_stmt 1 view .LVU622
 814:Drivers/STM32G4xx_HAL_Driver/Src/stm32g4xx_hal_dma.c **** 
 1626              		.loc 1 814 17 is_stmt 0 view .LVU623
 1627 00c4 80F82520 		strb	r2, [r0, #37]
 817:Drivers/STM32G4xx_HAL_Driver/Src/stm32g4xx_hal_dma.c **** 
 1628              		.loc 1 817 5 is_stmt 1 view .LVU624
 817:Drivers/STM32G4xx_HAL_Driver/Src/stm32g4xx_hal_dma.c **** 
 1629              		.loc 1 817 5 view .LVU625
 1630 00c8 0023     		movs	r3, #0
 1631 00ca 80F82430 		strb	r3, [r0, #36]
 817:Drivers/STM32G4xx_HAL_Driver/Src/stm32g4xx_hal_dma.c **** 
 1632              		.loc 1 817 5 view .LVU626
 819:Drivers/STM32G4xx_HAL_Driver/Src/stm32g4xx_hal_dma.c ****     {
 1633              		.loc 1 819 5 view .LVU627
 819:Drivers/STM32G4xx_HAL_Driver/Src/stm32g4xx_hal_dma.c ****     {
 1634              		.loc 1 819 13 is_stmt 0 view .LVU628
 1635 00ce 436B     		ldr	r3, [r0, #52]
 819:Drivers/STM32G4xx_HAL_Driver/Src/stm32g4xx_hal_dma.c ****     {
 1636              		.loc 1 819 8 view .LVU629
 1637 00d0 002B     		cmp	r3, #0
 1638 00d2 BBD0     		beq	.L91
 822:Drivers/STM32G4xx_HAL_Driver/Src/stm32g4xx_hal_dma.c ****     }
 1639              		.loc 1 822 7 is_stmt 1 view .LVU630
 1640 00d4 9847     		blx	r3
 1641              	.LVL91:
 828:Drivers/STM32G4xx_HAL_Driver/Src/stm32g4xx_hal_dma.c ****   return;
 1642              		.loc 1 828 3 view .LVU631
 829:Drivers/STM32G4xx_HAL_Driver/Src/stm32g4xx_hal_dma.c **** }
 1643              		.loc 1 829 3 view .LVU632
 1644 00d6 B9E7     		b	.L91
 1645              		.cfi_endproc
 1646              	.LFE139:
 1648              		.section	.text.HAL_DMA_RegisterCallback,"ax",%progbits
 1649              		.align	1
 1650              		.global	HAL_DMA_RegisterCallback
 1651              		.syntax unified
 1652              		.thumb
 1653              		.thumb_func
 1655              	HAL_DMA_RegisterCallback:
 1656              	.LVL92:
 1657              	.LFB140:
 843:Drivers/STM32G4xx_HAL_Driver/Src/stm32g4xx_hal_dma.c ****   HAL_StatusTypeDef status = HAL_OK;
ARM GAS  /tmp/ccdtMzc4.s 			page 59


 1658              		.loc 1 843 1 view -0
 1659              		.cfi_startproc
 1660              		@ args = 0, pretend = 0, frame = 0
 1661              		@ frame_needed = 0, uses_anonymous_args = 0
 1662              		@ link register save eliminated.
 843:Drivers/STM32G4xx_HAL_Driver/Src/stm32g4xx_hal_dma.c ****   HAL_StatusTypeDef status = HAL_OK;
 1663              		.loc 1 843 1 is_stmt 0 view .LVU634
 1664 0000 0346     		mov	r3, r0
 844:Drivers/STM32G4xx_HAL_Driver/Src/stm32g4xx_hal_dma.c **** 
 1665              		.loc 1 844 3 is_stmt 1 view .LVU635
 1666              	.LVL93:
 847:Drivers/STM32G4xx_HAL_Driver/Src/stm32g4xx_hal_dma.c **** 
 1667              		.loc 1 847 3 view .LVU636
 847:Drivers/STM32G4xx_HAL_Driver/Src/stm32g4xx_hal_dma.c **** 
 1668              		.loc 1 847 3 view .LVU637
 1669 0002 90F82400 		ldrb	r0, [r0, #36]	@ zero_extendqisi2
 1670              	.LVL94:
 847:Drivers/STM32G4xx_HAL_Driver/Src/stm32g4xx_hal_dma.c **** 
 1671              		.loc 1 847 3 is_stmt 0 view .LVU638
 1672 0006 0128     		cmp	r0, #1
 1673 0008 22D0     		beq	.L106
 847:Drivers/STM32G4xx_HAL_Driver/Src/stm32g4xx_hal_dma.c **** 
 1674              		.loc 1 847 3 is_stmt 1 discriminator 2 view .LVU639
 1675 000a 0120     		movs	r0, #1
 1676 000c 83F82400 		strb	r0, [r3, #36]
 847:Drivers/STM32G4xx_HAL_Driver/Src/stm32g4xx_hal_dma.c **** 
 1677              		.loc 1 847 3 view .LVU640
 849:Drivers/STM32G4xx_HAL_Driver/Src/stm32g4xx_hal_dma.c ****   {
 1678              		.loc 1 849 3 view .LVU641
 849:Drivers/STM32G4xx_HAL_Driver/Src/stm32g4xx_hal_dma.c ****   {
 1679              		.loc 1 849 34 is_stmt 0 view .LVU642
 1680 0010 93F825C0 		ldrb	ip, [r3, #37]	@ zero_extendqisi2
 1681 0014 5FFA8CF0 		uxtb	r0, ip
 849:Drivers/STM32G4xx_HAL_Driver/Src/stm32g4xx_hal_dma.c ****   {
 1682              		.loc 1 849 6 view .LVU643
 1683 0018 BCF1010F 		cmp	ip, #1
 1684 001c 04D0     		beq	.L108
 876:Drivers/STM32G4xx_HAL_Driver/Src/stm32g4xx_hal_dma.c ****   }
 1685              		.loc 1 876 12 view .LVU644
 1686 001e 0120     		movs	r0, #1
 1687              	.L100:
 1688              	.LVL95:
 880:Drivers/STM32G4xx_HAL_Driver/Src/stm32g4xx_hal_dma.c **** 
 1689              		.loc 1 880 3 is_stmt 1 view .LVU645
 880:Drivers/STM32G4xx_HAL_Driver/Src/stm32g4xx_hal_dma.c **** 
 1690              		.loc 1 880 3 view .LVU646
 1691 0020 0022     		movs	r2, #0
 1692              	.LVL96:
 880:Drivers/STM32G4xx_HAL_Driver/Src/stm32g4xx_hal_dma.c **** 
 1693              		.loc 1 880 3 is_stmt 0 view .LVU647
 1694 0022 83F82420 		strb	r2, [r3, #36]
 880:Drivers/STM32G4xx_HAL_Driver/Src/stm32g4xx_hal_dma.c **** 
 1695              		.loc 1 880 3 is_stmt 1 view .LVU648
 882:Drivers/STM32G4xx_HAL_Driver/Src/stm32g4xx_hal_dma.c **** }
 1696              		.loc 1 882 3 view .LVU649
 882:Drivers/STM32G4xx_HAL_Driver/Src/stm32g4xx_hal_dma.c **** }
 1697              		.loc 1 882 10 is_stmt 0 view .LVU650
ARM GAS  /tmp/ccdtMzc4.s 			page 60


 1698 0026 7047     		bx	lr
 1699              	.LVL97:
 1700              	.L108:
 851:Drivers/STM32G4xx_HAL_Driver/Src/stm32g4xx_hal_dma.c ****     {
 1701              		.loc 1 851 5 is_stmt 1 view .LVU651
 1702 0028 0229     		cmp	r1, #2
 1703 002a 0ED0     		beq	.L101
 1704 002c 05D8     		bhi	.L102
 1705 002e 49B1     		cbz	r1, .L103
 1706 0030 0129     		cmp	r1, #1
 1707 0032 F5D1     		bne	.L100
 858:Drivers/STM32G4xx_HAL_Driver/Src/stm32g4xx_hal_dma.c ****         break;
 1708              		.loc 1 858 9 view .LVU652
 858:Drivers/STM32G4xx_HAL_Driver/Src/stm32g4xx_hal_dma.c ****         break;
 1709              		.loc 1 858 36 is_stmt 0 view .LVU653
 1710 0034 1A63     		str	r2, [r3, #48]
 859:Drivers/STM32G4xx_HAL_Driver/Src/stm32g4xx_hal_dma.c **** 
 1711              		.loc 1 859 9 is_stmt 1 view .LVU654
 844:Drivers/STM32G4xx_HAL_Driver/Src/stm32g4xx_hal_dma.c **** 
 1712              		.loc 1 844 21 is_stmt 0 view .LVU655
 1713 0036 0020     		movs	r0, #0
 859:Drivers/STM32G4xx_HAL_Driver/Src/stm32g4xx_hal_dma.c **** 
 1714              		.loc 1 859 9 view .LVU656
 1715 0038 F2E7     		b	.L100
 1716              	.L102:
 851:Drivers/STM32G4xx_HAL_Driver/Src/stm32g4xx_hal_dma.c ****     {
 1717              		.loc 1 851 5 view .LVU657
 1718 003a 0329     		cmp	r1, #3
 1719 003c F0D1     		bne	.L100
 866:Drivers/STM32G4xx_HAL_Driver/Src/stm32g4xx_hal_dma.c ****         break;
 1720              		.loc 1 866 9 is_stmt 1 view .LVU658
 866:Drivers/STM32G4xx_HAL_Driver/Src/stm32g4xx_hal_dma.c ****         break;
 1721              		.loc 1 866 33 is_stmt 0 view .LVU659
 1722 003e 9A63     		str	r2, [r3, #56]
 867:Drivers/STM32G4xx_HAL_Driver/Src/stm32g4xx_hal_dma.c **** 
 1723              		.loc 1 867 9 is_stmt 1 view .LVU660
 844:Drivers/STM32G4xx_HAL_Driver/Src/stm32g4xx_hal_dma.c **** 
 1724              		.loc 1 844 21 is_stmt 0 view .LVU661
 1725 0040 0020     		movs	r0, #0
 867:Drivers/STM32G4xx_HAL_Driver/Src/stm32g4xx_hal_dma.c **** 
 1726              		.loc 1 867 9 view .LVU662
 1727 0042 EDE7     		b	.L100
 1728              	.L103:
 854:Drivers/STM32G4xx_HAL_Driver/Src/stm32g4xx_hal_dma.c ****         break;
 1729              		.loc 1 854 9 is_stmt 1 view .LVU663
 854:Drivers/STM32G4xx_HAL_Driver/Src/stm32g4xx_hal_dma.c ****         break;
 1730              		.loc 1 854 32 is_stmt 0 view .LVU664
 1731 0044 DA62     		str	r2, [r3, #44]
 855:Drivers/STM32G4xx_HAL_Driver/Src/stm32g4xx_hal_dma.c **** 
 1732              		.loc 1 855 9 is_stmt 1 view .LVU665
 844:Drivers/STM32G4xx_HAL_Driver/Src/stm32g4xx_hal_dma.c **** 
 1733              		.loc 1 844 21 is_stmt 0 view .LVU666
 1734 0046 0846     		mov	r0, r1
 855:Drivers/STM32G4xx_HAL_Driver/Src/stm32g4xx_hal_dma.c **** 
 1735              		.loc 1 855 9 view .LVU667
 1736 0048 EAE7     		b	.L100
 1737              	.L101:
ARM GAS  /tmp/ccdtMzc4.s 			page 61


 862:Drivers/STM32G4xx_HAL_Driver/Src/stm32g4xx_hal_dma.c ****         break;
 1738              		.loc 1 862 9 is_stmt 1 view .LVU668
 862:Drivers/STM32G4xx_HAL_Driver/Src/stm32g4xx_hal_dma.c ****         break;
 1739              		.loc 1 862 33 is_stmt 0 view .LVU669
 1740 004a 5A63     		str	r2, [r3, #52]
 863:Drivers/STM32G4xx_HAL_Driver/Src/stm32g4xx_hal_dma.c **** 
 1741              		.loc 1 863 9 is_stmt 1 view .LVU670
 844:Drivers/STM32G4xx_HAL_Driver/Src/stm32g4xx_hal_dma.c **** 
 1742              		.loc 1 844 21 is_stmt 0 view .LVU671
 1743 004c 0020     		movs	r0, #0
 863:Drivers/STM32G4xx_HAL_Driver/Src/stm32g4xx_hal_dma.c **** 
 1744              		.loc 1 863 9 view .LVU672
 1745 004e E7E7     		b	.L100
 1746              	.L106:
 847:Drivers/STM32G4xx_HAL_Driver/Src/stm32g4xx_hal_dma.c **** 
 1747              		.loc 1 847 3 discriminator 1 view .LVU673
 1748 0050 0220     		movs	r0, #2
 883:Drivers/STM32G4xx_HAL_Driver/Src/stm32g4xx_hal_dma.c **** 
 1749              		.loc 1 883 1 view .LVU674
 1750 0052 7047     		bx	lr
 1751              		.cfi_endproc
 1752              	.LFE140:
 1754              		.section	.text.HAL_DMA_UnRegisterCallback,"ax",%progbits
 1755              		.align	1
 1756              		.global	HAL_DMA_UnRegisterCallback
 1757              		.syntax unified
 1758              		.thumb
 1759              		.thumb_func
 1761              	HAL_DMA_UnRegisterCallback:
 1762              	.LVL98:
 1763              	.LFB141:
 894:Drivers/STM32G4xx_HAL_Driver/Src/stm32g4xx_hal_dma.c ****   HAL_StatusTypeDef status = HAL_OK;
 1764              		.loc 1 894 1 is_stmt 1 view -0
 1765              		.cfi_startproc
 1766              		@ args = 0, pretend = 0, frame = 0
 1767              		@ frame_needed = 0, uses_anonymous_args = 0
 1768              		@ link register save eliminated.
 894:Drivers/STM32G4xx_HAL_Driver/Src/stm32g4xx_hal_dma.c ****   HAL_StatusTypeDef status = HAL_OK;
 1769              		.loc 1 894 1 is_stmt 0 view .LVU676
 1770 0000 0346     		mov	r3, r0
 895:Drivers/STM32G4xx_HAL_Driver/Src/stm32g4xx_hal_dma.c **** 
 1771              		.loc 1 895 3 is_stmt 1 view .LVU677
 1772              	.LVL99:
 898:Drivers/STM32G4xx_HAL_Driver/Src/stm32g4xx_hal_dma.c **** 
 1773              		.loc 1 898 3 view .LVU678
 898:Drivers/STM32G4xx_HAL_Driver/Src/stm32g4xx_hal_dma.c **** 
 1774              		.loc 1 898 3 view .LVU679
 1775 0002 90F82420 		ldrb	r2, [r0, #36]	@ zero_extendqisi2
 1776 0006 012A     		cmp	r2, #1
 1777 0008 28D0     		beq	.L118
 898:Drivers/STM32G4xx_HAL_Driver/Src/stm32g4xx_hal_dma.c **** 
 1778              		.loc 1 898 3 discriminator 2 view .LVU680
 1779 000a 0122     		movs	r2, #1
 1780 000c 80F82420 		strb	r2, [r0, #36]
 898:Drivers/STM32G4xx_HAL_Driver/Src/stm32g4xx_hal_dma.c **** 
 1781              		.loc 1 898 3 view .LVU681
 900:Drivers/STM32G4xx_HAL_Driver/Src/stm32g4xx_hal_dma.c ****   {
ARM GAS  /tmp/ccdtMzc4.s 			page 62


 1782              		.loc 1 900 3 view .LVU682
 900:Drivers/STM32G4xx_HAL_Driver/Src/stm32g4xx_hal_dma.c ****   {
 1783              		.loc 1 900 34 is_stmt 0 view .LVU683
 1784 0010 90F82520 		ldrb	r2, [r0, #37]	@ zero_extendqisi2
 1785 0014 D0B2     		uxtb	r0, r2
 1786              	.LVL100:
 900:Drivers/STM32G4xx_HAL_Driver/Src/stm32g4xx_hal_dma.c ****   {
 1787              		.loc 1 900 6 view .LVU684
 1788 0016 012A     		cmp	r2, #1
 1789 0018 04D0     		beq	.L120
 934:Drivers/STM32G4xx_HAL_Driver/Src/stm32g4xx_hal_dma.c ****   }
 1790              		.loc 1 934 12 view .LVU685
 1791 001a 0120     		movs	r0, #1
 1792              	.L111:
 1793              	.LVL101:
 938:Drivers/STM32G4xx_HAL_Driver/Src/stm32g4xx_hal_dma.c **** 
 1794              		.loc 1 938 3 is_stmt 1 view .LVU686
 938:Drivers/STM32G4xx_HAL_Driver/Src/stm32g4xx_hal_dma.c **** 
 1795              		.loc 1 938 3 view .LVU687
 1796 001c 0022     		movs	r2, #0
 1797 001e 83F82420 		strb	r2, [r3, #36]
 938:Drivers/STM32G4xx_HAL_Driver/Src/stm32g4xx_hal_dma.c **** 
 1798              		.loc 1 938 3 view .LVU688
 940:Drivers/STM32G4xx_HAL_Driver/Src/stm32g4xx_hal_dma.c **** }
 1799              		.loc 1 940 3 view .LVU689
 940:Drivers/STM32G4xx_HAL_Driver/Src/stm32g4xx_hal_dma.c **** }
 1800              		.loc 1 940 10 is_stmt 0 view .LVU690
 1801 0022 7047     		bx	lr
 1802              	.LVL102:
 1803              	.L120:
 902:Drivers/STM32G4xx_HAL_Driver/Src/stm32g4xx_hal_dma.c ****     {
 1804              		.loc 1 902 5 is_stmt 1 view .LVU691
 1805 0024 0229     		cmp	r1, #2
 1806 0026 13D0     		beq	.L112
 1807 0028 09D9     		bls	.L121
 1808 002a 0329     		cmp	r1, #3
 1809 002c 13D0     		beq	.L116
 1810 002e 0429     		cmp	r1, #4
 1811 0030 F4D1     		bne	.L111
 921:Drivers/STM32G4xx_HAL_Driver/Src/stm32g4xx_hal_dma.c ****         hdma->XferHalfCpltCallback = NULL;
 1812              		.loc 1 921 9 view .LVU692
 921:Drivers/STM32G4xx_HAL_Driver/Src/stm32g4xx_hal_dma.c ****         hdma->XferHalfCpltCallback = NULL;
 1813              		.loc 1 921 32 is_stmt 0 view .LVU693
 1814 0032 0020     		movs	r0, #0
 1815 0034 D862     		str	r0, [r3, #44]
 922:Drivers/STM32G4xx_HAL_Driver/Src/stm32g4xx_hal_dma.c ****         hdma->XferErrorCallback = NULL;
 1816              		.loc 1 922 9 is_stmt 1 view .LVU694
 922:Drivers/STM32G4xx_HAL_Driver/Src/stm32g4xx_hal_dma.c ****         hdma->XferErrorCallback = NULL;
 1817              		.loc 1 922 36 is_stmt 0 view .LVU695
 1818 0036 1863     		str	r0, [r3, #48]
 923:Drivers/STM32G4xx_HAL_Driver/Src/stm32g4xx_hal_dma.c ****         hdma->XferAbortCallback = NULL;
 1819              		.loc 1 923 9 is_stmt 1 view .LVU696
 923:Drivers/STM32G4xx_HAL_Driver/Src/stm32g4xx_hal_dma.c ****         hdma->XferAbortCallback = NULL;
 1820              		.loc 1 923 33 is_stmt 0 view .LVU697
 1821 0038 5863     		str	r0, [r3, #52]
 924:Drivers/STM32G4xx_HAL_Driver/Src/stm32g4xx_hal_dma.c ****         break;
 1822              		.loc 1 924 9 is_stmt 1 view .LVU698
ARM GAS  /tmp/ccdtMzc4.s 			page 63


 924:Drivers/STM32G4xx_HAL_Driver/Src/stm32g4xx_hal_dma.c ****         break;
 1823              		.loc 1 924 33 is_stmt 0 view .LVU699
 1824 003a 9863     		str	r0, [r3, #56]
 925:Drivers/STM32G4xx_HAL_Driver/Src/stm32g4xx_hal_dma.c **** 
 1825              		.loc 1 925 9 is_stmt 1 view .LVU700
 1826 003c EEE7     		b	.L111
 1827              	.L121:
 902:Drivers/STM32G4xx_HAL_Driver/Src/stm32g4xx_hal_dma.c ****     {
 1828              		.loc 1 902 5 is_stmt 0 view .LVU701
 1829 003e 21B1     		cbz	r1, .L114
 1830 0040 0129     		cmp	r1, #1
 1831 0042 EBD1     		bne	.L111
 909:Drivers/STM32G4xx_HAL_Driver/Src/stm32g4xx_hal_dma.c ****         break;
 1832              		.loc 1 909 9 is_stmt 1 view .LVU702
 909:Drivers/STM32G4xx_HAL_Driver/Src/stm32g4xx_hal_dma.c ****         break;
 1833              		.loc 1 909 36 is_stmt 0 view .LVU703
 1834 0044 0020     		movs	r0, #0
 1835 0046 1863     		str	r0, [r3, #48]
 910:Drivers/STM32G4xx_HAL_Driver/Src/stm32g4xx_hal_dma.c **** 
 1836              		.loc 1 910 9 is_stmt 1 view .LVU704
 1837 0048 E8E7     		b	.L111
 1838              	.L114:
 905:Drivers/STM32G4xx_HAL_Driver/Src/stm32g4xx_hal_dma.c ****         break;
 1839              		.loc 1 905 9 view .LVU705
 905:Drivers/STM32G4xx_HAL_Driver/Src/stm32g4xx_hal_dma.c ****         break;
 1840              		.loc 1 905 32 is_stmt 0 view .LVU706
 1841 004a D962     		str	r1, [r3, #44]
 906:Drivers/STM32G4xx_HAL_Driver/Src/stm32g4xx_hal_dma.c **** 
 1842              		.loc 1 906 9 is_stmt 1 view .LVU707
 895:Drivers/STM32G4xx_HAL_Driver/Src/stm32g4xx_hal_dma.c **** 
 1843              		.loc 1 895 21 is_stmt 0 view .LVU708
 1844 004c 0846     		mov	r0, r1
 906:Drivers/STM32G4xx_HAL_Driver/Src/stm32g4xx_hal_dma.c **** 
 1845              		.loc 1 906 9 view .LVU709
 1846 004e E5E7     		b	.L111
 1847              	.L112:
 913:Drivers/STM32G4xx_HAL_Driver/Src/stm32g4xx_hal_dma.c ****         break;
 1848              		.loc 1 913 9 is_stmt 1 view .LVU710
 913:Drivers/STM32G4xx_HAL_Driver/Src/stm32g4xx_hal_dma.c ****         break;
 1849              		.loc 1 913 33 is_stmt 0 view .LVU711
 1850 0050 0020     		movs	r0, #0
 1851 0052 5863     		str	r0, [r3, #52]
 914:Drivers/STM32G4xx_HAL_Driver/Src/stm32g4xx_hal_dma.c **** 
 1852              		.loc 1 914 9 is_stmt 1 view .LVU712
 1853 0054 E2E7     		b	.L111
 1854              	.L116:
 917:Drivers/STM32G4xx_HAL_Driver/Src/stm32g4xx_hal_dma.c ****         break;
 1855              		.loc 1 917 9 view .LVU713
 917:Drivers/STM32G4xx_HAL_Driver/Src/stm32g4xx_hal_dma.c ****         break;
 1856              		.loc 1 917 33 is_stmt 0 view .LVU714
 1857 0056 0020     		movs	r0, #0
 1858 0058 9863     		str	r0, [r3, #56]
 918:Drivers/STM32G4xx_HAL_Driver/Src/stm32g4xx_hal_dma.c **** 
 1859              		.loc 1 918 9 is_stmt 1 view .LVU715
 1860 005a DFE7     		b	.L111
 1861              	.LVL103:
 1862              	.L118:
ARM GAS  /tmp/ccdtMzc4.s 			page 64


 898:Drivers/STM32G4xx_HAL_Driver/Src/stm32g4xx_hal_dma.c **** 
 1863              		.loc 1 898 3 is_stmt 0 discriminator 1 view .LVU716
 1864 005c 0220     		movs	r0, #2
 1865              	.LVL104:
 941:Drivers/STM32G4xx_HAL_Driver/Src/stm32g4xx_hal_dma.c **** 
 1866              		.loc 1 941 1 view .LVU717
 1867 005e 7047     		bx	lr
 1868              		.cfi_endproc
 1869              	.LFE141:
 1871              		.section	.text.HAL_DMA_GetState,"ax",%progbits
 1872              		.align	1
 1873              		.global	HAL_DMA_GetState
 1874              		.syntax unified
 1875              		.thumb
 1876              		.thumb_func
 1878              	HAL_DMA_GetState:
 1879              	.LVL105:
 1880              	.LFB142:
 971:Drivers/STM32G4xx_HAL_Driver/Src/stm32g4xx_hal_dma.c ****   /* Return DMA handle state */
 1881              		.loc 1 971 1 is_stmt 1 view -0
 1882              		.cfi_startproc
 1883              		@ args = 0, pretend = 0, frame = 0
 1884              		@ frame_needed = 0, uses_anonymous_args = 0
 1885              		@ link register save eliminated.
 973:Drivers/STM32G4xx_HAL_Driver/Src/stm32g4xx_hal_dma.c **** }
 1886              		.loc 1 973 3 view .LVU719
 973:Drivers/STM32G4xx_HAL_Driver/Src/stm32g4xx_hal_dma.c **** }
 1887              		.loc 1 973 14 is_stmt 0 view .LVU720
 1888 0000 90F82500 		ldrb	r0, [r0, #37]	@ zero_extendqisi2
 1889              	.LVL106:
 974:Drivers/STM32G4xx_HAL_Driver/Src/stm32g4xx_hal_dma.c **** 
 1890              		.loc 1 974 1 view .LVU721
 1891 0004 7047     		bx	lr
 1892              		.cfi_endproc
 1893              	.LFE142:
 1895              		.section	.text.HAL_DMA_GetError,"ax",%progbits
 1896              		.align	1
 1897              		.global	HAL_DMA_GetError
 1898              		.syntax unified
 1899              		.thumb
 1900              		.thumb_func
 1902              	HAL_DMA_GetError:
 1903              	.LVL107:
 1904              	.LFB143:
 983:Drivers/STM32G4xx_HAL_Driver/Src/stm32g4xx_hal_dma.c ****   return hdma->ErrorCode;
 1905              		.loc 1 983 1 is_stmt 1 view -0
 1906              		.cfi_startproc
 1907              		@ args = 0, pretend = 0, frame = 0
 1908              		@ frame_needed = 0, uses_anonymous_args = 0
 1909              		@ link register save eliminated.
 984:Drivers/STM32G4xx_HAL_Driver/Src/stm32g4xx_hal_dma.c **** }
 1910              		.loc 1 984 3 view .LVU723
 984:Drivers/STM32G4xx_HAL_Driver/Src/stm32g4xx_hal_dma.c **** }
 1911              		.loc 1 984 14 is_stmt 0 view .LVU724
 1912 0000 C06B     		ldr	r0, [r0, #60]
 1913              	.LVL108:
 985:Drivers/STM32G4xx_HAL_Driver/Src/stm32g4xx_hal_dma.c **** 
ARM GAS  /tmp/ccdtMzc4.s 			page 65


 1914              		.loc 1 985 1 view .LVU725
 1915 0002 7047     		bx	lr
 1916              		.cfi_endproc
 1917              	.LFE143:
 1919              		.text
 1920              	.Letext0:
 1921              		.file 2 "/home/charlie/.config/Code/User/globalStorage/bmd.stm32-for-vscode/@xpack-dev-tools/arm-n
 1922              		.file 3 "/home/charlie/.config/Code/User/globalStorage/bmd.stm32-for-vscode/@xpack-dev-tools/arm-n
 1923              		.file 4 "Drivers/CMSIS/Device/ST/STM32G4xx/Include/stm32g431xx.h"
 1924              		.file 5 "Drivers/STM32G4xx_HAL_Driver/Inc/stm32g4xx_hal_def.h"
 1925              		.file 6 "Drivers/STM32G4xx_HAL_Driver/Inc/stm32g4xx_hal_dma.h"
 1926              		.file 7 "Drivers/STM32G4xx_HAL_Driver/Inc/stm32g4xx_hal.h"
ARM GAS  /tmp/ccdtMzc4.s 			page 66


DEFINED SYMBOLS
                            *ABS*:00000000 stm32g4xx_hal_dma.c
     /tmp/ccdtMzc4.s:21     .text.DMA_SetConfig:00000000 $t
     /tmp/ccdtMzc4.s:26     .text.DMA_SetConfig:00000000 DMA_SetConfig
     /tmp/ccdtMzc4.s:107    .text.DMA_CalcDMAMUXChannelBaseAndMask:00000000 $t
     /tmp/ccdtMzc4.s:112    .text.DMA_CalcDMAMUXChannelBaseAndMask:00000000 DMA_CalcDMAMUXChannelBaseAndMask
     /tmp/ccdtMzc4.s:192    .text.DMA_CalcDMAMUXChannelBaseAndMask:00000044 $d
     /tmp/ccdtMzc4.s:201    .text.DMA_CalcDMAMUXRequestGenBaseAndMask:00000000 $t
     /tmp/ccdtMzc4.s:206    .text.DMA_CalcDMAMUXRequestGenBaseAndMask:00000000 DMA_CalcDMAMUXRequestGenBaseAndMask
     /tmp/ccdtMzc4.s:248    .text.DMA_CalcDMAMUXRequestGenBaseAndMask:00000024 $d
     /tmp/ccdtMzc4.s:254    .text.HAL_DMA_Init:00000000 $t
     /tmp/ccdtMzc4.s:260    .text.HAL_DMA_Init:00000000 HAL_DMA_Init
     /tmp/ccdtMzc4.s:475    .text.HAL_DMA_Init:000000c0 $d
     /tmp/ccdtMzc4.s:485    .text.HAL_DMA_DeInit:00000000 $t
     /tmp/ccdtMzc4.s:491    .text.HAL_DMA_DeInit:00000000 HAL_DMA_DeInit
     /tmp/ccdtMzc4.s:671    .text.HAL_DMA_DeInit:000000a0 $d
     /tmp/ccdtMzc4.s:681    .text.HAL_DMA_Start:00000000 $t
     /tmp/ccdtMzc4.s:687    .text.HAL_DMA_Start:00000000 HAL_DMA_Start
     /tmp/ccdtMzc4.s:771    .text.HAL_DMA_Start_IT:00000000 $t
     /tmp/ccdtMzc4.s:777    .text.HAL_DMA_Start_IT:00000000 HAL_DMA_Start_IT
     /tmp/ccdtMzc4.s:911    .text.HAL_DMA_Abort:00000000 $t
     /tmp/ccdtMzc4.s:917    .text.HAL_DMA_Abort:00000000 HAL_DMA_Abort
     /tmp/ccdtMzc4.s:1034   .text.HAL_DMA_Abort_IT:00000000 $t
     /tmp/ccdtMzc4.s:1040   .text.HAL_DMA_Abort_IT:00000000 HAL_DMA_Abort_IT
     /tmp/ccdtMzc4.s:1171   .text.HAL_DMA_PollForTransfer:00000000 $t
     /tmp/ccdtMzc4.s:1177   .text.HAL_DMA_PollForTransfer:00000000 HAL_DMA_PollForTransfer
     /tmp/ccdtMzc4.s:1458   .text.HAL_DMA_IRQHandler:00000000 $t
     /tmp/ccdtMzc4.s:1464   .text.HAL_DMA_IRQHandler:00000000 HAL_DMA_IRQHandler
     /tmp/ccdtMzc4.s:1649   .text.HAL_DMA_RegisterCallback:00000000 $t
     /tmp/ccdtMzc4.s:1655   .text.HAL_DMA_RegisterCallback:00000000 HAL_DMA_RegisterCallback
     /tmp/ccdtMzc4.s:1755   .text.HAL_DMA_UnRegisterCallback:00000000 $t
     /tmp/ccdtMzc4.s:1761   .text.HAL_DMA_UnRegisterCallback:00000000 HAL_DMA_UnRegisterCallback
     /tmp/ccdtMzc4.s:1872   .text.HAL_DMA_GetState:00000000 $t
     /tmp/ccdtMzc4.s:1878   .text.HAL_DMA_GetState:00000000 HAL_DMA_GetState
     /tmp/ccdtMzc4.s:1896   .text.HAL_DMA_GetError:00000000 $t
     /tmp/ccdtMzc4.s:1902   .text.HAL_DMA_GetError:00000000 HAL_DMA_GetError

UNDEFINED SYMBOLS
HAL_GetTick
