ARM GAS  /tmp/ccb7W4Pk.s 			page 1


   1              		.cpu cortex-m4
   2              		.arch armv7e-m
   3              		.fpu fpv4-sp-d16
   4              		.eabi_attribute 27, 1
   5              		.eabi_attribute 28, 1
   6              		.eabi_attribute 20, 1
   7              		.eabi_attribute 21, 1
   8              		.eabi_attribute 23, 3
   9              		.eabi_attribute 24, 1
  10              		.eabi_attribute 25, 1
  11              		.eabi_attribute 26, 1
  12              		.eabi_attribute 30, 1
  13              		.eabi_attribute 34, 1
  14              		.eabi_attribute 18, 4
  15              		.file	"stm32g4xx_hal_rcc_ex.c"
  16              		.text
  17              	.Ltext0:
  18              		.cfi_sections	.debug_frame
  19              		.file 1 "Drivers/STM32G4xx_HAL_Driver/Src/stm32g4xx_hal_rcc_ex.c"
  20              		.section	.text.HAL_RCCEx_PeriphCLKConfig,"ax",%progbits
  21              		.align	1
  22              		.global	HAL_RCCEx_PeriphCLKConfig
  23              		.syntax unified
  24              		.thumb
  25              		.thumb_func
  27              	HAL_RCCEx_PeriphCLKConfig:
  28              	.LVL0:
  29              	.LFB132:
   1:Drivers/STM32G4xx_HAL_Driver/Src/stm32g4xx_hal_rcc_ex.c **** /**
   2:Drivers/STM32G4xx_HAL_Driver/Src/stm32g4xx_hal_rcc_ex.c ****   ******************************************************************************
   3:Drivers/STM32G4xx_HAL_Driver/Src/stm32g4xx_hal_rcc_ex.c ****   * @file    stm32g4xx_hal_rcc_ex.c
   4:Drivers/STM32G4xx_HAL_Driver/Src/stm32g4xx_hal_rcc_ex.c ****   * @author  MCD Application Team
   5:Drivers/STM32G4xx_HAL_Driver/Src/stm32g4xx_hal_rcc_ex.c ****   * @brief   Extended RCC HAL module driver.
   6:Drivers/STM32G4xx_HAL_Driver/Src/stm32g4xx_hal_rcc_ex.c ****   *          This file provides firmware functions to manage the following
   7:Drivers/STM32G4xx_HAL_Driver/Src/stm32g4xx_hal_rcc_ex.c ****   *          functionalities RCC extended peripheral:
   8:Drivers/STM32G4xx_HAL_Driver/Src/stm32g4xx_hal_rcc_ex.c ****   *           + Extended Peripheral Control functions
   9:Drivers/STM32G4xx_HAL_Driver/Src/stm32g4xx_hal_rcc_ex.c ****   *           + Extended Clock management functions
  10:Drivers/STM32G4xx_HAL_Driver/Src/stm32g4xx_hal_rcc_ex.c ****   *           + Extended Clock Recovery System Control functions
  11:Drivers/STM32G4xx_HAL_Driver/Src/stm32g4xx_hal_rcc_ex.c ****   *
  12:Drivers/STM32G4xx_HAL_Driver/Src/stm32g4xx_hal_rcc_ex.c ****   ******************************************************************************
  13:Drivers/STM32G4xx_HAL_Driver/Src/stm32g4xx_hal_rcc_ex.c ****   * @attention
  14:Drivers/STM32G4xx_HAL_Driver/Src/stm32g4xx_hal_rcc_ex.c ****   *
  15:Drivers/STM32G4xx_HAL_Driver/Src/stm32g4xx_hal_rcc_ex.c ****   * Copyright (c) 2019 STMicroelectronics.
  16:Drivers/STM32G4xx_HAL_Driver/Src/stm32g4xx_hal_rcc_ex.c ****   * All rights reserved.
  17:Drivers/STM32G4xx_HAL_Driver/Src/stm32g4xx_hal_rcc_ex.c ****   *
  18:Drivers/STM32G4xx_HAL_Driver/Src/stm32g4xx_hal_rcc_ex.c ****   * This software is licensed under terms that can be found in the LICENSE file in
  19:Drivers/STM32G4xx_HAL_Driver/Src/stm32g4xx_hal_rcc_ex.c ****   * the root directory of this software component.
  20:Drivers/STM32G4xx_HAL_Driver/Src/stm32g4xx_hal_rcc_ex.c ****   * If no LICENSE file comes with this software, it is provided AS-IS.
  21:Drivers/STM32G4xx_HAL_Driver/Src/stm32g4xx_hal_rcc_ex.c ****   ******************************************************************************
  22:Drivers/STM32G4xx_HAL_Driver/Src/stm32g4xx_hal_rcc_ex.c ****   */
  23:Drivers/STM32G4xx_HAL_Driver/Src/stm32g4xx_hal_rcc_ex.c **** 
  24:Drivers/STM32G4xx_HAL_Driver/Src/stm32g4xx_hal_rcc_ex.c **** /* Includes ------------------------------------------------------------------*/
  25:Drivers/STM32G4xx_HAL_Driver/Src/stm32g4xx_hal_rcc_ex.c **** #include "stm32g4xx_hal.h"
  26:Drivers/STM32G4xx_HAL_Driver/Src/stm32g4xx_hal_rcc_ex.c **** 
  27:Drivers/STM32G4xx_HAL_Driver/Src/stm32g4xx_hal_rcc_ex.c **** /** @addtogroup STM32G4xx_HAL_Driver
  28:Drivers/STM32G4xx_HAL_Driver/Src/stm32g4xx_hal_rcc_ex.c ****   * @{
  29:Drivers/STM32G4xx_HAL_Driver/Src/stm32g4xx_hal_rcc_ex.c ****   */
ARM GAS  /tmp/ccb7W4Pk.s 			page 2


  30:Drivers/STM32G4xx_HAL_Driver/Src/stm32g4xx_hal_rcc_ex.c **** 
  31:Drivers/STM32G4xx_HAL_Driver/Src/stm32g4xx_hal_rcc_ex.c **** /** @defgroup RCCEx RCCEx
  32:Drivers/STM32G4xx_HAL_Driver/Src/stm32g4xx_hal_rcc_ex.c ****   * @brief RCC Extended HAL module driver
  33:Drivers/STM32G4xx_HAL_Driver/Src/stm32g4xx_hal_rcc_ex.c ****   * @{
  34:Drivers/STM32G4xx_HAL_Driver/Src/stm32g4xx_hal_rcc_ex.c ****   */
  35:Drivers/STM32G4xx_HAL_Driver/Src/stm32g4xx_hal_rcc_ex.c **** 
  36:Drivers/STM32G4xx_HAL_Driver/Src/stm32g4xx_hal_rcc_ex.c **** #ifdef HAL_RCC_MODULE_ENABLED
  37:Drivers/STM32G4xx_HAL_Driver/Src/stm32g4xx_hal_rcc_ex.c **** 
  38:Drivers/STM32G4xx_HAL_Driver/Src/stm32g4xx_hal_rcc_ex.c **** /* Private typedef -----------------------------------------------------------*/
  39:Drivers/STM32G4xx_HAL_Driver/Src/stm32g4xx_hal_rcc_ex.c **** /* Private defines -----------------------------------------------------------*/
  40:Drivers/STM32G4xx_HAL_Driver/Src/stm32g4xx_hal_rcc_ex.c **** /** @defgroup RCCEx_Private_Constants RCCEx Private Constants
  41:Drivers/STM32G4xx_HAL_Driver/Src/stm32g4xx_hal_rcc_ex.c ****  * @{
  42:Drivers/STM32G4xx_HAL_Driver/Src/stm32g4xx_hal_rcc_ex.c ****  */
  43:Drivers/STM32G4xx_HAL_Driver/Src/stm32g4xx_hal_rcc_ex.c **** #define PLL_TIMEOUT_VALUE        2U                /* 2 ms (minimum Tick + 1) */
  44:Drivers/STM32G4xx_HAL_Driver/Src/stm32g4xx_hal_rcc_ex.c **** 
  45:Drivers/STM32G4xx_HAL_Driver/Src/stm32g4xx_hal_rcc_ex.c **** #define DIVIDER_P_UPDATE          0U
  46:Drivers/STM32G4xx_HAL_Driver/Src/stm32g4xx_hal_rcc_ex.c **** #define DIVIDER_Q_UPDATE          1U
  47:Drivers/STM32G4xx_HAL_Driver/Src/stm32g4xx_hal_rcc_ex.c **** #define DIVIDER_R_UPDATE          2U
  48:Drivers/STM32G4xx_HAL_Driver/Src/stm32g4xx_hal_rcc_ex.c **** 
  49:Drivers/STM32G4xx_HAL_Driver/Src/stm32g4xx_hal_rcc_ex.c **** #define __LSCO_CLK_ENABLE()       __HAL_RCC_GPIOA_CLK_ENABLE()
  50:Drivers/STM32G4xx_HAL_Driver/Src/stm32g4xx_hal_rcc_ex.c **** #define LSCO_GPIO_PORT            GPIOA
  51:Drivers/STM32G4xx_HAL_Driver/Src/stm32g4xx_hal_rcc_ex.c **** #define LSCO_PIN                  GPIO_PIN_2
  52:Drivers/STM32G4xx_HAL_Driver/Src/stm32g4xx_hal_rcc_ex.c **** /**
  53:Drivers/STM32G4xx_HAL_Driver/Src/stm32g4xx_hal_rcc_ex.c ****   * @}
  54:Drivers/STM32G4xx_HAL_Driver/Src/stm32g4xx_hal_rcc_ex.c ****   */
  55:Drivers/STM32G4xx_HAL_Driver/Src/stm32g4xx_hal_rcc_ex.c **** 
  56:Drivers/STM32G4xx_HAL_Driver/Src/stm32g4xx_hal_rcc_ex.c **** /* Private macros ------------------------------------------------------------*/
  57:Drivers/STM32G4xx_HAL_Driver/Src/stm32g4xx_hal_rcc_ex.c **** /* Private variables ---------------------------------------------------------*/
  58:Drivers/STM32G4xx_HAL_Driver/Src/stm32g4xx_hal_rcc_ex.c **** /* Private function prototypes -----------------------------------------------*/
  59:Drivers/STM32G4xx_HAL_Driver/Src/stm32g4xx_hal_rcc_ex.c **** /** @defgroup RCCEx_Private_Functions RCCEx Private Functions
  60:Drivers/STM32G4xx_HAL_Driver/Src/stm32g4xx_hal_rcc_ex.c ****  * @{
  61:Drivers/STM32G4xx_HAL_Driver/Src/stm32g4xx_hal_rcc_ex.c ****  */
  62:Drivers/STM32G4xx_HAL_Driver/Src/stm32g4xx_hal_rcc_ex.c **** 
  63:Drivers/STM32G4xx_HAL_Driver/Src/stm32g4xx_hal_rcc_ex.c **** /**
  64:Drivers/STM32G4xx_HAL_Driver/Src/stm32g4xx_hal_rcc_ex.c ****   * @}
  65:Drivers/STM32G4xx_HAL_Driver/Src/stm32g4xx_hal_rcc_ex.c ****   */
  66:Drivers/STM32G4xx_HAL_Driver/Src/stm32g4xx_hal_rcc_ex.c **** 
  67:Drivers/STM32G4xx_HAL_Driver/Src/stm32g4xx_hal_rcc_ex.c **** /* Exported functions --------------------------------------------------------*/
  68:Drivers/STM32G4xx_HAL_Driver/Src/stm32g4xx_hal_rcc_ex.c **** 
  69:Drivers/STM32G4xx_HAL_Driver/Src/stm32g4xx_hal_rcc_ex.c **** /** @defgroup RCCEx_Exported_Functions RCCEx Exported Functions
  70:Drivers/STM32G4xx_HAL_Driver/Src/stm32g4xx_hal_rcc_ex.c ****   * @{
  71:Drivers/STM32G4xx_HAL_Driver/Src/stm32g4xx_hal_rcc_ex.c ****   */
  72:Drivers/STM32G4xx_HAL_Driver/Src/stm32g4xx_hal_rcc_ex.c **** 
  73:Drivers/STM32G4xx_HAL_Driver/Src/stm32g4xx_hal_rcc_ex.c **** /** @defgroup RCCEx_Exported_Functions_Group1 Extended Peripheral Control functions
  74:Drivers/STM32G4xx_HAL_Driver/Src/stm32g4xx_hal_rcc_ex.c ****  *  @brief  Extended Peripheral Control functions
  75:Drivers/STM32G4xx_HAL_Driver/Src/stm32g4xx_hal_rcc_ex.c ****  *
  76:Drivers/STM32G4xx_HAL_Driver/Src/stm32g4xx_hal_rcc_ex.c **** @verbatim
  77:Drivers/STM32G4xx_HAL_Driver/Src/stm32g4xx_hal_rcc_ex.c ****  ===============================================================================
  78:Drivers/STM32G4xx_HAL_Driver/Src/stm32g4xx_hal_rcc_ex.c ****                 ##### Extended Peripheral Control functions  #####
  79:Drivers/STM32G4xx_HAL_Driver/Src/stm32g4xx_hal_rcc_ex.c ****  ===============================================================================
  80:Drivers/STM32G4xx_HAL_Driver/Src/stm32g4xx_hal_rcc_ex.c ****     [..]
  81:Drivers/STM32G4xx_HAL_Driver/Src/stm32g4xx_hal_rcc_ex.c ****     This subsection provides a set of functions allowing to control the RCC Clocks
  82:Drivers/STM32G4xx_HAL_Driver/Src/stm32g4xx_hal_rcc_ex.c ****     frequencies.
  83:Drivers/STM32G4xx_HAL_Driver/Src/stm32g4xx_hal_rcc_ex.c ****     [..]
  84:Drivers/STM32G4xx_HAL_Driver/Src/stm32g4xx_hal_rcc_ex.c ****     (@) Important note: Care must be taken when HAL_RCCEx_PeriphCLKConfig() is used to
  85:Drivers/STM32G4xx_HAL_Driver/Src/stm32g4xx_hal_rcc_ex.c ****         select the RTC clock source; in this case the Backup domain will be reset in
  86:Drivers/STM32G4xx_HAL_Driver/Src/stm32g4xx_hal_rcc_ex.c ****         order to modify the RTC Clock source, as consequence RTC registers (including
ARM GAS  /tmp/ccb7W4Pk.s 			page 3


  87:Drivers/STM32G4xx_HAL_Driver/Src/stm32g4xx_hal_rcc_ex.c ****         the backup registers) are set to their reset values.
  88:Drivers/STM32G4xx_HAL_Driver/Src/stm32g4xx_hal_rcc_ex.c **** 
  89:Drivers/STM32G4xx_HAL_Driver/Src/stm32g4xx_hal_rcc_ex.c **** @endverbatim
  90:Drivers/STM32G4xx_HAL_Driver/Src/stm32g4xx_hal_rcc_ex.c ****   * @{
  91:Drivers/STM32G4xx_HAL_Driver/Src/stm32g4xx_hal_rcc_ex.c ****   */
  92:Drivers/STM32G4xx_HAL_Driver/Src/stm32g4xx_hal_rcc_ex.c **** /**
  93:Drivers/STM32G4xx_HAL_Driver/Src/stm32g4xx_hal_rcc_ex.c ****   * @brief  Initialize the RCC extended peripherals clocks according to the specified
  94:Drivers/STM32G4xx_HAL_Driver/Src/stm32g4xx_hal_rcc_ex.c ****   *         parameters in the RCC_PeriphCLKInitTypeDef.
  95:Drivers/STM32G4xx_HAL_Driver/Src/stm32g4xx_hal_rcc_ex.c ****   * @param  PeriphClkInit  pointer to an RCC_PeriphCLKInitTypeDef structure that
  96:Drivers/STM32G4xx_HAL_Driver/Src/stm32g4xx_hal_rcc_ex.c ****   *         contains a field PeriphClockSelection which can be a combination of the following value
  97:Drivers/STM32G4xx_HAL_Driver/Src/stm32g4xx_hal_rcc_ex.c ****   *            @arg @ref RCC_PERIPHCLK_RTC  RTC peripheral clock
  98:Drivers/STM32G4xx_HAL_Driver/Src/stm32g4xx_hal_rcc_ex.c ****   *            @arg @ref RCC_PERIPHCLK_USART1  USART1 peripheral clock
  99:Drivers/STM32G4xx_HAL_Driver/Src/stm32g4xx_hal_rcc_ex.c ****   *            @arg @ref RCC_PERIPHCLK_USART2  USART2 peripheral clock
 100:Drivers/STM32G4xx_HAL_Driver/Src/stm32g4xx_hal_rcc_ex.c ****   *            @arg @ref RCC_PERIPHCLK_USART3  USART3 peripheral clock
 101:Drivers/STM32G4xx_HAL_Driver/Src/stm32g4xx_hal_rcc_ex.c ****   *            @arg @ref RCC_PERIPHCLK_UART4  UART4 peripheral clock (only for devices with UART4)
 102:Drivers/STM32G4xx_HAL_Driver/Src/stm32g4xx_hal_rcc_ex.c ****   *            @arg @ref RCC_PERIPHCLK_UART5  UART5 peripheral clock (only for devices with UART5)
 103:Drivers/STM32G4xx_HAL_Driver/Src/stm32g4xx_hal_rcc_ex.c ****   *            @arg @ref RCC_PERIPHCLK_LPUART1  LPUART1 peripheral clock
 104:Drivers/STM32G4xx_HAL_Driver/Src/stm32g4xx_hal_rcc_ex.c ****   *            @arg @ref RCC_PERIPHCLK_I2C1  I2C1 peripheral clock
 105:Drivers/STM32G4xx_HAL_Driver/Src/stm32g4xx_hal_rcc_ex.c ****   *            @arg @ref RCC_PERIPHCLK_I2C2  I2C2 peripheral clock
 106:Drivers/STM32G4xx_HAL_Driver/Src/stm32g4xx_hal_rcc_ex.c ****   *            @arg @ref RCC_PERIPHCLK_I2C3  I2C3 peripheral clock
 107:Drivers/STM32G4xx_HAL_Driver/Src/stm32g4xx_hal_rcc_ex.c ****   *            @arg @ref RCC_PERIPHCLK_I2C4  I2C4 peripheral clock (only for devices with I2C4)
 108:Drivers/STM32G4xx_HAL_Driver/Src/stm32g4xx_hal_rcc_ex.c ****   *            @arg @ref RCC_PERIPHCLK_LPTIM1  LPTIM1 peripheral clock
 109:Drivers/STM32G4xx_HAL_Driver/Src/stm32g4xx_hal_rcc_ex.c ****   *            @arg @ref RCC_PERIPHCLK_SAI1  SAI1 peripheral clock
 110:Drivers/STM32G4xx_HAL_Driver/Src/stm32g4xx_hal_rcc_ex.c ****   *            @arg @ref RCC_PERIPHCLK_I2S  I2S peripheral clock
 111:Drivers/STM32G4xx_HAL_Driver/Src/stm32g4xx_hal_rcc_ex.c ****   *            @arg @ref RCC_PERIPHCLK_FDCAN  FDCAN peripheral clock (only for devices with FDCAN)
 112:Drivers/STM32G4xx_HAL_Driver/Src/stm32g4xx_hal_rcc_ex.c ****   *            @arg @ref RCC_PERIPHCLK_RNG  RNG peripheral clock
 113:Drivers/STM32G4xx_HAL_Driver/Src/stm32g4xx_hal_rcc_ex.c ****   *            @arg @ref RCC_PERIPHCLK_USB  USB peripheral clock (only for devices with USB)
 114:Drivers/STM32G4xx_HAL_Driver/Src/stm32g4xx_hal_rcc_ex.c ****   *            @arg @ref RCC_PERIPHCLK_ADC12  ADC1 and ADC2 peripheral clock
 115:Drivers/STM32G4xx_HAL_Driver/Src/stm32g4xx_hal_rcc_ex.c ****   *            @arg @ref RCC_PERIPHCLK_ADC345  ADC3, ADC4 and ADC5 peripheral clock (only for devic
 116:Drivers/STM32G4xx_HAL_Driver/Src/stm32g4xx_hal_rcc_ex.c ****   *            @arg @ref RCC_PERIPHCLK_QSPI  QuadSPI peripheral clock (only for devices with QuadSP
 117:Drivers/STM32G4xx_HAL_Driver/Src/stm32g4xx_hal_rcc_ex.c ****   *
 118:Drivers/STM32G4xx_HAL_Driver/Src/stm32g4xx_hal_rcc_ex.c ****   * @note   Care must be taken when HAL_RCCEx_PeriphCLKConfig() is used to select
 119:Drivers/STM32G4xx_HAL_Driver/Src/stm32g4xx_hal_rcc_ex.c ****   *         the RTC clock source: in this case the access to Backup domain is enabled.
 120:Drivers/STM32G4xx_HAL_Driver/Src/stm32g4xx_hal_rcc_ex.c ****   *
 121:Drivers/STM32G4xx_HAL_Driver/Src/stm32g4xx_hal_rcc_ex.c ****   * @retval HAL status
 122:Drivers/STM32G4xx_HAL_Driver/Src/stm32g4xx_hal_rcc_ex.c ****   */
 123:Drivers/STM32G4xx_HAL_Driver/Src/stm32g4xx_hal_rcc_ex.c **** HAL_StatusTypeDef HAL_RCCEx_PeriphCLKConfig(RCC_PeriphCLKInitTypeDef const *PeriphClkInit)
 124:Drivers/STM32G4xx_HAL_Driver/Src/stm32g4xx_hal_rcc_ex.c **** {
  30              		.loc 1 124 1 view -0
  31              		.cfi_startproc
  32              		@ args = 0, pretend = 0, frame = 8
  33              		@ frame_needed = 0, uses_anonymous_args = 0
  34              		.loc 1 124 1 is_stmt 0 view .LVU1
  35 0000 F0B5     		push	{r4, r5, r6, r7, lr}
  36              		.cfi_def_cfa_offset 20
  37              		.cfi_offset 4, -20
  38              		.cfi_offset 5, -16
  39              		.cfi_offset 6, -12
  40              		.cfi_offset 7, -8
  41              		.cfi_offset 14, -4
  42 0002 83B0     		sub	sp, sp, #12
  43              		.cfi_def_cfa_offset 32
  44 0004 0446     		mov	r4, r0
 125:Drivers/STM32G4xx_HAL_Driver/Src/stm32g4xx_hal_rcc_ex.c ****   uint32_t tmpregister;
  45              		.loc 1 125 3 is_stmt 1 view .LVU2
 126:Drivers/STM32G4xx_HAL_Driver/Src/stm32g4xx_hal_rcc_ex.c ****   uint32_t tickstart;
  46              		.loc 1 126 3 view .LVU3
ARM GAS  /tmp/ccb7W4Pk.s 			page 4


 127:Drivers/STM32G4xx_HAL_Driver/Src/stm32g4xx_hal_rcc_ex.c ****   HAL_StatusTypeDef ret = HAL_OK;      /* Intermediate status */
  47              		.loc 1 127 3 view .LVU4
  48              	.LVL1:
 128:Drivers/STM32G4xx_HAL_Driver/Src/stm32g4xx_hal_rcc_ex.c ****   HAL_StatusTypeDef status = HAL_OK;   /* Final status */
  49              		.loc 1 128 3 view .LVU5
 129:Drivers/STM32G4xx_HAL_Driver/Src/stm32g4xx_hal_rcc_ex.c **** 
 130:Drivers/STM32G4xx_HAL_Driver/Src/stm32g4xx_hal_rcc_ex.c ****   /* Check the parameters */
 131:Drivers/STM32G4xx_HAL_Driver/Src/stm32g4xx_hal_rcc_ex.c ****   assert_param(IS_RCC_PERIPHCLOCK(PeriphClkInit->PeriphClockSelection));
  50              		.loc 1 131 3 view .LVU6
 132:Drivers/STM32G4xx_HAL_Driver/Src/stm32g4xx_hal_rcc_ex.c **** 
 133:Drivers/STM32G4xx_HAL_Driver/Src/stm32g4xx_hal_rcc_ex.c ****   /*-------------------------- RTC clock source configuration ----------------------*/
 134:Drivers/STM32G4xx_HAL_Driver/Src/stm32g4xx_hal_rcc_ex.c ****   if((PeriphClkInit->PeriphClockSelection & RCC_PERIPHCLK_RTC) == RCC_PERIPHCLK_RTC)
  51              		.loc 1 134 3 view .LVU7
  52              		.loc 1 134 20 is_stmt 0 view .LVU8
  53 0006 0368     		ldr	r3, [r0]
  54              		.loc 1 134 5 view .LVU9
  55 0008 13F4002F 		tst	r3, #524288
  56 000c 6BD0     		beq	.L27
  57              	.LBB2:
 135:Drivers/STM32G4xx_HAL_Driver/Src/stm32g4xx_hal_rcc_ex.c ****   {
 136:Drivers/STM32G4xx_HAL_Driver/Src/stm32g4xx_hal_rcc_ex.c ****     FlagStatus       pwrclkchanged = RESET;
  58              		.loc 1 136 5 is_stmt 1 view .LVU10
  59              	.LVL2:
 137:Drivers/STM32G4xx_HAL_Driver/Src/stm32g4xx_hal_rcc_ex.c ****     
 138:Drivers/STM32G4xx_HAL_Driver/Src/stm32g4xx_hal_rcc_ex.c ****     /* Check for RTC Parameters used to output RTCCLK */
 139:Drivers/STM32G4xx_HAL_Driver/Src/stm32g4xx_hal_rcc_ex.c ****     assert_param(IS_RCC_RTCCLKSOURCE(PeriphClkInit->RTCClockSelection));
  60              		.loc 1 139 5 view .LVU11
 140:Drivers/STM32G4xx_HAL_Driver/Src/stm32g4xx_hal_rcc_ex.c **** 
 141:Drivers/STM32G4xx_HAL_Driver/Src/stm32g4xx_hal_rcc_ex.c ****     /* Enable Power Clock */
 142:Drivers/STM32G4xx_HAL_Driver/Src/stm32g4xx_hal_rcc_ex.c ****     if(__HAL_RCC_PWR_IS_CLK_DISABLED())
  61              		.loc 1 142 5 view .LVU12
  62              		.loc 1 142 8 is_stmt 0 view .LVU13
  63 000e AD4B     		ldr	r3, .L40
  64 0010 9B6D     		ldr	r3, [r3, #88]
  65              		.loc 1 142 7 view .LVU14
  66 0012 13F0805F 		tst	r3, #268435456
  67 0016 1FD1     		bne	.L28
 143:Drivers/STM32G4xx_HAL_Driver/Src/stm32g4xx_hal_rcc_ex.c ****     {
 144:Drivers/STM32G4xx_HAL_Driver/Src/stm32g4xx_hal_rcc_ex.c ****       __HAL_RCC_PWR_CLK_ENABLE();
  68              		.loc 1 144 7 is_stmt 1 view .LVU15
  69              	.LBB3:
  70              		.loc 1 144 7 view .LVU16
  71              		.loc 1 144 7 view .LVU17
  72 0018 AA4B     		ldr	r3, .L40
  73 001a 9A6D     		ldr	r2, [r3, #88]
  74 001c 42F08052 		orr	r2, r2, #268435456
  75 0020 9A65     		str	r2, [r3, #88]
  76              		.loc 1 144 7 view .LVU18
  77 0022 9B6D     		ldr	r3, [r3, #88]
  78 0024 03F08053 		and	r3, r3, #268435456
  79 0028 0193     		str	r3, [sp, #4]
  80              		.loc 1 144 7 view .LVU19
  81 002a 019B     		ldr	r3, [sp, #4]
  82              	.LBE3:
  83              		.loc 1 144 7 view .LVU20
 145:Drivers/STM32G4xx_HAL_Driver/Src/stm32g4xx_hal_rcc_ex.c ****       pwrclkchanged = SET;
  84              		.loc 1 145 7 view .LVU21
ARM GAS  /tmp/ccb7W4Pk.s 			page 5


  85              	.LVL3:
  86              		.loc 1 145 21 is_stmt 0 view .LVU22
  87 002c 0123     		movs	r3, #1
  88 002e 1E46     		mov	r6, r3
  89              	.LVL4:
  90              	.L3:
 146:Drivers/STM32G4xx_HAL_Driver/Src/stm32g4xx_hal_rcc_ex.c ****     }
 147:Drivers/STM32G4xx_HAL_Driver/Src/stm32g4xx_hal_rcc_ex.c ****       
 148:Drivers/STM32G4xx_HAL_Driver/Src/stm32g4xx_hal_rcc_ex.c ****     /* Enable write access to Backup domain */
 149:Drivers/STM32G4xx_HAL_Driver/Src/stm32g4xx_hal_rcc_ex.c ****     SET_BIT(PWR->CR1, PWR_CR1_DBP);
  91              		.loc 1 149 5 is_stmt 1 view .LVU23
  92 0030 A54A     		ldr	r2, .L40+4
  93 0032 1368     		ldr	r3, [r2]
  94 0034 43F48073 		orr	r3, r3, #256
  95 0038 1360     		str	r3, [r2]
 150:Drivers/STM32G4xx_HAL_Driver/Src/stm32g4xx_hal_rcc_ex.c **** 
 151:Drivers/STM32G4xx_HAL_Driver/Src/stm32g4xx_hal_rcc_ex.c ****     /* Wait for Backup domain Write protection disable */
 152:Drivers/STM32G4xx_HAL_Driver/Src/stm32g4xx_hal_rcc_ex.c ****     tickstart = HAL_GetTick();
  96              		.loc 1 152 5 view .LVU24
  97              		.loc 1 152 17 is_stmt 0 view .LVU25
  98 003a FFF7FEFF 		bl	HAL_GetTick
  99              	.LVL5:
 100              		.loc 1 152 17 view .LVU26
 101 003e 0546     		mov	r5, r0
 102              	.LVL6:
 153:Drivers/STM32G4xx_HAL_Driver/Src/stm32g4xx_hal_rcc_ex.c **** 
 154:Drivers/STM32G4xx_HAL_Driver/Src/stm32g4xx_hal_rcc_ex.c ****     while((PWR->CR1 & PWR_CR1_DBP) == 0U)
 103              		.loc 1 154 5 is_stmt 1 view .LVU27
 104              	.L4:
 105              		.loc 1 154 36 view .LVU28
 106              		.loc 1 154 15 is_stmt 0 view .LVU29
 107 0040 A14B     		ldr	r3, .L40+4
 108 0042 1B68     		ldr	r3, [r3]
 109              		.loc 1 154 36 view .LVU30
 110 0044 13F4807F 		tst	r3, #256
 111 0048 09D1     		bne	.L32
 155:Drivers/STM32G4xx_HAL_Driver/Src/stm32g4xx_hal_rcc_ex.c ****     {
 156:Drivers/STM32G4xx_HAL_Driver/Src/stm32g4xx_hal_rcc_ex.c ****       if((HAL_GetTick() - tickstart) > RCC_DBP_TIMEOUT_VALUE)
 112              		.loc 1 156 7 is_stmt 1 view .LVU31
 113              		.loc 1 156 11 is_stmt 0 view .LVU32
 114 004a FFF7FEFF 		bl	HAL_GetTick
 115              	.LVL7:
 116              		.loc 1 156 25 discriminator 1 view .LVU33
 117 004e 401B     		subs	r0, r0, r5
 118              		.loc 1 156 9 discriminator 1 view .LVU34
 119 0050 0228     		cmp	r0, #2
 120 0052 F5D9     		bls	.L4
 157:Drivers/STM32G4xx_HAL_Driver/Src/stm32g4xx_hal_rcc_ex.c ****       {
 158:Drivers/STM32G4xx_HAL_Driver/Src/stm32g4xx_hal_rcc_ex.c ****         ret = HAL_TIMEOUT;
 121              		.loc 1 158 13 view .LVU35
 122 0054 0325     		movs	r5, #3
 123              	.LVL8:
 124              		.loc 1 158 13 view .LVU36
 125 0056 03E0     		b	.L5
 126              	.LVL9:
 127              	.L28:
 136:Drivers/STM32G4xx_HAL_Driver/Src/stm32g4xx_hal_rcc_ex.c ****     
ARM GAS  /tmp/ccb7W4Pk.s 			page 6


 128              		.loc 1 136 22 view .LVU37
 129 0058 0023     		movs	r3, #0
 130 005a 1E46     		mov	r6, r3
 131 005c E8E7     		b	.L3
 132              	.LVL10:
 133              	.L32:
 136:Drivers/STM32G4xx_HAL_Driver/Src/stm32g4xx_hal_rcc_ex.c ****     
 134              		.loc 1 136 22 view .LVU38
 135              	.LBE2:
 127:Drivers/STM32G4xx_HAL_Driver/Src/stm32g4xx_hal_rcc_ex.c ****   HAL_StatusTypeDef status = HAL_OK;   /* Final status */
 136              		.loc 1 127 21 view .LVU39
 137 005e 0025     		movs	r5, #0
 138              	.LVL11:
 139              	.L5:
 140              	.LBB4:
 159:Drivers/STM32G4xx_HAL_Driver/Src/stm32g4xx_hal_rcc_ex.c ****         break;
 160:Drivers/STM32G4xx_HAL_Driver/Src/stm32g4xx_hal_rcc_ex.c ****       }
 161:Drivers/STM32G4xx_HAL_Driver/Src/stm32g4xx_hal_rcc_ex.c ****     }
 162:Drivers/STM32G4xx_HAL_Driver/Src/stm32g4xx_hal_rcc_ex.c **** 
 163:Drivers/STM32G4xx_HAL_Driver/Src/stm32g4xx_hal_rcc_ex.c ****     if(ret == HAL_OK)
 141              		.loc 1 163 5 is_stmt 1 view .LVU40
 142              		.loc 1 163 7 is_stmt 0 view .LVU41
 143 0060 45BB     		cbnz	r5, .L7
 164:Drivers/STM32G4xx_HAL_Driver/Src/stm32g4xx_hal_rcc_ex.c ****     { 
 165:Drivers/STM32G4xx_HAL_Driver/Src/stm32g4xx_hal_rcc_ex.c ****       /* Reset the Backup domain only if the RTC Clock source selection is modified from default */
 166:Drivers/STM32G4xx_HAL_Driver/Src/stm32g4xx_hal_rcc_ex.c ****       tmpregister = READ_BIT(RCC->BDCR, RCC_BDCR_RTCSEL);
 144              		.loc 1 166 7 is_stmt 1 view .LVU42
 145              		.loc 1 166 21 is_stmt 0 view .LVU43
 146 0062 984B     		ldr	r3, .L40
 147 0064 D3F89030 		ldr	r3, [r3, #144]
 148              	.LVL12:
 167:Drivers/STM32G4xx_HAL_Driver/Src/stm32g4xx_hal_rcc_ex.c ****       
 168:Drivers/STM32G4xx_HAL_Driver/Src/stm32g4xx_hal_rcc_ex.c ****       if((tmpregister != RCC_RTCCLKSOURCE_NONE) && (tmpregister != PeriphClkInit->RTCClockSelection
 149              		.loc 1 168 7 is_stmt 1 view .LVU44
 150              		.loc 1 168 9 is_stmt 0 view .LVU45
 151 0068 13F44073 		ands	r3, r3, #768
 152              	.LVL13:
 153              		.loc 1 168 9 view .LVU46
 154 006c 18D0     		beq	.L8
 155              		.loc 1 168 81 discriminator 1 view .LVU47
 156 006e 226C     		ldr	r2, [r4, #64]
 157              		.loc 1 168 49 discriminator 1 view .LVU48
 158 0070 9A42     		cmp	r2, r3
 159 0072 12D0     		beq	.L9
 169:Drivers/STM32G4xx_HAL_Driver/Src/stm32g4xx_hal_rcc_ex.c ****       {
 170:Drivers/STM32G4xx_HAL_Driver/Src/stm32g4xx_hal_rcc_ex.c ****         /* Store the content of BDCR register before the reset of Backup Domain */
 171:Drivers/STM32G4xx_HAL_Driver/Src/stm32g4xx_hal_rcc_ex.c ****         tmpregister = READ_BIT(RCC->BDCR, ~(RCC_BDCR_RTCSEL));
 160              		.loc 1 171 9 is_stmt 1 view .LVU49
 161              		.loc 1 171 23 is_stmt 0 view .LVU50
 162 0074 934A     		ldr	r2, .L40
 163 0076 D2F89030 		ldr	r3, [r2, #144]
 164              	.LVL14:
 165              		.loc 1 171 21 view .LVU51
 166 007a 23F44073 		bic	r3, r3, #768
 167              	.LVL15:
 172:Drivers/STM32G4xx_HAL_Driver/Src/stm32g4xx_hal_rcc_ex.c ****         /* RTC Clock selection can be changed only if the Backup Domain is reset */
 173:Drivers/STM32G4xx_HAL_Driver/Src/stm32g4xx_hal_rcc_ex.c ****         __HAL_RCC_BACKUPRESET_FORCE();
ARM GAS  /tmp/ccb7W4Pk.s 			page 7


 168              		.loc 1 173 9 is_stmt 1 view .LVU52
 169 007e D2F89010 		ldr	r1, [r2, #144]
 170 0082 41F48031 		orr	r1, r1, #65536
 171 0086 C2F89010 		str	r1, [r2, #144]
 174:Drivers/STM32G4xx_HAL_Driver/Src/stm32g4xx_hal_rcc_ex.c ****         __HAL_RCC_BACKUPRESET_RELEASE();
 172              		.loc 1 174 9 view .LVU53
 173 008a D2F89010 		ldr	r1, [r2, #144]
 174 008e 21F48031 		bic	r1, r1, #65536
 175 0092 C2F89010 		str	r1, [r2, #144]
 175:Drivers/STM32G4xx_HAL_Driver/Src/stm32g4xx_hal_rcc_ex.c ****         /* Restore the Content of BDCR register */
 176:Drivers/STM32G4xx_HAL_Driver/Src/stm32g4xx_hal_rcc_ex.c ****         RCC->BDCR = tmpregister;
 176              		.loc 1 176 9 view .LVU54
 177              		.loc 1 176 19 is_stmt 0 view .LVU55
 178 0096 C2F89030 		str	r3, [r2, #144]
 179              	.L9:
 177:Drivers/STM32G4xx_HAL_Driver/Src/stm32g4xx_hal_rcc_ex.c ****       }
 178:Drivers/STM32G4xx_HAL_Driver/Src/stm32g4xx_hal_rcc_ex.c **** 
 179:Drivers/STM32G4xx_HAL_Driver/Src/stm32g4xx_hal_rcc_ex.c ****       /* Wait for LSE reactivation if LSE was enable prior to Backup Domain reset */
 180:Drivers/STM32G4xx_HAL_Driver/Src/stm32g4xx_hal_rcc_ex.c ****       if (HAL_IS_BIT_SET(tmpregister, RCC_BDCR_LSEON))
 180              		.loc 1 180 7 is_stmt 1 view .LVU56
 181              		.loc 1 180 10 is_stmt 0 view .LVU57
 182 009a 13F0010F 		tst	r3, #1
 183 009e 10D1     		bne	.L33
 184              	.LVL16:
 185              	.L8:
 181:Drivers/STM32G4xx_HAL_Driver/Src/stm32g4xx_hal_rcc_ex.c ****       {
 182:Drivers/STM32G4xx_HAL_Driver/Src/stm32g4xx_hal_rcc_ex.c ****         /* Get Start Tick*/
 183:Drivers/STM32G4xx_HAL_Driver/Src/stm32g4xx_hal_rcc_ex.c ****         tickstart = HAL_GetTick();
 184:Drivers/STM32G4xx_HAL_Driver/Src/stm32g4xx_hal_rcc_ex.c **** 
 185:Drivers/STM32G4xx_HAL_Driver/Src/stm32g4xx_hal_rcc_ex.c ****         /* Wait till LSE is ready */
 186:Drivers/STM32G4xx_HAL_Driver/Src/stm32g4xx_hal_rcc_ex.c ****         while(READ_BIT(RCC->BDCR, RCC_BDCR_LSERDY) == 0U)
 187:Drivers/STM32G4xx_HAL_Driver/Src/stm32g4xx_hal_rcc_ex.c ****         {
 188:Drivers/STM32G4xx_HAL_Driver/Src/stm32g4xx_hal_rcc_ex.c ****           if((HAL_GetTick() - tickstart) > RCC_LSE_TIMEOUT_VALUE)
 189:Drivers/STM32G4xx_HAL_Driver/Src/stm32g4xx_hal_rcc_ex.c ****           {
 190:Drivers/STM32G4xx_HAL_Driver/Src/stm32g4xx_hal_rcc_ex.c ****             ret = HAL_TIMEOUT;
 191:Drivers/STM32G4xx_HAL_Driver/Src/stm32g4xx_hal_rcc_ex.c ****             break;
 192:Drivers/STM32G4xx_HAL_Driver/Src/stm32g4xx_hal_rcc_ex.c ****           }
 193:Drivers/STM32G4xx_HAL_Driver/Src/stm32g4xx_hal_rcc_ex.c ****         }
 194:Drivers/STM32G4xx_HAL_Driver/Src/stm32g4xx_hal_rcc_ex.c ****       }
 195:Drivers/STM32G4xx_HAL_Driver/Src/stm32g4xx_hal_rcc_ex.c ****       
 196:Drivers/STM32G4xx_HAL_Driver/Src/stm32g4xx_hal_rcc_ex.c ****       if(ret == HAL_OK)
 186              		.loc 1 196 7 is_stmt 1 view .LVU58
 187              		.loc 1 196 9 is_stmt 0 view .LVU59
 188 00a0 45B9     		cbnz	r5, .L7
 197:Drivers/STM32G4xx_HAL_Driver/Src/stm32g4xx_hal_rcc_ex.c ****       {
 198:Drivers/STM32G4xx_HAL_Driver/Src/stm32g4xx_hal_rcc_ex.c ****         /* Apply new RTC clock source selection */
 199:Drivers/STM32G4xx_HAL_Driver/Src/stm32g4xx_hal_rcc_ex.c ****         __HAL_RCC_RTC_CONFIG(PeriphClkInit->RTCClockSelection);
 189              		.loc 1 199 9 is_stmt 1 view .LVU60
 190 00a2 884A     		ldr	r2, .L40
 191 00a4 D2F89030 		ldr	r3, [r2, #144]
 192 00a8 23F44073 		bic	r3, r3, #768
 193 00ac 216C     		ldr	r1, [r4, #64]
 194 00ae 0B43     		orrs	r3, r3, r1
 195 00b0 C2F89030 		str	r3, [r2, #144]
 196              	.L7:
 197              	.LVL17:
 200:Drivers/STM32G4xx_HAL_Driver/Src/stm32g4xx_hal_rcc_ex.c ****       }
ARM GAS  /tmp/ccb7W4Pk.s 			page 8


 201:Drivers/STM32G4xx_HAL_Driver/Src/stm32g4xx_hal_rcc_ex.c ****       else
 202:Drivers/STM32G4xx_HAL_Driver/Src/stm32g4xx_hal_rcc_ex.c ****       {
 203:Drivers/STM32G4xx_HAL_Driver/Src/stm32g4xx_hal_rcc_ex.c ****         /* set overall return value */
 204:Drivers/STM32G4xx_HAL_Driver/Src/stm32g4xx_hal_rcc_ex.c ****         status = ret;
 205:Drivers/STM32G4xx_HAL_Driver/Src/stm32g4xx_hal_rcc_ex.c ****       }
 206:Drivers/STM32G4xx_HAL_Driver/Src/stm32g4xx_hal_rcc_ex.c ****     }
 207:Drivers/STM32G4xx_HAL_Driver/Src/stm32g4xx_hal_rcc_ex.c ****     else
 208:Drivers/STM32G4xx_HAL_Driver/Src/stm32g4xx_hal_rcc_ex.c ****     {
 209:Drivers/STM32G4xx_HAL_Driver/Src/stm32g4xx_hal_rcc_ex.c ****       /* set overall return value */
 210:Drivers/STM32G4xx_HAL_Driver/Src/stm32g4xx_hal_rcc_ex.c ****       status = ret;
 211:Drivers/STM32G4xx_HAL_Driver/Src/stm32g4xx_hal_rcc_ex.c ****     }
 212:Drivers/STM32G4xx_HAL_Driver/Src/stm32g4xx_hal_rcc_ex.c **** 
 213:Drivers/STM32G4xx_HAL_Driver/Src/stm32g4xx_hal_rcc_ex.c ****     /* Restore clock configuration if changed */
 214:Drivers/STM32G4xx_HAL_Driver/Src/stm32g4xx_hal_rcc_ex.c ****     if(pwrclkchanged == SET)
 198              		.loc 1 214 5 view .LVU61
 199              		.loc 1 214 7 is_stmt 0 view .LVU62
 200 00b4 C6B1     		cbz	r6, .L2
 215:Drivers/STM32G4xx_HAL_Driver/Src/stm32g4xx_hal_rcc_ex.c ****     {
 216:Drivers/STM32G4xx_HAL_Driver/Src/stm32g4xx_hal_rcc_ex.c ****       __HAL_RCC_PWR_CLK_DISABLE();
 201              		.loc 1 216 7 is_stmt 1 view .LVU63
 202 00b6 834A     		ldr	r2, .L40
 203 00b8 936D     		ldr	r3, [r2, #88]
 204 00ba 23F08053 		bic	r3, r3, #268435456
 205 00be 9365     		str	r3, [r2, #88]
 206 00c0 12E0     		b	.L2
 207              	.LVL18:
 208              	.L33:
 183:Drivers/STM32G4xx_HAL_Driver/Src/stm32g4xx_hal_rcc_ex.c **** 
 209              		.loc 1 183 9 view .LVU64
 183:Drivers/STM32G4xx_HAL_Driver/Src/stm32g4xx_hal_rcc_ex.c **** 
 210              		.loc 1 183 21 is_stmt 0 view .LVU65
 211 00c2 FFF7FEFF 		bl	HAL_GetTick
 212              	.LVL19:
 183:Drivers/STM32G4xx_HAL_Driver/Src/stm32g4xx_hal_rcc_ex.c **** 
 213              		.loc 1 183 21 view .LVU66
 214 00c6 0746     		mov	r7, r0
 215              	.LVL20:
 186:Drivers/STM32G4xx_HAL_Driver/Src/stm32g4xx_hal_rcc_ex.c ****         {
 216              		.loc 1 186 9 is_stmt 1 view .LVU67
 217              	.L10:
 186:Drivers/STM32G4xx_HAL_Driver/Src/stm32g4xx_hal_rcc_ex.c ****         {
 218              		.loc 1 186 52 view .LVU68
 186:Drivers/STM32G4xx_HAL_Driver/Src/stm32g4xx_hal_rcc_ex.c ****         {
 219              		.loc 1 186 15 is_stmt 0 view .LVU69
 220 00c8 7E4B     		ldr	r3, .L40
 221 00ca D3F89030 		ldr	r3, [r3, #144]
 186:Drivers/STM32G4xx_HAL_Driver/Src/stm32g4xx_hal_rcc_ex.c ****         {
 222              		.loc 1 186 52 view .LVU70
 223 00ce 13F0020F 		tst	r3, #2
 224 00d2 E5D1     		bne	.L8
 188:Drivers/STM32G4xx_HAL_Driver/Src/stm32g4xx_hal_rcc_ex.c ****           {
 225              		.loc 1 188 11 is_stmt 1 view .LVU71
 188:Drivers/STM32G4xx_HAL_Driver/Src/stm32g4xx_hal_rcc_ex.c ****           {
 226              		.loc 1 188 15 is_stmt 0 view .LVU72
 227 00d4 FFF7FEFF 		bl	HAL_GetTick
 228              	.LVL21:
 188:Drivers/STM32G4xx_HAL_Driver/Src/stm32g4xx_hal_rcc_ex.c ****           {
ARM GAS  /tmp/ccb7W4Pk.s 			page 9


 229              		.loc 1 188 29 discriminator 1 view .LVU73
 230 00d8 C01B     		subs	r0, r0, r7
 188:Drivers/STM32G4xx_HAL_Driver/Src/stm32g4xx_hal_rcc_ex.c ****           {
 231              		.loc 1 188 13 discriminator 1 view .LVU74
 232 00da 41F28833 		movw	r3, #5000
 233 00de 9842     		cmp	r0, r3
 234 00e0 F2D9     		bls	.L10
 190:Drivers/STM32G4xx_HAL_Driver/Src/stm32g4xx_hal_rcc_ex.c ****             break;
 235              		.loc 1 190 17 view .LVU75
 236 00e2 0325     		movs	r5, #3
 237              	.LVL22:
 190:Drivers/STM32G4xx_HAL_Driver/Src/stm32g4xx_hal_rcc_ex.c ****             break;
 238              		.loc 1 190 17 view .LVU76
 239 00e4 DCE7     		b	.L8
 240              	.LVL23:
 241              	.L27:
 190:Drivers/STM32G4xx_HAL_Driver/Src/stm32g4xx_hal_rcc_ex.c ****             break;
 242              		.loc 1 190 17 view .LVU77
 243              	.LBE4:
 128:Drivers/STM32G4xx_HAL_Driver/Src/stm32g4xx_hal_rcc_ex.c **** 
 244              		.loc 1 128 21 view .LVU78
 245 00e6 0025     		movs	r5, #0
 246              	.LVL24:
 247              	.L2:
 217:Drivers/STM32G4xx_HAL_Driver/Src/stm32g4xx_hal_rcc_ex.c ****     }
 218:Drivers/STM32G4xx_HAL_Driver/Src/stm32g4xx_hal_rcc_ex.c ****   }
 219:Drivers/STM32G4xx_HAL_Driver/Src/stm32g4xx_hal_rcc_ex.c **** 
 220:Drivers/STM32G4xx_HAL_Driver/Src/stm32g4xx_hal_rcc_ex.c ****   /*-------------------------- USART1 clock source configuration -------------------*/
 221:Drivers/STM32G4xx_HAL_Driver/Src/stm32g4xx_hal_rcc_ex.c ****   if(((PeriphClkInit->PeriphClockSelection) & RCC_PERIPHCLK_USART1) == RCC_PERIPHCLK_USART1)
 248              		.loc 1 221 3 is_stmt 1 view .LVU79
 249              		.loc 1 221 21 is_stmt 0 view .LVU80
 250 00e8 2368     		ldr	r3, [r4]
 251              		.loc 1 221 5 view .LVU81
 252 00ea 13F0010F 		tst	r3, #1
 253 00ee 08D0     		beq	.L12
 222:Drivers/STM32G4xx_HAL_Driver/Src/stm32g4xx_hal_rcc_ex.c ****   {
 223:Drivers/STM32G4xx_HAL_Driver/Src/stm32g4xx_hal_rcc_ex.c ****     /* Check the parameters */
 224:Drivers/STM32G4xx_HAL_Driver/Src/stm32g4xx_hal_rcc_ex.c ****     assert_param(IS_RCC_USART1CLKSOURCE(PeriphClkInit->Usart1ClockSelection));
 254              		.loc 1 224 5 is_stmt 1 view .LVU82
 225:Drivers/STM32G4xx_HAL_Driver/Src/stm32g4xx_hal_rcc_ex.c **** 
 226:Drivers/STM32G4xx_HAL_Driver/Src/stm32g4xx_hal_rcc_ex.c ****     /* Configure the USART1 clock source */
 227:Drivers/STM32G4xx_HAL_Driver/Src/stm32g4xx_hal_rcc_ex.c ****     __HAL_RCC_USART1_CONFIG(PeriphClkInit->Usart1ClockSelection);
 255              		.loc 1 227 5 view .LVU83
 256 00f0 744A     		ldr	r2, .L40
 257 00f2 D2F88830 		ldr	r3, [r2, #136]
 258 00f6 23F00303 		bic	r3, r3, #3
 259 00fa 6168     		ldr	r1, [r4, #4]
 260 00fc 0B43     		orrs	r3, r3, r1
 261 00fe C2F88830 		str	r3, [r2, #136]
 262              	.L12:
 228:Drivers/STM32G4xx_HAL_Driver/Src/stm32g4xx_hal_rcc_ex.c ****   }
 229:Drivers/STM32G4xx_HAL_Driver/Src/stm32g4xx_hal_rcc_ex.c **** 
 230:Drivers/STM32G4xx_HAL_Driver/Src/stm32g4xx_hal_rcc_ex.c ****   /*-------------------------- USART2 clock source configuration -------------------*/
 231:Drivers/STM32G4xx_HAL_Driver/Src/stm32g4xx_hal_rcc_ex.c ****   if(((PeriphClkInit->PeriphClockSelection) & RCC_PERIPHCLK_USART2) == RCC_PERIPHCLK_USART2)
 263              		.loc 1 231 3 view .LVU84
 264              		.loc 1 231 21 is_stmt 0 view .LVU85
 265 0102 2368     		ldr	r3, [r4]
ARM GAS  /tmp/ccb7W4Pk.s 			page 10


 266              		.loc 1 231 5 view .LVU86
 267 0104 13F0020F 		tst	r3, #2
 268 0108 08D0     		beq	.L13
 232:Drivers/STM32G4xx_HAL_Driver/Src/stm32g4xx_hal_rcc_ex.c ****   {
 233:Drivers/STM32G4xx_HAL_Driver/Src/stm32g4xx_hal_rcc_ex.c ****     /* Check the parameters */
 234:Drivers/STM32G4xx_HAL_Driver/Src/stm32g4xx_hal_rcc_ex.c ****     assert_param(IS_RCC_USART2CLKSOURCE(PeriphClkInit->Usart2ClockSelection));
 269              		.loc 1 234 5 is_stmt 1 view .LVU87
 235:Drivers/STM32G4xx_HAL_Driver/Src/stm32g4xx_hal_rcc_ex.c **** 
 236:Drivers/STM32G4xx_HAL_Driver/Src/stm32g4xx_hal_rcc_ex.c ****     /* Configure the USART2 clock source */
 237:Drivers/STM32G4xx_HAL_Driver/Src/stm32g4xx_hal_rcc_ex.c ****     __HAL_RCC_USART2_CONFIG(PeriphClkInit->Usart2ClockSelection);
 270              		.loc 1 237 5 view .LVU88
 271 010a 6E4A     		ldr	r2, .L40
 272 010c D2F88830 		ldr	r3, [r2, #136]
 273 0110 23F00C03 		bic	r3, r3, #12
 274 0114 A168     		ldr	r1, [r4, #8]
 275 0116 0B43     		orrs	r3, r3, r1
 276 0118 C2F88830 		str	r3, [r2, #136]
 277              	.L13:
 238:Drivers/STM32G4xx_HAL_Driver/Src/stm32g4xx_hal_rcc_ex.c ****   }
 239:Drivers/STM32G4xx_HAL_Driver/Src/stm32g4xx_hal_rcc_ex.c **** 
 240:Drivers/STM32G4xx_HAL_Driver/Src/stm32g4xx_hal_rcc_ex.c **** #if defined(USART3)
 241:Drivers/STM32G4xx_HAL_Driver/Src/stm32g4xx_hal_rcc_ex.c **** 
 242:Drivers/STM32G4xx_HAL_Driver/Src/stm32g4xx_hal_rcc_ex.c ****   /*-------------------------- USART3 clock source configuration -------------------*/
 243:Drivers/STM32G4xx_HAL_Driver/Src/stm32g4xx_hal_rcc_ex.c ****   if(((PeriphClkInit->PeriphClockSelection) & RCC_PERIPHCLK_USART3) == RCC_PERIPHCLK_USART3)
 278              		.loc 1 243 3 view .LVU89
 279              		.loc 1 243 21 is_stmt 0 view .LVU90
 280 011c 2368     		ldr	r3, [r4]
 281              		.loc 1 243 5 view .LVU91
 282 011e 13F0040F 		tst	r3, #4
 283 0122 08D0     		beq	.L14
 244:Drivers/STM32G4xx_HAL_Driver/Src/stm32g4xx_hal_rcc_ex.c ****   {
 245:Drivers/STM32G4xx_HAL_Driver/Src/stm32g4xx_hal_rcc_ex.c ****     /* Check the parameters */
 246:Drivers/STM32G4xx_HAL_Driver/Src/stm32g4xx_hal_rcc_ex.c ****     assert_param(IS_RCC_USART3CLKSOURCE(PeriphClkInit->Usart3ClockSelection));
 284              		.loc 1 246 5 is_stmt 1 view .LVU92
 247:Drivers/STM32G4xx_HAL_Driver/Src/stm32g4xx_hal_rcc_ex.c **** 
 248:Drivers/STM32G4xx_HAL_Driver/Src/stm32g4xx_hal_rcc_ex.c ****     /* Configure the USART3 clock source */
 249:Drivers/STM32G4xx_HAL_Driver/Src/stm32g4xx_hal_rcc_ex.c ****     __HAL_RCC_USART3_CONFIG(PeriphClkInit->Usart3ClockSelection);
 285              		.loc 1 249 5 view .LVU93
 286 0124 674A     		ldr	r2, .L40
 287 0126 D2F88830 		ldr	r3, [r2, #136]
 288 012a 23F03003 		bic	r3, r3, #48
 289 012e E168     		ldr	r1, [r4, #12]
 290 0130 0B43     		orrs	r3, r3, r1
 291 0132 C2F88830 		str	r3, [r2, #136]
 292              	.L14:
 250:Drivers/STM32G4xx_HAL_Driver/Src/stm32g4xx_hal_rcc_ex.c ****   }
 251:Drivers/STM32G4xx_HAL_Driver/Src/stm32g4xx_hal_rcc_ex.c **** 
 252:Drivers/STM32G4xx_HAL_Driver/Src/stm32g4xx_hal_rcc_ex.c **** #endif /* USART3 */
 253:Drivers/STM32G4xx_HAL_Driver/Src/stm32g4xx_hal_rcc_ex.c **** 
 254:Drivers/STM32G4xx_HAL_Driver/Src/stm32g4xx_hal_rcc_ex.c **** #if defined(UART4)
 255:Drivers/STM32G4xx_HAL_Driver/Src/stm32g4xx_hal_rcc_ex.c ****   /*-------------------------- UART4 clock source configuration --------------------*/
 256:Drivers/STM32G4xx_HAL_Driver/Src/stm32g4xx_hal_rcc_ex.c ****   if(((PeriphClkInit->PeriphClockSelection) & RCC_PERIPHCLK_UART4) == RCC_PERIPHCLK_UART4)
 293              		.loc 1 256 3 view .LVU94
 294              		.loc 1 256 21 is_stmt 0 view .LVU95
 295 0136 2368     		ldr	r3, [r4]
 296              		.loc 1 256 5 view .LVU96
 297 0138 13F0080F 		tst	r3, #8
ARM GAS  /tmp/ccb7W4Pk.s 			page 11


 298 013c 08D0     		beq	.L15
 257:Drivers/STM32G4xx_HAL_Driver/Src/stm32g4xx_hal_rcc_ex.c ****   {
 258:Drivers/STM32G4xx_HAL_Driver/Src/stm32g4xx_hal_rcc_ex.c ****     /* Check the parameters */
 259:Drivers/STM32G4xx_HAL_Driver/Src/stm32g4xx_hal_rcc_ex.c ****     assert_param(IS_RCC_UART4CLKSOURCE(PeriphClkInit->Uart4ClockSelection));
 299              		.loc 1 259 5 is_stmt 1 view .LVU97
 260:Drivers/STM32G4xx_HAL_Driver/Src/stm32g4xx_hal_rcc_ex.c **** 
 261:Drivers/STM32G4xx_HAL_Driver/Src/stm32g4xx_hal_rcc_ex.c ****     /* Configure the UART4 clock source */
 262:Drivers/STM32G4xx_HAL_Driver/Src/stm32g4xx_hal_rcc_ex.c ****     __HAL_RCC_UART4_CONFIG(PeriphClkInit->Uart4ClockSelection);
 300              		.loc 1 262 5 view .LVU98
 301 013e 614A     		ldr	r2, .L40
 302 0140 D2F88830 		ldr	r3, [r2, #136]
 303 0144 23F0C003 		bic	r3, r3, #192
 304 0148 2169     		ldr	r1, [r4, #16]
 305 014a 0B43     		orrs	r3, r3, r1
 306 014c C2F88830 		str	r3, [r2, #136]
 307              	.L15:
 263:Drivers/STM32G4xx_HAL_Driver/Src/stm32g4xx_hal_rcc_ex.c ****   }
 264:Drivers/STM32G4xx_HAL_Driver/Src/stm32g4xx_hal_rcc_ex.c **** #endif /* UART4 */
 265:Drivers/STM32G4xx_HAL_Driver/Src/stm32g4xx_hal_rcc_ex.c **** 
 266:Drivers/STM32G4xx_HAL_Driver/Src/stm32g4xx_hal_rcc_ex.c **** #if defined(UART5)
 267:Drivers/STM32G4xx_HAL_Driver/Src/stm32g4xx_hal_rcc_ex.c **** 
 268:Drivers/STM32G4xx_HAL_Driver/Src/stm32g4xx_hal_rcc_ex.c ****   /*-------------------------- UART5 clock source configuration --------------------*/
 269:Drivers/STM32G4xx_HAL_Driver/Src/stm32g4xx_hal_rcc_ex.c ****   if(((PeriphClkInit->PeriphClockSelection) & RCC_PERIPHCLK_UART5) == RCC_PERIPHCLK_UART5)
 270:Drivers/STM32G4xx_HAL_Driver/Src/stm32g4xx_hal_rcc_ex.c ****   {
 271:Drivers/STM32G4xx_HAL_Driver/Src/stm32g4xx_hal_rcc_ex.c ****     /* Check the parameters */
 272:Drivers/STM32G4xx_HAL_Driver/Src/stm32g4xx_hal_rcc_ex.c ****     assert_param(IS_RCC_UART5CLKSOURCE(PeriphClkInit->Uart5ClockSelection));
 273:Drivers/STM32G4xx_HAL_Driver/Src/stm32g4xx_hal_rcc_ex.c **** 
 274:Drivers/STM32G4xx_HAL_Driver/Src/stm32g4xx_hal_rcc_ex.c ****     /* Configure the UART5 clock source */
 275:Drivers/STM32G4xx_HAL_Driver/Src/stm32g4xx_hal_rcc_ex.c ****     __HAL_RCC_UART5_CONFIG(PeriphClkInit->Uart5ClockSelection);
 276:Drivers/STM32G4xx_HAL_Driver/Src/stm32g4xx_hal_rcc_ex.c ****   }
 277:Drivers/STM32G4xx_HAL_Driver/Src/stm32g4xx_hal_rcc_ex.c **** 
 278:Drivers/STM32G4xx_HAL_Driver/Src/stm32g4xx_hal_rcc_ex.c **** #endif /* UART5 */
 279:Drivers/STM32G4xx_HAL_Driver/Src/stm32g4xx_hal_rcc_ex.c **** 
 280:Drivers/STM32G4xx_HAL_Driver/Src/stm32g4xx_hal_rcc_ex.c ****   /*-------------------------- LPUART1 clock source configuration ------------------*/
 281:Drivers/STM32G4xx_HAL_Driver/Src/stm32g4xx_hal_rcc_ex.c ****   if(((PeriphClkInit->PeriphClockSelection) & RCC_PERIPHCLK_LPUART1) == RCC_PERIPHCLK_LPUART1)
 308              		.loc 1 281 3 view .LVU99
 309              		.loc 1 281 21 is_stmt 0 view .LVU100
 310 0150 2368     		ldr	r3, [r4]
 311              		.loc 1 281 5 view .LVU101
 312 0152 13F0200F 		tst	r3, #32
 313 0156 08D0     		beq	.L16
 282:Drivers/STM32G4xx_HAL_Driver/Src/stm32g4xx_hal_rcc_ex.c ****   {
 283:Drivers/STM32G4xx_HAL_Driver/Src/stm32g4xx_hal_rcc_ex.c ****     /* Check the parameters */
 284:Drivers/STM32G4xx_HAL_Driver/Src/stm32g4xx_hal_rcc_ex.c ****     assert_param(IS_RCC_LPUART1CLKSOURCE(PeriphClkInit->Lpuart1ClockSelection));
 314              		.loc 1 284 5 is_stmt 1 view .LVU102
 285:Drivers/STM32G4xx_HAL_Driver/Src/stm32g4xx_hal_rcc_ex.c **** 
 286:Drivers/STM32G4xx_HAL_Driver/Src/stm32g4xx_hal_rcc_ex.c ****     /* Configure the LPUAR1 clock source */
 287:Drivers/STM32G4xx_HAL_Driver/Src/stm32g4xx_hal_rcc_ex.c ****     __HAL_RCC_LPUART1_CONFIG(PeriphClkInit->Lpuart1ClockSelection);
 315              		.loc 1 287 5 view .LVU103
 316 0158 5A4A     		ldr	r2, .L40
 317 015a D2F88830 		ldr	r3, [r2, #136]
 318 015e 23F44063 		bic	r3, r3, #3072
 319 0162 6169     		ldr	r1, [r4, #20]
 320 0164 0B43     		orrs	r3, r3, r1
 321 0166 C2F88830 		str	r3, [r2, #136]
 322              	.L16:
 288:Drivers/STM32G4xx_HAL_Driver/Src/stm32g4xx_hal_rcc_ex.c ****   }
ARM GAS  /tmp/ccb7W4Pk.s 			page 12


 289:Drivers/STM32G4xx_HAL_Driver/Src/stm32g4xx_hal_rcc_ex.c **** 
 290:Drivers/STM32G4xx_HAL_Driver/Src/stm32g4xx_hal_rcc_ex.c ****   /*-------------------------- I2C1 clock source configuration ---------------------*/
 291:Drivers/STM32G4xx_HAL_Driver/Src/stm32g4xx_hal_rcc_ex.c ****   if(((PeriphClkInit->PeriphClockSelection) & RCC_PERIPHCLK_I2C1) == RCC_PERIPHCLK_I2C1)
 323              		.loc 1 291 3 view .LVU104
 324              		.loc 1 291 21 is_stmt 0 view .LVU105
 325 016a 2368     		ldr	r3, [r4]
 326              		.loc 1 291 5 view .LVU106
 327 016c 13F0400F 		tst	r3, #64
 328 0170 08D0     		beq	.L17
 292:Drivers/STM32G4xx_HAL_Driver/Src/stm32g4xx_hal_rcc_ex.c ****   {
 293:Drivers/STM32G4xx_HAL_Driver/Src/stm32g4xx_hal_rcc_ex.c ****     /* Check the parameters */
 294:Drivers/STM32G4xx_HAL_Driver/Src/stm32g4xx_hal_rcc_ex.c ****     assert_param(IS_RCC_I2C1CLKSOURCE(PeriphClkInit->I2c1ClockSelection));
 329              		.loc 1 294 5 is_stmt 1 view .LVU107
 295:Drivers/STM32G4xx_HAL_Driver/Src/stm32g4xx_hal_rcc_ex.c **** 
 296:Drivers/STM32G4xx_HAL_Driver/Src/stm32g4xx_hal_rcc_ex.c ****     /* Configure the I2C1 clock source */
 297:Drivers/STM32G4xx_HAL_Driver/Src/stm32g4xx_hal_rcc_ex.c ****     __HAL_RCC_I2C1_CONFIG(PeriphClkInit->I2c1ClockSelection);
 330              		.loc 1 297 5 view .LVU108
 331 0172 544A     		ldr	r2, .L40
 332 0174 D2F88830 		ldr	r3, [r2, #136]
 333 0178 23F44053 		bic	r3, r3, #12288
 334 017c A169     		ldr	r1, [r4, #24]
 335 017e 0B43     		orrs	r3, r3, r1
 336 0180 C2F88830 		str	r3, [r2, #136]
 337              	.L17:
 298:Drivers/STM32G4xx_HAL_Driver/Src/stm32g4xx_hal_rcc_ex.c ****   }
 299:Drivers/STM32G4xx_HAL_Driver/Src/stm32g4xx_hal_rcc_ex.c **** 
 300:Drivers/STM32G4xx_HAL_Driver/Src/stm32g4xx_hal_rcc_ex.c ****   /*-------------------------- I2C2 clock source configuration ---------------------*/
 301:Drivers/STM32G4xx_HAL_Driver/Src/stm32g4xx_hal_rcc_ex.c ****   if(((PeriphClkInit->PeriphClockSelection) & RCC_PERIPHCLK_I2C2) == RCC_PERIPHCLK_I2C2)
 338              		.loc 1 301 3 view .LVU109
 339              		.loc 1 301 21 is_stmt 0 view .LVU110
 340 0184 2368     		ldr	r3, [r4]
 341              		.loc 1 301 5 view .LVU111
 342 0186 13F0800F 		tst	r3, #128
 343 018a 08D0     		beq	.L18
 302:Drivers/STM32G4xx_HAL_Driver/Src/stm32g4xx_hal_rcc_ex.c ****   {
 303:Drivers/STM32G4xx_HAL_Driver/Src/stm32g4xx_hal_rcc_ex.c ****     /* Check the parameters */
 304:Drivers/STM32G4xx_HAL_Driver/Src/stm32g4xx_hal_rcc_ex.c ****     assert_param(IS_RCC_I2C2CLKSOURCE(PeriphClkInit->I2c2ClockSelection));
 344              		.loc 1 304 5 is_stmt 1 view .LVU112
 305:Drivers/STM32G4xx_HAL_Driver/Src/stm32g4xx_hal_rcc_ex.c **** 
 306:Drivers/STM32G4xx_HAL_Driver/Src/stm32g4xx_hal_rcc_ex.c ****     /* Configure the I2C2 clock source */
 307:Drivers/STM32G4xx_HAL_Driver/Src/stm32g4xx_hal_rcc_ex.c ****     __HAL_RCC_I2C2_CONFIG(PeriphClkInit->I2c2ClockSelection);
 345              		.loc 1 307 5 view .LVU113
 346 018c 4D4A     		ldr	r2, .L40
 347 018e D2F88830 		ldr	r3, [r2, #136]
 348 0192 23F44043 		bic	r3, r3, #49152
 349 0196 E169     		ldr	r1, [r4, #28]
 350 0198 0B43     		orrs	r3, r3, r1
 351 019a C2F88830 		str	r3, [r2, #136]
 352              	.L18:
 308:Drivers/STM32G4xx_HAL_Driver/Src/stm32g4xx_hal_rcc_ex.c ****   }
 309:Drivers/STM32G4xx_HAL_Driver/Src/stm32g4xx_hal_rcc_ex.c **** #if defined(I2C3)
 310:Drivers/STM32G4xx_HAL_Driver/Src/stm32g4xx_hal_rcc_ex.c **** 
 311:Drivers/STM32G4xx_HAL_Driver/Src/stm32g4xx_hal_rcc_ex.c ****   /*-------------------------- I2C3 clock source configuration ---------------------*/
 312:Drivers/STM32G4xx_HAL_Driver/Src/stm32g4xx_hal_rcc_ex.c ****   if(((PeriphClkInit->PeriphClockSelection) & RCC_PERIPHCLK_I2C3) == RCC_PERIPHCLK_I2C3)
 353              		.loc 1 312 3 view .LVU114
 354              		.loc 1 312 21 is_stmt 0 view .LVU115
 355 019e 2368     		ldr	r3, [r4]
ARM GAS  /tmp/ccb7W4Pk.s 			page 13


 356              		.loc 1 312 5 view .LVU116
 357 01a0 13F4807F 		tst	r3, #256
 358 01a4 08D0     		beq	.L19
 313:Drivers/STM32G4xx_HAL_Driver/Src/stm32g4xx_hal_rcc_ex.c ****   {
 314:Drivers/STM32G4xx_HAL_Driver/Src/stm32g4xx_hal_rcc_ex.c ****     /* Check the parameters */
 315:Drivers/STM32G4xx_HAL_Driver/Src/stm32g4xx_hal_rcc_ex.c ****     assert_param(IS_RCC_I2C3CLKSOURCE(PeriphClkInit->I2c3ClockSelection));
 359              		.loc 1 315 5 is_stmt 1 view .LVU117
 316:Drivers/STM32G4xx_HAL_Driver/Src/stm32g4xx_hal_rcc_ex.c **** 
 317:Drivers/STM32G4xx_HAL_Driver/Src/stm32g4xx_hal_rcc_ex.c ****     /* Configure the I2C3 clock source */
 318:Drivers/STM32G4xx_HAL_Driver/Src/stm32g4xx_hal_rcc_ex.c ****     __HAL_RCC_I2C3_CONFIG(PeriphClkInit->I2c3ClockSelection);
 360              		.loc 1 318 5 view .LVU118
 361 01a6 474A     		ldr	r2, .L40
 362 01a8 D2F88830 		ldr	r3, [r2, #136]
 363 01ac 23F44033 		bic	r3, r3, #196608
 364 01b0 216A     		ldr	r1, [r4, #32]
 365 01b2 0B43     		orrs	r3, r3, r1
 366 01b4 C2F88830 		str	r3, [r2, #136]
 367              	.L19:
 319:Drivers/STM32G4xx_HAL_Driver/Src/stm32g4xx_hal_rcc_ex.c ****   }
 320:Drivers/STM32G4xx_HAL_Driver/Src/stm32g4xx_hal_rcc_ex.c **** 
 321:Drivers/STM32G4xx_HAL_Driver/Src/stm32g4xx_hal_rcc_ex.c **** #endif /* I2C3 */
 322:Drivers/STM32G4xx_HAL_Driver/Src/stm32g4xx_hal_rcc_ex.c **** #if defined(I2C4)
 323:Drivers/STM32G4xx_HAL_Driver/Src/stm32g4xx_hal_rcc_ex.c **** 
 324:Drivers/STM32G4xx_HAL_Driver/Src/stm32g4xx_hal_rcc_ex.c ****   /*-------------------------- I2C4 clock source configuration ---------------------*/
 325:Drivers/STM32G4xx_HAL_Driver/Src/stm32g4xx_hal_rcc_ex.c ****   if(((PeriphClkInit->PeriphClockSelection) & RCC_PERIPHCLK_I2C4) == RCC_PERIPHCLK_I2C4)
 326:Drivers/STM32G4xx_HAL_Driver/Src/stm32g4xx_hal_rcc_ex.c ****   {
 327:Drivers/STM32G4xx_HAL_Driver/Src/stm32g4xx_hal_rcc_ex.c ****     /* Check the parameters */
 328:Drivers/STM32G4xx_HAL_Driver/Src/stm32g4xx_hal_rcc_ex.c ****     assert_param(IS_RCC_I2C4CLKSOURCE(PeriphClkInit->I2c4ClockSelection));
 329:Drivers/STM32G4xx_HAL_Driver/Src/stm32g4xx_hal_rcc_ex.c **** 
 330:Drivers/STM32G4xx_HAL_Driver/Src/stm32g4xx_hal_rcc_ex.c ****     /* Configure the I2C4 clock source */
 331:Drivers/STM32G4xx_HAL_Driver/Src/stm32g4xx_hal_rcc_ex.c ****     __HAL_RCC_I2C4_CONFIG(PeriphClkInit->I2c4ClockSelection);
 332:Drivers/STM32G4xx_HAL_Driver/Src/stm32g4xx_hal_rcc_ex.c ****   }
 333:Drivers/STM32G4xx_HAL_Driver/Src/stm32g4xx_hal_rcc_ex.c **** 
 334:Drivers/STM32G4xx_HAL_Driver/Src/stm32g4xx_hal_rcc_ex.c **** #endif /* I2C4 */
 335:Drivers/STM32G4xx_HAL_Driver/Src/stm32g4xx_hal_rcc_ex.c **** 
 336:Drivers/STM32G4xx_HAL_Driver/Src/stm32g4xx_hal_rcc_ex.c ****   /*-------------------------- LPTIM1 clock source configuration ---------------------*/
 337:Drivers/STM32G4xx_HAL_Driver/Src/stm32g4xx_hal_rcc_ex.c ****   if(((PeriphClkInit->PeriphClockSelection) & RCC_PERIPHCLK_LPTIM1) == RCC_PERIPHCLK_LPTIM1)
 368              		.loc 1 337 3 view .LVU119
 369              		.loc 1 337 21 is_stmt 0 view .LVU120
 370 01b8 2368     		ldr	r3, [r4]
 371              		.loc 1 337 5 view .LVU121
 372 01ba 13F4007F 		tst	r3, #512
 373 01be 08D0     		beq	.L20
 338:Drivers/STM32G4xx_HAL_Driver/Src/stm32g4xx_hal_rcc_ex.c ****   {
 339:Drivers/STM32G4xx_HAL_Driver/Src/stm32g4xx_hal_rcc_ex.c ****     /* Check the parameters */
 340:Drivers/STM32G4xx_HAL_Driver/Src/stm32g4xx_hal_rcc_ex.c ****     assert_param(IS_RCC_LPTIM1CLKSOURCE(PeriphClkInit->Lptim1ClockSelection));
 374              		.loc 1 340 5 is_stmt 1 view .LVU122
 341:Drivers/STM32G4xx_HAL_Driver/Src/stm32g4xx_hal_rcc_ex.c **** 
 342:Drivers/STM32G4xx_HAL_Driver/Src/stm32g4xx_hal_rcc_ex.c ****     /* Configure the LPTIM1 clock source */
 343:Drivers/STM32G4xx_HAL_Driver/Src/stm32g4xx_hal_rcc_ex.c ****     __HAL_RCC_LPTIM1_CONFIG(PeriphClkInit->Lptim1ClockSelection);
 375              		.loc 1 343 5 view .LVU123
 376 01c0 404A     		ldr	r2, .L40
 377 01c2 D2F88830 		ldr	r3, [r2, #136]
 378 01c6 23F44023 		bic	r3, r3, #786432
 379 01ca 616A     		ldr	r1, [r4, #36]
 380 01cc 0B43     		orrs	r3, r3, r1
 381 01ce C2F88830 		str	r3, [r2, #136]
ARM GAS  /tmp/ccb7W4Pk.s 			page 14


 382              	.L20:
 344:Drivers/STM32G4xx_HAL_Driver/Src/stm32g4xx_hal_rcc_ex.c ****   }
 345:Drivers/STM32G4xx_HAL_Driver/Src/stm32g4xx_hal_rcc_ex.c **** 
 346:Drivers/STM32G4xx_HAL_Driver/Src/stm32g4xx_hal_rcc_ex.c **** #if defined(SAI1) 
 347:Drivers/STM32G4xx_HAL_Driver/Src/stm32g4xx_hal_rcc_ex.c ****   /*-------------------------- SAI1 clock source configuration ---------------------*/
 348:Drivers/STM32G4xx_HAL_Driver/Src/stm32g4xx_hal_rcc_ex.c ****   if(((PeriphClkInit->PeriphClockSelection) & RCC_PERIPHCLK_SAI1) == RCC_PERIPHCLK_SAI1)
 383              		.loc 1 348 3 view .LVU124
 384              		.loc 1 348 21 is_stmt 0 view .LVU125
 385 01d2 2368     		ldr	r3, [r4]
 386              		.loc 1 348 5 view .LVU126
 387 01d4 13F4806F 		tst	r3, #1024
 388 01d8 0CD0     		beq	.L21
 349:Drivers/STM32G4xx_HAL_Driver/Src/stm32g4xx_hal_rcc_ex.c ****   {
 350:Drivers/STM32G4xx_HAL_Driver/Src/stm32g4xx_hal_rcc_ex.c ****     /* Check the parameters */
 351:Drivers/STM32G4xx_HAL_Driver/Src/stm32g4xx_hal_rcc_ex.c ****     assert_param(IS_RCC_SAI1CLKSOURCE(PeriphClkInit->Sai1ClockSelection));
 389              		.loc 1 351 5 is_stmt 1 view .LVU127
 352:Drivers/STM32G4xx_HAL_Driver/Src/stm32g4xx_hal_rcc_ex.c **** 
 353:Drivers/STM32G4xx_HAL_Driver/Src/stm32g4xx_hal_rcc_ex.c ****     /* Configure the SAI1 interface clock source */
 354:Drivers/STM32G4xx_HAL_Driver/Src/stm32g4xx_hal_rcc_ex.c ****     __HAL_RCC_SAI1_CONFIG(PeriphClkInit->Sai1ClockSelection);
 390              		.loc 1 354 5 view .LVU128
 391 01da 3A4A     		ldr	r2, .L40
 392 01dc D2F88830 		ldr	r3, [r2, #136]
 393 01e0 23F44013 		bic	r3, r3, #3145728
 394 01e4 A16A     		ldr	r1, [r4, #40]
 395 01e6 0B43     		orrs	r3, r3, r1
 396 01e8 C2F88830 		str	r3, [r2, #136]
 355:Drivers/STM32G4xx_HAL_Driver/Src/stm32g4xx_hal_rcc_ex.c ****     
 356:Drivers/STM32G4xx_HAL_Driver/Src/stm32g4xx_hal_rcc_ex.c ****     if(PeriphClkInit->Sai1ClockSelection == RCC_SAI1CLKSOURCE_PLL)
 397              		.loc 1 356 5 view .LVU129
 398              		.loc 1 356 21 is_stmt 0 view .LVU130
 399 01ec A36A     		ldr	r3, [r4, #40]
 400              		.loc 1 356 7 view .LVU131
 401 01ee B3F5801F 		cmp	r3, #1048576
 402 01f2 57D0     		beq	.L34
 403              	.L21:
 357:Drivers/STM32G4xx_HAL_Driver/Src/stm32g4xx_hal_rcc_ex.c ****     {
 358:Drivers/STM32G4xx_HAL_Driver/Src/stm32g4xx_hal_rcc_ex.c ****       /* Enable PLL48M1CLK output */
 359:Drivers/STM32G4xx_HAL_Driver/Src/stm32g4xx_hal_rcc_ex.c ****       __HAL_RCC_PLLCLKOUT_ENABLE(RCC_PLL_48M1CLK);
 360:Drivers/STM32G4xx_HAL_Driver/Src/stm32g4xx_hal_rcc_ex.c ****     }
 361:Drivers/STM32G4xx_HAL_Driver/Src/stm32g4xx_hal_rcc_ex.c ****   }
 362:Drivers/STM32G4xx_HAL_Driver/Src/stm32g4xx_hal_rcc_ex.c **** 
 363:Drivers/STM32G4xx_HAL_Driver/Src/stm32g4xx_hal_rcc_ex.c **** #endif /* SAI1 */
 364:Drivers/STM32G4xx_HAL_Driver/Src/stm32g4xx_hal_rcc_ex.c **** 
 365:Drivers/STM32G4xx_HAL_Driver/Src/stm32g4xx_hal_rcc_ex.c **** #if defined(SPI_I2S_SUPPORT)
 366:Drivers/STM32G4xx_HAL_Driver/Src/stm32g4xx_hal_rcc_ex.c ****   /*-------------------------- I2S clock source configuration ---------------------*/
 367:Drivers/STM32G4xx_HAL_Driver/Src/stm32g4xx_hal_rcc_ex.c ****   if(((PeriphClkInit->PeriphClockSelection) & RCC_PERIPHCLK_I2S) == RCC_PERIPHCLK_I2S)
 404              		.loc 1 367 3 is_stmt 1 view .LVU132
 405              		.loc 1 367 21 is_stmt 0 view .LVU133
 406 01f4 2368     		ldr	r3, [r4]
 407              		.loc 1 367 5 view .LVU134
 408 01f6 13F4006F 		tst	r3, #2048
 409 01fa 0CD0     		beq	.L22
 368:Drivers/STM32G4xx_HAL_Driver/Src/stm32g4xx_hal_rcc_ex.c ****   {
 369:Drivers/STM32G4xx_HAL_Driver/Src/stm32g4xx_hal_rcc_ex.c ****     /* Check the parameters */
 370:Drivers/STM32G4xx_HAL_Driver/Src/stm32g4xx_hal_rcc_ex.c ****     assert_param(IS_RCC_I2SCLKSOURCE(PeriphClkInit->I2sClockSelection));
 410              		.loc 1 370 5 is_stmt 1 view .LVU135
 371:Drivers/STM32G4xx_HAL_Driver/Src/stm32g4xx_hal_rcc_ex.c **** 
ARM GAS  /tmp/ccb7W4Pk.s 			page 15


 372:Drivers/STM32G4xx_HAL_Driver/Src/stm32g4xx_hal_rcc_ex.c ****     /* Configure the I2S interface clock source */
 373:Drivers/STM32G4xx_HAL_Driver/Src/stm32g4xx_hal_rcc_ex.c ****     __HAL_RCC_I2S_CONFIG(PeriphClkInit->I2sClockSelection);
 411              		.loc 1 373 5 view .LVU136
 412 01fc 314A     		ldr	r2, .L40
 413 01fe D2F88830 		ldr	r3, [r2, #136]
 414 0202 23F44003 		bic	r3, r3, #12582912
 415 0206 E16A     		ldr	r1, [r4, #44]
 416 0208 0B43     		orrs	r3, r3, r1
 417 020a C2F88830 		str	r3, [r2, #136]
 374:Drivers/STM32G4xx_HAL_Driver/Src/stm32g4xx_hal_rcc_ex.c ****     
 375:Drivers/STM32G4xx_HAL_Driver/Src/stm32g4xx_hal_rcc_ex.c ****     if(PeriphClkInit->I2sClockSelection == RCC_I2SCLKSOURCE_PLL)
 418              		.loc 1 375 5 view .LVU137
 419              		.loc 1 375 21 is_stmt 0 view .LVU138
 420 020e E36A     		ldr	r3, [r4, #44]
 421              		.loc 1 375 7 view .LVU139
 422 0210 B3F5800F 		cmp	r3, #4194304
 423 0214 4BD0     		beq	.L35
 424              	.L22:
 376:Drivers/STM32G4xx_HAL_Driver/Src/stm32g4xx_hal_rcc_ex.c ****     {
 377:Drivers/STM32G4xx_HAL_Driver/Src/stm32g4xx_hal_rcc_ex.c ****       /* Enable PLL48M1CLK output */
 378:Drivers/STM32G4xx_HAL_Driver/Src/stm32g4xx_hal_rcc_ex.c ****       __HAL_RCC_PLLCLKOUT_ENABLE(RCC_PLL_48M1CLK);
 379:Drivers/STM32G4xx_HAL_Driver/Src/stm32g4xx_hal_rcc_ex.c ****     }
 380:Drivers/STM32G4xx_HAL_Driver/Src/stm32g4xx_hal_rcc_ex.c ****   }
 381:Drivers/STM32G4xx_HAL_Driver/Src/stm32g4xx_hal_rcc_ex.c **** 
 382:Drivers/STM32G4xx_HAL_Driver/Src/stm32g4xx_hal_rcc_ex.c **** #endif /* SPI_I2S_SUPPORT */
 383:Drivers/STM32G4xx_HAL_Driver/Src/stm32g4xx_hal_rcc_ex.c **** 
 384:Drivers/STM32G4xx_HAL_Driver/Src/stm32g4xx_hal_rcc_ex.c **** #if defined(FDCAN1)
 385:Drivers/STM32G4xx_HAL_Driver/Src/stm32g4xx_hal_rcc_ex.c ****   /*-------------------------- FDCAN clock source configuration ---------------------*/
 386:Drivers/STM32G4xx_HAL_Driver/Src/stm32g4xx_hal_rcc_ex.c ****   if(((PeriphClkInit->PeriphClockSelection) & RCC_PERIPHCLK_FDCAN) == RCC_PERIPHCLK_FDCAN)
 425              		.loc 1 386 3 is_stmt 1 view .LVU140
 426              		.loc 1 386 21 is_stmt 0 view .LVU141
 427 0216 2368     		ldr	r3, [r4]
 428              		.loc 1 386 5 view .LVU142
 429 0218 13F4805F 		tst	r3, #4096
 430 021c 0CD0     		beq	.L23
 387:Drivers/STM32G4xx_HAL_Driver/Src/stm32g4xx_hal_rcc_ex.c ****   {
 388:Drivers/STM32G4xx_HAL_Driver/Src/stm32g4xx_hal_rcc_ex.c ****     /* Check the parameters */
 389:Drivers/STM32G4xx_HAL_Driver/Src/stm32g4xx_hal_rcc_ex.c ****     assert_param(IS_RCC_FDCANCLKSOURCE(PeriphClkInit->FdcanClockSelection));
 431              		.loc 1 389 5 is_stmt 1 view .LVU143
 390:Drivers/STM32G4xx_HAL_Driver/Src/stm32g4xx_hal_rcc_ex.c **** 
 391:Drivers/STM32G4xx_HAL_Driver/Src/stm32g4xx_hal_rcc_ex.c ****     /* Configure the FDCAN interface clock source */
 392:Drivers/STM32G4xx_HAL_Driver/Src/stm32g4xx_hal_rcc_ex.c ****     __HAL_RCC_FDCAN_CONFIG(PeriphClkInit->FdcanClockSelection);
 432              		.loc 1 392 5 view .LVU144
 433 021e 294A     		ldr	r2, .L40
 434 0220 D2F88830 		ldr	r3, [r2, #136]
 435 0224 23F04073 		bic	r3, r3, #50331648
 436 0228 216B     		ldr	r1, [r4, #48]
 437 022a 0B43     		orrs	r3, r3, r1
 438 022c C2F88830 		str	r3, [r2, #136]
 393:Drivers/STM32G4xx_HAL_Driver/Src/stm32g4xx_hal_rcc_ex.c ****     
 394:Drivers/STM32G4xx_HAL_Driver/Src/stm32g4xx_hal_rcc_ex.c ****     if(PeriphClkInit->FdcanClockSelection == RCC_FDCANCLKSOURCE_PLL)
 439              		.loc 1 394 5 view .LVU145
 440              		.loc 1 394 21 is_stmt 0 view .LVU146
 441 0230 236B     		ldr	r3, [r4, #48]
 442              		.loc 1 394 7 view .LVU147
 443 0232 B3F1807F 		cmp	r3, #16777216
 444 0236 3FD0     		beq	.L36
ARM GAS  /tmp/ccb7W4Pk.s 			page 16


 445              	.L23:
 395:Drivers/STM32G4xx_HAL_Driver/Src/stm32g4xx_hal_rcc_ex.c ****     {
 396:Drivers/STM32G4xx_HAL_Driver/Src/stm32g4xx_hal_rcc_ex.c ****       /* Enable PLL48M1CLK output */
 397:Drivers/STM32G4xx_HAL_Driver/Src/stm32g4xx_hal_rcc_ex.c ****       __HAL_RCC_PLLCLKOUT_ENABLE(RCC_PLL_48M1CLK);
 398:Drivers/STM32G4xx_HAL_Driver/Src/stm32g4xx_hal_rcc_ex.c ****     }
 399:Drivers/STM32G4xx_HAL_Driver/Src/stm32g4xx_hal_rcc_ex.c ****   }
 400:Drivers/STM32G4xx_HAL_Driver/Src/stm32g4xx_hal_rcc_ex.c **** #endif /* FDCAN1 */
 401:Drivers/STM32G4xx_HAL_Driver/Src/stm32g4xx_hal_rcc_ex.c **** 
 402:Drivers/STM32G4xx_HAL_Driver/Src/stm32g4xx_hal_rcc_ex.c **** #if defined(USB)
 403:Drivers/STM32G4xx_HAL_Driver/Src/stm32g4xx_hal_rcc_ex.c **** 
 404:Drivers/STM32G4xx_HAL_Driver/Src/stm32g4xx_hal_rcc_ex.c ****   /*-------------------------- USB clock source configuration ----------------------*/
 405:Drivers/STM32G4xx_HAL_Driver/Src/stm32g4xx_hal_rcc_ex.c ****   if(((PeriphClkInit->PeriphClockSelection) & RCC_PERIPHCLK_USB) == (RCC_PERIPHCLK_USB))
 446              		.loc 1 405 3 is_stmt 1 view .LVU148
 447              		.loc 1 405 21 is_stmt 0 view .LVU149
 448 0238 2368     		ldr	r3, [r4]
 449              		.loc 1 405 5 view .LVU150
 450 023a 13F4005F 		tst	r3, #8192
 451 023e 0CD0     		beq	.L24
 406:Drivers/STM32G4xx_HAL_Driver/Src/stm32g4xx_hal_rcc_ex.c ****   {
 407:Drivers/STM32G4xx_HAL_Driver/Src/stm32g4xx_hal_rcc_ex.c ****     assert_param(IS_RCC_USBCLKSOURCE(PeriphClkInit->UsbClockSelection));
 452              		.loc 1 407 5 is_stmt 1 view .LVU151
 408:Drivers/STM32G4xx_HAL_Driver/Src/stm32g4xx_hal_rcc_ex.c ****     __HAL_RCC_USB_CONFIG(PeriphClkInit->UsbClockSelection);
 453              		.loc 1 408 5 view .LVU152
 454 0240 204A     		ldr	r2, .L40
 455 0242 D2F88830 		ldr	r3, [r2, #136]
 456 0246 23F04063 		bic	r3, r3, #201326592
 457 024a 616B     		ldr	r1, [r4, #52]
 458 024c 0B43     		orrs	r3, r3, r1
 459 024e C2F88830 		str	r3, [r2, #136]
 409:Drivers/STM32G4xx_HAL_Driver/Src/stm32g4xx_hal_rcc_ex.c **** 
 410:Drivers/STM32G4xx_HAL_Driver/Src/stm32g4xx_hal_rcc_ex.c ****     if(PeriphClkInit->UsbClockSelection == RCC_USBCLKSOURCE_PLL)
 460              		.loc 1 410 5 view .LVU153
 461              		.loc 1 410 21 is_stmt 0 view .LVU154
 462 0252 636B     		ldr	r3, [r4, #52]
 463              		.loc 1 410 7 view .LVU155
 464 0254 B3F1006F 		cmp	r3, #134217728
 465 0258 38D0     		beq	.L37
 466              	.L24:
 411:Drivers/STM32G4xx_HAL_Driver/Src/stm32g4xx_hal_rcc_ex.c ****     {
 412:Drivers/STM32G4xx_HAL_Driver/Src/stm32g4xx_hal_rcc_ex.c ****       /* Enable PLL48M1CLK output */
 413:Drivers/STM32G4xx_HAL_Driver/Src/stm32g4xx_hal_rcc_ex.c ****       __HAL_RCC_PLLCLKOUT_ENABLE(RCC_PLL_48M1CLK);
 414:Drivers/STM32G4xx_HAL_Driver/Src/stm32g4xx_hal_rcc_ex.c ****     }
 415:Drivers/STM32G4xx_HAL_Driver/Src/stm32g4xx_hal_rcc_ex.c ****   }
 416:Drivers/STM32G4xx_HAL_Driver/Src/stm32g4xx_hal_rcc_ex.c **** 
 417:Drivers/STM32G4xx_HAL_Driver/Src/stm32g4xx_hal_rcc_ex.c **** #endif /* USB */
 418:Drivers/STM32G4xx_HAL_Driver/Src/stm32g4xx_hal_rcc_ex.c **** 
 419:Drivers/STM32G4xx_HAL_Driver/Src/stm32g4xx_hal_rcc_ex.c ****   /*-------------------------- RNG clock source configuration ----------------------*/
 420:Drivers/STM32G4xx_HAL_Driver/Src/stm32g4xx_hal_rcc_ex.c ****   if(((PeriphClkInit->PeriphClockSelection) & RCC_PERIPHCLK_RNG) == (RCC_PERIPHCLK_RNG))
 467              		.loc 1 420 3 is_stmt 1 view .LVU156
 468              		.loc 1 420 21 is_stmt 0 view .LVU157
 469 025a 2368     		ldr	r3, [r4]
 470              		.loc 1 420 5 view .LVU158
 471 025c 13F4804F 		tst	r3, #16384
 472 0260 0CD0     		beq	.L25
 421:Drivers/STM32G4xx_HAL_Driver/Src/stm32g4xx_hal_rcc_ex.c ****   {
 422:Drivers/STM32G4xx_HAL_Driver/Src/stm32g4xx_hal_rcc_ex.c ****     assert_param(IS_RCC_RNGCLKSOURCE(PeriphClkInit->RngClockSelection));
 473              		.loc 1 422 5 is_stmt 1 view .LVU159
ARM GAS  /tmp/ccb7W4Pk.s 			page 17


 423:Drivers/STM32G4xx_HAL_Driver/Src/stm32g4xx_hal_rcc_ex.c ****     __HAL_RCC_RNG_CONFIG(PeriphClkInit->RngClockSelection);
 474              		.loc 1 423 5 view .LVU160
 475 0262 184A     		ldr	r2, .L40
 476 0264 D2F88830 		ldr	r3, [r2, #136]
 477 0268 23F04063 		bic	r3, r3, #201326592
 478 026c A16B     		ldr	r1, [r4, #56]
 479 026e 0B43     		orrs	r3, r3, r1
 480 0270 C2F88830 		str	r3, [r2, #136]
 424:Drivers/STM32G4xx_HAL_Driver/Src/stm32g4xx_hal_rcc_ex.c **** 
 425:Drivers/STM32G4xx_HAL_Driver/Src/stm32g4xx_hal_rcc_ex.c ****     if(PeriphClkInit->RngClockSelection == RCC_RNGCLKSOURCE_PLL)
 481              		.loc 1 425 5 view .LVU161
 482              		.loc 1 425 21 is_stmt 0 view .LVU162
 483 0274 A36B     		ldr	r3, [r4, #56]
 484              		.loc 1 425 7 view .LVU163
 485 0276 B3F1006F 		cmp	r3, #134217728
 486 027a 2CD0     		beq	.L38
 487              	.L25:
 426:Drivers/STM32G4xx_HAL_Driver/Src/stm32g4xx_hal_rcc_ex.c ****     {
 427:Drivers/STM32G4xx_HAL_Driver/Src/stm32g4xx_hal_rcc_ex.c ****       /* Enable PLL48M1CLK output */
 428:Drivers/STM32G4xx_HAL_Driver/Src/stm32g4xx_hal_rcc_ex.c ****       __HAL_RCC_PLLCLKOUT_ENABLE(RCC_PLL_48M1CLK);
 429:Drivers/STM32G4xx_HAL_Driver/Src/stm32g4xx_hal_rcc_ex.c ****     }
 430:Drivers/STM32G4xx_HAL_Driver/Src/stm32g4xx_hal_rcc_ex.c ****   }
 431:Drivers/STM32G4xx_HAL_Driver/Src/stm32g4xx_hal_rcc_ex.c **** 
 432:Drivers/STM32G4xx_HAL_Driver/Src/stm32g4xx_hal_rcc_ex.c ****   /*-------------------------- ADC12 clock source configuration ----------------------*/
 433:Drivers/STM32G4xx_HAL_Driver/Src/stm32g4xx_hal_rcc_ex.c ****   if(((PeriphClkInit->PeriphClockSelection) & RCC_PERIPHCLK_ADC12) == RCC_PERIPHCLK_ADC12)
 488              		.loc 1 433 3 is_stmt 1 view .LVU164
 489              		.loc 1 433 21 is_stmt 0 view .LVU165
 490 027c 2368     		ldr	r3, [r4]
 491              		.loc 1 433 5 view .LVU166
 492 027e 13F4004F 		tst	r3, #32768
 493 0282 0CD0     		beq	.L26
 434:Drivers/STM32G4xx_HAL_Driver/Src/stm32g4xx_hal_rcc_ex.c ****   {
 435:Drivers/STM32G4xx_HAL_Driver/Src/stm32g4xx_hal_rcc_ex.c ****     /* Check the parameters */
 436:Drivers/STM32G4xx_HAL_Driver/Src/stm32g4xx_hal_rcc_ex.c ****     assert_param(IS_RCC_ADC12CLKSOURCE(PeriphClkInit->Adc12ClockSelection));
 494              		.loc 1 436 5 is_stmt 1 view .LVU167
 437:Drivers/STM32G4xx_HAL_Driver/Src/stm32g4xx_hal_rcc_ex.c **** 
 438:Drivers/STM32G4xx_HAL_Driver/Src/stm32g4xx_hal_rcc_ex.c ****     /* Configure the ADC12 interface clock source */
 439:Drivers/STM32G4xx_HAL_Driver/Src/stm32g4xx_hal_rcc_ex.c ****     __HAL_RCC_ADC12_CONFIG(PeriphClkInit->Adc12ClockSelection);
 495              		.loc 1 439 5 view .LVU168
 496 0284 0F4A     		ldr	r2, .L40
 497 0286 D2F88830 		ldr	r3, [r2, #136]
 498 028a 23F04053 		bic	r3, r3, #805306368
 499 028e E16B     		ldr	r1, [r4, #60]
 500 0290 0B43     		orrs	r3, r3, r1
 501 0292 C2F88830 		str	r3, [r2, #136]
 440:Drivers/STM32G4xx_HAL_Driver/Src/stm32g4xx_hal_rcc_ex.c ****     
 441:Drivers/STM32G4xx_HAL_Driver/Src/stm32g4xx_hal_rcc_ex.c ****     if(PeriphClkInit->Adc12ClockSelection == RCC_ADC12CLKSOURCE_PLL)
 502              		.loc 1 441 5 view .LVU169
 503              		.loc 1 441 21 is_stmt 0 view .LVU170
 504 0296 E36B     		ldr	r3, [r4, #60]
 505              		.loc 1 441 7 view .LVU171
 506 0298 B3F1805F 		cmp	r3, #268435456
 507 029c 20D0     		beq	.L39
 508              	.L26:
 442:Drivers/STM32G4xx_HAL_Driver/Src/stm32g4xx_hal_rcc_ex.c ****     {
 443:Drivers/STM32G4xx_HAL_Driver/Src/stm32g4xx_hal_rcc_ex.c ****       /* Enable PLLADCCLK output */
 444:Drivers/STM32G4xx_HAL_Driver/Src/stm32g4xx_hal_rcc_ex.c ****       __HAL_RCC_PLLCLKOUT_ENABLE(RCC_PLL_ADCCLK);
ARM GAS  /tmp/ccb7W4Pk.s 			page 18


 445:Drivers/STM32G4xx_HAL_Driver/Src/stm32g4xx_hal_rcc_ex.c ****     }
 446:Drivers/STM32G4xx_HAL_Driver/Src/stm32g4xx_hal_rcc_ex.c ****   }
 447:Drivers/STM32G4xx_HAL_Driver/Src/stm32g4xx_hal_rcc_ex.c ****   
 448:Drivers/STM32G4xx_HAL_Driver/Src/stm32g4xx_hal_rcc_ex.c **** #if defined(ADC345_COMMON)
 449:Drivers/STM32G4xx_HAL_Driver/Src/stm32g4xx_hal_rcc_ex.c ****   /*-------------------------- ADC345 clock source configuration ----------------------*/
 450:Drivers/STM32G4xx_HAL_Driver/Src/stm32g4xx_hal_rcc_ex.c ****   if(((PeriphClkInit->PeriphClockSelection) & RCC_PERIPHCLK_ADC345) == RCC_PERIPHCLK_ADC345)
 451:Drivers/STM32G4xx_HAL_Driver/Src/stm32g4xx_hal_rcc_ex.c ****   {
 452:Drivers/STM32G4xx_HAL_Driver/Src/stm32g4xx_hal_rcc_ex.c ****     /* Check the parameters */
 453:Drivers/STM32G4xx_HAL_Driver/Src/stm32g4xx_hal_rcc_ex.c ****     assert_param(IS_RCC_ADC345CLKSOURCE(PeriphClkInit->Adc345ClockSelection));
 454:Drivers/STM32G4xx_HAL_Driver/Src/stm32g4xx_hal_rcc_ex.c **** 
 455:Drivers/STM32G4xx_HAL_Driver/Src/stm32g4xx_hal_rcc_ex.c ****     /* Configure the ADC345 interface clock source */
 456:Drivers/STM32G4xx_HAL_Driver/Src/stm32g4xx_hal_rcc_ex.c ****     __HAL_RCC_ADC345_CONFIG(PeriphClkInit->Adc345ClockSelection);
 457:Drivers/STM32G4xx_HAL_Driver/Src/stm32g4xx_hal_rcc_ex.c ****     
 458:Drivers/STM32G4xx_HAL_Driver/Src/stm32g4xx_hal_rcc_ex.c ****     if(PeriphClkInit->Adc345ClockSelection == RCC_ADC345CLKSOURCE_PLL)
 459:Drivers/STM32G4xx_HAL_Driver/Src/stm32g4xx_hal_rcc_ex.c ****     {
 460:Drivers/STM32G4xx_HAL_Driver/Src/stm32g4xx_hal_rcc_ex.c ****       /* Enable PLLADCCLK output */
 461:Drivers/STM32G4xx_HAL_Driver/Src/stm32g4xx_hal_rcc_ex.c ****       __HAL_RCC_PLLCLKOUT_ENABLE(RCC_PLL_ADCCLK);
 462:Drivers/STM32G4xx_HAL_Driver/Src/stm32g4xx_hal_rcc_ex.c ****     }
 463:Drivers/STM32G4xx_HAL_Driver/Src/stm32g4xx_hal_rcc_ex.c ****   }
 464:Drivers/STM32G4xx_HAL_Driver/Src/stm32g4xx_hal_rcc_ex.c **** #endif /* ADC345_COMMON */
 465:Drivers/STM32G4xx_HAL_Driver/Src/stm32g4xx_hal_rcc_ex.c **** 
 466:Drivers/STM32G4xx_HAL_Driver/Src/stm32g4xx_hal_rcc_ex.c **** #if defined(QUADSPI)
 467:Drivers/STM32G4xx_HAL_Driver/Src/stm32g4xx_hal_rcc_ex.c **** 
 468:Drivers/STM32G4xx_HAL_Driver/Src/stm32g4xx_hal_rcc_ex.c ****   /*-------------------------- QuadSPIx clock source configuration ----------------*/
 469:Drivers/STM32G4xx_HAL_Driver/Src/stm32g4xx_hal_rcc_ex.c ****   if(((PeriphClkInit->PeriphClockSelection) & RCC_PERIPHCLK_QSPI) == RCC_PERIPHCLK_QSPI)
 470:Drivers/STM32G4xx_HAL_Driver/Src/stm32g4xx_hal_rcc_ex.c ****   {
 471:Drivers/STM32G4xx_HAL_Driver/Src/stm32g4xx_hal_rcc_ex.c ****     /* Check the parameters */
 472:Drivers/STM32G4xx_HAL_Driver/Src/stm32g4xx_hal_rcc_ex.c ****     assert_param(IS_RCC_QSPICLKSOURCE(PeriphClkInit->QspiClockSelection));
 473:Drivers/STM32G4xx_HAL_Driver/Src/stm32g4xx_hal_rcc_ex.c **** 
 474:Drivers/STM32G4xx_HAL_Driver/Src/stm32g4xx_hal_rcc_ex.c ****     /* Configure the QuadSPI clock source */
 475:Drivers/STM32G4xx_HAL_Driver/Src/stm32g4xx_hal_rcc_ex.c ****     __HAL_RCC_QSPI_CONFIG(PeriphClkInit->QspiClockSelection);
 476:Drivers/STM32G4xx_HAL_Driver/Src/stm32g4xx_hal_rcc_ex.c **** 
 477:Drivers/STM32G4xx_HAL_Driver/Src/stm32g4xx_hal_rcc_ex.c ****     if(PeriphClkInit->QspiClockSelection == RCC_QSPICLKSOURCE_PLL)
 478:Drivers/STM32G4xx_HAL_Driver/Src/stm32g4xx_hal_rcc_ex.c ****     {
 479:Drivers/STM32G4xx_HAL_Driver/Src/stm32g4xx_hal_rcc_ex.c ****       /* Enable PLL48M1CLK output */
 480:Drivers/STM32G4xx_HAL_Driver/Src/stm32g4xx_hal_rcc_ex.c ****       __HAL_RCC_PLLCLKOUT_ENABLE(RCC_PLL_48M1CLK);
 481:Drivers/STM32G4xx_HAL_Driver/Src/stm32g4xx_hal_rcc_ex.c ****     }
 482:Drivers/STM32G4xx_HAL_Driver/Src/stm32g4xx_hal_rcc_ex.c ****   }
 483:Drivers/STM32G4xx_HAL_Driver/Src/stm32g4xx_hal_rcc_ex.c **** 
 484:Drivers/STM32G4xx_HAL_Driver/Src/stm32g4xx_hal_rcc_ex.c **** #endif /* QUADSPI */
 485:Drivers/STM32G4xx_HAL_Driver/Src/stm32g4xx_hal_rcc_ex.c **** 
 486:Drivers/STM32G4xx_HAL_Driver/Src/stm32g4xx_hal_rcc_ex.c ****   return status;
 509              		.loc 1 486 3 is_stmt 1 view .LVU172
 487:Drivers/STM32G4xx_HAL_Driver/Src/stm32g4xx_hal_rcc_ex.c **** }
 510              		.loc 1 487 1 is_stmt 0 view .LVU173
 511 029e 2846     		mov	r0, r5
 512 02a0 03B0     		add	sp, sp, #12
 513              		.cfi_remember_state
 514              		.cfi_def_cfa_offset 20
 515              		@ sp needed
 516 02a2 F0BD     		pop	{r4, r5, r6, r7, pc}
 517              	.LVL25:
 518              	.L34:
 519              		.cfi_restore_state
 359:Drivers/STM32G4xx_HAL_Driver/Src/stm32g4xx_hal_rcc_ex.c ****     }
 520              		.loc 1 359 7 is_stmt 1 view .LVU174
 521 02a4 D368     		ldr	r3, [r2, #12]
ARM GAS  /tmp/ccb7W4Pk.s 			page 19


 522 02a6 43F48013 		orr	r3, r3, #1048576
 523 02aa D360     		str	r3, [r2, #12]
 524 02ac A2E7     		b	.L21
 525              	.L35:
 378:Drivers/STM32G4xx_HAL_Driver/Src/stm32g4xx_hal_rcc_ex.c ****     }
 526              		.loc 1 378 7 view .LVU175
 527 02ae D368     		ldr	r3, [r2, #12]
 528 02b0 43F48013 		orr	r3, r3, #1048576
 529 02b4 D360     		str	r3, [r2, #12]
 530 02b6 AEE7     		b	.L22
 531              	.L36:
 397:Drivers/STM32G4xx_HAL_Driver/Src/stm32g4xx_hal_rcc_ex.c ****     }
 532              		.loc 1 397 7 view .LVU176
 533 02b8 D368     		ldr	r3, [r2, #12]
 534 02ba 43F48013 		orr	r3, r3, #1048576
 535 02be D360     		str	r3, [r2, #12]
 536 02c0 BAE7     		b	.L23
 537              	.L41:
 538 02c2 00BF     		.align	2
 539              	.L40:
 540 02c4 00100240 		.word	1073876992
 541 02c8 00700040 		.word	1073770496
 542              	.L37:
 413:Drivers/STM32G4xx_HAL_Driver/Src/stm32g4xx_hal_rcc_ex.c ****     }
 543              		.loc 1 413 7 view .LVU177
 544 02cc D368     		ldr	r3, [r2, #12]
 545 02ce 43F48013 		orr	r3, r3, #1048576
 546 02d2 D360     		str	r3, [r2, #12]
 547 02d4 C1E7     		b	.L24
 548              	.L38:
 428:Drivers/STM32G4xx_HAL_Driver/Src/stm32g4xx_hal_rcc_ex.c ****     }
 549              		.loc 1 428 7 view .LVU178
 550 02d6 D368     		ldr	r3, [r2, #12]
 551 02d8 43F48013 		orr	r3, r3, #1048576
 552 02dc D360     		str	r3, [r2, #12]
 553 02de CDE7     		b	.L25
 554              	.L39:
 444:Drivers/STM32G4xx_HAL_Driver/Src/stm32g4xx_hal_rcc_ex.c ****     }
 555              		.loc 1 444 7 view .LVU179
 556 02e0 D368     		ldr	r3, [r2, #12]
 557 02e2 43F48033 		orr	r3, r3, #65536
 558 02e6 D360     		str	r3, [r2, #12]
 559 02e8 D9E7     		b	.L26
 560              		.cfi_endproc
 561              	.LFE132:
 563 02ea 00BF     		.section	.text.HAL_RCCEx_GetPeriphCLKConfig,"ax",%progbits
 564              		.align	1
 565              		.global	HAL_RCCEx_GetPeriphCLKConfig
 566              		.syntax unified
 567              		.thumb
 568              		.thumb_func
 570              	HAL_RCCEx_GetPeriphCLKConfig:
 571              	.LVL26:
 572              	.LFB133:
 488:Drivers/STM32G4xx_HAL_Driver/Src/stm32g4xx_hal_rcc_ex.c **** 
 489:Drivers/STM32G4xx_HAL_Driver/Src/stm32g4xx_hal_rcc_ex.c **** /**
 490:Drivers/STM32G4xx_HAL_Driver/Src/stm32g4xx_hal_rcc_ex.c ****   * @brief  Get the RCC_ClkInitStruct according to the internal RCC configuration registers.
ARM GAS  /tmp/ccb7W4Pk.s 			page 20


 491:Drivers/STM32G4xx_HAL_Driver/Src/stm32g4xx_hal_rcc_ex.c ****   * @param  PeriphClkInit  pointer to an RCC_PeriphCLKInitTypeDef structure that
 492:Drivers/STM32G4xx_HAL_Driver/Src/stm32g4xx_hal_rcc_ex.c ****   *         returns the configuration information for the Extended Peripherals
 493:Drivers/STM32G4xx_HAL_Driver/Src/stm32g4xx_hal_rcc_ex.c ****   *         clocks(USART1, USART2, USART3, UART4, UART5, LPUART1, I2C1, I2C2, I2C3, I2C4,
 494:Drivers/STM32G4xx_HAL_Driver/Src/stm32g4xx_hal_rcc_ex.c ****   *         LPTIM1, SAI1, I2Sx, FDCANx, USB, RNG, ADCx, RTC, QSPI).
 495:Drivers/STM32G4xx_HAL_Driver/Src/stm32g4xx_hal_rcc_ex.c ****   * @retval None
 496:Drivers/STM32G4xx_HAL_Driver/Src/stm32g4xx_hal_rcc_ex.c ****   */
 497:Drivers/STM32G4xx_HAL_Driver/Src/stm32g4xx_hal_rcc_ex.c **** void HAL_RCCEx_GetPeriphCLKConfig(RCC_PeriphCLKInitTypeDef  *PeriphClkInit)
 498:Drivers/STM32G4xx_HAL_Driver/Src/stm32g4xx_hal_rcc_ex.c **** {
 573              		.loc 1 498 1 view -0
 574              		.cfi_startproc
 575              		@ args = 0, pretend = 0, frame = 0
 576              		@ frame_needed = 0, uses_anonymous_args = 0
 577              		@ link register save eliminated.
 499:Drivers/STM32G4xx_HAL_Driver/Src/stm32g4xx_hal_rcc_ex.c ****   /* Set all possible values for the extended clock type parameter------------*/
 500:Drivers/STM32G4xx_HAL_Driver/Src/stm32g4xx_hal_rcc_ex.c **** 
 501:Drivers/STM32G4xx_HAL_Driver/Src/stm32g4xx_hal_rcc_ex.c **** #if defined(STM32G474xx) || defined(STM32G484xx)
 502:Drivers/STM32G4xx_HAL_Driver/Src/stm32g4xx_hal_rcc_ex.c **** 
 503:Drivers/STM32G4xx_HAL_Driver/Src/stm32g4xx_hal_rcc_ex.c ****   PeriphClkInit->PeriphClockSelection = RCC_PERIPHCLK_USART1  | RCC_PERIPHCLK_USART2 | RCC_PERIPHCL
 504:Drivers/STM32G4xx_HAL_Driver/Src/stm32g4xx_hal_rcc_ex.c ****                                         RCC_PERIPHCLK_UART5   | \
 505:Drivers/STM32G4xx_HAL_Driver/Src/stm32g4xx_hal_rcc_ex.c ****                                         RCC_PERIPHCLK_LPUART1 | RCC_PERIPHCLK_I2C1   | RCC_PERIPHCL
 506:Drivers/STM32G4xx_HAL_Driver/Src/stm32g4xx_hal_rcc_ex.c ****                                         RCC_PERIPHCLK_I2C4    | \
 507:Drivers/STM32G4xx_HAL_Driver/Src/stm32g4xx_hal_rcc_ex.c ****                                         RCC_PERIPHCLK_LPTIM1  | RCC_PERIPHCLK_SAI1   | RCC_PERIPHCL
 508:Drivers/STM32G4xx_HAL_Driver/Src/stm32g4xx_hal_rcc_ex.c ****                                         RCC_PERIPHCLK_RNG     | RCC_PERIPHCLK_USB    | RCC_PERIPHCL
 509:Drivers/STM32G4xx_HAL_Driver/Src/stm32g4xx_hal_rcc_ex.c ****                                         RCC_PERIPHCLK_QSPI    | \
 510:Drivers/STM32G4xx_HAL_Driver/Src/stm32g4xx_hal_rcc_ex.c ****                                         RCC_PERIPHCLK_RTC;
 511:Drivers/STM32G4xx_HAL_Driver/Src/stm32g4xx_hal_rcc_ex.c **** 
 512:Drivers/STM32G4xx_HAL_Driver/Src/stm32g4xx_hal_rcc_ex.c **** #elif defined(STM32G414xx)
 513:Drivers/STM32G4xx_HAL_Driver/Src/stm32g4xx_hal_rcc_ex.c **** 
 514:Drivers/STM32G4xx_HAL_Driver/Src/stm32g4xx_hal_rcc_ex.c ****   PeriphClkInit->PeriphClockSelection = RCC_PERIPHCLK_USART1  | RCC_PERIPHCLK_USART2  | RCC_PERIPHC
 515:Drivers/STM32G4xx_HAL_Driver/Src/stm32g4xx_hal_rcc_ex.c ****                                         RCC_PERIPHCLK_LPTIM1  | RCC_PERIPHCLK_I2S     | RCC_PERIPHC
 516:Drivers/STM32G4xx_HAL_Driver/Src/stm32g4xx_hal_rcc_ex.c ****                                         RCC_PERIPHCLK_ADC12   | RCC_PERIPHCLK_RTC;
 517:Drivers/STM32G4xx_HAL_Driver/Src/stm32g4xx_hal_rcc_ex.c **** 
 518:Drivers/STM32G4xx_HAL_Driver/Src/stm32g4xx_hal_rcc_ex.c **** #elif defined(STM32G491xx) || defined(STM32G4A1xx)
 519:Drivers/STM32G4xx_HAL_Driver/Src/stm32g4xx_hal_rcc_ex.c **** 
 520:Drivers/STM32G4xx_HAL_Driver/Src/stm32g4xx_hal_rcc_ex.c ****   PeriphClkInit->PeriphClockSelection = RCC_PERIPHCLK_USART1  | RCC_PERIPHCLK_USART2 | RCC_PERIPHCL
 521:Drivers/STM32G4xx_HAL_Driver/Src/stm32g4xx_hal_rcc_ex.c ****                                         RCC_PERIPHCLK_UART5   | \
 522:Drivers/STM32G4xx_HAL_Driver/Src/stm32g4xx_hal_rcc_ex.c ****                                         RCC_PERIPHCLK_LPUART1 | RCC_PERIPHCLK_I2C1   | RCC_PERIPHCL
 523:Drivers/STM32G4xx_HAL_Driver/Src/stm32g4xx_hal_rcc_ex.c ****                                         RCC_PERIPHCLK_LPTIM1  | RCC_PERIPHCLK_SAI1   | RCC_PERIPHCL
 524:Drivers/STM32G4xx_HAL_Driver/Src/stm32g4xx_hal_rcc_ex.c ****                                         RCC_PERIPHCLK_RNG     | RCC_PERIPHCLK_USB    | RCC_PERIPHCL
 525:Drivers/STM32G4xx_HAL_Driver/Src/stm32g4xx_hal_rcc_ex.c ****                                         RCC_PERIPHCLK_QSPI    | \
 526:Drivers/STM32G4xx_HAL_Driver/Src/stm32g4xx_hal_rcc_ex.c ****                                         RCC_PERIPHCLK_RTC;
 527:Drivers/STM32G4xx_HAL_Driver/Src/stm32g4xx_hal_rcc_ex.c **** 
 528:Drivers/STM32G4xx_HAL_Driver/Src/stm32g4xx_hal_rcc_ex.c **** #elif defined(STM32G473xx) || defined(STM32G483xx)
 529:Drivers/STM32G4xx_HAL_Driver/Src/stm32g4xx_hal_rcc_ex.c **** 
 530:Drivers/STM32G4xx_HAL_Driver/Src/stm32g4xx_hal_rcc_ex.c ****   PeriphClkInit->PeriphClockSelection = RCC_PERIPHCLK_USART1  | RCC_PERIPHCLK_USART2 | RCC_PERIPHCL
 531:Drivers/STM32G4xx_HAL_Driver/Src/stm32g4xx_hal_rcc_ex.c ****                                         RCC_PERIPHCLK_UART5   | \
 532:Drivers/STM32G4xx_HAL_Driver/Src/stm32g4xx_hal_rcc_ex.c ****                                         RCC_PERIPHCLK_LPUART1 | RCC_PERIPHCLK_I2C1   | RCC_PERIPHCL
 533:Drivers/STM32G4xx_HAL_Driver/Src/stm32g4xx_hal_rcc_ex.c ****                                         RCC_PERIPHCLK_I2C4    | \
 534:Drivers/STM32G4xx_HAL_Driver/Src/stm32g4xx_hal_rcc_ex.c ****                                         RCC_PERIPHCLK_LPTIM1  | RCC_PERIPHCLK_SAI1   | RCC_PERIPHCL
 535:Drivers/STM32G4xx_HAL_Driver/Src/stm32g4xx_hal_rcc_ex.c ****                                         RCC_PERIPHCLK_RNG     | RCC_PERIPHCLK_USB    | RCC_PERIPHCL
 536:Drivers/STM32G4xx_HAL_Driver/Src/stm32g4xx_hal_rcc_ex.c ****                                         RCC_PERIPHCLK_QSPI    | \
 537:Drivers/STM32G4xx_HAL_Driver/Src/stm32g4xx_hal_rcc_ex.c ****                                         RCC_PERIPHCLK_RTC;
 538:Drivers/STM32G4xx_HAL_Driver/Src/stm32g4xx_hal_rcc_ex.c **** 
 539:Drivers/STM32G4xx_HAL_Driver/Src/stm32g4xx_hal_rcc_ex.c **** #elif defined(STM32G471xx)
 540:Drivers/STM32G4xx_HAL_Driver/Src/stm32g4xx_hal_rcc_ex.c **** 
 541:Drivers/STM32G4xx_HAL_Driver/Src/stm32g4xx_hal_rcc_ex.c ****   PeriphClkInit->PeriphClockSelection = RCC_PERIPHCLK_USART1  | RCC_PERIPHCLK_USART2 | RCC_PERIPHCL
 542:Drivers/STM32G4xx_HAL_Driver/Src/stm32g4xx_hal_rcc_ex.c ****                                         RCC_PERIPHCLK_UART5   | \
ARM GAS  /tmp/ccb7W4Pk.s 			page 21


 543:Drivers/STM32G4xx_HAL_Driver/Src/stm32g4xx_hal_rcc_ex.c ****                                         RCC_PERIPHCLK_LPUART1 | RCC_PERIPHCLK_I2C1   | RCC_PERIPHCL
 544:Drivers/STM32G4xx_HAL_Driver/Src/stm32g4xx_hal_rcc_ex.c ****                                         RCC_PERIPHCLK_I2C4    | \
 545:Drivers/STM32G4xx_HAL_Driver/Src/stm32g4xx_hal_rcc_ex.c ****                                         RCC_PERIPHCLK_LPTIM1  | RCC_PERIPHCLK_SAI1   | RCC_PERIPHCL
 546:Drivers/STM32G4xx_HAL_Driver/Src/stm32g4xx_hal_rcc_ex.c ****                                         RCC_PERIPHCLK_RNG     | RCC_PERIPHCLK_USB    | RCC_PERIPHCL
 547:Drivers/STM32G4xx_HAL_Driver/Src/stm32g4xx_hal_rcc_ex.c ****                                         RCC_PERIPHCLK_RTC;
 548:Drivers/STM32G4xx_HAL_Driver/Src/stm32g4xx_hal_rcc_ex.c **** 
 549:Drivers/STM32G4xx_HAL_Driver/Src/stm32g4xx_hal_rcc_ex.c **** #elif defined(STM32G431xx) || defined(STM32G441xx)
 550:Drivers/STM32G4xx_HAL_Driver/Src/stm32g4xx_hal_rcc_ex.c **** 
 551:Drivers/STM32G4xx_HAL_Driver/Src/stm32g4xx_hal_rcc_ex.c ****   PeriphClkInit->PeriphClockSelection = RCC_PERIPHCLK_USART1  | RCC_PERIPHCLK_USART2 | RCC_PERIPHCL
 578              		.loc 1 551 3 view .LVU181
 579              		.loc 1 551 39 is_stmt 0 view .LVU182
 580 0000 294B     		ldr	r3, .L43
 581 0002 0360     		str	r3, [r0]
 552:Drivers/STM32G4xx_HAL_Driver/Src/stm32g4xx_hal_rcc_ex.c ****                                         RCC_PERIPHCLK_LPUART1 | RCC_PERIPHCLK_I2C1   | RCC_PERIPHCL
 553:Drivers/STM32G4xx_HAL_Driver/Src/stm32g4xx_hal_rcc_ex.c ****                                         RCC_PERIPHCLK_LPTIM1  | RCC_PERIPHCLK_SAI1   | RCC_PERIPHCL
 554:Drivers/STM32G4xx_HAL_Driver/Src/stm32g4xx_hal_rcc_ex.c ****                                         RCC_PERIPHCLK_RNG     | RCC_PERIPHCLK_USB    | RCC_PERIPHCL
 555:Drivers/STM32G4xx_HAL_Driver/Src/stm32g4xx_hal_rcc_ex.c ****                                         RCC_PERIPHCLK_RTC;
 556:Drivers/STM32G4xx_HAL_Driver/Src/stm32g4xx_hal_rcc_ex.c **** #elif defined(STM32G411xB) || defined(STM32G411xC)
 557:Drivers/STM32G4xx_HAL_Driver/Src/stm32g4xx_hal_rcc_ex.c **** 
 558:Drivers/STM32G4xx_HAL_Driver/Src/stm32g4xx_hal_rcc_ex.c ****   PeriphClkInit->PeriphClockSelection = RCC_PERIPHCLK_USART1  | RCC_PERIPHCLK_USART2 | RCC_PERIPHCL
 559:Drivers/STM32G4xx_HAL_Driver/Src/stm32g4xx_hal_rcc_ex.c ****                                         RCC_PERIPHCLK_LPUART1 | RCC_PERIPHCLK_I2C1   | RCC_PERIPHCL
 560:Drivers/STM32G4xx_HAL_Driver/Src/stm32g4xx_hal_rcc_ex.c ****                                         RCC_PERIPHCLK_LPTIM1  | RCC_PERIPHCLK_I2S    | RCC_PERIPHCL
 561:Drivers/STM32G4xx_HAL_Driver/Src/stm32g4xx_hal_rcc_ex.c ****                                         RCC_PERIPHCLK_RNG     | RCC_PERIPHCLK_ADC12  | RCC_PERIPHCL
 562:Drivers/STM32G4xx_HAL_Driver/Src/stm32g4xx_hal_rcc_ex.c **** 
 563:Drivers/STM32G4xx_HAL_Driver/Src/stm32g4xx_hal_rcc_ex.c **** #elif defined(STM32GBK1CB)
 564:Drivers/STM32G4xx_HAL_Driver/Src/stm32g4xx_hal_rcc_ex.c **** 
 565:Drivers/STM32G4xx_HAL_Driver/Src/stm32g4xx_hal_rcc_ex.c ****   PeriphClkInit->PeriphClockSelection = RCC_PERIPHCLK_USART1  | RCC_PERIPHCLK_USART2 | RCC_PERIPHCL
 566:Drivers/STM32G4xx_HAL_Driver/Src/stm32g4xx_hal_rcc_ex.c ****                                         RCC_PERIPHCLK_LPUART1 | RCC_PERIPHCLK_I2C1   | RCC_PERIPHCL
 567:Drivers/STM32G4xx_HAL_Driver/Src/stm32g4xx_hal_rcc_ex.c ****                                         RCC_PERIPHCLK_LPTIM1  | RCC_PERIPHCLK_SAI1   | RCC_PERIPHCL
 568:Drivers/STM32G4xx_HAL_Driver/Src/stm32g4xx_hal_rcc_ex.c ****                                         RCC_PERIPHCLK_RNG     | RCC_PERIPHCLK_USB    | RCC_PERIPHCL
 569:Drivers/STM32G4xx_HAL_Driver/Src/stm32g4xx_hal_rcc_ex.c ****                                         RCC_PERIPHCLK_RTC;
 570:Drivers/STM32G4xx_HAL_Driver/Src/stm32g4xx_hal_rcc_ex.c **** 
 571:Drivers/STM32G4xx_HAL_Driver/Src/stm32g4xx_hal_rcc_ex.c **** #endif /* STM32G474xx || STM32G484xx */
 572:Drivers/STM32G4xx_HAL_Driver/Src/stm32g4xx_hal_rcc_ex.c **** 
 573:Drivers/STM32G4xx_HAL_Driver/Src/stm32g4xx_hal_rcc_ex.c **** 
 574:Drivers/STM32G4xx_HAL_Driver/Src/stm32g4xx_hal_rcc_ex.c ****   /* Get the USART1 clock source ---------------------------------------------*/
 575:Drivers/STM32G4xx_HAL_Driver/Src/stm32g4xx_hal_rcc_ex.c ****   PeriphClkInit->Usart1ClockSelection  = __HAL_RCC_GET_USART1_SOURCE();
 582              		.loc 1 575 3 is_stmt 1 view .LVU183
 583              		.loc 1 575 42 is_stmt 0 view .LVU184
 584 0004 294B     		ldr	r3, .L43+4
 585 0006 D3F88820 		ldr	r2, [r3, #136]
 586 000a 02F00302 		and	r2, r2, #3
 587              		.loc 1 575 40 view .LVU185
 588 000e 4260     		str	r2, [r0, #4]
 576:Drivers/STM32G4xx_HAL_Driver/Src/stm32g4xx_hal_rcc_ex.c ****   /* Get the USART2 clock source ---------------------------------------------*/
 577:Drivers/STM32G4xx_HAL_Driver/Src/stm32g4xx_hal_rcc_ex.c ****   PeriphClkInit->Usart2ClockSelection  = __HAL_RCC_GET_USART2_SOURCE();
 589              		.loc 1 577 3 is_stmt 1 view .LVU186
 590              		.loc 1 577 42 is_stmt 0 view .LVU187
 591 0010 D3F88820 		ldr	r2, [r3, #136]
 592 0014 02F00C02 		and	r2, r2, #12
 593              		.loc 1 577 40 view .LVU188
 594 0018 8260     		str	r2, [r0, #8]
 578:Drivers/STM32G4xx_HAL_Driver/Src/stm32g4xx_hal_rcc_ex.c **** 
 579:Drivers/STM32G4xx_HAL_Driver/Src/stm32g4xx_hal_rcc_ex.c **** #if defined(USART3)
 580:Drivers/STM32G4xx_HAL_Driver/Src/stm32g4xx_hal_rcc_ex.c ****   /* Get the USART3 clock source ---------------------------------------------*/
 581:Drivers/STM32G4xx_HAL_Driver/Src/stm32g4xx_hal_rcc_ex.c ****   PeriphClkInit->Usart3ClockSelection  = __HAL_RCC_GET_USART3_SOURCE();
 595              		.loc 1 581 3 is_stmt 1 view .LVU189
ARM GAS  /tmp/ccb7W4Pk.s 			page 22


 596              		.loc 1 581 42 is_stmt 0 view .LVU190
 597 001a D3F88820 		ldr	r2, [r3, #136]
 598 001e 02F03002 		and	r2, r2, #48
 599              		.loc 1 581 40 view .LVU191
 600 0022 C260     		str	r2, [r0, #12]
 582:Drivers/STM32G4xx_HAL_Driver/Src/stm32g4xx_hal_rcc_ex.c **** #endif /* USART3 */
 583:Drivers/STM32G4xx_HAL_Driver/Src/stm32g4xx_hal_rcc_ex.c **** 
 584:Drivers/STM32G4xx_HAL_Driver/Src/stm32g4xx_hal_rcc_ex.c **** #if defined(UART4)
 585:Drivers/STM32G4xx_HAL_Driver/Src/stm32g4xx_hal_rcc_ex.c ****   /* Get the UART4 clock source ----------------------------------------------*/
 586:Drivers/STM32G4xx_HAL_Driver/Src/stm32g4xx_hal_rcc_ex.c ****   PeriphClkInit->Uart4ClockSelection   = __HAL_RCC_GET_UART4_SOURCE();
 601              		.loc 1 586 3 is_stmt 1 view .LVU192
 602              		.loc 1 586 42 is_stmt 0 view .LVU193
 603 0024 D3F88820 		ldr	r2, [r3, #136]
 604 0028 02F0C002 		and	r2, r2, #192
 605              		.loc 1 586 40 view .LVU194
 606 002c 0261     		str	r2, [r0, #16]
 587:Drivers/STM32G4xx_HAL_Driver/Src/stm32g4xx_hal_rcc_ex.c **** #endif /* UART4 */
 588:Drivers/STM32G4xx_HAL_Driver/Src/stm32g4xx_hal_rcc_ex.c **** 
 589:Drivers/STM32G4xx_HAL_Driver/Src/stm32g4xx_hal_rcc_ex.c **** #if defined(UART5)
 590:Drivers/STM32G4xx_HAL_Driver/Src/stm32g4xx_hal_rcc_ex.c ****   /* Get the UART5 clock source ----------------------------------------------*/
 591:Drivers/STM32G4xx_HAL_Driver/Src/stm32g4xx_hal_rcc_ex.c ****   PeriphClkInit->Uart5ClockSelection   = __HAL_RCC_GET_UART5_SOURCE();
 592:Drivers/STM32G4xx_HAL_Driver/Src/stm32g4xx_hal_rcc_ex.c **** #endif /* UART5 */
 593:Drivers/STM32G4xx_HAL_Driver/Src/stm32g4xx_hal_rcc_ex.c ****   
 594:Drivers/STM32G4xx_HAL_Driver/Src/stm32g4xx_hal_rcc_ex.c ****   /* Get the LPUART1 clock source --------------------------------------------*/
 595:Drivers/STM32G4xx_HAL_Driver/Src/stm32g4xx_hal_rcc_ex.c ****   PeriphClkInit->Lpuart1ClockSelection = __HAL_RCC_GET_LPUART1_SOURCE();
 607              		.loc 1 595 3 is_stmt 1 view .LVU195
 608              		.loc 1 595 42 is_stmt 0 view .LVU196
 609 002e D3F88820 		ldr	r2, [r3, #136]
 610 0032 02F44062 		and	r2, r2, #3072
 611              		.loc 1 595 40 view .LVU197
 612 0036 4261     		str	r2, [r0, #20]
 596:Drivers/STM32G4xx_HAL_Driver/Src/stm32g4xx_hal_rcc_ex.c **** 
 597:Drivers/STM32G4xx_HAL_Driver/Src/stm32g4xx_hal_rcc_ex.c ****   /* Get the I2C1 clock source -----------------------------------------------*/
 598:Drivers/STM32G4xx_HAL_Driver/Src/stm32g4xx_hal_rcc_ex.c ****   PeriphClkInit->I2c1ClockSelection    = __HAL_RCC_GET_I2C1_SOURCE();
 613              		.loc 1 598 3 is_stmt 1 view .LVU198
 614              		.loc 1 598 42 is_stmt 0 view .LVU199
 615 0038 D3F88820 		ldr	r2, [r3, #136]
 616 003c 02F44052 		and	r2, r2, #12288
 617              		.loc 1 598 40 view .LVU200
 618 0040 8261     		str	r2, [r0, #24]
 599:Drivers/STM32G4xx_HAL_Driver/Src/stm32g4xx_hal_rcc_ex.c **** 
 600:Drivers/STM32G4xx_HAL_Driver/Src/stm32g4xx_hal_rcc_ex.c ****   /* Get the I2C2 clock source ----------------------------------------------*/
 601:Drivers/STM32G4xx_HAL_Driver/Src/stm32g4xx_hal_rcc_ex.c ****   PeriphClkInit->I2c2ClockSelection    = __HAL_RCC_GET_I2C2_SOURCE();
 619              		.loc 1 601 3 is_stmt 1 view .LVU201
 620              		.loc 1 601 42 is_stmt 0 view .LVU202
 621 0042 D3F88820 		ldr	r2, [r3, #136]
 622 0046 02F44042 		and	r2, r2, #49152
 623              		.loc 1 601 40 view .LVU203
 624 004a C261     		str	r2, [r0, #28]
 602:Drivers/STM32G4xx_HAL_Driver/Src/stm32g4xx_hal_rcc_ex.c **** 
 603:Drivers/STM32G4xx_HAL_Driver/Src/stm32g4xx_hal_rcc_ex.c **** #if defined(I2C3)
 604:Drivers/STM32G4xx_HAL_Driver/Src/stm32g4xx_hal_rcc_ex.c ****   /* Get the I2C3 clock source -----------------------------------------------*/
 605:Drivers/STM32G4xx_HAL_Driver/Src/stm32g4xx_hal_rcc_ex.c ****   PeriphClkInit->I2c3ClockSelection    = __HAL_RCC_GET_I2C3_SOURCE();
 625              		.loc 1 605 3 is_stmt 1 view .LVU204
 626              		.loc 1 605 42 is_stmt 0 view .LVU205
 627 004c D3F88820 		ldr	r2, [r3, #136]
 628 0050 02F44032 		and	r2, r2, #196608
ARM GAS  /tmp/ccb7W4Pk.s 			page 23


 629              		.loc 1 605 40 view .LVU206
 630 0054 0262     		str	r2, [r0, #32]
 606:Drivers/STM32G4xx_HAL_Driver/Src/stm32g4xx_hal_rcc_ex.c **** #endif /* I2C3 */
 607:Drivers/STM32G4xx_HAL_Driver/Src/stm32g4xx_hal_rcc_ex.c **** 
 608:Drivers/STM32G4xx_HAL_Driver/Src/stm32g4xx_hal_rcc_ex.c **** #if defined(I2C4)
 609:Drivers/STM32G4xx_HAL_Driver/Src/stm32g4xx_hal_rcc_ex.c ****   /* Get the I2C4 clock source -----------------------------------------------*/
 610:Drivers/STM32G4xx_HAL_Driver/Src/stm32g4xx_hal_rcc_ex.c ****   PeriphClkInit->I2c4ClockSelection    = __HAL_RCC_GET_I2C4_SOURCE();
 611:Drivers/STM32G4xx_HAL_Driver/Src/stm32g4xx_hal_rcc_ex.c **** #endif /* I2C4 */
 612:Drivers/STM32G4xx_HAL_Driver/Src/stm32g4xx_hal_rcc_ex.c **** 
 613:Drivers/STM32G4xx_HAL_Driver/Src/stm32g4xx_hal_rcc_ex.c ****   /* Get the LPTIM1 clock source ---------------------------------------------*/
 614:Drivers/STM32G4xx_HAL_Driver/Src/stm32g4xx_hal_rcc_ex.c ****   PeriphClkInit->Lptim1ClockSelection  = __HAL_RCC_GET_LPTIM1_SOURCE();
 631              		.loc 1 614 3 is_stmt 1 view .LVU207
 632              		.loc 1 614 42 is_stmt 0 view .LVU208
 633 0056 D3F88820 		ldr	r2, [r3, #136]
 634 005a 02F44022 		and	r2, r2, #786432
 635              		.loc 1 614 40 view .LVU209
 636 005e 4262     		str	r2, [r0, #36]
 615:Drivers/STM32G4xx_HAL_Driver/Src/stm32g4xx_hal_rcc_ex.c **** 
 616:Drivers/STM32G4xx_HAL_Driver/Src/stm32g4xx_hal_rcc_ex.c **** #if defined(SAI1)
 617:Drivers/STM32G4xx_HAL_Driver/Src/stm32g4xx_hal_rcc_ex.c ****   /* Get the SAI1 clock source -----------------------------------------------*/
 618:Drivers/STM32G4xx_HAL_Driver/Src/stm32g4xx_hal_rcc_ex.c ****   PeriphClkInit->Sai1ClockSelection    = __HAL_RCC_GET_SAI1_SOURCE();
 637              		.loc 1 618 3 is_stmt 1 view .LVU210
 638              		.loc 1 618 42 is_stmt 0 view .LVU211
 639 0060 D3F88820 		ldr	r2, [r3, #136]
 640 0064 02F44012 		and	r2, r2, #3145728
 641              		.loc 1 618 40 view .LVU212
 642 0068 8262     		str	r2, [r0, #40]
 619:Drivers/STM32G4xx_HAL_Driver/Src/stm32g4xx_hal_rcc_ex.c **** #endif /* SAI1 */
 620:Drivers/STM32G4xx_HAL_Driver/Src/stm32g4xx_hal_rcc_ex.c **** 
 621:Drivers/STM32G4xx_HAL_Driver/Src/stm32g4xx_hal_rcc_ex.c **** #if defined(SPI_I2S_SUPPORT)
 622:Drivers/STM32G4xx_HAL_Driver/Src/stm32g4xx_hal_rcc_ex.c ****   /* Get the I2S clock source -----------------------------------------------*/
 623:Drivers/STM32G4xx_HAL_Driver/Src/stm32g4xx_hal_rcc_ex.c ****   PeriphClkInit->I2sClockSelection    = __HAL_RCC_GET_I2S_SOURCE();
 643              		.loc 1 623 3 is_stmt 1 view .LVU213
 644              		.loc 1 623 41 is_stmt 0 view .LVU214
 645 006a D3F88820 		ldr	r2, [r3, #136]
 646 006e 02F44002 		and	r2, r2, #12582912
 647              		.loc 1 623 39 view .LVU215
 648 0072 C262     		str	r2, [r0, #44]
 624:Drivers/STM32G4xx_HAL_Driver/Src/stm32g4xx_hal_rcc_ex.c **** #endif /* SPI_I2S_SUPPORT */
 625:Drivers/STM32G4xx_HAL_Driver/Src/stm32g4xx_hal_rcc_ex.c **** 
 626:Drivers/STM32G4xx_HAL_Driver/Src/stm32g4xx_hal_rcc_ex.c **** #if defined(FDCAN1)
 627:Drivers/STM32G4xx_HAL_Driver/Src/stm32g4xx_hal_rcc_ex.c ****   /* Get the FDCAN clock source -----------------------------------------------*/
 628:Drivers/STM32G4xx_HAL_Driver/Src/stm32g4xx_hal_rcc_ex.c ****   PeriphClkInit->FdcanClockSelection    = __HAL_RCC_GET_FDCAN_SOURCE();
 649              		.loc 1 628 3 is_stmt 1 view .LVU216
 650              		.loc 1 628 43 is_stmt 0 view .LVU217
 651 0074 D3F88820 		ldr	r2, [r3, #136]
 652 0078 02F04072 		and	r2, r2, #50331648
 653              		.loc 1 628 41 view .LVU218
 654 007c 0263     		str	r2, [r0, #48]
 629:Drivers/STM32G4xx_HAL_Driver/Src/stm32g4xx_hal_rcc_ex.c **** #endif /* FDCAN1 */
 630:Drivers/STM32G4xx_HAL_Driver/Src/stm32g4xx_hal_rcc_ex.c **** 
 631:Drivers/STM32G4xx_HAL_Driver/Src/stm32g4xx_hal_rcc_ex.c **** #if defined(USB)
 632:Drivers/STM32G4xx_HAL_Driver/Src/stm32g4xx_hal_rcc_ex.c ****   /* Get the USB clock source ------------------------------------------------*/
 633:Drivers/STM32G4xx_HAL_Driver/Src/stm32g4xx_hal_rcc_ex.c ****   PeriphClkInit->UsbClockSelection   = __HAL_RCC_GET_USB_SOURCE();
 655              		.loc 1 633 3 is_stmt 1 view .LVU219
 656              		.loc 1 633 40 is_stmt 0 view .LVU220
 657 007e D3F88820 		ldr	r2, [r3, #136]
ARM GAS  /tmp/ccb7W4Pk.s 			page 24


 658 0082 02F04062 		and	r2, r2, #201326592
 659              		.loc 1 633 38 view .LVU221
 660 0086 4263     		str	r2, [r0, #52]
 634:Drivers/STM32G4xx_HAL_Driver/Src/stm32g4xx_hal_rcc_ex.c **** #endif /* USB */
 635:Drivers/STM32G4xx_HAL_Driver/Src/stm32g4xx_hal_rcc_ex.c **** 
 636:Drivers/STM32G4xx_HAL_Driver/Src/stm32g4xx_hal_rcc_ex.c ****   /* Get the RNG clock source ------------------------------------------------*/
 637:Drivers/STM32G4xx_HAL_Driver/Src/stm32g4xx_hal_rcc_ex.c ****   PeriphClkInit->RngClockSelection   = __HAL_RCC_GET_RNG_SOURCE();
 661              		.loc 1 637 3 is_stmt 1 view .LVU222
 662              		.loc 1 637 40 is_stmt 0 view .LVU223
 663 0088 D3F88820 		ldr	r2, [r3, #136]
 664 008c 02F04062 		and	r2, r2, #201326592
 665              		.loc 1 637 38 view .LVU224
 666 0090 8263     		str	r2, [r0, #56]
 638:Drivers/STM32G4xx_HAL_Driver/Src/stm32g4xx_hal_rcc_ex.c **** 
 639:Drivers/STM32G4xx_HAL_Driver/Src/stm32g4xx_hal_rcc_ex.c ****   /* Get the ADC12 clock source -----------------------------------------------*/
 640:Drivers/STM32G4xx_HAL_Driver/Src/stm32g4xx_hal_rcc_ex.c ****   PeriphClkInit->Adc12ClockSelection     = __HAL_RCC_GET_ADC12_SOURCE();
 667              		.loc 1 640 3 is_stmt 1 view .LVU225
 668              		.loc 1 640 44 is_stmt 0 view .LVU226
 669 0092 D3F88820 		ldr	r2, [r3, #136]
 670 0096 02F04052 		and	r2, r2, #805306368
 671              		.loc 1 640 42 view .LVU227
 672 009a C263     		str	r2, [r0, #60]
 641:Drivers/STM32G4xx_HAL_Driver/Src/stm32g4xx_hal_rcc_ex.c **** 
 642:Drivers/STM32G4xx_HAL_Driver/Src/stm32g4xx_hal_rcc_ex.c **** #if defined(ADC345_COMMON)
 643:Drivers/STM32G4xx_HAL_Driver/Src/stm32g4xx_hal_rcc_ex.c ****   /* Get the ADC345 clock source ----------------------------------------------*/
 644:Drivers/STM32G4xx_HAL_Driver/Src/stm32g4xx_hal_rcc_ex.c ****   PeriphClkInit->Adc345ClockSelection     = __HAL_RCC_GET_ADC345_SOURCE();
 645:Drivers/STM32G4xx_HAL_Driver/Src/stm32g4xx_hal_rcc_ex.c **** #endif /* ADC345_COMMON */
 646:Drivers/STM32G4xx_HAL_Driver/Src/stm32g4xx_hal_rcc_ex.c **** 
 647:Drivers/STM32G4xx_HAL_Driver/Src/stm32g4xx_hal_rcc_ex.c **** #if defined(QUADSPI)
 648:Drivers/STM32G4xx_HAL_Driver/Src/stm32g4xx_hal_rcc_ex.c ****   /* Get the QuadSPIclock source --------------------------------------------*/
 649:Drivers/STM32G4xx_HAL_Driver/Src/stm32g4xx_hal_rcc_ex.c ****   PeriphClkInit->QspiClockSelection = __HAL_RCC_GET_QSPI_SOURCE();
 650:Drivers/STM32G4xx_HAL_Driver/Src/stm32g4xx_hal_rcc_ex.c **** #endif /* QUADSPI */
 651:Drivers/STM32G4xx_HAL_Driver/Src/stm32g4xx_hal_rcc_ex.c **** 
 652:Drivers/STM32G4xx_HAL_Driver/Src/stm32g4xx_hal_rcc_ex.c ****   /* Get the RTC clock source ------------------------------------------------*/
 653:Drivers/STM32G4xx_HAL_Driver/Src/stm32g4xx_hal_rcc_ex.c ****   PeriphClkInit->RTCClockSelection     = __HAL_RCC_GET_RTC_SOURCE();
 673              		.loc 1 653 3 is_stmt 1 view .LVU228
 674              		.loc 1 653 42 is_stmt 0 view .LVU229
 675 009c D3F89030 		ldr	r3, [r3, #144]
 676 00a0 03F44073 		and	r3, r3, #768
 677              		.loc 1 653 40 view .LVU230
 678 00a4 0364     		str	r3, [r0, #64]
 654:Drivers/STM32G4xx_HAL_Driver/Src/stm32g4xx_hal_rcc_ex.c **** 
 655:Drivers/STM32G4xx_HAL_Driver/Src/stm32g4xx_hal_rcc_ex.c **** }
 679              		.loc 1 655 1 view .LVU231
 680 00a6 7047     		bx	lr
 681              	.L44:
 682              		.align	2
 683              	.L43:
 684 00a8 EFFF0800 		.word	589807
 685 00ac 00100240 		.word	1073876992
 686              		.cfi_endproc
 687              	.LFE133:
 689              		.section	.text.HAL_RCCEx_GetPeriphCLKFreq,"ax",%progbits
 690              		.align	1
 691              		.global	HAL_RCCEx_GetPeriphCLKFreq
 692              		.syntax unified
 693              		.thumb
ARM GAS  /tmp/ccb7W4Pk.s 			page 25


 694              		.thumb_func
 696              	HAL_RCCEx_GetPeriphCLKFreq:
 697              	.LVL27:
 698              	.LFB134:
 656:Drivers/STM32G4xx_HAL_Driver/Src/stm32g4xx_hal_rcc_ex.c **** 
 657:Drivers/STM32G4xx_HAL_Driver/Src/stm32g4xx_hal_rcc_ex.c **** /**
 658:Drivers/STM32G4xx_HAL_Driver/Src/stm32g4xx_hal_rcc_ex.c ****   * @brief  Return the peripheral clock frequency for peripherals with clock source from PLL
 659:Drivers/STM32G4xx_HAL_Driver/Src/stm32g4xx_hal_rcc_ex.c ****   * @note   Return 0 if peripheral clock identifier not managed by this API
 660:Drivers/STM32G4xx_HAL_Driver/Src/stm32g4xx_hal_rcc_ex.c ****   * @param  PeriphClk  Peripheral clock identifier
 661:Drivers/STM32G4xx_HAL_Driver/Src/stm32g4xx_hal_rcc_ex.c ****   *         This parameter can be one of the following values:
 662:Drivers/STM32G4xx_HAL_Driver/Src/stm32g4xx_hal_rcc_ex.c ****   *            @arg @ref RCC_PERIPHCLK_USART1  USART1 peripheral clock
 663:Drivers/STM32G4xx_HAL_Driver/Src/stm32g4xx_hal_rcc_ex.c ****   *            @arg @ref RCC_PERIPHCLK_USART2  USART2 peripheral clock
 664:Drivers/STM32G4xx_HAL_Driver/Src/stm32g4xx_hal_rcc_ex.c ****   *            @arg @ref RCC_PERIPHCLK_USART3  USART3 peripheral clock
 665:Drivers/STM32G4xx_HAL_Driver/Src/stm32g4xx_hal_rcc_ex.c ****   *            @arg @ref RCC_PERIPHCLK_UART4  UART4 peripheral clock (only for devices with UART4)
 666:Drivers/STM32G4xx_HAL_Driver/Src/stm32g4xx_hal_rcc_ex.c ****   *            @arg @ref RCC_PERIPHCLK_UART5  UART5 peripheral clock (only for devices with UART5)
 667:Drivers/STM32G4xx_HAL_Driver/Src/stm32g4xx_hal_rcc_ex.c ****   *            @arg @ref RCC_PERIPHCLK_LPUART1  LPUART1 peripheral clock
 668:Drivers/STM32G4xx_HAL_Driver/Src/stm32g4xx_hal_rcc_ex.c ****   *            @arg @ref RCC_PERIPHCLK_I2C1  I2C1 peripheral clock
 669:Drivers/STM32G4xx_HAL_Driver/Src/stm32g4xx_hal_rcc_ex.c ****   *            @arg @ref RCC_PERIPHCLK_I2C2  I2C2 peripheral clock
 670:Drivers/STM32G4xx_HAL_Driver/Src/stm32g4xx_hal_rcc_ex.c ****   *            @arg @ref RCC_PERIPHCLK_I2C3  I2C3 peripheral clock
 671:Drivers/STM32G4xx_HAL_Driver/Src/stm32g4xx_hal_rcc_ex.c ****   *            @arg @ref RCC_PERIPHCLK_I2C4  I2C4 peripheral clock (only for devices with I2C4)
 672:Drivers/STM32G4xx_HAL_Driver/Src/stm32g4xx_hal_rcc_ex.c ****   *            @arg @ref RCC_PERIPHCLK_LPTIM1  LPTIM1 peripheral clock
 673:Drivers/STM32G4xx_HAL_Driver/Src/stm32g4xx_hal_rcc_ex.c ****   *            @arg @ref RCC_PERIPHCLK_SAI1  SAI1 peripheral clock
 674:Drivers/STM32G4xx_HAL_Driver/Src/stm32g4xx_hal_rcc_ex.c ****   *            @arg @ref RCC_PERIPHCLK_I2S  SPI peripheral clock
 675:Drivers/STM32G4xx_HAL_Driver/Src/stm32g4xx_hal_rcc_ex.c ****   *            @arg @ref RCC_PERIPHCLK_FDCAN  FDCAN peripheral clock (only for devices with FDCAN)
 676:Drivers/STM32G4xx_HAL_Driver/Src/stm32g4xx_hal_rcc_ex.c ****   *            @arg @ref RCC_PERIPHCLK_RNG  RNG peripheral clock
 677:Drivers/STM32G4xx_HAL_Driver/Src/stm32g4xx_hal_rcc_ex.c ****   *            @arg @ref RCC_PERIPHCLK_USB  USB peripheral clock (only for devices with USB)
 678:Drivers/STM32G4xx_HAL_Driver/Src/stm32g4xx_hal_rcc_ex.c ****   *            @arg @ref RCC_PERIPHCLK_ADC12  ADC1 and ADC2 peripheral clock
 679:Drivers/STM32G4xx_HAL_Driver/Src/stm32g4xx_hal_rcc_ex.c ****   *            @arg @ref RCC_PERIPHCLK_ADC345  ADC3, ADC4 and ADC5 peripheral clock (only for devic
 680:Drivers/STM32G4xx_HAL_Driver/Src/stm32g4xx_hal_rcc_ex.c ****   *            @arg @ref RCC_PERIPHCLK_QSPI  QSPI peripheral clock (only for devices with QSPI)
 681:Drivers/STM32G4xx_HAL_Driver/Src/stm32g4xx_hal_rcc_ex.c ****   *            @arg @ref RCC_PERIPHCLK_RTC  RTC peripheral clock
 682:Drivers/STM32G4xx_HAL_Driver/Src/stm32g4xx_hal_rcc_ex.c ****   * @retval Frequency in Hz
 683:Drivers/STM32G4xx_HAL_Driver/Src/stm32g4xx_hal_rcc_ex.c ****   */
 684:Drivers/STM32G4xx_HAL_Driver/Src/stm32g4xx_hal_rcc_ex.c **** uint32_t HAL_RCCEx_GetPeriphCLKFreq(uint32_t PeriphClk)
 685:Drivers/STM32G4xx_HAL_Driver/Src/stm32g4xx_hal_rcc_ex.c **** {
 699              		.loc 1 685 1 is_stmt 1 view -0
 700              		.cfi_startproc
 701              		@ args = 0, pretend = 0, frame = 0
 702              		@ frame_needed = 0, uses_anonymous_args = 0
 703              		.loc 1 685 1 is_stmt 0 view .LVU233
 704 0000 08B5     		push	{r3, lr}
 705              		.cfi_def_cfa_offset 8
 706              		.cfi_offset 3, -8
 707              		.cfi_offset 14, -4
 686:Drivers/STM32G4xx_HAL_Driver/Src/stm32g4xx_hal_rcc_ex.c ****   uint32_t frequency = 0U;
 708              		.loc 1 686 3 is_stmt 1 view .LVU234
 709              	.LVL28:
 687:Drivers/STM32G4xx_HAL_Driver/Src/stm32g4xx_hal_rcc_ex.c ****   uint32_t srcclk;
 710              		.loc 1 687 3 view .LVU235
 688:Drivers/STM32G4xx_HAL_Driver/Src/stm32g4xx_hal_rcc_ex.c ****   uint32_t pllvco, plln, pllp;
 711              		.loc 1 688 3 view .LVU236
 689:Drivers/STM32G4xx_HAL_Driver/Src/stm32g4xx_hal_rcc_ex.c **** 
 690:Drivers/STM32G4xx_HAL_Driver/Src/stm32g4xx_hal_rcc_ex.c ****   /* Check the parameters */
 691:Drivers/STM32G4xx_HAL_Driver/Src/stm32g4xx_hal_rcc_ex.c ****   assert_param(IS_RCC_PERIPHCLOCK(PeriphClk));
 712              		.loc 1 691 3 view .LVU237
 692:Drivers/STM32G4xx_HAL_Driver/Src/stm32g4xx_hal_rcc_ex.c **** 
 693:Drivers/STM32G4xx_HAL_Driver/Src/stm32g4xx_hal_rcc_ex.c ****   if(PeriphClk == RCC_PERIPHCLK_RTC)
 713              		.loc 1 693 3 view .LVU238
ARM GAS  /tmp/ccb7W4Pk.s 			page 26


 714              		.loc 1 693 5 is_stmt 0 view .LVU239
 715 0002 B0F5002F 		cmp	r0, #524288
 716 0006 42D0     		beq	.L134
 694:Drivers/STM32G4xx_HAL_Driver/Src/stm32g4xx_hal_rcc_ex.c ****   {
 695:Drivers/STM32G4xx_HAL_Driver/Src/stm32g4xx_hal_rcc_ex.c ****     /* Get the current RTC source */
 696:Drivers/STM32G4xx_HAL_Driver/Src/stm32g4xx_hal_rcc_ex.c ****     srcclk = __HAL_RCC_GET_RTC_SOURCE();
 697:Drivers/STM32G4xx_HAL_Driver/Src/stm32g4xx_hal_rcc_ex.c **** 
 698:Drivers/STM32G4xx_HAL_Driver/Src/stm32g4xx_hal_rcc_ex.c ****     /* Check if LSE is ready and if RTC clock selection is LSE */
 699:Drivers/STM32G4xx_HAL_Driver/Src/stm32g4xx_hal_rcc_ex.c ****     if ((HAL_IS_BIT_SET(RCC->BDCR, RCC_BDCR_LSERDY)) && (srcclk == RCC_RTCCLKSOURCE_LSE))
 700:Drivers/STM32G4xx_HAL_Driver/Src/stm32g4xx_hal_rcc_ex.c ****     {
 701:Drivers/STM32G4xx_HAL_Driver/Src/stm32g4xx_hal_rcc_ex.c ****       frequency = LSE_VALUE;
 702:Drivers/STM32G4xx_HAL_Driver/Src/stm32g4xx_hal_rcc_ex.c ****     }
 703:Drivers/STM32G4xx_HAL_Driver/Src/stm32g4xx_hal_rcc_ex.c ****     /* Check if LSI is ready and if RTC clock selection is LSI */
 704:Drivers/STM32G4xx_HAL_Driver/Src/stm32g4xx_hal_rcc_ex.c ****     else if ((HAL_IS_BIT_SET(RCC->CSR, RCC_CSR_LSIRDY)) && (srcclk == RCC_RTCCLKSOURCE_LSI))
 705:Drivers/STM32G4xx_HAL_Driver/Src/stm32g4xx_hal_rcc_ex.c ****     {
 706:Drivers/STM32G4xx_HAL_Driver/Src/stm32g4xx_hal_rcc_ex.c ****       frequency = LSI_VALUE;
 707:Drivers/STM32G4xx_HAL_Driver/Src/stm32g4xx_hal_rcc_ex.c ****     }
 708:Drivers/STM32G4xx_HAL_Driver/Src/stm32g4xx_hal_rcc_ex.c ****     /* Check if HSE is ready  and if RTC clock selection is HSI_DIV32*/
 709:Drivers/STM32G4xx_HAL_Driver/Src/stm32g4xx_hal_rcc_ex.c ****     else if ((HAL_IS_BIT_SET(RCC->CR, RCC_CR_HSERDY)) && (srcclk == RCC_RTCCLKSOURCE_HSE_DIV32))
 710:Drivers/STM32G4xx_HAL_Driver/Src/stm32g4xx_hal_rcc_ex.c ****     {
 711:Drivers/STM32G4xx_HAL_Driver/Src/stm32g4xx_hal_rcc_ex.c ****       frequency = HSE_VALUE / 32U;
 712:Drivers/STM32G4xx_HAL_Driver/Src/stm32g4xx_hal_rcc_ex.c ****     }
 713:Drivers/STM32G4xx_HAL_Driver/Src/stm32g4xx_hal_rcc_ex.c ****     /* Clock not enabled for RTC*/
 714:Drivers/STM32G4xx_HAL_Driver/Src/stm32g4xx_hal_rcc_ex.c ****     else
 715:Drivers/STM32G4xx_HAL_Driver/Src/stm32g4xx_hal_rcc_ex.c ****     {
 716:Drivers/STM32G4xx_HAL_Driver/Src/stm32g4xx_hal_rcc_ex.c ****       /* nothing to do: frequency already initialized to 0 */
 717:Drivers/STM32G4xx_HAL_Driver/Src/stm32g4xx_hal_rcc_ex.c ****     }
 718:Drivers/STM32G4xx_HAL_Driver/Src/stm32g4xx_hal_rcc_ex.c ****   }
 719:Drivers/STM32G4xx_HAL_Driver/Src/stm32g4xx_hal_rcc_ex.c ****   else
 720:Drivers/STM32G4xx_HAL_Driver/Src/stm32g4xx_hal_rcc_ex.c ****   {
 721:Drivers/STM32G4xx_HAL_Driver/Src/stm32g4xx_hal_rcc_ex.c ****     /* Other external peripheral clock source than RTC */
 722:Drivers/STM32G4xx_HAL_Driver/Src/stm32g4xx_hal_rcc_ex.c **** 
 723:Drivers/STM32G4xx_HAL_Driver/Src/stm32g4xx_hal_rcc_ex.c ****     /* Compute PLL clock input */
 724:Drivers/STM32G4xx_HAL_Driver/Src/stm32g4xx_hal_rcc_ex.c ****     if(__HAL_RCC_GET_PLL_OSCSOURCE() == RCC_PLLSOURCE_HSI)   /* HSI ? */
 717              		.loc 1 724 5 is_stmt 1 view .LVU240
 718              		.loc 1 724 8 is_stmt 0 view .LVU241
 719 0008 A14B     		ldr	r3, .L168
 720 000a DB68     		ldr	r3, [r3, #12]
 721 000c 03F00303 		and	r3, r3, #3
 722              		.loc 1 724 7 view .LVU242
 723 0010 022B     		cmp	r3, #2
 724 0012 5FD0     		beq	.L135
 725:Drivers/STM32G4xx_HAL_Driver/Src/stm32g4xx_hal_rcc_ex.c ****     {
 726:Drivers/STM32G4xx_HAL_Driver/Src/stm32g4xx_hal_rcc_ex.c ****       if(HAL_IS_BIT_SET(RCC->CR, RCC_CR_HSIRDY))
 727:Drivers/STM32G4xx_HAL_Driver/Src/stm32g4xx_hal_rcc_ex.c ****       {
 728:Drivers/STM32G4xx_HAL_Driver/Src/stm32g4xx_hal_rcc_ex.c ****         pllvco = HSI_VALUE;
 729:Drivers/STM32G4xx_HAL_Driver/Src/stm32g4xx_hal_rcc_ex.c ****       }
 730:Drivers/STM32G4xx_HAL_Driver/Src/stm32g4xx_hal_rcc_ex.c ****       else
 731:Drivers/STM32G4xx_HAL_Driver/Src/stm32g4xx_hal_rcc_ex.c ****       {
 732:Drivers/STM32G4xx_HAL_Driver/Src/stm32g4xx_hal_rcc_ex.c ****         pllvco = 0U;
 733:Drivers/STM32G4xx_HAL_Driver/Src/stm32g4xx_hal_rcc_ex.c ****       }
 734:Drivers/STM32G4xx_HAL_Driver/Src/stm32g4xx_hal_rcc_ex.c ****     }
 735:Drivers/STM32G4xx_HAL_Driver/Src/stm32g4xx_hal_rcc_ex.c ****     else if(__HAL_RCC_GET_PLL_OSCSOURCE() == RCC_PLLSOURCE_HSE)   /* HSE ? */
 725              		.loc 1 735 10 is_stmt 1 view .LVU243
 726              		.loc 1 735 13 is_stmt 0 view .LVU244
 727 0014 9E4B     		ldr	r3, .L168
 728 0016 DB68     		ldr	r3, [r3, #12]
ARM GAS  /tmp/ccb7W4Pk.s 			page 27


 729 0018 03F00303 		and	r3, r3, #3
 730              		.loc 1 735 12 view .LVU245
 731 001c 032B     		cmp	r3, #3
 732 001e 60D0     		beq	.L136
 736:Drivers/STM32G4xx_HAL_Driver/Src/stm32g4xx_hal_rcc_ex.c ****     {
 737:Drivers/STM32G4xx_HAL_Driver/Src/stm32g4xx_hal_rcc_ex.c ****       if(HAL_IS_BIT_SET(RCC->CR, RCC_CR_HSERDY))
 738:Drivers/STM32G4xx_HAL_Driver/Src/stm32g4xx_hal_rcc_ex.c ****       {
 739:Drivers/STM32G4xx_HAL_Driver/Src/stm32g4xx_hal_rcc_ex.c ****         pllvco = HSE_VALUE;
 740:Drivers/STM32G4xx_HAL_Driver/Src/stm32g4xx_hal_rcc_ex.c ****       }
 741:Drivers/STM32G4xx_HAL_Driver/Src/stm32g4xx_hal_rcc_ex.c ****       else
 742:Drivers/STM32G4xx_HAL_Driver/Src/stm32g4xx_hal_rcc_ex.c ****       {
 743:Drivers/STM32G4xx_HAL_Driver/Src/stm32g4xx_hal_rcc_ex.c ****         pllvco = 0U;
 744:Drivers/STM32G4xx_HAL_Driver/Src/stm32g4xx_hal_rcc_ex.c ****       }
 745:Drivers/STM32G4xx_HAL_Driver/Src/stm32g4xx_hal_rcc_ex.c ****     }
 746:Drivers/STM32G4xx_HAL_Driver/Src/stm32g4xx_hal_rcc_ex.c ****     else /* No source */
 747:Drivers/STM32G4xx_HAL_Driver/Src/stm32g4xx_hal_rcc_ex.c ****     {
 748:Drivers/STM32G4xx_HAL_Driver/Src/stm32g4xx_hal_rcc_ex.c ****       pllvco = 0U;
 733              		.loc 1 748 14 view .LVU246
 734 0020 0022     		movs	r2, #0
 735              	.L51:
 736              	.LVL29:
 749:Drivers/STM32G4xx_HAL_Driver/Src/stm32g4xx_hal_rcc_ex.c ****     }
 750:Drivers/STM32G4xx_HAL_Driver/Src/stm32g4xx_hal_rcc_ex.c **** 
 751:Drivers/STM32G4xx_HAL_Driver/Src/stm32g4xx_hal_rcc_ex.c ****     /* f(PLL Source) / PLLM */
 752:Drivers/STM32G4xx_HAL_Driver/Src/stm32g4xx_hal_rcc_ex.c ****     pllvco = (pllvco / ((READ_BIT(RCC->PLLCFGR, RCC_PLLCFGR_PLLM) >> RCC_PLLCFGR_PLLM_Pos) + 1U));
 737              		.loc 1 752 5 is_stmt 1 view .LVU247
 738              		.loc 1 752 26 is_stmt 0 view .LVU248
 739 0022 9B4B     		ldr	r3, .L168
 740 0024 DB68     		ldr	r3, [r3, #12]
 741              		.loc 1 752 67 view .LVU249
 742 0026 C3F30313 		ubfx	r3, r3, #4, #4
 743              		.loc 1 752 92 view .LVU250
 744 002a 0133     		adds	r3, r3, #1
 745              		.loc 1 752 12 view .LVU251
 746 002c B2FBF3F2 		udiv	r2, r2, r3
 747              	.LVL30:
 753:Drivers/STM32G4xx_HAL_Driver/Src/stm32g4xx_hal_rcc_ex.c **** 
 754:Drivers/STM32G4xx_HAL_Driver/Src/stm32g4xx_hal_rcc_ex.c ****     switch(PeriphClk)
 748              		.loc 1 754 5 is_stmt 1 view .LVU252
 749 0030 B0F5807F 		cmp	r0, #256
 750 0034 00F09081 		beq	.L52
 751 0038 00F28680 		bhi	.L53
 752 003c 0828     		cmp	r0, #8
 753 003e 00F02D81 		beq	.L54
 754 0042 57D8     		bhi	.L55
 755 0044 0228     		cmp	r0, #2
 756 0046 00F0DF80 		beq	.L56
 757 004a 0428     		cmp	r0, #4
 758 004c 00F0FE80 		beq	.L57
 759 0050 0128     		cmp	r0, #1
 760 0052 4DD1     		bne	.L137
 755:Drivers/STM32G4xx_HAL_Driver/Src/stm32g4xx_hal_rcc_ex.c ****     {
 756:Drivers/STM32G4xx_HAL_Driver/Src/stm32g4xx_hal_rcc_ex.c **** 
 757:Drivers/STM32G4xx_HAL_Driver/Src/stm32g4xx_hal_rcc_ex.c ****     case RCC_PERIPHCLK_USART1:
 758:Drivers/STM32G4xx_HAL_Driver/Src/stm32g4xx_hal_rcc_ex.c ****       /* Get the current USART1 source */
 759:Drivers/STM32G4xx_HAL_Driver/Src/stm32g4xx_hal_rcc_ex.c ****       srcclk = __HAL_RCC_GET_USART1_SOURCE();
 761              		.loc 1 759 7 view .LVU253
ARM GAS  /tmp/ccb7W4Pk.s 			page 28


 762              		.loc 1 759 16 is_stmt 0 view .LVU254
 763 0054 8E4B     		ldr	r3, .L168
 764 0056 D3F88830 		ldr	r3, [r3, #136]
 765              	.LVL31:
 760:Drivers/STM32G4xx_HAL_Driver/Src/stm32g4xx_hal_rcc_ex.c **** 
 761:Drivers/STM32G4xx_HAL_Driver/Src/stm32g4xx_hal_rcc_ex.c ****       if(srcclk == RCC_USART1CLKSOURCE_PCLK2)
 766              		.loc 1 761 7 is_stmt 1 view .LVU255
 767              		.loc 1 761 9 is_stmt 0 view .LVU256
 768 005a 13F00303 		ands	r3, r3, #3
 769              	.LVL32:
 770              		.loc 1 761 9 view .LVU257
 771 005e 00F0CD80 		beq	.L138
 762:Drivers/STM32G4xx_HAL_Driver/Src/stm32g4xx_hal_rcc_ex.c ****       {
 763:Drivers/STM32G4xx_HAL_Driver/Src/stm32g4xx_hal_rcc_ex.c ****         frequency = HAL_RCC_GetPCLK2Freq();
 764:Drivers/STM32G4xx_HAL_Driver/Src/stm32g4xx_hal_rcc_ex.c ****       }
 765:Drivers/STM32G4xx_HAL_Driver/Src/stm32g4xx_hal_rcc_ex.c ****       else if(srcclk == RCC_USART1CLKSOURCE_SYSCLK)
 772              		.loc 1 765 12 is_stmt 1 view .LVU258
 773              		.loc 1 765 14 is_stmt 0 view .LVU259
 774 0062 012B     		cmp	r3, #1
 775 0064 00F0CD80 		beq	.L139
 766:Drivers/STM32G4xx_HAL_Driver/Src/stm32g4xx_hal_rcc_ex.c ****       {
 767:Drivers/STM32G4xx_HAL_Driver/Src/stm32g4xx_hal_rcc_ex.c ****         frequency = HAL_RCC_GetSysClockFreq();
 768:Drivers/STM32G4xx_HAL_Driver/Src/stm32g4xx_hal_rcc_ex.c ****       }
 769:Drivers/STM32G4xx_HAL_Driver/Src/stm32g4xx_hal_rcc_ex.c ****       else if((HAL_IS_BIT_SET(RCC->CR, RCC_CR_HSIRDY)) && (srcclk == RCC_USART1CLKSOURCE_HSI) )
 776              		.loc 1 769 12 is_stmt 1 view .LVU260
 777              		.loc 1 769 16 is_stmt 0 view .LVU261
 778 0068 894A     		ldr	r2, .L168
 779              	.LVL33:
 780              		.loc 1 769 16 view .LVU262
 781 006a 1268     		ldr	r2, [r2]
 782              		.loc 1 769 14 view .LVU263
 783 006c 12F4806F 		tst	r2, #1024
 784 0070 02D0     		beq	.L72
 785              		.loc 1 769 56 discriminator 1 view .LVU264
 786 0072 022B     		cmp	r3, #2
 787 0074 00F08682 		beq	.L107
 788              	.L72:
 770:Drivers/STM32G4xx_HAL_Driver/Src/stm32g4xx_hal_rcc_ex.c ****       {
 771:Drivers/STM32G4xx_HAL_Driver/Src/stm32g4xx_hal_rcc_ex.c ****         frequency = HSI_VALUE;
 772:Drivers/STM32G4xx_HAL_Driver/Src/stm32g4xx_hal_rcc_ex.c ****       }
 773:Drivers/STM32G4xx_HAL_Driver/Src/stm32g4xx_hal_rcc_ex.c ****       else if((HAL_IS_BIT_SET(RCC->BDCR, RCC_BDCR_LSERDY)) && (srcclk == RCC_USART1CLKSOURCE_LSE))
 789              		.loc 1 773 12 is_stmt 1 view .LVU265
 790              		.loc 1 773 16 is_stmt 0 view .LVU266
 791 0078 854A     		ldr	r2, .L168
 792 007a D2F89000 		ldr	r0, [r2, #144]
 793              	.LVL34:
 794              		.loc 1 773 14 view .LVU267
 795 007e 10F00200 		ands	r0, r0, #2
 796 0082 26D0     		beq	.L45
 797              		.loc 1 773 60 discriminator 1 view .LVU268
 798 0084 032B     		cmp	r3, #3
 799 0086 00F07F82 		beq	.L108
 686:Drivers/STM32G4xx_HAL_Driver/Src/stm32g4xx_hal_rcc_ex.c ****   uint32_t srcclk;
 800              		.loc 1 686 12 view .LVU269
 801 008a 0020     		movs	r0, #0
 802 008c 21E0     		b	.L45
 803              	.LVL35:
ARM GAS  /tmp/ccb7W4Pk.s 			page 29


 804              	.L134:
 696:Drivers/STM32G4xx_HAL_Driver/Src/stm32g4xx_hal_rcc_ex.c **** 
 805              		.loc 1 696 5 is_stmt 1 view .LVU270
 696:Drivers/STM32G4xx_HAL_Driver/Src/stm32g4xx_hal_rcc_ex.c **** 
 806              		.loc 1 696 14 is_stmt 0 view .LVU271
 807 008e 804A     		ldr	r2, .L168
 808 0090 D2F89030 		ldr	r3, [r2, #144]
 696:Drivers/STM32G4xx_HAL_Driver/Src/stm32g4xx_hal_rcc_ex.c **** 
 809              		.loc 1 696 12 view .LVU272
 810 0094 03F44073 		and	r3, r3, #768
 811              	.LVL36:
 699:Drivers/STM32G4xx_HAL_Driver/Src/stm32g4xx_hal_rcc_ex.c ****     {
 812              		.loc 1 699 5 is_stmt 1 view .LVU273
 699:Drivers/STM32G4xx_HAL_Driver/Src/stm32g4xx_hal_rcc_ex.c ****     {
 813              		.loc 1 699 10 is_stmt 0 view .LVU274
 814 0098 D2F89020 		ldr	r2, [r2, #144]
 699:Drivers/STM32G4xx_HAL_Driver/Src/stm32g4xx_hal_rcc_ex.c ****     {
 815              		.loc 1 699 8 view .LVU275
 816 009c 12F0020F 		tst	r2, #2
 817 00a0 03D0     		beq	.L47
 699:Drivers/STM32G4xx_HAL_Driver/Src/stm32g4xx_hal_rcc_ex.c ****     {
 818              		.loc 1 699 54 discriminator 1 view .LVU276
 819 00a2 B3F5807F 		cmp	r3, #256
 820 00a6 00F06382 		beq	.L103
 821              	.L47:
 704:Drivers/STM32G4xx_HAL_Driver/Src/stm32g4xx_hal_rcc_ex.c ****     {
 822              		.loc 1 704 10 is_stmt 1 view .LVU277
 704:Drivers/STM32G4xx_HAL_Driver/Src/stm32g4xx_hal_rcc_ex.c ****     {
 823              		.loc 1 704 15 is_stmt 0 view .LVU278
 824 00aa 794A     		ldr	r2, .L168
 825 00ac D2F89420 		ldr	r2, [r2, #148]
 704:Drivers/STM32G4xx_HAL_Driver/Src/stm32g4xx_hal_rcc_ex.c ****     {
 826              		.loc 1 704 13 view .LVU279
 827 00b0 12F0020F 		tst	r2, #2
 828 00b4 03D0     		beq	.L49
 704:Drivers/STM32G4xx_HAL_Driver/Src/stm32g4xx_hal_rcc_ex.c ****     {
 829              		.loc 1 704 57 discriminator 1 view .LVU280
 830 00b6 B3F5007F 		cmp	r3, #512
 831 00ba 00F05C82 		beq	.L104
 832              	.L49:
 709:Drivers/STM32G4xx_HAL_Driver/Src/stm32g4xx_hal_rcc_ex.c ****     {
 833              		.loc 1 709 10 is_stmt 1 view .LVU281
 709:Drivers/STM32G4xx_HAL_Driver/Src/stm32g4xx_hal_rcc_ex.c ****     {
 834              		.loc 1 709 15 is_stmt 0 view .LVU282
 835 00be 744A     		ldr	r2, .L168
 836 00c0 1068     		ldr	r0, [r2]
 837              	.LVL37:
 709:Drivers/STM32G4xx_HAL_Driver/Src/stm32g4xx_hal_rcc_ex.c ****     {
 838              		.loc 1 709 13 view .LVU283
 839 00c2 10F40030 		ands	r0, r0, #131072
 840 00c6 04D0     		beq	.L45
 709:Drivers/STM32G4xx_HAL_Driver/Src/stm32g4xx_hal_rcc_ex.c ****     {
 841              		.loc 1 709 55 discriminator 1 view .LVU284
 842 00c8 B3F5407F 		cmp	r3, #768
 843 00cc 00F05882 		beq	.L105
 686:Drivers/STM32G4xx_HAL_Driver/Src/stm32g4xx_hal_rcc_ex.c ****   uint32_t srcclk;
 844              		.loc 1 686 12 view .LVU285
ARM GAS  /tmp/ccb7W4Pk.s 			page 30


 845 00d0 0020     		movs	r0, #0
 846              	.LVL38:
 847              	.L45:
 774:Drivers/STM32G4xx_HAL_Driver/Src/stm32g4xx_hal_rcc_ex.c ****       {
 775:Drivers/STM32G4xx_HAL_Driver/Src/stm32g4xx_hal_rcc_ex.c ****         frequency = LSE_VALUE;
 776:Drivers/STM32G4xx_HAL_Driver/Src/stm32g4xx_hal_rcc_ex.c ****       }
 777:Drivers/STM32G4xx_HAL_Driver/Src/stm32g4xx_hal_rcc_ex.c ****       /* Clock not enabled for USART1 */
 778:Drivers/STM32G4xx_HAL_Driver/Src/stm32g4xx_hal_rcc_ex.c ****       else
 779:Drivers/STM32G4xx_HAL_Driver/Src/stm32g4xx_hal_rcc_ex.c ****       {
 780:Drivers/STM32G4xx_HAL_Driver/Src/stm32g4xx_hal_rcc_ex.c ****         /* nothing to do: frequency already initialized to 0 */
 781:Drivers/STM32G4xx_HAL_Driver/Src/stm32g4xx_hal_rcc_ex.c ****       }
 782:Drivers/STM32G4xx_HAL_Driver/Src/stm32g4xx_hal_rcc_ex.c ****       break;
 783:Drivers/STM32G4xx_HAL_Driver/Src/stm32g4xx_hal_rcc_ex.c **** 
 784:Drivers/STM32G4xx_HAL_Driver/Src/stm32g4xx_hal_rcc_ex.c ****     case RCC_PERIPHCLK_USART2:
 785:Drivers/STM32G4xx_HAL_Driver/Src/stm32g4xx_hal_rcc_ex.c ****       /* Get the current USART2 source */
 786:Drivers/STM32G4xx_HAL_Driver/Src/stm32g4xx_hal_rcc_ex.c ****       srcclk = __HAL_RCC_GET_USART2_SOURCE();
 787:Drivers/STM32G4xx_HAL_Driver/Src/stm32g4xx_hal_rcc_ex.c **** 
 788:Drivers/STM32G4xx_HAL_Driver/Src/stm32g4xx_hal_rcc_ex.c ****       if(srcclk == RCC_USART2CLKSOURCE_PCLK1)
 789:Drivers/STM32G4xx_HAL_Driver/Src/stm32g4xx_hal_rcc_ex.c ****       {
 790:Drivers/STM32G4xx_HAL_Driver/Src/stm32g4xx_hal_rcc_ex.c ****         frequency = HAL_RCC_GetPCLK1Freq();
 791:Drivers/STM32G4xx_HAL_Driver/Src/stm32g4xx_hal_rcc_ex.c ****       }
 792:Drivers/STM32G4xx_HAL_Driver/Src/stm32g4xx_hal_rcc_ex.c ****       else if(srcclk == RCC_USART2CLKSOURCE_SYSCLK)
 793:Drivers/STM32G4xx_HAL_Driver/Src/stm32g4xx_hal_rcc_ex.c ****       {
 794:Drivers/STM32G4xx_HAL_Driver/Src/stm32g4xx_hal_rcc_ex.c ****         frequency = HAL_RCC_GetSysClockFreq();
 795:Drivers/STM32G4xx_HAL_Driver/Src/stm32g4xx_hal_rcc_ex.c ****       }
 796:Drivers/STM32G4xx_HAL_Driver/Src/stm32g4xx_hal_rcc_ex.c ****       else if((HAL_IS_BIT_SET(RCC->CR, RCC_CR_HSIRDY)) && (srcclk == RCC_USART2CLKSOURCE_HSI))
 797:Drivers/STM32G4xx_HAL_Driver/Src/stm32g4xx_hal_rcc_ex.c ****       {
 798:Drivers/STM32G4xx_HAL_Driver/Src/stm32g4xx_hal_rcc_ex.c ****         frequency = HSI_VALUE;
 799:Drivers/STM32G4xx_HAL_Driver/Src/stm32g4xx_hal_rcc_ex.c ****       }
 800:Drivers/STM32G4xx_HAL_Driver/Src/stm32g4xx_hal_rcc_ex.c ****       else if((HAL_IS_BIT_SET(RCC->BDCR, RCC_BDCR_LSERDY))  && (srcclk == RCC_USART2CLKSOURCE_LSE))
 801:Drivers/STM32G4xx_HAL_Driver/Src/stm32g4xx_hal_rcc_ex.c ****       {
 802:Drivers/STM32G4xx_HAL_Driver/Src/stm32g4xx_hal_rcc_ex.c ****         frequency = LSE_VALUE;
 803:Drivers/STM32G4xx_HAL_Driver/Src/stm32g4xx_hal_rcc_ex.c ****       }
 804:Drivers/STM32G4xx_HAL_Driver/Src/stm32g4xx_hal_rcc_ex.c ****       /* Clock not enabled for USART2 */
 805:Drivers/STM32G4xx_HAL_Driver/Src/stm32g4xx_hal_rcc_ex.c ****       else
 806:Drivers/STM32G4xx_HAL_Driver/Src/stm32g4xx_hal_rcc_ex.c ****       {
 807:Drivers/STM32G4xx_HAL_Driver/Src/stm32g4xx_hal_rcc_ex.c ****         /* nothing to do: frequency already initialized to 0 */
 808:Drivers/STM32G4xx_HAL_Driver/Src/stm32g4xx_hal_rcc_ex.c ****       }
 809:Drivers/STM32G4xx_HAL_Driver/Src/stm32g4xx_hal_rcc_ex.c ****       break;
 810:Drivers/STM32G4xx_HAL_Driver/Src/stm32g4xx_hal_rcc_ex.c **** 
 811:Drivers/STM32G4xx_HAL_Driver/Src/stm32g4xx_hal_rcc_ex.c **** #if defined(USART3)
 812:Drivers/STM32G4xx_HAL_Driver/Src/stm32g4xx_hal_rcc_ex.c ****     case RCC_PERIPHCLK_USART3:
 813:Drivers/STM32G4xx_HAL_Driver/Src/stm32g4xx_hal_rcc_ex.c ****       /* Get the current USART3 source */
 814:Drivers/STM32G4xx_HAL_Driver/Src/stm32g4xx_hal_rcc_ex.c ****       srcclk = __HAL_RCC_GET_USART3_SOURCE();
 815:Drivers/STM32G4xx_HAL_Driver/Src/stm32g4xx_hal_rcc_ex.c **** 
 816:Drivers/STM32G4xx_HAL_Driver/Src/stm32g4xx_hal_rcc_ex.c ****       if(srcclk == RCC_USART3CLKSOURCE_PCLK1)
 817:Drivers/STM32G4xx_HAL_Driver/Src/stm32g4xx_hal_rcc_ex.c ****       {
 818:Drivers/STM32G4xx_HAL_Driver/Src/stm32g4xx_hal_rcc_ex.c ****         frequency = HAL_RCC_GetPCLK1Freq();
 819:Drivers/STM32G4xx_HAL_Driver/Src/stm32g4xx_hal_rcc_ex.c ****       }
 820:Drivers/STM32G4xx_HAL_Driver/Src/stm32g4xx_hal_rcc_ex.c ****       else if(srcclk == RCC_USART3CLKSOURCE_SYSCLK)
 821:Drivers/STM32G4xx_HAL_Driver/Src/stm32g4xx_hal_rcc_ex.c ****       {
 822:Drivers/STM32G4xx_HAL_Driver/Src/stm32g4xx_hal_rcc_ex.c ****         frequency = HAL_RCC_GetSysClockFreq();
 823:Drivers/STM32G4xx_HAL_Driver/Src/stm32g4xx_hal_rcc_ex.c ****       }
 824:Drivers/STM32G4xx_HAL_Driver/Src/stm32g4xx_hal_rcc_ex.c ****       else if((HAL_IS_BIT_SET(RCC->CR, RCC_CR_HSIRDY)) && (srcclk == RCC_USART3CLKSOURCE_HSI))
 825:Drivers/STM32G4xx_HAL_Driver/Src/stm32g4xx_hal_rcc_ex.c ****       {
 826:Drivers/STM32G4xx_HAL_Driver/Src/stm32g4xx_hal_rcc_ex.c ****         frequency = HSI_VALUE;
 827:Drivers/STM32G4xx_HAL_Driver/Src/stm32g4xx_hal_rcc_ex.c ****       }
ARM GAS  /tmp/ccb7W4Pk.s 			page 31


 828:Drivers/STM32G4xx_HAL_Driver/Src/stm32g4xx_hal_rcc_ex.c ****       else if((HAL_IS_BIT_SET(RCC->BDCR, RCC_BDCR_LSERDY)) && (srcclk == RCC_USART3CLKSOURCE_LSE))
 829:Drivers/STM32G4xx_HAL_Driver/Src/stm32g4xx_hal_rcc_ex.c ****       {
 830:Drivers/STM32G4xx_HAL_Driver/Src/stm32g4xx_hal_rcc_ex.c ****         frequency = LSE_VALUE;
 831:Drivers/STM32G4xx_HAL_Driver/Src/stm32g4xx_hal_rcc_ex.c ****       }
 832:Drivers/STM32G4xx_HAL_Driver/Src/stm32g4xx_hal_rcc_ex.c ****       /* Clock not enabled for USART3 */
 833:Drivers/STM32G4xx_HAL_Driver/Src/stm32g4xx_hal_rcc_ex.c ****       else
 834:Drivers/STM32G4xx_HAL_Driver/Src/stm32g4xx_hal_rcc_ex.c ****       {
 835:Drivers/STM32G4xx_HAL_Driver/Src/stm32g4xx_hal_rcc_ex.c ****         /* nothing to do: frequency already initialized to 0 */
 836:Drivers/STM32G4xx_HAL_Driver/Src/stm32g4xx_hal_rcc_ex.c ****       }
 837:Drivers/STM32G4xx_HAL_Driver/Src/stm32g4xx_hal_rcc_ex.c ****       break;
 838:Drivers/STM32G4xx_HAL_Driver/Src/stm32g4xx_hal_rcc_ex.c **** #endif /* USART3 */
 839:Drivers/STM32G4xx_HAL_Driver/Src/stm32g4xx_hal_rcc_ex.c ****       
 840:Drivers/STM32G4xx_HAL_Driver/Src/stm32g4xx_hal_rcc_ex.c **** #if defined(UART4)
 841:Drivers/STM32G4xx_HAL_Driver/Src/stm32g4xx_hal_rcc_ex.c ****     case RCC_PERIPHCLK_UART4:
 842:Drivers/STM32G4xx_HAL_Driver/Src/stm32g4xx_hal_rcc_ex.c ****       /* Get the current UART4 source */
 843:Drivers/STM32G4xx_HAL_Driver/Src/stm32g4xx_hal_rcc_ex.c ****       srcclk = __HAL_RCC_GET_UART4_SOURCE();
 844:Drivers/STM32G4xx_HAL_Driver/Src/stm32g4xx_hal_rcc_ex.c **** 
 845:Drivers/STM32G4xx_HAL_Driver/Src/stm32g4xx_hal_rcc_ex.c ****       if(srcclk == RCC_UART4CLKSOURCE_PCLK1)
 846:Drivers/STM32G4xx_HAL_Driver/Src/stm32g4xx_hal_rcc_ex.c ****       {
 847:Drivers/STM32G4xx_HAL_Driver/Src/stm32g4xx_hal_rcc_ex.c ****         frequency = HAL_RCC_GetPCLK1Freq();
 848:Drivers/STM32G4xx_HAL_Driver/Src/stm32g4xx_hal_rcc_ex.c ****       }
 849:Drivers/STM32G4xx_HAL_Driver/Src/stm32g4xx_hal_rcc_ex.c ****       else if(srcclk == RCC_UART4CLKSOURCE_SYSCLK)
 850:Drivers/STM32G4xx_HAL_Driver/Src/stm32g4xx_hal_rcc_ex.c ****       {
 851:Drivers/STM32G4xx_HAL_Driver/Src/stm32g4xx_hal_rcc_ex.c ****         frequency = HAL_RCC_GetSysClockFreq();
 852:Drivers/STM32G4xx_HAL_Driver/Src/stm32g4xx_hal_rcc_ex.c ****       }
 853:Drivers/STM32G4xx_HAL_Driver/Src/stm32g4xx_hal_rcc_ex.c ****       else if((HAL_IS_BIT_SET(RCC->CR, RCC_CR_HSIRDY)) && (srcclk == RCC_UART4CLKSOURCE_HSI))
 854:Drivers/STM32G4xx_HAL_Driver/Src/stm32g4xx_hal_rcc_ex.c ****       {
 855:Drivers/STM32G4xx_HAL_Driver/Src/stm32g4xx_hal_rcc_ex.c ****         frequency = HSI_VALUE;
 856:Drivers/STM32G4xx_HAL_Driver/Src/stm32g4xx_hal_rcc_ex.c ****       }
 857:Drivers/STM32G4xx_HAL_Driver/Src/stm32g4xx_hal_rcc_ex.c ****       else if((HAL_IS_BIT_SET(RCC->BDCR, RCC_BDCR_LSERDY)) && (srcclk == RCC_UART4CLKSOURCE_LSE))
 858:Drivers/STM32G4xx_HAL_Driver/Src/stm32g4xx_hal_rcc_ex.c ****       {
 859:Drivers/STM32G4xx_HAL_Driver/Src/stm32g4xx_hal_rcc_ex.c ****         frequency = LSE_VALUE;
 860:Drivers/STM32G4xx_HAL_Driver/Src/stm32g4xx_hal_rcc_ex.c ****       }
 861:Drivers/STM32G4xx_HAL_Driver/Src/stm32g4xx_hal_rcc_ex.c ****       /* Clock not enabled for UART4 */
 862:Drivers/STM32G4xx_HAL_Driver/Src/stm32g4xx_hal_rcc_ex.c ****       else
 863:Drivers/STM32G4xx_HAL_Driver/Src/stm32g4xx_hal_rcc_ex.c ****       {
 864:Drivers/STM32G4xx_HAL_Driver/Src/stm32g4xx_hal_rcc_ex.c ****         /* nothing to do: frequency already initialized to 0 */
 865:Drivers/STM32G4xx_HAL_Driver/Src/stm32g4xx_hal_rcc_ex.c ****       }
 866:Drivers/STM32G4xx_HAL_Driver/Src/stm32g4xx_hal_rcc_ex.c ****       break;
 867:Drivers/STM32G4xx_HAL_Driver/Src/stm32g4xx_hal_rcc_ex.c **** #endif /* UART4 */
 868:Drivers/STM32G4xx_HAL_Driver/Src/stm32g4xx_hal_rcc_ex.c **** 
 869:Drivers/STM32G4xx_HAL_Driver/Src/stm32g4xx_hal_rcc_ex.c **** #if defined(UART5)
 870:Drivers/STM32G4xx_HAL_Driver/Src/stm32g4xx_hal_rcc_ex.c ****     case RCC_PERIPHCLK_UART5:
 871:Drivers/STM32G4xx_HAL_Driver/Src/stm32g4xx_hal_rcc_ex.c ****       /* Get the current UART5 source */
 872:Drivers/STM32G4xx_HAL_Driver/Src/stm32g4xx_hal_rcc_ex.c ****       srcclk = __HAL_RCC_GET_UART5_SOURCE();
 873:Drivers/STM32G4xx_HAL_Driver/Src/stm32g4xx_hal_rcc_ex.c **** 
 874:Drivers/STM32G4xx_HAL_Driver/Src/stm32g4xx_hal_rcc_ex.c ****       if(srcclk == RCC_UART5CLKSOURCE_PCLK1)
 875:Drivers/STM32G4xx_HAL_Driver/Src/stm32g4xx_hal_rcc_ex.c ****       {
 876:Drivers/STM32G4xx_HAL_Driver/Src/stm32g4xx_hal_rcc_ex.c ****         frequency = HAL_RCC_GetPCLK1Freq();
 877:Drivers/STM32G4xx_HAL_Driver/Src/stm32g4xx_hal_rcc_ex.c ****       }
 878:Drivers/STM32G4xx_HAL_Driver/Src/stm32g4xx_hal_rcc_ex.c ****       else if(srcclk == RCC_UART5CLKSOURCE_SYSCLK)
 879:Drivers/STM32G4xx_HAL_Driver/Src/stm32g4xx_hal_rcc_ex.c ****       {
 880:Drivers/STM32G4xx_HAL_Driver/Src/stm32g4xx_hal_rcc_ex.c ****         frequency = HAL_RCC_GetSysClockFreq();
 881:Drivers/STM32G4xx_HAL_Driver/Src/stm32g4xx_hal_rcc_ex.c ****       }
 882:Drivers/STM32G4xx_HAL_Driver/Src/stm32g4xx_hal_rcc_ex.c ****       else if((HAL_IS_BIT_SET(RCC->CR, RCC_CR_HSIRDY)) && (srcclk == RCC_UART5CLKSOURCE_HSI))
 883:Drivers/STM32G4xx_HAL_Driver/Src/stm32g4xx_hal_rcc_ex.c ****       {
 884:Drivers/STM32G4xx_HAL_Driver/Src/stm32g4xx_hal_rcc_ex.c ****         frequency = HSI_VALUE;
ARM GAS  /tmp/ccb7W4Pk.s 			page 32


 885:Drivers/STM32G4xx_HAL_Driver/Src/stm32g4xx_hal_rcc_ex.c ****       }
 886:Drivers/STM32G4xx_HAL_Driver/Src/stm32g4xx_hal_rcc_ex.c ****       else if((HAL_IS_BIT_SET(RCC->BDCR, RCC_BDCR_LSERDY)) && (srcclk == RCC_UART5CLKSOURCE_LSE))
 887:Drivers/STM32G4xx_HAL_Driver/Src/stm32g4xx_hal_rcc_ex.c ****       {
 888:Drivers/STM32G4xx_HAL_Driver/Src/stm32g4xx_hal_rcc_ex.c ****         frequency = LSE_VALUE;
 889:Drivers/STM32G4xx_HAL_Driver/Src/stm32g4xx_hal_rcc_ex.c ****       }
 890:Drivers/STM32G4xx_HAL_Driver/Src/stm32g4xx_hal_rcc_ex.c ****       /* Clock not enabled for UART5 */
 891:Drivers/STM32G4xx_HAL_Driver/Src/stm32g4xx_hal_rcc_ex.c ****       else
 892:Drivers/STM32G4xx_HAL_Driver/Src/stm32g4xx_hal_rcc_ex.c ****       {
 893:Drivers/STM32G4xx_HAL_Driver/Src/stm32g4xx_hal_rcc_ex.c ****         /* nothing to do: frequency already initialized to 0 */
 894:Drivers/STM32G4xx_HAL_Driver/Src/stm32g4xx_hal_rcc_ex.c ****       }
 895:Drivers/STM32G4xx_HAL_Driver/Src/stm32g4xx_hal_rcc_ex.c ****       break;
 896:Drivers/STM32G4xx_HAL_Driver/Src/stm32g4xx_hal_rcc_ex.c **** #endif /* UART5 */
 897:Drivers/STM32G4xx_HAL_Driver/Src/stm32g4xx_hal_rcc_ex.c **** 
 898:Drivers/STM32G4xx_HAL_Driver/Src/stm32g4xx_hal_rcc_ex.c ****     case RCC_PERIPHCLK_LPUART1:
 899:Drivers/STM32G4xx_HAL_Driver/Src/stm32g4xx_hal_rcc_ex.c ****       /* Get the current LPUART1 source */
 900:Drivers/STM32G4xx_HAL_Driver/Src/stm32g4xx_hal_rcc_ex.c ****       srcclk = __HAL_RCC_GET_LPUART1_SOURCE();
 901:Drivers/STM32G4xx_HAL_Driver/Src/stm32g4xx_hal_rcc_ex.c **** 
 902:Drivers/STM32G4xx_HAL_Driver/Src/stm32g4xx_hal_rcc_ex.c ****       if(srcclk == RCC_LPUART1CLKSOURCE_PCLK1)
 903:Drivers/STM32G4xx_HAL_Driver/Src/stm32g4xx_hal_rcc_ex.c ****       {
 904:Drivers/STM32G4xx_HAL_Driver/Src/stm32g4xx_hal_rcc_ex.c ****         frequency = HAL_RCC_GetPCLK1Freq();
 905:Drivers/STM32G4xx_HAL_Driver/Src/stm32g4xx_hal_rcc_ex.c ****       }
 906:Drivers/STM32G4xx_HAL_Driver/Src/stm32g4xx_hal_rcc_ex.c ****       else if(srcclk == RCC_LPUART1CLKSOURCE_SYSCLK)
 907:Drivers/STM32G4xx_HAL_Driver/Src/stm32g4xx_hal_rcc_ex.c ****       {
 908:Drivers/STM32G4xx_HAL_Driver/Src/stm32g4xx_hal_rcc_ex.c ****         frequency = HAL_RCC_GetSysClockFreq();
 909:Drivers/STM32G4xx_HAL_Driver/Src/stm32g4xx_hal_rcc_ex.c ****       }
 910:Drivers/STM32G4xx_HAL_Driver/Src/stm32g4xx_hal_rcc_ex.c ****       else if((HAL_IS_BIT_SET(RCC->CR, RCC_CR_HSIRDY)) && (srcclk == RCC_LPUART1CLKSOURCE_HSI))
 911:Drivers/STM32G4xx_HAL_Driver/Src/stm32g4xx_hal_rcc_ex.c ****       {
 912:Drivers/STM32G4xx_HAL_Driver/Src/stm32g4xx_hal_rcc_ex.c ****         frequency = HSI_VALUE;
 913:Drivers/STM32G4xx_HAL_Driver/Src/stm32g4xx_hal_rcc_ex.c ****       }
 914:Drivers/STM32G4xx_HAL_Driver/Src/stm32g4xx_hal_rcc_ex.c ****       else if((HAL_IS_BIT_SET(RCC->BDCR, RCC_BDCR_LSERDY)) && (srcclk == RCC_LPUART1CLKSOURCE_LSE))
 915:Drivers/STM32G4xx_HAL_Driver/Src/stm32g4xx_hal_rcc_ex.c ****       {
 916:Drivers/STM32G4xx_HAL_Driver/Src/stm32g4xx_hal_rcc_ex.c ****         frequency = LSE_VALUE;
 917:Drivers/STM32G4xx_HAL_Driver/Src/stm32g4xx_hal_rcc_ex.c ****       }
 918:Drivers/STM32G4xx_HAL_Driver/Src/stm32g4xx_hal_rcc_ex.c ****       /* Clock not enabled for LPUART1 */
 919:Drivers/STM32G4xx_HAL_Driver/Src/stm32g4xx_hal_rcc_ex.c ****       else
 920:Drivers/STM32G4xx_HAL_Driver/Src/stm32g4xx_hal_rcc_ex.c ****       {
 921:Drivers/STM32G4xx_HAL_Driver/Src/stm32g4xx_hal_rcc_ex.c ****         /* nothing to do: frequency already initialized to 0 */
 922:Drivers/STM32G4xx_HAL_Driver/Src/stm32g4xx_hal_rcc_ex.c ****       }
 923:Drivers/STM32G4xx_HAL_Driver/Src/stm32g4xx_hal_rcc_ex.c ****       break;
 924:Drivers/STM32G4xx_HAL_Driver/Src/stm32g4xx_hal_rcc_ex.c **** 
 925:Drivers/STM32G4xx_HAL_Driver/Src/stm32g4xx_hal_rcc_ex.c ****     case RCC_PERIPHCLK_I2C1:
 926:Drivers/STM32G4xx_HAL_Driver/Src/stm32g4xx_hal_rcc_ex.c ****       /* Get the current I2C1 source */
 927:Drivers/STM32G4xx_HAL_Driver/Src/stm32g4xx_hal_rcc_ex.c ****       srcclk = __HAL_RCC_GET_I2C1_SOURCE();
 928:Drivers/STM32G4xx_HAL_Driver/Src/stm32g4xx_hal_rcc_ex.c **** 
 929:Drivers/STM32G4xx_HAL_Driver/Src/stm32g4xx_hal_rcc_ex.c ****       if(srcclk == RCC_I2C1CLKSOURCE_PCLK1)
 930:Drivers/STM32G4xx_HAL_Driver/Src/stm32g4xx_hal_rcc_ex.c ****       {
 931:Drivers/STM32G4xx_HAL_Driver/Src/stm32g4xx_hal_rcc_ex.c ****         frequency = HAL_RCC_GetPCLK1Freq();
 932:Drivers/STM32G4xx_HAL_Driver/Src/stm32g4xx_hal_rcc_ex.c ****       }
 933:Drivers/STM32G4xx_HAL_Driver/Src/stm32g4xx_hal_rcc_ex.c ****       else if(srcclk == RCC_I2C1CLKSOURCE_SYSCLK)
 934:Drivers/STM32G4xx_HAL_Driver/Src/stm32g4xx_hal_rcc_ex.c ****       {
 935:Drivers/STM32G4xx_HAL_Driver/Src/stm32g4xx_hal_rcc_ex.c ****         frequency = HAL_RCC_GetSysClockFreq();
 936:Drivers/STM32G4xx_HAL_Driver/Src/stm32g4xx_hal_rcc_ex.c ****       }
 937:Drivers/STM32G4xx_HAL_Driver/Src/stm32g4xx_hal_rcc_ex.c ****       else if((HAL_IS_BIT_SET(RCC->CR, RCC_CR_HSIRDY)) && (srcclk == RCC_I2C1CLKSOURCE_HSI))
 938:Drivers/STM32G4xx_HAL_Driver/Src/stm32g4xx_hal_rcc_ex.c ****       {
 939:Drivers/STM32G4xx_HAL_Driver/Src/stm32g4xx_hal_rcc_ex.c ****         frequency = HSI_VALUE;
 940:Drivers/STM32G4xx_HAL_Driver/Src/stm32g4xx_hal_rcc_ex.c ****       }
 941:Drivers/STM32G4xx_HAL_Driver/Src/stm32g4xx_hal_rcc_ex.c ****       /* Clock not enabled for I2C1 */
ARM GAS  /tmp/ccb7W4Pk.s 			page 33


 942:Drivers/STM32G4xx_HAL_Driver/Src/stm32g4xx_hal_rcc_ex.c ****       else
 943:Drivers/STM32G4xx_HAL_Driver/Src/stm32g4xx_hal_rcc_ex.c ****       {
 944:Drivers/STM32G4xx_HAL_Driver/Src/stm32g4xx_hal_rcc_ex.c ****         /* nothing to do: frequency already initialized to 0 */
 945:Drivers/STM32G4xx_HAL_Driver/Src/stm32g4xx_hal_rcc_ex.c ****       }
 946:Drivers/STM32G4xx_HAL_Driver/Src/stm32g4xx_hal_rcc_ex.c ****       break;
 947:Drivers/STM32G4xx_HAL_Driver/Src/stm32g4xx_hal_rcc_ex.c **** 
 948:Drivers/STM32G4xx_HAL_Driver/Src/stm32g4xx_hal_rcc_ex.c ****     case RCC_PERIPHCLK_I2C2:
 949:Drivers/STM32G4xx_HAL_Driver/Src/stm32g4xx_hal_rcc_ex.c ****       /* Get the current I2C2 source */
 950:Drivers/STM32G4xx_HAL_Driver/Src/stm32g4xx_hal_rcc_ex.c ****       srcclk = __HAL_RCC_GET_I2C2_SOURCE();
 951:Drivers/STM32G4xx_HAL_Driver/Src/stm32g4xx_hal_rcc_ex.c **** 
 952:Drivers/STM32G4xx_HAL_Driver/Src/stm32g4xx_hal_rcc_ex.c ****       if(srcclk == RCC_I2C2CLKSOURCE_PCLK1)
 953:Drivers/STM32G4xx_HAL_Driver/Src/stm32g4xx_hal_rcc_ex.c ****       {
 954:Drivers/STM32G4xx_HAL_Driver/Src/stm32g4xx_hal_rcc_ex.c ****         frequency = HAL_RCC_GetPCLK1Freq();
 955:Drivers/STM32G4xx_HAL_Driver/Src/stm32g4xx_hal_rcc_ex.c ****       }
 956:Drivers/STM32G4xx_HAL_Driver/Src/stm32g4xx_hal_rcc_ex.c ****       else if(srcclk == RCC_I2C2CLKSOURCE_SYSCLK)
 957:Drivers/STM32G4xx_HAL_Driver/Src/stm32g4xx_hal_rcc_ex.c ****       {
 958:Drivers/STM32G4xx_HAL_Driver/Src/stm32g4xx_hal_rcc_ex.c ****         frequency = HAL_RCC_GetSysClockFreq();
 959:Drivers/STM32G4xx_HAL_Driver/Src/stm32g4xx_hal_rcc_ex.c ****       }
 960:Drivers/STM32G4xx_HAL_Driver/Src/stm32g4xx_hal_rcc_ex.c ****       else if((HAL_IS_BIT_SET(RCC->CR, RCC_CR_HSIRDY)) && (srcclk == RCC_I2C2CLKSOURCE_HSI))
 961:Drivers/STM32G4xx_HAL_Driver/Src/stm32g4xx_hal_rcc_ex.c ****       {
 962:Drivers/STM32G4xx_HAL_Driver/Src/stm32g4xx_hal_rcc_ex.c ****         frequency = HSI_VALUE;
 963:Drivers/STM32G4xx_HAL_Driver/Src/stm32g4xx_hal_rcc_ex.c ****       }
 964:Drivers/STM32G4xx_HAL_Driver/Src/stm32g4xx_hal_rcc_ex.c ****       /* Clock not enabled for I2C2 */
 965:Drivers/STM32G4xx_HAL_Driver/Src/stm32g4xx_hal_rcc_ex.c ****       else
 966:Drivers/STM32G4xx_HAL_Driver/Src/stm32g4xx_hal_rcc_ex.c ****       {
 967:Drivers/STM32G4xx_HAL_Driver/Src/stm32g4xx_hal_rcc_ex.c ****         /* nothing to do: frequency already initialized to 0 */
 968:Drivers/STM32G4xx_HAL_Driver/Src/stm32g4xx_hal_rcc_ex.c ****       }
 969:Drivers/STM32G4xx_HAL_Driver/Src/stm32g4xx_hal_rcc_ex.c ****       break;
 970:Drivers/STM32G4xx_HAL_Driver/Src/stm32g4xx_hal_rcc_ex.c **** 
 971:Drivers/STM32G4xx_HAL_Driver/Src/stm32g4xx_hal_rcc_ex.c **** #if defined(I2C3)
 972:Drivers/STM32G4xx_HAL_Driver/Src/stm32g4xx_hal_rcc_ex.c **** 
 973:Drivers/STM32G4xx_HAL_Driver/Src/stm32g4xx_hal_rcc_ex.c ****     case RCC_PERIPHCLK_I2C3:
 974:Drivers/STM32G4xx_HAL_Driver/Src/stm32g4xx_hal_rcc_ex.c ****       /* Get the current I2C3 source */
 975:Drivers/STM32G4xx_HAL_Driver/Src/stm32g4xx_hal_rcc_ex.c ****       srcclk = __HAL_RCC_GET_I2C3_SOURCE();
 976:Drivers/STM32G4xx_HAL_Driver/Src/stm32g4xx_hal_rcc_ex.c **** 
 977:Drivers/STM32G4xx_HAL_Driver/Src/stm32g4xx_hal_rcc_ex.c ****       if(srcclk == RCC_I2C3CLKSOURCE_PCLK1)
 978:Drivers/STM32G4xx_HAL_Driver/Src/stm32g4xx_hal_rcc_ex.c ****       {
 979:Drivers/STM32G4xx_HAL_Driver/Src/stm32g4xx_hal_rcc_ex.c ****         frequency = HAL_RCC_GetPCLK1Freq();
 980:Drivers/STM32G4xx_HAL_Driver/Src/stm32g4xx_hal_rcc_ex.c ****       }
 981:Drivers/STM32G4xx_HAL_Driver/Src/stm32g4xx_hal_rcc_ex.c ****       else if(srcclk == RCC_I2C3CLKSOURCE_SYSCLK)
 982:Drivers/STM32G4xx_HAL_Driver/Src/stm32g4xx_hal_rcc_ex.c ****       {
 983:Drivers/STM32G4xx_HAL_Driver/Src/stm32g4xx_hal_rcc_ex.c ****         frequency = HAL_RCC_GetSysClockFreq();
 984:Drivers/STM32G4xx_HAL_Driver/Src/stm32g4xx_hal_rcc_ex.c ****       }
 985:Drivers/STM32G4xx_HAL_Driver/Src/stm32g4xx_hal_rcc_ex.c ****       else if((HAL_IS_BIT_SET(RCC->CR, RCC_CR_HSIRDY)) && (srcclk == RCC_I2C3CLKSOURCE_HSI))
 986:Drivers/STM32G4xx_HAL_Driver/Src/stm32g4xx_hal_rcc_ex.c ****       {
 987:Drivers/STM32G4xx_HAL_Driver/Src/stm32g4xx_hal_rcc_ex.c ****         frequency = HSI_VALUE;
 988:Drivers/STM32G4xx_HAL_Driver/Src/stm32g4xx_hal_rcc_ex.c ****       }
 989:Drivers/STM32G4xx_HAL_Driver/Src/stm32g4xx_hal_rcc_ex.c ****       /* Clock not enabled for I2C3 */
 990:Drivers/STM32G4xx_HAL_Driver/Src/stm32g4xx_hal_rcc_ex.c ****       else
 991:Drivers/STM32G4xx_HAL_Driver/Src/stm32g4xx_hal_rcc_ex.c ****       {
 992:Drivers/STM32G4xx_HAL_Driver/Src/stm32g4xx_hal_rcc_ex.c ****         /* nothing to do: frequency already initialized to 0 */
 993:Drivers/STM32G4xx_HAL_Driver/Src/stm32g4xx_hal_rcc_ex.c ****       }
 994:Drivers/STM32G4xx_HAL_Driver/Src/stm32g4xx_hal_rcc_ex.c ****       break;
 995:Drivers/STM32G4xx_HAL_Driver/Src/stm32g4xx_hal_rcc_ex.c **** 
 996:Drivers/STM32G4xx_HAL_Driver/Src/stm32g4xx_hal_rcc_ex.c **** #endif /* I2C3 */
 997:Drivers/STM32G4xx_HAL_Driver/Src/stm32g4xx_hal_rcc_ex.c **** 
 998:Drivers/STM32G4xx_HAL_Driver/Src/stm32g4xx_hal_rcc_ex.c **** #if defined(I2C4)
ARM GAS  /tmp/ccb7W4Pk.s 			page 34


 999:Drivers/STM32G4xx_HAL_Driver/Src/stm32g4xx_hal_rcc_ex.c **** 
1000:Drivers/STM32G4xx_HAL_Driver/Src/stm32g4xx_hal_rcc_ex.c ****     case RCC_PERIPHCLK_I2C4:
1001:Drivers/STM32G4xx_HAL_Driver/Src/stm32g4xx_hal_rcc_ex.c ****       /* Get the current I2C4 source */
1002:Drivers/STM32G4xx_HAL_Driver/Src/stm32g4xx_hal_rcc_ex.c ****       srcclk = __HAL_RCC_GET_I2C4_SOURCE();
1003:Drivers/STM32G4xx_HAL_Driver/Src/stm32g4xx_hal_rcc_ex.c **** 
1004:Drivers/STM32G4xx_HAL_Driver/Src/stm32g4xx_hal_rcc_ex.c ****       if(srcclk == RCC_I2C4CLKSOURCE_PCLK1)
1005:Drivers/STM32G4xx_HAL_Driver/Src/stm32g4xx_hal_rcc_ex.c ****       {
1006:Drivers/STM32G4xx_HAL_Driver/Src/stm32g4xx_hal_rcc_ex.c ****         frequency = HAL_RCC_GetPCLK1Freq();
1007:Drivers/STM32G4xx_HAL_Driver/Src/stm32g4xx_hal_rcc_ex.c ****       }
1008:Drivers/STM32G4xx_HAL_Driver/Src/stm32g4xx_hal_rcc_ex.c ****       else if(srcclk == RCC_I2C4CLKSOURCE_SYSCLK)
1009:Drivers/STM32G4xx_HAL_Driver/Src/stm32g4xx_hal_rcc_ex.c ****       {
1010:Drivers/STM32G4xx_HAL_Driver/Src/stm32g4xx_hal_rcc_ex.c ****         frequency = HAL_RCC_GetSysClockFreq();
1011:Drivers/STM32G4xx_HAL_Driver/Src/stm32g4xx_hal_rcc_ex.c ****       }
1012:Drivers/STM32G4xx_HAL_Driver/Src/stm32g4xx_hal_rcc_ex.c ****       else if((HAL_IS_BIT_SET(RCC->CR, RCC_CR_HSIRDY)) && (srcclk == RCC_I2C4CLKSOURCE_HSI))
1013:Drivers/STM32G4xx_HAL_Driver/Src/stm32g4xx_hal_rcc_ex.c ****       {
1014:Drivers/STM32G4xx_HAL_Driver/Src/stm32g4xx_hal_rcc_ex.c ****         frequency = HSI_VALUE;
1015:Drivers/STM32G4xx_HAL_Driver/Src/stm32g4xx_hal_rcc_ex.c ****       }
1016:Drivers/STM32G4xx_HAL_Driver/Src/stm32g4xx_hal_rcc_ex.c ****       /* Clock not enabled for I2C4 */
1017:Drivers/STM32G4xx_HAL_Driver/Src/stm32g4xx_hal_rcc_ex.c ****       else
1018:Drivers/STM32G4xx_HAL_Driver/Src/stm32g4xx_hal_rcc_ex.c ****       {
1019:Drivers/STM32G4xx_HAL_Driver/Src/stm32g4xx_hal_rcc_ex.c ****         /* nothing to do: frequency already initialized to 0 */
1020:Drivers/STM32G4xx_HAL_Driver/Src/stm32g4xx_hal_rcc_ex.c ****       }
1021:Drivers/STM32G4xx_HAL_Driver/Src/stm32g4xx_hal_rcc_ex.c ****       break;
1022:Drivers/STM32G4xx_HAL_Driver/Src/stm32g4xx_hal_rcc_ex.c **** 
1023:Drivers/STM32G4xx_HAL_Driver/Src/stm32g4xx_hal_rcc_ex.c **** #endif /* I2C4 */
1024:Drivers/STM32G4xx_HAL_Driver/Src/stm32g4xx_hal_rcc_ex.c **** 
1025:Drivers/STM32G4xx_HAL_Driver/Src/stm32g4xx_hal_rcc_ex.c ****     case RCC_PERIPHCLK_LPTIM1:
1026:Drivers/STM32G4xx_HAL_Driver/Src/stm32g4xx_hal_rcc_ex.c ****       /* Get the current LPTIM1 source */
1027:Drivers/STM32G4xx_HAL_Driver/Src/stm32g4xx_hal_rcc_ex.c ****       srcclk = __HAL_RCC_GET_LPTIM1_SOURCE();
1028:Drivers/STM32G4xx_HAL_Driver/Src/stm32g4xx_hal_rcc_ex.c **** 
1029:Drivers/STM32G4xx_HAL_Driver/Src/stm32g4xx_hal_rcc_ex.c ****       if(srcclk == RCC_LPTIM1CLKSOURCE_PCLK1)
1030:Drivers/STM32G4xx_HAL_Driver/Src/stm32g4xx_hal_rcc_ex.c ****       {
1031:Drivers/STM32G4xx_HAL_Driver/Src/stm32g4xx_hal_rcc_ex.c ****         frequency = HAL_RCC_GetPCLK1Freq();
1032:Drivers/STM32G4xx_HAL_Driver/Src/stm32g4xx_hal_rcc_ex.c ****       }
1033:Drivers/STM32G4xx_HAL_Driver/Src/stm32g4xx_hal_rcc_ex.c ****       else if((HAL_IS_BIT_SET(RCC->CSR, RCC_CSR_LSIRDY)) && (srcclk == RCC_LPTIM1CLKSOURCE_LSI))
1034:Drivers/STM32G4xx_HAL_Driver/Src/stm32g4xx_hal_rcc_ex.c ****       {
1035:Drivers/STM32G4xx_HAL_Driver/Src/stm32g4xx_hal_rcc_ex.c ****         frequency = LSI_VALUE;
1036:Drivers/STM32G4xx_HAL_Driver/Src/stm32g4xx_hal_rcc_ex.c ****       }
1037:Drivers/STM32G4xx_HAL_Driver/Src/stm32g4xx_hal_rcc_ex.c ****       else if((HAL_IS_BIT_SET(RCC->CR, RCC_CR_HSIRDY)) && (srcclk == RCC_LPTIM1CLKSOURCE_HSI))
1038:Drivers/STM32G4xx_HAL_Driver/Src/stm32g4xx_hal_rcc_ex.c ****       {
1039:Drivers/STM32G4xx_HAL_Driver/Src/stm32g4xx_hal_rcc_ex.c ****         frequency = HSI_VALUE;
1040:Drivers/STM32G4xx_HAL_Driver/Src/stm32g4xx_hal_rcc_ex.c ****       }
1041:Drivers/STM32G4xx_HAL_Driver/Src/stm32g4xx_hal_rcc_ex.c ****       else if ((HAL_IS_BIT_SET(RCC->BDCR, RCC_BDCR_LSERDY)) && (srcclk == RCC_LPTIM1CLKSOURCE_LSE))
1042:Drivers/STM32G4xx_HAL_Driver/Src/stm32g4xx_hal_rcc_ex.c ****       {
1043:Drivers/STM32G4xx_HAL_Driver/Src/stm32g4xx_hal_rcc_ex.c ****         frequency = LSE_VALUE;
1044:Drivers/STM32G4xx_HAL_Driver/Src/stm32g4xx_hal_rcc_ex.c ****       }
1045:Drivers/STM32G4xx_HAL_Driver/Src/stm32g4xx_hal_rcc_ex.c ****       /* Clock not enabled for LPTIM1 */
1046:Drivers/STM32G4xx_HAL_Driver/Src/stm32g4xx_hal_rcc_ex.c ****       else
1047:Drivers/STM32G4xx_HAL_Driver/Src/stm32g4xx_hal_rcc_ex.c ****       {
1048:Drivers/STM32G4xx_HAL_Driver/Src/stm32g4xx_hal_rcc_ex.c ****         /* nothing to do: frequency already initialized to 0 */
1049:Drivers/STM32G4xx_HAL_Driver/Src/stm32g4xx_hal_rcc_ex.c ****       }
1050:Drivers/STM32G4xx_HAL_Driver/Src/stm32g4xx_hal_rcc_ex.c ****       break;
1051:Drivers/STM32G4xx_HAL_Driver/Src/stm32g4xx_hal_rcc_ex.c **** 
1052:Drivers/STM32G4xx_HAL_Driver/Src/stm32g4xx_hal_rcc_ex.c **** #if defined(SAI1)
1053:Drivers/STM32G4xx_HAL_Driver/Src/stm32g4xx_hal_rcc_ex.c **** 
1054:Drivers/STM32G4xx_HAL_Driver/Src/stm32g4xx_hal_rcc_ex.c ****     case RCC_PERIPHCLK_SAI1:
1055:Drivers/STM32G4xx_HAL_Driver/Src/stm32g4xx_hal_rcc_ex.c ****       /* Get the current SAI1 source */
ARM GAS  /tmp/ccb7W4Pk.s 			page 35


1056:Drivers/STM32G4xx_HAL_Driver/Src/stm32g4xx_hal_rcc_ex.c ****       srcclk = __HAL_RCC_GET_SAI1_SOURCE();
1057:Drivers/STM32G4xx_HAL_Driver/Src/stm32g4xx_hal_rcc_ex.c **** 
1058:Drivers/STM32G4xx_HAL_Driver/Src/stm32g4xx_hal_rcc_ex.c ****       if(srcclk == RCC_SAI1CLKSOURCE_SYSCLK)
1059:Drivers/STM32G4xx_HAL_Driver/Src/stm32g4xx_hal_rcc_ex.c ****       {
1060:Drivers/STM32G4xx_HAL_Driver/Src/stm32g4xx_hal_rcc_ex.c ****         frequency = HAL_RCC_GetSysClockFreq();
1061:Drivers/STM32G4xx_HAL_Driver/Src/stm32g4xx_hal_rcc_ex.c ****       }
1062:Drivers/STM32G4xx_HAL_Driver/Src/stm32g4xx_hal_rcc_ex.c ****       else if(srcclk == RCC_SAI1CLKSOURCE_PLL)
1063:Drivers/STM32G4xx_HAL_Driver/Src/stm32g4xx_hal_rcc_ex.c ****       {
1064:Drivers/STM32G4xx_HAL_Driver/Src/stm32g4xx_hal_rcc_ex.c ****         if(__HAL_RCC_GET_PLLCLKOUT_CONFIG(RCC_PLL_48M1CLK) != 0U)
1065:Drivers/STM32G4xx_HAL_Driver/Src/stm32g4xx_hal_rcc_ex.c ****         {
1066:Drivers/STM32G4xx_HAL_Driver/Src/stm32g4xx_hal_rcc_ex.c ****           /* f(PLLQ) = f(VCO input) * PLLN / PLLQ */
1067:Drivers/STM32G4xx_HAL_Driver/Src/stm32g4xx_hal_rcc_ex.c ****           plln = READ_BIT(RCC->PLLCFGR, RCC_PLLCFGR_PLLN) >> RCC_PLLCFGR_PLLN_Pos;
1068:Drivers/STM32G4xx_HAL_Driver/Src/stm32g4xx_hal_rcc_ex.c ****           frequency = (pllvco * plln) / (((READ_BIT(RCC->PLLCFGR, RCC_PLLCFGR_PLLQ) >> RCC_PLLCFGR_
1069:Drivers/STM32G4xx_HAL_Driver/Src/stm32g4xx_hal_rcc_ex.c ****         }
1070:Drivers/STM32G4xx_HAL_Driver/Src/stm32g4xx_hal_rcc_ex.c ****       }
1071:Drivers/STM32G4xx_HAL_Driver/Src/stm32g4xx_hal_rcc_ex.c ****       else if(srcclk == RCC_SAI1CLKSOURCE_EXT)
1072:Drivers/STM32G4xx_HAL_Driver/Src/stm32g4xx_hal_rcc_ex.c ****       {
1073:Drivers/STM32G4xx_HAL_Driver/Src/stm32g4xx_hal_rcc_ex.c ****         /* External clock used.*/
1074:Drivers/STM32G4xx_HAL_Driver/Src/stm32g4xx_hal_rcc_ex.c ****         frequency = EXTERNAL_CLOCK_VALUE;
1075:Drivers/STM32G4xx_HAL_Driver/Src/stm32g4xx_hal_rcc_ex.c ****       }
1076:Drivers/STM32G4xx_HAL_Driver/Src/stm32g4xx_hal_rcc_ex.c ****       else if((HAL_IS_BIT_SET(RCC->CR, RCC_CR_HSIRDY)) && (srcclk == RCC_SAI1CLKSOURCE_HSI))
1077:Drivers/STM32G4xx_HAL_Driver/Src/stm32g4xx_hal_rcc_ex.c ****       {
1078:Drivers/STM32G4xx_HAL_Driver/Src/stm32g4xx_hal_rcc_ex.c ****         frequency = HSI_VALUE;
1079:Drivers/STM32G4xx_HAL_Driver/Src/stm32g4xx_hal_rcc_ex.c ****       }
1080:Drivers/STM32G4xx_HAL_Driver/Src/stm32g4xx_hal_rcc_ex.c ****       /* Clock not enabled for SAI1 */
1081:Drivers/STM32G4xx_HAL_Driver/Src/stm32g4xx_hal_rcc_ex.c ****       else
1082:Drivers/STM32G4xx_HAL_Driver/Src/stm32g4xx_hal_rcc_ex.c ****       {
1083:Drivers/STM32G4xx_HAL_Driver/Src/stm32g4xx_hal_rcc_ex.c ****         /* nothing to do: frequency already initialized to 0 */
1084:Drivers/STM32G4xx_HAL_Driver/Src/stm32g4xx_hal_rcc_ex.c ****       }
1085:Drivers/STM32G4xx_HAL_Driver/Src/stm32g4xx_hal_rcc_ex.c ****       break;
1086:Drivers/STM32G4xx_HAL_Driver/Src/stm32g4xx_hal_rcc_ex.c **** 
1087:Drivers/STM32G4xx_HAL_Driver/Src/stm32g4xx_hal_rcc_ex.c **** #endif /* SAI1 */
1088:Drivers/STM32G4xx_HAL_Driver/Src/stm32g4xx_hal_rcc_ex.c **** 
1089:Drivers/STM32G4xx_HAL_Driver/Src/stm32g4xx_hal_rcc_ex.c **** #if defined(SPI_I2S_SUPPORT)
1090:Drivers/STM32G4xx_HAL_Driver/Src/stm32g4xx_hal_rcc_ex.c ****     case RCC_PERIPHCLK_I2S:
1091:Drivers/STM32G4xx_HAL_Driver/Src/stm32g4xx_hal_rcc_ex.c ****       /* Get the current I2Sx source */
1092:Drivers/STM32G4xx_HAL_Driver/Src/stm32g4xx_hal_rcc_ex.c ****       srcclk = __HAL_RCC_GET_I2S_SOURCE();
1093:Drivers/STM32G4xx_HAL_Driver/Src/stm32g4xx_hal_rcc_ex.c **** 
1094:Drivers/STM32G4xx_HAL_Driver/Src/stm32g4xx_hal_rcc_ex.c ****       if(srcclk == RCC_I2SCLKSOURCE_SYSCLK)
1095:Drivers/STM32G4xx_HAL_Driver/Src/stm32g4xx_hal_rcc_ex.c ****       {
1096:Drivers/STM32G4xx_HAL_Driver/Src/stm32g4xx_hal_rcc_ex.c ****         frequency = HAL_RCC_GetSysClockFreq();
1097:Drivers/STM32G4xx_HAL_Driver/Src/stm32g4xx_hal_rcc_ex.c ****       }
1098:Drivers/STM32G4xx_HAL_Driver/Src/stm32g4xx_hal_rcc_ex.c ****       else if(srcclk == RCC_I2SCLKSOURCE_PLL)
1099:Drivers/STM32G4xx_HAL_Driver/Src/stm32g4xx_hal_rcc_ex.c ****       {
1100:Drivers/STM32G4xx_HAL_Driver/Src/stm32g4xx_hal_rcc_ex.c ****         if(__HAL_RCC_GET_PLLCLKOUT_CONFIG(RCC_PLL_48M1CLK) != 0U)
1101:Drivers/STM32G4xx_HAL_Driver/Src/stm32g4xx_hal_rcc_ex.c ****         {
1102:Drivers/STM32G4xx_HAL_Driver/Src/stm32g4xx_hal_rcc_ex.c ****           /* f(PLLQ) = f(VCO input) * PLLN / PLLQ */
1103:Drivers/STM32G4xx_HAL_Driver/Src/stm32g4xx_hal_rcc_ex.c ****           plln = READ_BIT(RCC->PLLCFGR, RCC_PLLCFGR_PLLN) >> RCC_PLLCFGR_PLLN_Pos;
1104:Drivers/STM32G4xx_HAL_Driver/Src/stm32g4xx_hal_rcc_ex.c ****           frequency = (pllvco * plln) / (((READ_BIT(RCC->PLLCFGR, RCC_PLLCFGR_PLLQ) >> RCC_PLLCFGR_
1105:Drivers/STM32G4xx_HAL_Driver/Src/stm32g4xx_hal_rcc_ex.c ****         }
1106:Drivers/STM32G4xx_HAL_Driver/Src/stm32g4xx_hal_rcc_ex.c ****       }
1107:Drivers/STM32G4xx_HAL_Driver/Src/stm32g4xx_hal_rcc_ex.c ****       else if(srcclk == RCC_I2SCLKSOURCE_EXT)
1108:Drivers/STM32G4xx_HAL_Driver/Src/stm32g4xx_hal_rcc_ex.c ****       {
1109:Drivers/STM32G4xx_HAL_Driver/Src/stm32g4xx_hal_rcc_ex.c ****         /* External clock used.*/
1110:Drivers/STM32G4xx_HAL_Driver/Src/stm32g4xx_hal_rcc_ex.c ****         frequency = EXTERNAL_CLOCK_VALUE;
1111:Drivers/STM32G4xx_HAL_Driver/Src/stm32g4xx_hal_rcc_ex.c ****       }      
1112:Drivers/STM32G4xx_HAL_Driver/Src/stm32g4xx_hal_rcc_ex.c ****       else if((HAL_IS_BIT_SET(RCC->CR, RCC_CR_HSIRDY)) && (srcclk == RCC_I2SCLKSOURCE_HSI))
ARM GAS  /tmp/ccb7W4Pk.s 			page 36


1113:Drivers/STM32G4xx_HAL_Driver/Src/stm32g4xx_hal_rcc_ex.c ****       {
1114:Drivers/STM32G4xx_HAL_Driver/Src/stm32g4xx_hal_rcc_ex.c ****         frequency = HSI_VALUE;
1115:Drivers/STM32G4xx_HAL_Driver/Src/stm32g4xx_hal_rcc_ex.c ****       }
1116:Drivers/STM32G4xx_HAL_Driver/Src/stm32g4xx_hal_rcc_ex.c ****       /* Clock not enabled for I2S */
1117:Drivers/STM32G4xx_HAL_Driver/Src/stm32g4xx_hal_rcc_ex.c ****       else
1118:Drivers/STM32G4xx_HAL_Driver/Src/stm32g4xx_hal_rcc_ex.c ****       {
1119:Drivers/STM32G4xx_HAL_Driver/Src/stm32g4xx_hal_rcc_ex.c ****         /* nothing to do: frequency already initialized to 0 */
1120:Drivers/STM32G4xx_HAL_Driver/Src/stm32g4xx_hal_rcc_ex.c ****       }
1121:Drivers/STM32G4xx_HAL_Driver/Src/stm32g4xx_hal_rcc_ex.c ****       break;
1122:Drivers/STM32G4xx_HAL_Driver/Src/stm32g4xx_hal_rcc_ex.c **** #endif /* SPI_I2S_SUPPORT */
1123:Drivers/STM32G4xx_HAL_Driver/Src/stm32g4xx_hal_rcc_ex.c **** 
1124:Drivers/STM32G4xx_HAL_Driver/Src/stm32g4xx_hal_rcc_ex.c **** #if defined(FDCAN1)
1125:Drivers/STM32G4xx_HAL_Driver/Src/stm32g4xx_hal_rcc_ex.c ****     case RCC_PERIPHCLK_FDCAN:
1126:Drivers/STM32G4xx_HAL_Driver/Src/stm32g4xx_hal_rcc_ex.c ****       /* Get the current FDCANx source */
1127:Drivers/STM32G4xx_HAL_Driver/Src/stm32g4xx_hal_rcc_ex.c ****       srcclk = __HAL_RCC_GET_FDCAN_SOURCE();
1128:Drivers/STM32G4xx_HAL_Driver/Src/stm32g4xx_hal_rcc_ex.c **** 
1129:Drivers/STM32G4xx_HAL_Driver/Src/stm32g4xx_hal_rcc_ex.c ****       if(srcclk == RCC_FDCANCLKSOURCE_PCLK1)
1130:Drivers/STM32G4xx_HAL_Driver/Src/stm32g4xx_hal_rcc_ex.c ****       {
1131:Drivers/STM32G4xx_HAL_Driver/Src/stm32g4xx_hal_rcc_ex.c ****         frequency = HAL_RCC_GetPCLK1Freq();
1132:Drivers/STM32G4xx_HAL_Driver/Src/stm32g4xx_hal_rcc_ex.c ****       }
1133:Drivers/STM32G4xx_HAL_Driver/Src/stm32g4xx_hal_rcc_ex.c ****       else if(srcclk == RCC_FDCANCLKSOURCE_HSE)
1134:Drivers/STM32G4xx_HAL_Driver/Src/stm32g4xx_hal_rcc_ex.c ****       {
1135:Drivers/STM32G4xx_HAL_Driver/Src/stm32g4xx_hal_rcc_ex.c ****         frequency = HSE_VALUE;
1136:Drivers/STM32G4xx_HAL_Driver/Src/stm32g4xx_hal_rcc_ex.c ****       }
1137:Drivers/STM32G4xx_HAL_Driver/Src/stm32g4xx_hal_rcc_ex.c ****       else if(srcclk == RCC_FDCANCLKSOURCE_PLL)
1138:Drivers/STM32G4xx_HAL_Driver/Src/stm32g4xx_hal_rcc_ex.c ****       {
1139:Drivers/STM32G4xx_HAL_Driver/Src/stm32g4xx_hal_rcc_ex.c ****         if(__HAL_RCC_GET_PLLCLKOUT_CONFIG(RCC_PLL_48M1CLK) != 0U)
1140:Drivers/STM32G4xx_HAL_Driver/Src/stm32g4xx_hal_rcc_ex.c ****         {
1141:Drivers/STM32G4xx_HAL_Driver/Src/stm32g4xx_hal_rcc_ex.c ****           /* f(PLLQ) = f(VCO input) * PLLN / PLLQ */
1142:Drivers/STM32G4xx_HAL_Driver/Src/stm32g4xx_hal_rcc_ex.c ****           plln = READ_BIT(RCC->PLLCFGR, RCC_PLLCFGR_PLLN) >> RCC_PLLCFGR_PLLN_Pos;
1143:Drivers/STM32G4xx_HAL_Driver/Src/stm32g4xx_hal_rcc_ex.c ****           frequency = (pllvco * plln) / (((READ_BIT(RCC->PLLCFGR, RCC_PLLCFGR_PLLQ) >> RCC_PLLCFGR_
1144:Drivers/STM32G4xx_HAL_Driver/Src/stm32g4xx_hal_rcc_ex.c ****         }
1145:Drivers/STM32G4xx_HAL_Driver/Src/stm32g4xx_hal_rcc_ex.c ****       }
1146:Drivers/STM32G4xx_HAL_Driver/Src/stm32g4xx_hal_rcc_ex.c ****       /* Clock not enabled for FDCAN */
1147:Drivers/STM32G4xx_HAL_Driver/Src/stm32g4xx_hal_rcc_ex.c ****       else
1148:Drivers/STM32G4xx_HAL_Driver/Src/stm32g4xx_hal_rcc_ex.c ****       {
1149:Drivers/STM32G4xx_HAL_Driver/Src/stm32g4xx_hal_rcc_ex.c ****         /* nothing to do: frequency already initialized to 0 */
1150:Drivers/STM32G4xx_HAL_Driver/Src/stm32g4xx_hal_rcc_ex.c ****       }
1151:Drivers/STM32G4xx_HAL_Driver/Src/stm32g4xx_hal_rcc_ex.c ****       break;
1152:Drivers/STM32G4xx_HAL_Driver/Src/stm32g4xx_hal_rcc_ex.c **** #endif /* FDCAN1 */
1153:Drivers/STM32G4xx_HAL_Driver/Src/stm32g4xx_hal_rcc_ex.c ****     
1154:Drivers/STM32G4xx_HAL_Driver/Src/stm32g4xx_hal_rcc_ex.c **** #if defined(USB)
1155:Drivers/STM32G4xx_HAL_Driver/Src/stm32g4xx_hal_rcc_ex.c ****     
1156:Drivers/STM32G4xx_HAL_Driver/Src/stm32g4xx_hal_rcc_ex.c ****     case RCC_PERIPHCLK_USB:
1157:Drivers/STM32G4xx_HAL_Driver/Src/stm32g4xx_hal_rcc_ex.c ****       /* Get the current USB source */
1158:Drivers/STM32G4xx_HAL_Driver/Src/stm32g4xx_hal_rcc_ex.c ****       srcclk = __HAL_RCC_GET_USB_SOURCE();
1159:Drivers/STM32G4xx_HAL_Driver/Src/stm32g4xx_hal_rcc_ex.c ****       
1160:Drivers/STM32G4xx_HAL_Driver/Src/stm32g4xx_hal_rcc_ex.c ****       if(srcclk == RCC_USBCLKSOURCE_PLL)  /* PLL ? */
1161:Drivers/STM32G4xx_HAL_Driver/Src/stm32g4xx_hal_rcc_ex.c ****       {
1162:Drivers/STM32G4xx_HAL_Driver/Src/stm32g4xx_hal_rcc_ex.c ****         /* f(PLLQ) = f(VCO input) * PLLN / PLLQ */
1163:Drivers/STM32G4xx_HAL_Driver/Src/stm32g4xx_hal_rcc_ex.c ****         plln = READ_BIT(RCC->PLLCFGR, RCC_PLLCFGR_PLLN) >> RCC_PLLCFGR_PLLN_Pos;
1164:Drivers/STM32G4xx_HAL_Driver/Src/stm32g4xx_hal_rcc_ex.c ****         frequency = (pllvco * plln) / (((READ_BIT(RCC->PLLCFGR, RCC_PLLCFGR_PLLQ) >> RCC_PLLCFGR_PL
1165:Drivers/STM32G4xx_HAL_Driver/Src/stm32g4xx_hal_rcc_ex.c ****       }
1166:Drivers/STM32G4xx_HAL_Driver/Src/stm32g4xx_hal_rcc_ex.c ****       else if((HAL_IS_BIT_SET(RCC->CRRCR, RCC_CRRCR_HSI48RDY)) && (srcclk == RCC_USBCLKSOURCE_HSI48
1167:Drivers/STM32G4xx_HAL_Driver/Src/stm32g4xx_hal_rcc_ex.c ****       {
1168:Drivers/STM32G4xx_HAL_Driver/Src/stm32g4xx_hal_rcc_ex.c ****         frequency = HSI48_VALUE;
1169:Drivers/STM32G4xx_HAL_Driver/Src/stm32g4xx_hal_rcc_ex.c ****       }
ARM GAS  /tmp/ccb7W4Pk.s 			page 37


1170:Drivers/STM32G4xx_HAL_Driver/Src/stm32g4xx_hal_rcc_ex.c ****       else /* No clock source */
1171:Drivers/STM32G4xx_HAL_Driver/Src/stm32g4xx_hal_rcc_ex.c ****       {
1172:Drivers/STM32G4xx_HAL_Driver/Src/stm32g4xx_hal_rcc_ex.c ****         /* nothing to do: frequency already initialized to 0 */
1173:Drivers/STM32G4xx_HAL_Driver/Src/stm32g4xx_hal_rcc_ex.c ****       }
1174:Drivers/STM32G4xx_HAL_Driver/Src/stm32g4xx_hal_rcc_ex.c ****       break;
1175:Drivers/STM32G4xx_HAL_Driver/Src/stm32g4xx_hal_rcc_ex.c ****       
1176:Drivers/STM32G4xx_HAL_Driver/Src/stm32g4xx_hal_rcc_ex.c **** #endif /* USB */
1177:Drivers/STM32G4xx_HAL_Driver/Src/stm32g4xx_hal_rcc_ex.c **** 
1178:Drivers/STM32G4xx_HAL_Driver/Src/stm32g4xx_hal_rcc_ex.c ****     case RCC_PERIPHCLK_RNG:
1179:Drivers/STM32G4xx_HAL_Driver/Src/stm32g4xx_hal_rcc_ex.c ****       /* Get the current RNG source */
1180:Drivers/STM32G4xx_HAL_Driver/Src/stm32g4xx_hal_rcc_ex.c ****       srcclk = __HAL_RCC_GET_RNG_SOURCE();
1181:Drivers/STM32G4xx_HAL_Driver/Src/stm32g4xx_hal_rcc_ex.c **** 
1182:Drivers/STM32G4xx_HAL_Driver/Src/stm32g4xx_hal_rcc_ex.c ****       if(srcclk == RCC_RNGCLKSOURCE_PLL)  /* PLL ? */
1183:Drivers/STM32G4xx_HAL_Driver/Src/stm32g4xx_hal_rcc_ex.c ****       {
1184:Drivers/STM32G4xx_HAL_Driver/Src/stm32g4xx_hal_rcc_ex.c ****         /* f(PLLQ) = f(VCO input) * PLLN / PLLQ */
1185:Drivers/STM32G4xx_HAL_Driver/Src/stm32g4xx_hal_rcc_ex.c ****         plln = READ_BIT(RCC->PLLCFGR, RCC_PLLCFGR_PLLN) >> RCC_PLLCFGR_PLLN_Pos;
1186:Drivers/STM32G4xx_HAL_Driver/Src/stm32g4xx_hal_rcc_ex.c ****         frequency = (pllvco * plln) / (((READ_BIT(RCC->PLLCFGR, RCC_PLLCFGR_PLLQ) >> RCC_PLLCFGR_PL
1187:Drivers/STM32G4xx_HAL_Driver/Src/stm32g4xx_hal_rcc_ex.c ****       }
1188:Drivers/STM32G4xx_HAL_Driver/Src/stm32g4xx_hal_rcc_ex.c ****       else if( (HAL_IS_BIT_SET(RCC->CRRCR, RCC_CRRCR_HSI48RDY)) && (srcclk == RCC_RNGCLKSOURCE_HSI4
1189:Drivers/STM32G4xx_HAL_Driver/Src/stm32g4xx_hal_rcc_ex.c ****       {
1190:Drivers/STM32G4xx_HAL_Driver/Src/stm32g4xx_hal_rcc_ex.c ****         frequency = HSI48_VALUE;
1191:Drivers/STM32G4xx_HAL_Driver/Src/stm32g4xx_hal_rcc_ex.c ****       }
1192:Drivers/STM32G4xx_HAL_Driver/Src/stm32g4xx_hal_rcc_ex.c ****       else /* No clock source */
1193:Drivers/STM32G4xx_HAL_Driver/Src/stm32g4xx_hal_rcc_ex.c ****       {
1194:Drivers/STM32G4xx_HAL_Driver/Src/stm32g4xx_hal_rcc_ex.c ****         /* nothing to do: frequency already initialized to 0 */
1195:Drivers/STM32G4xx_HAL_Driver/Src/stm32g4xx_hal_rcc_ex.c ****       }
1196:Drivers/STM32G4xx_HAL_Driver/Src/stm32g4xx_hal_rcc_ex.c ****       break;
1197:Drivers/STM32G4xx_HAL_Driver/Src/stm32g4xx_hal_rcc_ex.c **** 
1198:Drivers/STM32G4xx_HAL_Driver/Src/stm32g4xx_hal_rcc_ex.c ****     case RCC_PERIPHCLK_ADC12:
1199:Drivers/STM32G4xx_HAL_Driver/Src/stm32g4xx_hal_rcc_ex.c ****       /* Get the current ADC12 source */
1200:Drivers/STM32G4xx_HAL_Driver/Src/stm32g4xx_hal_rcc_ex.c ****       srcclk = __HAL_RCC_GET_ADC12_SOURCE();
1201:Drivers/STM32G4xx_HAL_Driver/Src/stm32g4xx_hal_rcc_ex.c ****       
1202:Drivers/STM32G4xx_HAL_Driver/Src/stm32g4xx_hal_rcc_ex.c ****       if(srcclk == RCC_ADC12CLKSOURCE_PLL)
1203:Drivers/STM32G4xx_HAL_Driver/Src/stm32g4xx_hal_rcc_ex.c ****       {
1204:Drivers/STM32G4xx_HAL_Driver/Src/stm32g4xx_hal_rcc_ex.c ****         if(__HAL_RCC_GET_PLLCLKOUT_CONFIG(RCC_PLL_ADCCLK) != 0U)
1205:Drivers/STM32G4xx_HAL_Driver/Src/stm32g4xx_hal_rcc_ex.c ****         {
1206:Drivers/STM32G4xx_HAL_Driver/Src/stm32g4xx_hal_rcc_ex.c ****           /* f(PLLP) = f(VCO input) * PLLN / PLLP */
1207:Drivers/STM32G4xx_HAL_Driver/Src/stm32g4xx_hal_rcc_ex.c ****           plln = READ_BIT(RCC->PLLCFGR, RCC_PLLCFGR_PLLN) >> RCC_PLLCFGR_PLLN_Pos;
1208:Drivers/STM32G4xx_HAL_Driver/Src/stm32g4xx_hal_rcc_ex.c ****           pllp = READ_BIT(RCC->PLLCFGR, RCC_PLLCFGR_PLLPDIV) >> RCC_PLLCFGR_PLLPDIV_Pos;
1209:Drivers/STM32G4xx_HAL_Driver/Src/stm32g4xx_hal_rcc_ex.c ****           if(pllp == 0U)
1210:Drivers/STM32G4xx_HAL_Driver/Src/stm32g4xx_hal_rcc_ex.c ****           {
1211:Drivers/STM32G4xx_HAL_Driver/Src/stm32g4xx_hal_rcc_ex.c ****             if(READ_BIT(RCC->PLLCFGR, RCC_PLLCFGR_PLLP) != 0U)
1212:Drivers/STM32G4xx_HAL_Driver/Src/stm32g4xx_hal_rcc_ex.c ****             {
1213:Drivers/STM32G4xx_HAL_Driver/Src/stm32g4xx_hal_rcc_ex.c ****               pllp = 17U;
1214:Drivers/STM32G4xx_HAL_Driver/Src/stm32g4xx_hal_rcc_ex.c ****             }
1215:Drivers/STM32G4xx_HAL_Driver/Src/stm32g4xx_hal_rcc_ex.c ****             else
1216:Drivers/STM32G4xx_HAL_Driver/Src/stm32g4xx_hal_rcc_ex.c ****             {
1217:Drivers/STM32G4xx_HAL_Driver/Src/stm32g4xx_hal_rcc_ex.c ****               pllp = 7U;
1218:Drivers/STM32G4xx_HAL_Driver/Src/stm32g4xx_hal_rcc_ex.c ****             }
1219:Drivers/STM32G4xx_HAL_Driver/Src/stm32g4xx_hal_rcc_ex.c ****           }
1220:Drivers/STM32G4xx_HAL_Driver/Src/stm32g4xx_hal_rcc_ex.c ****           frequency = (pllvco * plln) / pllp;
1221:Drivers/STM32G4xx_HAL_Driver/Src/stm32g4xx_hal_rcc_ex.c ****         }
1222:Drivers/STM32G4xx_HAL_Driver/Src/stm32g4xx_hal_rcc_ex.c ****       }
1223:Drivers/STM32G4xx_HAL_Driver/Src/stm32g4xx_hal_rcc_ex.c ****       else if(srcclk == RCC_ADC12CLKSOURCE_SYSCLK)
1224:Drivers/STM32G4xx_HAL_Driver/Src/stm32g4xx_hal_rcc_ex.c ****       {
1225:Drivers/STM32G4xx_HAL_Driver/Src/stm32g4xx_hal_rcc_ex.c ****         frequency = HAL_RCC_GetSysClockFreq();
1226:Drivers/STM32G4xx_HAL_Driver/Src/stm32g4xx_hal_rcc_ex.c ****       }
ARM GAS  /tmp/ccb7W4Pk.s 			page 38


1227:Drivers/STM32G4xx_HAL_Driver/Src/stm32g4xx_hal_rcc_ex.c ****       /* Clock not enabled for ADC12 */
1228:Drivers/STM32G4xx_HAL_Driver/Src/stm32g4xx_hal_rcc_ex.c ****       else
1229:Drivers/STM32G4xx_HAL_Driver/Src/stm32g4xx_hal_rcc_ex.c ****       {
1230:Drivers/STM32G4xx_HAL_Driver/Src/stm32g4xx_hal_rcc_ex.c ****         /* nothing to do: frequency already initialized to 0 */
1231:Drivers/STM32G4xx_HAL_Driver/Src/stm32g4xx_hal_rcc_ex.c ****       }
1232:Drivers/STM32G4xx_HAL_Driver/Src/stm32g4xx_hal_rcc_ex.c ****       break;
1233:Drivers/STM32G4xx_HAL_Driver/Src/stm32g4xx_hal_rcc_ex.c **** 
1234:Drivers/STM32G4xx_HAL_Driver/Src/stm32g4xx_hal_rcc_ex.c **** #if defined(ADC345_COMMON)
1235:Drivers/STM32G4xx_HAL_Driver/Src/stm32g4xx_hal_rcc_ex.c ****     case RCC_PERIPHCLK_ADC345:
1236:Drivers/STM32G4xx_HAL_Driver/Src/stm32g4xx_hal_rcc_ex.c ****       /* Get the current ADC345 source */
1237:Drivers/STM32G4xx_HAL_Driver/Src/stm32g4xx_hal_rcc_ex.c ****       srcclk = __HAL_RCC_GET_ADC345_SOURCE();
1238:Drivers/STM32G4xx_HAL_Driver/Src/stm32g4xx_hal_rcc_ex.c ****       
1239:Drivers/STM32G4xx_HAL_Driver/Src/stm32g4xx_hal_rcc_ex.c ****       if(srcclk == RCC_ADC345CLKSOURCE_PLL)
1240:Drivers/STM32G4xx_HAL_Driver/Src/stm32g4xx_hal_rcc_ex.c ****       {
1241:Drivers/STM32G4xx_HAL_Driver/Src/stm32g4xx_hal_rcc_ex.c ****         if(__HAL_RCC_GET_PLLCLKOUT_CONFIG(RCC_PLL_ADCCLK) != 0U)
1242:Drivers/STM32G4xx_HAL_Driver/Src/stm32g4xx_hal_rcc_ex.c ****         {
1243:Drivers/STM32G4xx_HAL_Driver/Src/stm32g4xx_hal_rcc_ex.c ****           /* f(PLLP) = f(VCO input) * PLLN / PLLP */
1244:Drivers/STM32G4xx_HAL_Driver/Src/stm32g4xx_hal_rcc_ex.c ****           plln = READ_BIT(RCC->PLLCFGR, RCC_PLLCFGR_PLLN) >> RCC_PLLCFGR_PLLN_Pos;
1245:Drivers/STM32G4xx_HAL_Driver/Src/stm32g4xx_hal_rcc_ex.c ****           pllp = READ_BIT(RCC->PLLCFGR, RCC_PLLCFGR_PLLPDIV) >> RCC_PLLCFGR_PLLPDIV_Pos;
1246:Drivers/STM32G4xx_HAL_Driver/Src/stm32g4xx_hal_rcc_ex.c ****           if(pllp == 0U)
1247:Drivers/STM32G4xx_HAL_Driver/Src/stm32g4xx_hal_rcc_ex.c ****           {
1248:Drivers/STM32G4xx_HAL_Driver/Src/stm32g4xx_hal_rcc_ex.c ****             if(READ_BIT(RCC->PLLCFGR, RCC_PLLCFGR_PLLP) != 0U)
1249:Drivers/STM32G4xx_HAL_Driver/Src/stm32g4xx_hal_rcc_ex.c ****             {
1250:Drivers/STM32G4xx_HAL_Driver/Src/stm32g4xx_hal_rcc_ex.c ****               pllp = 17U;
1251:Drivers/STM32G4xx_HAL_Driver/Src/stm32g4xx_hal_rcc_ex.c ****             }
1252:Drivers/STM32G4xx_HAL_Driver/Src/stm32g4xx_hal_rcc_ex.c ****             else
1253:Drivers/STM32G4xx_HAL_Driver/Src/stm32g4xx_hal_rcc_ex.c ****             {
1254:Drivers/STM32G4xx_HAL_Driver/Src/stm32g4xx_hal_rcc_ex.c ****               pllp = 7U;
1255:Drivers/STM32G4xx_HAL_Driver/Src/stm32g4xx_hal_rcc_ex.c ****             }
1256:Drivers/STM32G4xx_HAL_Driver/Src/stm32g4xx_hal_rcc_ex.c ****           }
1257:Drivers/STM32G4xx_HAL_Driver/Src/stm32g4xx_hal_rcc_ex.c ****           frequency = (pllvco * plln) / pllp;
1258:Drivers/STM32G4xx_HAL_Driver/Src/stm32g4xx_hal_rcc_ex.c ****         }
1259:Drivers/STM32G4xx_HAL_Driver/Src/stm32g4xx_hal_rcc_ex.c ****       }
1260:Drivers/STM32G4xx_HAL_Driver/Src/stm32g4xx_hal_rcc_ex.c ****       else if(srcclk == RCC_ADC345CLKSOURCE_SYSCLK)
1261:Drivers/STM32G4xx_HAL_Driver/Src/stm32g4xx_hal_rcc_ex.c ****       {
1262:Drivers/STM32G4xx_HAL_Driver/Src/stm32g4xx_hal_rcc_ex.c ****         frequency = HAL_RCC_GetSysClockFreq();
1263:Drivers/STM32G4xx_HAL_Driver/Src/stm32g4xx_hal_rcc_ex.c ****       }
1264:Drivers/STM32G4xx_HAL_Driver/Src/stm32g4xx_hal_rcc_ex.c ****       /* Clock not enabled for ADC345 */
1265:Drivers/STM32G4xx_HAL_Driver/Src/stm32g4xx_hal_rcc_ex.c ****       else
1266:Drivers/STM32G4xx_HAL_Driver/Src/stm32g4xx_hal_rcc_ex.c ****       {
1267:Drivers/STM32G4xx_HAL_Driver/Src/stm32g4xx_hal_rcc_ex.c ****         /* nothing to do: frequency already initialized to 0 */
1268:Drivers/STM32G4xx_HAL_Driver/Src/stm32g4xx_hal_rcc_ex.c ****       }
1269:Drivers/STM32G4xx_HAL_Driver/Src/stm32g4xx_hal_rcc_ex.c ****       break;
1270:Drivers/STM32G4xx_HAL_Driver/Src/stm32g4xx_hal_rcc_ex.c **** #endif /* ADC345_COMMON */
1271:Drivers/STM32G4xx_HAL_Driver/Src/stm32g4xx_hal_rcc_ex.c **** 
1272:Drivers/STM32G4xx_HAL_Driver/Src/stm32g4xx_hal_rcc_ex.c **** #if defined(QUADSPI)
1273:Drivers/STM32G4xx_HAL_Driver/Src/stm32g4xx_hal_rcc_ex.c **** 
1274:Drivers/STM32G4xx_HAL_Driver/Src/stm32g4xx_hal_rcc_ex.c ****     case RCC_PERIPHCLK_QSPI:
1275:Drivers/STM32G4xx_HAL_Driver/Src/stm32g4xx_hal_rcc_ex.c ****       /* Get the current QSPI source */
1276:Drivers/STM32G4xx_HAL_Driver/Src/stm32g4xx_hal_rcc_ex.c ****       srcclk = __HAL_RCC_GET_QSPI_SOURCE();
1277:Drivers/STM32G4xx_HAL_Driver/Src/stm32g4xx_hal_rcc_ex.c ****       
1278:Drivers/STM32G4xx_HAL_Driver/Src/stm32g4xx_hal_rcc_ex.c ****       if(srcclk == RCC_QSPICLKSOURCE_PLL)  /* PLL ? */
1279:Drivers/STM32G4xx_HAL_Driver/Src/stm32g4xx_hal_rcc_ex.c ****       {
1280:Drivers/STM32G4xx_HAL_Driver/Src/stm32g4xx_hal_rcc_ex.c ****         /* f(PLLQ) = f(VCO input) * PLLN / PLLQ */
1281:Drivers/STM32G4xx_HAL_Driver/Src/stm32g4xx_hal_rcc_ex.c ****         plln = READ_BIT(RCC->PLLCFGR, RCC_PLLCFGR_PLLN) >> RCC_PLLCFGR_PLLN_Pos;
1282:Drivers/STM32G4xx_HAL_Driver/Src/stm32g4xx_hal_rcc_ex.c ****         frequency = (pllvco * plln) / (((READ_BIT(RCC->PLLCFGR, RCC_PLLCFGR_PLLQ) >> RCC_PLLCFGR_PL
1283:Drivers/STM32G4xx_HAL_Driver/Src/stm32g4xx_hal_rcc_ex.c ****       }
ARM GAS  /tmp/ccb7W4Pk.s 			page 39


1284:Drivers/STM32G4xx_HAL_Driver/Src/stm32g4xx_hal_rcc_ex.c ****       else if(srcclk == RCC_QSPICLKSOURCE_HSI)
1285:Drivers/STM32G4xx_HAL_Driver/Src/stm32g4xx_hal_rcc_ex.c ****       {
1286:Drivers/STM32G4xx_HAL_Driver/Src/stm32g4xx_hal_rcc_ex.c ****         frequency = HSI_VALUE;
1287:Drivers/STM32G4xx_HAL_Driver/Src/stm32g4xx_hal_rcc_ex.c ****       }      
1288:Drivers/STM32G4xx_HAL_Driver/Src/stm32g4xx_hal_rcc_ex.c ****       else if(srcclk == RCC_QSPICLKSOURCE_SYSCLK)
1289:Drivers/STM32G4xx_HAL_Driver/Src/stm32g4xx_hal_rcc_ex.c ****       {
1290:Drivers/STM32G4xx_HAL_Driver/Src/stm32g4xx_hal_rcc_ex.c ****         frequency = HAL_RCC_GetSysClockFreq();
1291:Drivers/STM32G4xx_HAL_Driver/Src/stm32g4xx_hal_rcc_ex.c ****       }
1292:Drivers/STM32G4xx_HAL_Driver/Src/stm32g4xx_hal_rcc_ex.c ****       else /* No clock source */
1293:Drivers/STM32G4xx_HAL_Driver/Src/stm32g4xx_hal_rcc_ex.c ****       {
1294:Drivers/STM32G4xx_HAL_Driver/Src/stm32g4xx_hal_rcc_ex.c ****         /* nothing to do: frequency already initialized to 0 */
1295:Drivers/STM32G4xx_HAL_Driver/Src/stm32g4xx_hal_rcc_ex.c ****       }
1296:Drivers/STM32G4xx_HAL_Driver/Src/stm32g4xx_hal_rcc_ex.c ****       break;
1297:Drivers/STM32G4xx_HAL_Driver/Src/stm32g4xx_hal_rcc_ex.c **** 
1298:Drivers/STM32G4xx_HAL_Driver/Src/stm32g4xx_hal_rcc_ex.c **** #endif /* QUADSPI */
1299:Drivers/STM32G4xx_HAL_Driver/Src/stm32g4xx_hal_rcc_ex.c **** 
1300:Drivers/STM32G4xx_HAL_Driver/Src/stm32g4xx_hal_rcc_ex.c ****     default:
1301:Drivers/STM32G4xx_HAL_Driver/Src/stm32g4xx_hal_rcc_ex.c ****       break;
1302:Drivers/STM32G4xx_HAL_Driver/Src/stm32g4xx_hal_rcc_ex.c ****     }
1303:Drivers/STM32G4xx_HAL_Driver/Src/stm32g4xx_hal_rcc_ex.c ****   }
1304:Drivers/STM32G4xx_HAL_Driver/Src/stm32g4xx_hal_rcc_ex.c **** 
1305:Drivers/STM32G4xx_HAL_Driver/Src/stm32g4xx_hal_rcc_ex.c ****   return(frequency);
1306:Drivers/STM32G4xx_HAL_Driver/Src/stm32g4xx_hal_rcc_ex.c **** }
 848              		.loc 1 1306 1 view .LVU286
 849 00d2 08BD     		pop	{r3, pc}
 850              	.LVL39:
 851              	.L135:
 726:Drivers/STM32G4xx_HAL_Driver/Src/stm32g4xx_hal_rcc_ex.c ****       {
 852              		.loc 1 726 7 is_stmt 1 view .LVU287
 726:Drivers/STM32G4xx_HAL_Driver/Src/stm32g4xx_hal_rcc_ex.c ****       {
 853              		.loc 1 726 10 is_stmt 0 view .LVU288
 854 00d4 6E4B     		ldr	r3, .L168
 855 00d6 1A68     		ldr	r2, [r3]
 726:Drivers/STM32G4xx_HAL_Driver/Src/stm32g4xx_hal_rcc_ex.c ****       {
 856              		.loc 1 726 9 view .LVU289
 857 00d8 12F48062 		ands	r2, r2, #1024
 858 00dc A1D0     		beq	.L51
 728:Drivers/STM32G4xx_HAL_Driver/Src/stm32g4xx_hal_rcc_ex.c ****       }
 859              		.loc 1 728 16 view .LVU290
 860 00de 6D4A     		ldr	r2, .L168+4
 861 00e0 9FE7     		b	.L51
 862              	.L136:
 737:Drivers/STM32G4xx_HAL_Driver/Src/stm32g4xx_hal_rcc_ex.c ****       {
 863              		.loc 1 737 7 is_stmt 1 view .LVU291
 737:Drivers/STM32G4xx_HAL_Driver/Src/stm32g4xx_hal_rcc_ex.c ****       {
 864              		.loc 1 737 10 is_stmt 0 view .LVU292
 865 00e2 6B4B     		ldr	r3, .L168
 866 00e4 1A68     		ldr	r2, [r3]
 737:Drivers/STM32G4xx_HAL_Driver/Src/stm32g4xx_hal_rcc_ex.c ****       {
 867              		.loc 1 737 9 view .LVU293
 868 00e6 12F40032 		ands	r2, r2, #131072
 869 00ea 9AD0     		beq	.L51
 739:Drivers/STM32G4xx_HAL_Driver/Src/stm32g4xx_hal_rcc_ex.c ****       }
 870              		.loc 1 739 16 view .LVU294
 871 00ec 6A4A     		ldr	r2, .L168+8
 872 00ee 98E7     		b	.L51
 873              	.LVL40:
ARM GAS  /tmp/ccb7W4Pk.s 			page 40


 874              	.L137:
 754:Drivers/STM32G4xx_HAL_Driver/Src/stm32g4xx_hal_rcc_ex.c ****     {
 875              		.loc 1 754 5 view .LVU295
 876 00f0 0020     		movs	r0, #0
 877              	.LVL41:
 754:Drivers/STM32G4xx_HAL_Driver/Src/stm32g4xx_hal_rcc_ex.c ****     {
 878              		.loc 1 754 5 view .LVU296
 879 00f2 EEE7     		b	.L45
 880              	.LVL42:
 881              	.L55:
 754:Drivers/STM32G4xx_HAL_Driver/Src/stm32g4xx_hal_rcc_ex.c ****     {
 882              		.loc 1 754 5 view .LVU297
 883 00f4 4028     		cmp	r0, #64
 884 00f6 00F0F980 		beq	.L59
 885 00fa 8028     		cmp	r0, #128
 886 00fc 00F01181 		beq	.L60
 887 0100 2028     		cmp	r0, #32
 888 0102 1FD1     		bne	.L140
 900:Drivers/STM32G4xx_HAL_Driver/Src/stm32g4xx_hal_rcc_ex.c **** 
 889              		.loc 1 900 7 is_stmt 1 view .LVU298
 900:Drivers/STM32G4xx_HAL_Driver/Src/stm32g4xx_hal_rcc_ex.c **** 
 890              		.loc 1 900 16 is_stmt 0 view .LVU299
 891 0104 624B     		ldr	r3, .L168
 892 0106 D3F88830 		ldr	r3, [r3, #136]
 893              	.LVL43:
 902:Drivers/STM32G4xx_HAL_Driver/Src/stm32g4xx_hal_rcc_ex.c ****       {
 894              		.loc 1 902 7 is_stmt 1 view .LVU300
 902:Drivers/STM32G4xx_HAL_Driver/Src/stm32g4xx_hal_rcc_ex.c ****       {
 895              		.loc 1 902 9 is_stmt 0 view .LVU301
 896 010a 13F44063 		ands	r3, r3, #3072
 897              	.LVL44:
 902:Drivers/STM32G4xx_HAL_Driver/Src/stm32g4xx_hal_rcc_ex.c ****       {
 898              		.loc 1 902 9 view .LVU302
 899 010e 00F0E780 		beq	.L141
 906:Drivers/STM32G4xx_HAL_Driver/Src/stm32g4xx_hal_rcc_ex.c ****       {
 900              		.loc 1 906 12 is_stmt 1 view .LVU303
 906:Drivers/STM32G4xx_HAL_Driver/Src/stm32g4xx_hal_rcc_ex.c ****       {
 901              		.loc 1 906 14 is_stmt 0 view .LVU304
 902 0112 B3F5806F 		cmp	r3, #1024
 903 0116 00F0E680 		beq	.L142
 910:Drivers/STM32G4xx_HAL_Driver/Src/stm32g4xx_hal_rcc_ex.c ****       {
 904              		.loc 1 910 12 is_stmt 1 view .LVU305
 910:Drivers/STM32G4xx_HAL_Driver/Src/stm32g4xx_hal_rcc_ex.c ****       {
 905              		.loc 1 910 16 is_stmt 0 view .LVU306
 906 011a 5D4A     		ldr	r2, .L168
 907              	.LVL45:
 910:Drivers/STM32G4xx_HAL_Driver/Src/stm32g4xx_hal_rcc_ex.c ****       {
 908              		.loc 1 910 16 view .LVU307
 909 011c 1268     		ldr	r2, [r2]
 910:Drivers/STM32G4xx_HAL_Driver/Src/stm32g4xx_hal_rcc_ex.c ****       {
 910              		.loc 1 910 14 view .LVU308
 911 011e 12F4806F 		tst	r2, #1024
 912 0122 03D0     		beq	.L84
 910:Drivers/STM32G4xx_HAL_Driver/Src/stm32g4xx_hal_rcc_ex.c ****       {
 913              		.loc 1 910 56 discriminator 1 view .LVU309
 914 0124 B3F5006F 		cmp	r3, #2048
 915 0128 00F04082 		beq	.L115
ARM GAS  /tmp/ccb7W4Pk.s 			page 41


 916              	.L84:
 914:Drivers/STM32G4xx_HAL_Driver/Src/stm32g4xx_hal_rcc_ex.c ****       {
 917              		.loc 1 914 12 is_stmt 1 view .LVU310
 914:Drivers/STM32G4xx_HAL_Driver/Src/stm32g4xx_hal_rcc_ex.c ****       {
 918              		.loc 1 914 16 is_stmt 0 view .LVU311
 919 012c 584A     		ldr	r2, .L168
 920 012e D2F89000 		ldr	r0, [r2, #144]
 921              	.LVL46:
 914:Drivers/STM32G4xx_HAL_Driver/Src/stm32g4xx_hal_rcc_ex.c ****       {
 922              		.loc 1 914 14 view .LVU312
 923 0132 10F00200 		ands	r0, r0, #2
 924 0136 CCD0     		beq	.L45
 914:Drivers/STM32G4xx_HAL_Driver/Src/stm32g4xx_hal_rcc_ex.c ****       {
 925              		.loc 1 914 60 discriminator 1 view .LVU313
 926 0138 B3F5406F 		cmp	r3, #3072
 927 013c 00F03882 		beq	.L116
 686:Drivers/STM32G4xx_HAL_Driver/Src/stm32g4xx_hal_rcc_ex.c ****   uint32_t srcclk;
 928              		.loc 1 686 12 view .LVU314
 929 0140 0020     		movs	r0, #0
 930 0142 C6E7     		b	.L45
 931              	.LVL47:
 932              	.L140:
 754:Drivers/STM32G4xx_HAL_Driver/Src/stm32g4xx_hal_rcc_ex.c ****     {
 933              		.loc 1 754 5 view .LVU315
 934 0144 0020     		movs	r0, #0
 935              	.LVL48:
 754:Drivers/STM32G4xx_HAL_Driver/Src/stm32g4xx_hal_rcc_ex.c ****     {
 936              		.loc 1 754 5 view .LVU316
 937 0146 C4E7     		b	.L45
 938              	.LVL49:
 939              	.L53:
 754:Drivers/STM32G4xx_HAL_Driver/Src/stm32g4xx_hal_rcc_ex.c ****     {
 940              		.loc 1 754 5 view .LVU317
 941 0148 B0F5805F 		cmp	r0, #4096
 942 014c 00F08681 		beq	.L62
 943 0150 32D8     		bhi	.L63
 944 0152 B0F5806F 		cmp	r0, #1024
 945 0156 00F01D81 		beq	.L64
 946 015a B0F5006F 		cmp	r0, #2048
 947 015e 00F04B81 		beq	.L65
 948 0162 B0F5007F 		cmp	r0, #512
 949 0166 25D1     		bne	.L143
1027:Drivers/STM32G4xx_HAL_Driver/Src/stm32g4xx_hal_rcc_ex.c **** 
 950              		.loc 1 1027 7 is_stmt 1 view .LVU318
1027:Drivers/STM32G4xx_HAL_Driver/Src/stm32g4xx_hal_rcc_ex.c **** 
 951              		.loc 1 1027 16 is_stmt 0 view .LVU319
 952 0168 494B     		ldr	r3, .L168
 953 016a D3F88830 		ldr	r3, [r3, #136]
 954              	.LVL50:
1029:Drivers/STM32G4xx_HAL_Driver/Src/stm32g4xx_hal_rcc_ex.c ****       {
 955              		.loc 1 1029 7 is_stmt 1 view .LVU320
1029:Drivers/STM32G4xx_HAL_Driver/Src/stm32g4xx_hal_rcc_ex.c ****       {
 956              		.loc 1 1029 9 is_stmt 0 view .LVU321
 957 016e 13F44023 		ands	r3, r3, #786432
 958              	.LVL51:
1029:Drivers/STM32G4xx_HAL_Driver/Src/stm32g4xx_hal_rcc_ex.c ****       {
 959              		.loc 1 1029 9 view .LVU322
ARM GAS  /tmp/ccb7W4Pk.s 			page 42


 960 0172 00F00C81 		beq	.L144
1033:Drivers/STM32G4xx_HAL_Driver/Src/stm32g4xx_hal_rcc_ex.c ****       {
 961              		.loc 1 1033 12 is_stmt 1 view .LVU323
1033:Drivers/STM32G4xx_HAL_Driver/Src/stm32g4xx_hal_rcc_ex.c ****       {
 962              		.loc 1 1033 16 is_stmt 0 view .LVU324
 963 0176 464A     		ldr	r2, .L168
 964              	.LVL52:
1033:Drivers/STM32G4xx_HAL_Driver/Src/stm32g4xx_hal_rcc_ex.c ****       {
 965              		.loc 1 1033 16 view .LVU325
 966 0178 D2F89420 		ldr	r2, [r2, #148]
1033:Drivers/STM32G4xx_HAL_Driver/Src/stm32g4xx_hal_rcc_ex.c ****       {
 967              		.loc 1 1033 14 view .LVU326
 968 017c 12F0020F 		tst	r2, #2
 969 0180 03D0     		beq	.L92
1033:Drivers/STM32G4xx_HAL_Driver/Src/stm32g4xx_hal_rcc_ex.c ****       {
 970              		.loc 1 1033 58 discriminator 1 view .LVU327
 971 0182 B3F5802F 		cmp	r3, #262144
 972 0186 00F01C82 		beq	.L120
 973              	.L92:
1037:Drivers/STM32G4xx_HAL_Driver/Src/stm32g4xx_hal_rcc_ex.c ****       {
 974              		.loc 1 1037 12 is_stmt 1 view .LVU328
1037:Drivers/STM32G4xx_HAL_Driver/Src/stm32g4xx_hal_rcc_ex.c ****       {
 975              		.loc 1 1037 16 is_stmt 0 view .LVU329
 976 018a 414A     		ldr	r2, .L168
 977 018c 1268     		ldr	r2, [r2]
1037:Drivers/STM32G4xx_HAL_Driver/Src/stm32g4xx_hal_rcc_ex.c ****       {
 978              		.loc 1 1037 14 view .LVU330
 979 018e 12F4806F 		tst	r2, #1024
 980 0192 03D0     		beq	.L93
1037:Drivers/STM32G4xx_HAL_Driver/Src/stm32g4xx_hal_rcc_ex.c ****       {
 981              		.loc 1 1037 56 discriminator 1 view .LVU331
 982 0194 B3F5002F 		cmp	r3, #524288
 983 0198 00F01682 		beq	.L121
 984              	.L93:
1041:Drivers/STM32G4xx_HAL_Driver/Src/stm32g4xx_hal_rcc_ex.c ****       {
 985              		.loc 1 1041 12 is_stmt 1 view .LVU332
1041:Drivers/STM32G4xx_HAL_Driver/Src/stm32g4xx_hal_rcc_ex.c ****       {
 986              		.loc 1 1041 17 is_stmt 0 view .LVU333
 987 019c 3C4A     		ldr	r2, .L168
 988 019e D2F89000 		ldr	r0, [r2, #144]
 989              	.LVL53:
1041:Drivers/STM32G4xx_HAL_Driver/Src/stm32g4xx_hal_rcc_ex.c ****       {
 990              		.loc 1 1041 15 view .LVU334
 991 01a2 10F00200 		ands	r0, r0, #2
 992 01a6 94D0     		beq	.L45
1041:Drivers/STM32G4xx_HAL_Driver/Src/stm32g4xx_hal_rcc_ex.c ****       {
 993              		.loc 1 1041 61 discriminator 1 view .LVU335
 994 01a8 B3F5402F 		cmp	r3, #786432
 995 01ac 00F00E82 		beq	.L122
 686:Drivers/STM32G4xx_HAL_Driver/Src/stm32g4xx_hal_rcc_ex.c ****   uint32_t srcclk;
 996              		.loc 1 686 12 view .LVU336
 997 01b0 0020     		movs	r0, #0
 998 01b2 8EE7     		b	.L45
 999              	.LVL54:
 1000              	.L143:
 754:Drivers/STM32G4xx_HAL_Driver/Src/stm32g4xx_hal_rcc_ex.c ****     {
 1001              		.loc 1 754 5 view .LVU337
ARM GAS  /tmp/ccb7W4Pk.s 			page 43


 1002 01b4 0020     		movs	r0, #0
 1003              	.LVL55:
 754:Drivers/STM32G4xx_HAL_Driver/Src/stm32g4xx_hal_rcc_ex.c ****     {
 1004              		.loc 1 754 5 view .LVU338
 1005 01b6 8CE7     		b	.L45
 1006              	.LVL56:
 1007              	.L63:
 754:Drivers/STM32G4xx_HAL_Driver/Src/stm32g4xx_hal_rcc_ex.c ****     {
 1008              		.loc 1 754 5 view .LVU339
 1009 01b8 B0F5804F 		cmp	r0, #16384
 1010 01bc 00F08881 		beq	.L67
 1011 01c0 B0F5004F 		cmp	r0, #32768
 1012 01c4 00F0A881 		beq	.L68
 1013 01c8 B0F5005F 		cmp	r0, #8192
 1014 01cc 14D1     		bne	.L145
1158:Drivers/STM32G4xx_HAL_Driver/Src/stm32g4xx_hal_rcc_ex.c ****       
 1015              		.loc 1 1158 7 is_stmt 1 view .LVU340
1158:Drivers/STM32G4xx_HAL_Driver/Src/stm32g4xx_hal_rcc_ex.c ****       
 1016              		.loc 1 1158 16 is_stmt 0 view .LVU341
 1017 01ce 304B     		ldr	r3, .L168
 1018 01d0 D3F88830 		ldr	r3, [r3, #136]
1158:Drivers/STM32G4xx_HAL_Driver/Src/stm32g4xx_hal_rcc_ex.c ****       
 1019              		.loc 1 1158 14 view .LVU342
 1020 01d4 03F04063 		and	r3, r3, #201326592
 1021              	.LVL57:
1160:Drivers/STM32G4xx_HAL_Driver/Src/stm32g4xx_hal_rcc_ex.c ****       {
 1022              		.loc 1 1160 7 is_stmt 1 view .LVU343
1160:Drivers/STM32G4xx_HAL_Driver/Src/stm32g4xx_hal_rcc_ex.c ****       {
 1023              		.loc 1 1160 9 is_stmt 0 view .LVU344
 1024 01d8 B3F1006F 		cmp	r3, #134217728
 1025 01dc 00F06781 		beq	.L146
1166:Drivers/STM32G4xx_HAL_Driver/Src/stm32g4xx_hal_rcc_ex.c ****       {
 1026              		.loc 1 1166 12 is_stmt 1 view .LVU345
1166:Drivers/STM32G4xx_HAL_Driver/Src/stm32g4xx_hal_rcc_ex.c ****       {
 1027              		.loc 1 1166 16 is_stmt 0 view .LVU346
 1028 01e0 2B4A     		ldr	r2, .L168
 1029              	.LVL58:
1166:Drivers/STM32G4xx_HAL_Driver/Src/stm32g4xx_hal_rcc_ex.c ****       {
 1030              		.loc 1 1166 16 view .LVU347
 1031 01e2 D2F89800 		ldr	r0, [r2, #152]
 1032              	.LVL59:
1166:Drivers/STM32G4xx_HAL_Driver/Src/stm32g4xx_hal_rcc_ex.c ****       {
 1033              		.loc 1 1166 14 view .LVU348
 1034 01e6 10F00200 		ands	r0, r0, #2
 1035 01ea 3FF472AF 		beq	.L45
1166:Drivers/STM32G4xx_HAL_Driver/Src/stm32g4xx_hal_rcc_ex.c ****       {
 1036              		.loc 1 1166 64 discriminator 1 view .LVU349
 1037 01ee 002B     		cmp	r3, #0
 1038 01f0 00F0F981 		beq	.L129
 686:Drivers/STM32G4xx_HAL_Driver/Src/stm32g4xx_hal_rcc_ex.c ****   uint32_t srcclk;
 1039              		.loc 1 686 12 view .LVU350
 1040 01f4 0020     		movs	r0, #0
 1041 01f6 6CE7     		b	.L45
 1042              	.LVL60:
 1043              	.L145:
 754:Drivers/STM32G4xx_HAL_Driver/Src/stm32g4xx_hal_rcc_ex.c ****     {
 1044              		.loc 1 754 5 view .LVU351
ARM GAS  /tmp/ccb7W4Pk.s 			page 44


 1045 01f8 0020     		movs	r0, #0
 1046              	.LVL61:
 754:Drivers/STM32G4xx_HAL_Driver/Src/stm32g4xx_hal_rcc_ex.c ****     {
 1047              		.loc 1 754 5 view .LVU352
 1048 01fa 6AE7     		b	.L45
 1049              	.LVL62:
 1050              	.L138:
 763:Drivers/STM32G4xx_HAL_Driver/Src/stm32g4xx_hal_rcc_ex.c ****       }
 1051              		.loc 1 763 9 is_stmt 1 view .LVU353
 763:Drivers/STM32G4xx_HAL_Driver/Src/stm32g4xx_hal_rcc_ex.c ****       }
 1052              		.loc 1 763 21 is_stmt 0 view .LVU354
 1053 01fc FFF7FEFF 		bl	HAL_RCC_GetPCLK2Freq
 1054              	.LVL63:
 763:Drivers/STM32G4xx_HAL_Driver/Src/stm32g4xx_hal_rcc_ex.c ****       }
 1055              		.loc 1 763 21 view .LVU355
 1056 0200 67E7     		b	.L45
 1057              	.LVL64:
 1058              	.L139:
 767:Drivers/STM32G4xx_HAL_Driver/Src/stm32g4xx_hal_rcc_ex.c ****       }
 1059              		.loc 1 767 9 is_stmt 1 view .LVU356
 767:Drivers/STM32G4xx_HAL_Driver/Src/stm32g4xx_hal_rcc_ex.c ****       }
 1060              		.loc 1 767 21 is_stmt 0 view .LVU357
 1061 0202 FFF7FEFF 		bl	HAL_RCC_GetSysClockFreq
 1062              	.LVL65:
 767:Drivers/STM32G4xx_HAL_Driver/Src/stm32g4xx_hal_rcc_ex.c ****       }
 1063              		.loc 1 767 21 view .LVU358
 1064 0206 64E7     		b	.L45
 1065              	.LVL66:
 1066              	.L56:
 786:Drivers/STM32G4xx_HAL_Driver/Src/stm32g4xx_hal_rcc_ex.c **** 
 1067              		.loc 1 786 7 is_stmt 1 view .LVU359
 786:Drivers/STM32G4xx_HAL_Driver/Src/stm32g4xx_hal_rcc_ex.c **** 
 1068              		.loc 1 786 16 is_stmt 0 view .LVU360
 1069 0208 214B     		ldr	r3, .L168
 1070 020a D3F88830 		ldr	r3, [r3, #136]
 1071              	.LVL67:
 788:Drivers/STM32G4xx_HAL_Driver/Src/stm32g4xx_hal_rcc_ex.c ****       {
 1072              		.loc 1 788 7 is_stmt 1 view .LVU361
 788:Drivers/STM32G4xx_HAL_Driver/Src/stm32g4xx_hal_rcc_ex.c ****       {
 1073              		.loc 1 788 9 is_stmt 0 view .LVU362
 1074 020e 13F00C03 		ands	r3, r3, #12
 1075              	.LVL68:
 788:Drivers/STM32G4xx_HAL_Driver/Src/stm32g4xx_hal_rcc_ex.c ****       {
 1076              		.loc 1 788 9 view .LVU363
 1077 0212 15D0     		beq	.L147
 792:Drivers/STM32G4xx_HAL_Driver/Src/stm32g4xx_hal_rcc_ex.c ****       {
 1078              		.loc 1 792 12 is_stmt 1 view .LVU364
 792:Drivers/STM32G4xx_HAL_Driver/Src/stm32g4xx_hal_rcc_ex.c ****       {
 1079              		.loc 1 792 14 is_stmt 0 view .LVU365
 1080 0214 042B     		cmp	r3, #4
 1081 0216 16D0     		beq	.L148
 796:Drivers/STM32G4xx_HAL_Driver/Src/stm32g4xx_hal_rcc_ex.c ****       {
 1082              		.loc 1 796 12 is_stmt 1 view .LVU366
 796:Drivers/STM32G4xx_HAL_Driver/Src/stm32g4xx_hal_rcc_ex.c ****       {
 1083              		.loc 1 796 16 is_stmt 0 view .LVU367
 1084 0218 1D4A     		ldr	r2, .L168
 1085              	.LVL69:
ARM GAS  /tmp/ccb7W4Pk.s 			page 45


 796:Drivers/STM32G4xx_HAL_Driver/Src/stm32g4xx_hal_rcc_ex.c ****       {
 1086              		.loc 1 796 16 view .LVU368
 1087 021a 1268     		ldr	r2, [r2]
 796:Drivers/STM32G4xx_HAL_Driver/Src/stm32g4xx_hal_rcc_ex.c ****       {
 1088              		.loc 1 796 14 view .LVU369
 1089 021c 12F4806F 		tst	r2, #1024
 1090 0220 02D0     		beq	.L75
 796:Drivers/STM32G4xx_HAL_Driver/Src/stm32g4xx_hal_rcc_ex.c ****       {
 1091              		.loc 1 796 56 discriminator 1 view .LVU370
 1092 0222 082B     		cmp	r3, #8
 1093 0224 00F0B381 		beq	.L109
 1094              	.L75:
 800:Drivers/STM32G4xx_HAL_Driver/Src/stm32g4xx_hal_rcc_ex.c ****       {
 1095              		.loc 1 800 12 is_stmt 1 view .LVU371
 800:Drivers/STM32G4xx_HAL_Driver/Src/stm32g4xx_hal_rcc_ex.c ****       {
 1096              		.loc 1 800 16 is_stmt 0 view .LVU372
 1097 0228 194A     		ldr	r2, .L168
 1098 022a D2F89000 		ldr	r0, [r2, #144]
 1099              	.LVL70:
 800:Drivers/STM32G4xx_HAL_Driver/Src/stm32g4xx_hal_rcc_ex.c ****       {
 1100              		.loc 1 800 14 view .LVU373
 1101 022e 10F00200 		ands	r0, r0, #2
 1102 0232 3FF44EAF 		beq	.L45
 800:Drivers/STM32G4xx_HAL_Driver/Src/stm32g4xx_hal_rcc_ex.c ****       {
 1103              		.loc 1 800 61 discriminator 1 view .LVU374
 1104 0236 0C2B     		cmp	r3, #12
 1105 0238 00F0AB81 		beq	.L110
 686:Drivers/STM32G4xx_HAL_Driver/Src/stm32g4xx_hal_rcc_ex.c ****   uint32_t srcclk;
 1106              		.loc 1 686 12 view .LVU375
 1107 023c 0020     		movs	r0, #0
 1108 023e 48E7     		b	.L45
 1109              	.LVL71:
 1110              	.L147:
 790:Drivers/STM32G4xx_HAL_Driver/Src/stm32g4xx_hal_rcc_ex.c ****       }
 1111              		.loc 1 790 9 is_stmt 1 view .LVU376
 790:Drivers/STM32G4xx_HAL_Driver/Src/stm32g4xx_hal_rcc_ex.c ****       }
 1112              		.loc 1 790 21 is_stmt 0 view .LVU377
 1113 0240 FFF7FEFF 		bl	HAL_RCC_GetPCLK1Freq
 1114              	.LVL72:
 790:Drivers/STM32G4xx_HAL_Driver/Src/stm32g4xx_hal_rcc_ex.c ****       }
 1115              		.loc 1 790 21 view .LVU378
 1116 0244 45E7     		b	.L45
 1117              	.LVL73:
 1118              	.L148:
 794:Drivers/STM32G4xx_HAL_Driver/Src/stm32g4xx_hal_rcc_ex.c ****       }
 1119              		.loc 1 794 9 is_stmt 1 view .LVU379
 794:Drivers/STM32G4xx_HAL_Driver/Src/stm32g4xx_hal_rcc_ex.c ****       }
 1120              		.loc 1 794 21 is_stmt 0 view .LVU380
 1121 0246 FFF7FEFF 		bl	HAL_RCC_GetSysClockFreq
 1122              	.LVL74:
 794:Drivers/STM32G4xx_HAL_Driver/Src/stm32g4xx_hal_rcc_ex.c ****       }
 1123              		.loc 1 794 21 view .LVU381
 1124 024a 42E7     		b	.L45
 1125              	.LVL75:
 1126              	.L57:
 814:Drivers/STM32G4xx_HAL_Driver/Src/stm32g4xx_hal_rcc_ex.c **** 
 1127              		.loc 1 814 7 is_stmt 1 view .LVU382
ARM GAS  /tmp/ccb7W4Pk.s 			page 46


 814:Drivers/STM32G4xx_HAL_Driver/Src/stm32g4xx_hal_rcc_ex.c **** 
 1128              		.loc 1 814 16 is_stmt 0 view .LVU383
 1129 024c 104B     		ldr	r3, .L168
 1130 024e D3F88830 		ldr	r3, [r3, #136]
 1131              	.LVL76:
 816:Drivers/STM32G4xx_HAL_Driver/Src/stm32g4xx_hal_rcc_ex.c ****       {
 1132              		.loc 1 816 7 is_stmt 1 view .LVU384
 816:Drivers/STM32G4xx_HAL_Driver/Src/stm32g4xx_hal_rcc_ex.c ****       {
 1133              		.loc 1 816 9 is_stmt 0 view .LVU385
 1134 0252 13F03003 		ands	r3, r3, #48
 1135              	.LVL77:
 816:Drivers/STM32G4xx_HAL_Driver/Src/stm32g4xx_hal_rcc_ex.c ****       {
 1136              		.loc 1 816 9 view .LVU386
 1137 0256 15D0     		beq	.L149
 820:Drivers/STM32G4xx_HAL_Driver/Src/stm32g4xx_hal_rcc_ex.c ****       {
 1138              		.loc 1 820 12 is_stmt 1 view .LVU387
 820:Drivers/STM32G4xx_HAL_Driver/Src/stm32g4xx_hal_rcc_ex.c ****       {
 1139              		.loc 1 820 14 is_stmt 0 view .LVU388
 1140 0258 102B     		cmp	r3, #16
 1141 025a 16D0     		beq	.L150
 824:Drivers/STM32G4xx_HAL_Driver/Src/stm32g4xx_hal_rcc_ex.c ****       {
 1142              		.loc 1 824 12 is_stmt 1 view .LVU389
 824:Drivers/STM32G4xx_HAL_Driver/Src/stm32g4xx_hal_rcc_ex.c ****       {
 1143              		.loc 1 824 16 is_stmt 0 view .LVU390
 1144 025c 0C4A     		ldr	r2, .L168
 1145              	.LVL78:
 824:Drivers/STM32G4xx_HAL_Driver/Src/stm32g4xx_hal_rcc_ex.c ****       {
 1146              		.loc 1 824 16 view .LVU391
 1147 025e 1268     		ldr	r2, [r2]
 824:Drivers/STM32G4xx_HAL_Driver/Src/stm32g4xx_hal_rcc_ex.c ****       {
 1148              		.loc 1 824 14 view .LVU392
 1149 0260 12F4806F 		tst	r2, #1024
 1150 0264 02D0     		beq	.L78
 824:Drivers/STM32G4xx_HAL_Driver/Src/stm32g4xx_hal_rcc_ex.c ****       {
 1151              		.loc 1 824 56 discriminator 1 view .LVU393
 1152 0266 202B     		cmp	r3, #32
 1153 0268 00F09681 		beq	.L111
 1154              	.L78:
 828:Drivers/STM32G4xx_HAL_Driver/Src/stm32g4xx_hal_rcc_ex.c ****       {
 1155              		.loc 1 828 12 is_stmt 1 view .LVU394
 828:Drivers/STM32G4xx_HAL_Driver/Src/stm32g4xx_hal_rcc_ex.c ****       {
 1156              		.loc 1 828 16 is_stmt 0 view .LVU395
 1157 026c 084A     		ldr	r2, .L168
 1158 026e D2F89000 		ldr	r0, [r2, #144]
 1159              	.LVL79:
 828:Drivers/STM32G4xx_HAL_Driver/Src/stm32g4xx_hal_rcc_ex.c ****       {
 1160              		.loc 1 828 14 view .LVU396
 1161 0272 10F00200 		ands	r0, r0, #2
 1162 0276 3FF42CAF 		beq	.L45
 828:Drivers/STM32G4xx_HAL_Driver/Src/stm32g4xx_hal_rcc_ex.c ****       {
 1163              		.loc 1 828 60 discriminator 1 view .LVU397
 1164 027a 302B     		cmp	r3, #48
 1165 027c 00F08E81 		beq	.L112
 686:Drivers/STM32G4xx_HAL_Driver/Src/stm32g4xx_hal_rcc_ex.c ****   uint32_t srcclk;
 1166              		.loc 1 686 12 view .LVU398
 1167 0280 0020     		movs	r0, #0
 1168 0282 26E7     		b	.L45
ARM GAS  /tmp/ccb7W4Pk.s 			page 47


 1169              	.LVL80:
 1170              	.L149:
 818:Drivers/STM32G4xx_HAL_Driver/Src/stm32g4xx_hal_rcc_ex.c ****       }
 1171              		.loc 1 818 9 is_stmt 1 view .LVU399
 818:Drivers/STM32G4xx_HAL_Driver/Src/stm32g4xx_hal_rcc_ex.c ****       }
 1172              		.loc 1 818 21 is_stmt 0 view .LVU400
 1173 0284 FFF7FEFF 		bl	HAL_RCC_GetPCLK1Freq
 1174              	.LVL81:
 818:Drivers/STM32G4xx_HAL_Driver/Src/stm32g4xx_hal_rcc_ex.c ****       }
 1175              		.loc 1 818 21 view .LVU401
 1176 0288 23E7     		b	.L45
 1177              	.LVL82:
 1178              	.L150:
 822:Drivers/STM32G4xx_HAL_Driver/Src/stm32g4xx_hal_rcc_ex.c ****       }
 1179              		.loc 1 822 9 is_stmt 1 view .LVU402
 822:Drivers/STM32G4xx_HAL_Driver/Src/stm32g4xx_hal_rcc_ex.c ****       }
 1180              		.loc 1 822 21 is_stmt 0 view .LVU403
 1181 028a FFF7FEFF 		bl	HAL_RCC_GetSysClockFreq
 1182              	.LVL83:
 822:Drivers/STM32G4xx_HAL_Driver/Src/stm32g4xx_hal_rcc_ex.c ****       }
 1183              		.loc 1 822 21 view .LVU404
 1184 028e 20E7     		b	.L45
 1185              	.L169:
 1186              		.align	2
 1187              	.L168:
 1188 0290 00100240 		.word	1073876992
 1189 0294 0024F400 		.word	16000000
 1190 0298 00127A00 		.word	8000000
 1191              	.LVL84:
 1192              	.L54:
 843:Drivers/STM32G4xx_HAL_Driver/Src/stm32g4xx_hal_rcc_ex.c **** 
 1193              		.loc 1 843 7 is_stmt 1 view .LVU405
 843:Drivers/STM32G4xx_HAL_Driver/Src/stm32g4xx_hal_rcc_ex.c **** 
 1194              		.loc 1 843 16 is_stmt 0 view .LVU406
 1195 029c B74B     		ldr	r3, .L170
 1196 029e D3F88830 		ldr	r3, [r3, #136]
 1197              	.LVL85:
 845:Drivers/STM32G4xx_HAL_Driver/Src/stm32g4xx_hal_rcc_ex.c ****       {
 1198              		.loc 1 845 7 is_stmt 1 view .LVU407
 845:Drivers/STM32G4xx_HAL_Driver/Src/stm32g4xx_hal_rcc_ex.c ****       {
 1199              		.loc 1 845 9 is_stmt 0 view .LVU408
 1200 02a2 13F0C003 		ands	r3, r3, #192
 1201              	.LVL86:
 845:Drivers/STM32G4xx_HAL_Driver/Src/stm32g4xx_hal_rcc_ex.c ****       {
 1202              		.loc 1 845 9 view .LVU409
 1203 02a6 15D0     		beq	.L151
 849:Drivers/STM32G4xx_HAL_Driver/Src/stm32g4xx_hal_rcc_ex.c ****       {
 1204              		.loc 1 849 12 is_stmt 1 view .LVU410
 849:Drivers/STM32G4xx_HAL_Driver/Src/stm32g4xx_hal_rcc_ex.c ****       {
 1205              		.loc 1 849 14 is_stmt 0 view .LVU411
 1206 02a8 402B     		cmp	r3, #64
 1207 02aa 16D0     		beq	.L152
 853:Drivers/STM32G4xx_HAL_Driver/Src/stm32g4xx_hal_rcc_ex.c ****       {
 1208              		.loc 1 853 12 is_stmt 1 view .LVU412
 853:Drivers/STM32G4xx_HAL_Driver/Src/stm32g4xx_hal_rcc_ex.c ****       {
 1209              		.loc 1 853 16 is_stmt 0 view .LVU413
 1210 02ac B34A     		ldr	r2, .L170
ARM GAS  /tmp/ccb7W4Pk.s 			page 48


 1211              	.LVL87:
 853:Drivers/STM32G4xx_HAL_Driver/Src/stm32g4xx_hal_rcc_ex.c ****       {
 1212              		.loc 1 853 16 view .LVU414
 1213 02ae 1268     		ldr	r2, [r2]
 853:Drivers/STM32G4xx_HAL_Driver/Src/stm32g4xx_hal_rcc_ex.c ****       {
 1214              		.loc 1 853 14 view .LVU415
 1215 02b0 12F4806F 		tst	r2, #1024
 1216 02b4 02D0     		beq	.L81
 853:Drivers/STM32G4xx_HAL_Driver/Src/stm32g4xx_hal_rcc_ex.c ****       {
 1217              		.loc 1 853 56 discriminator 1 view .LVU416
 1218 02b6 802B     		cmp	r3, #128
 1219 02b8 00F07381 		beq	.L113
 1220              	.L81:
 857:Drivers/STM32G4xx_HAL_Driver/Src/stm32g4xx_hal_rcc_ex.c ****       {
 1221              		.loc 1 857 12 is_stmt 1 view .LVU417
 857:Drivers/STM32G4xx_HAL_Driver/Src/stm32g4xx_hal_rcc_ex.c ****       {
 1222              		.loc 1 857 16 is_stmt 0 view .LVU418
 1223 02bc AF4A     		ldr	r2, .L170
 1224 02be D2F89000 		ldr	r0, [r2, #144]
 1225              	.LVL88:
 857:Drivers/STM32G4xx_HAL_Driver/Src/stm32g4xx_hal_rcc_ex.c ****       {
 1226              		.loc 1 857 14 view .LVU419
 1227 02c2 10F00200 		ands	r0, r0, #2
 1228 02c6 3FF404AF 		beq	.L45
 857:Drivers/STM32G4xx_HAL_Driver/Src/stm32g4xx_hal_rcc_ex.c ****       {
 1229              		.loc 1 857 60 discriminator 1 view .LVU420
 1230 02ca C02B     		cmp	r3, #192
 1231 02cc 00F06B81 		beq	.L114
 686:Drivers/STM32G4xx_HAL_Driver/Src/stm32g4xx_hal_rcc_ex.c ****   uint32_t srcclk;
 1232              		.loc 1 686 12 view .LVU421
 1233 02d0 0020     		movs	r0, #0
 1234 02d2 FEE6     		b	.L45
 1235              	.LVL89:
 1236              	.L151:
 847:Drivers/STM32G4xx_HAL_Driver/Src/stm32g4xx_hal_rcc_ex.c ****       }
 1237              		.loc 1 847 9 is_stmt 1 view .LVU422
 847:Drivers/STM32G4xx_HAL_Driver/Src/stm32g4xx_hal_rcc_ex.c ****       }
 1238              		.loc 1 847 21 is_stmt 0 view .LVU423
 1239 02d4 FFF7FEFF 		bl	HAL_RCC_GetPCLK1Freq
 1240              	.LVL90:
 847:Drivers/STM32G4xx_HAL_Driver/Src/stm32g4xx_hal_rcc_ex.c ****       }
 1241              		.loc 1 847 21 view .LVU424
 1242 02d8 FBE6     		b	.L45
 1243              	.LVL91:
 1244              	.L152:
 851:Drivers/STM32G4xx_HAL_Driver/Src/stm32g4xx_hal_rcc_ex.c ****       }
 1245              		.loc 1 851 9 is_stmt 1 view .LVU425
 851:Drivers/STM32G4xx_HAL_Driver/Src/stm32g4xx_hal_rcc_ex.c ****       }
 1246              		.loc 1 851 21 is_stmt 0 view .LVU426
 1247 02da FFF7FEFF 		bl	HAL_RCC_GetSysClockFreq
 1248              	.LVL92:
 851:Drivers/STM32G4xx_HAL_Driver/Src/stm32g4xx_hal_rcc_ex.c ****       }
 1249              		.loc 1 851 21 view .LVU427
 1250 02de F8E6     		b	.L45
 1251              	.LVL93:
 1252              	.L141:
 904:Drivers/STM32G4xx_HAL_Driver/Src/stm32g4xx_hal_rcc_ex.c ****       }
ARM GAS  /tmp/ccb7W4Pk.s 			page 49


 1253              		.loc 1 904 9 is_stmt 1 view .LVU428
 904:Drivers/STM32G4xx_HAL_Driver/Src/stm32g4xx_hal_rcc_ex.c ****       }
 1254              		.loc 1 904 21 is_stmt 0 view .LVU429
 1255 02e0 FFF7FEFF 		bl	HAL_RCC_GetPCLK1Freq
 1256              	.LVL94:
 904:Drivers/STM32G4xx_HAL_Driver/Src/stm32g4xx_hal_rcc_ex.c ****       }
 1257              		.loc 1 904 21 view .LVU430
 1258 02e4 F5E6     		b	.L45
 1259              	.LVL95:
 1260              	.L142:
 908:Drivers/STM32G4xx_HAL_Driver/Src/stm32g4xx_hal_rcc_ex.c ****       }
 1261              		.loc 1 908 9 is_stmt 1 view .LVU431
 908:Drivers/STM32G4xx_HAL_Driver/Src/stm32g4xx_hal_rcc_ex.c ****       }
 1262              		.loc 1 908 21 is_stmt 0 view .LVU432
 1263 02e6 FFF7FEFF 		bl	HAL_RCC_GetSysClockFreq
 1264              	.LVL96:
 908:Drivers/STM32G4xx_HAL_Driver/Src/stm32g4xx_hal_rcc_ex.c ****       }
 1265              		.loc 1 908 21 view .LVU433
 1266 02ea F2E6     		b	.L45
 1267              	.LVL97:
 1268              	.L59:
 927:Drivers/STM32G4xx_HAL_Driver/Src/stm32g4xx_hal_rcc_ex.c **** 
 1269              		.loc 1 927 7 is_stmt 1 view .LVU434
 927:Drivers/STM32G4xx_HAL_Driver/Src/stm32g4xx_hal_rcc_ex.c **** 
 1270              		.loc 1 927 16 is_stmt 0 view .LVU435
 1271 02ec A34B     		ldr	r3, .L170
 1272 02ee D3F88830 		ldr	r3, [r3, #136]
 1273              	.LVL98:
 929:Drivers/STM32G4xx_HAL_Driver/Src/stm32g4xx_hal_rcc_ex.c ****       {
 1274              		.loc 1 929 7 is_stmt 1 view .LVU436
 929:Drivers/STM32G4xx_HAL_Driver/Src/stm32g4xx_hal_rcc_ex.c ****       {
 1275              		.loc 1 929 9 is_stmt 0 view .LVU437
 1276 02f2 13F44053 		ands	r3, r3, #12288
 1277              	.LVL99:
 929:Drivers/STM32G4xx_HAL_Driver/Src/stm32g4xx_hal_rcc_ex.c ****       {
 1278              		.loc 1 929 9 view .LVU438
 1279 02f6 0ED0     		beq	.L153
 933:Drivers/STM32G4xx_HAL_Driver/Src/stm32g4xx_hal_rcc_ex.c ****       {
 1280              		.loc 1 933 12 is_stmt 1 view .LVU439
 933:Drivers/STM32G4xx_HAL_Driver/Src/stm32g4xx_hal_rcc_ex.c ****       {
 1281              		.loc 1 933 14 is_stmt 0 view .LVU440
 1282 02f8 B3F5805F 		cmp	r3, #4096
 1283 02fc 0ED0     		beq	.L154
 937:Drivers/STM32G4xx_HAL_Driver/Src/stm32g4xx_hal_rcc_ex.c ****       {
 1284              		.loc 1 937 12 is_stmt 1 view .LVU441
 937:Drivers/STM32G4xx_HAL_Driver/Src/stm32g4xx_hal_rcc_ex.c ****       {
 1285              		.loc 1 937 16 is_stmt 0 view .LVU442
 1286 02fe 9F4A     		ldr	r2, .L170
 1287              	.LVL100:
 937:Drivers/STM32G4xx_HAL_Driver/Src/stm32g4xx_hal_rcc_ex.c ****       {
 1288              		.loc 1 937 16 view .LVU443
 1289 0300 1068     		ldr	r0, [r2]
 1290              	.LVL101:
 937:Drivers/STM32G4xx_HAL_Driver/Src/stm32g4xx_hal_rcc_ex.c ****       {
 1291              		.loc 1 937 14 view .LVU444
 1292 0302 10F48060 		ands	r0, r0, #1024
 1293 0306 3FF4E4AE 		beq	.L45
ARM GAS  /tmp/ccb7W4Pk.s 			page 50


 937:Drivers/STM32G4xx_HAL_Driver/Src/stm32g4xx_hal_rcc_ex.c ****       {
 1294              		.loc 1 937 56 discriminator 1 view .LVU445
 1295 030a B3F5005F 		cmp	r3, #8192
 1296 030e 00F05281 		beq	.L117
 686:Drivers/STM32G4xx_HAL_Driver/Src/stm32g4xx_hal_rcc_ex.c ****   uint32_t srcclk;
 1297              		.loc 1 686 12 view .LVU446
 1298 0312 0020     		movs	r0, #0
 1299 0314 DDE6     		b	.L45
 1300              	.LVL102:
 1301              	.L153:
 931:Drivers/STM32G4xx_HAL_Driver/Src/stm32g4xx_hal_rcc_ex.c ****       }
 1302              		.loc 1 931 9 is_stmt 1 view .LVU447
 931:Drivers/STM32G4xx_HAL_Driver/Src/stm32g4xx_hal_rcc_ex.c ****       }
 1303              		.loc 1 931 21 is_stmt 0 view .LVU448
 1304 0316 FFF7FEFF 		bl	HAL_RCC_GetPCLK1Freq
 1305              	.LVL103:
 931:Drivers/STM32G4xx_HAL_Driver/Src/stm32g4xx_hal_rcc_ex.c ****       }
 1306              		.loc 1 931 21 view .LVU449
 1307 031a DAE6     		b	.L45
 1308              	.LVL104:
 1309              	.L154:
 935:Drivers/STM32G4xx_HAL_Driver/Src/stm32g4xx_hal_rcc_ex.c ****       }
 1310              		.loc 1 935 9 is_stmt 1 view .LVU450
 935:Drivers/STM32G4xx_HAL_Driver/Src/stm32g4xx_hal_rcc_ex.c ****       }
 1311              		.loc 1 935 21 is_stmt 0 view .LVU451
 1312 031c FFF7FEFF 		bl	HAL_RCC_GetSysClockFreq
 1313              	.LVL105:
 935:Drivers/STM32G4xx_HAL_Driver/Src/stm32g4xx_hal_rcc_ex.c ****       }
 1314              		.loc 1 935 21 view .LVU452
 1315 0320 D7E6     		b	.L45
 1316              	.LVL106:
 1317              	.L60:
 950:Drivers/STM32G4xx_HAL_Driver/Src/stm32g4xx_hal_rcc_ex.c **** 
 1318              		.loc 1 950 7 is_stmt 1 view .LVU453
 950:Drivers/STM32G4xx_HAL_Driver/Src/stm32g4xx_hal_rcc_ex.c **** 
 1319              		.loc 1 950 16 is_stmt 0 view .LVU454
 1320 0322 964B     		ldr	r3, .L170
 1321 0324 D3F88830 		ldr	r3, [r3, #136]
 1322              	.LVL107:
 952:Drivers/STM32G4xx_HAL_Driver/Src/stm32g4xx_hal_rcc_ex.c ****       {
 1323              		.loc 1 952 7 is_stmt 1 view .LVU455
 952:Drivers/STM32G4xx_HAL_Driver/Src/stm32g4xx_hal_rcc_ex.c ****       {
 1324              		.loc 1 952 9 is_stmt 0 view .LVU456
 1325 0328 13F44043 		ands	r3, r3, #49152
 1326              	.LVL108:
 952:Drivers/STM32G4xx_HAL_Driver/Src/stm32g4xx_hal_rcc_ex.c ****       {
 1327              		.loc 1 952 9 view .LVU457
 1328 032c 0ED0     		beq	.L155
 956:Drivers/STM32G4xx_HAL_Driver/Src/stm32g4xx_hal_rcc_ex.c ****       {
 1329              		.loc 1 956 12 is_stmt 1 view .LVU458
 956:Drivers/STM32G4xx_HAL_Driver/Src/stm32g4xx_hal_rcc_ex.c ****       {
 1330              		.loc 1 956 14 is_stmt 0 view .LVU459
 1331 032e B3F5804F 		cmp	r3, #16384
 1332 0332 0ED0     		beq	.L156
 960:Drivers/STM32G4xx_HAL_Driver/Src/stm32g4xx_hal_rcc_ex.c ****       {
 1333              		.loc 1 960 12 is_stmt 1 view .LVU460
 960:Drivers/STM32G4xx_HAL_Driver/Src/stm32g4xx_hal_rcc_ex.c ****       {
ARM GAS  /tmp/ccb7W4Pk.s 			page 51


 1334              		.loc 1 960 16 is_stmt 0 view .LVU461
 1335 0334 914A     		ldr	r2, .L170
 1336              	.LVL109:
 960:Drivers/STM32G4xx_HAL_Driver/Src/stm32g4xx_hal_rcc_ex.c ****       {
 1337              		.loc 1 960 16 view .LVU462
 1338 0336 1068     		ldr	r0, [r2]
 1339              	.LVL110:
 960:Drivers/STM32G4xx_HAL_Driver/Src/stm32g4xx_hal_rcc_ex.c ****       {
 1340              		.loc 1 960 14 view .LVU463
 1341 0338 10F48060 		ands	r0, r0, #1024
 1342 033c 3FF4C9AE 		beq	.L45
 960:Drivers/STM32G4xx_HAL_Driver/Src/stm32g4xx_hal_rcc_ex.c ****       {
 1343              		.loc 1 960 56 discriminator 1 view .LVU464
 1344 0340 B3F5004F 		cmp	r3, #32768
 1345 0344 00F03981 		beq	.L118
 686:Drivers/STM32G4xx_HAL_Driver/Src/stm32g4xx_hal_rcc_ex.c ****   uint32_t srcclk;
 1346              		.loc 1 686 12 view .LVU465
 1347 0348 0020     		movs	r0, #0
 1348 034a C2E6     		b	.L45
 1349              	.LVL111:
 1350              	.L155:
 954:Drivers/STM32G4xx_HAL_Driver/Src/stm32g4xx_hal_rcc_ex.c ****       }
 1351              		.loc 1 954 9 is_stmt 1 view .LVU466
 954:Drivers/STM32G4xx_HAL_Driver/Src/stm32g4xx_hal_rcc_ex.c ****       }
 1352              		.loc 1 954 21 is_stmt 0 view .LVU467
 1353 034c FFF7FEFF 		bl	HAL_RCC_GetPCLK1Freq
 1354              	.LVL112:
 954:Drivers/STM32G4xx_HAL_Driver/Src/stm32g4xx_hal_rcc_ex.c ****       }
 1355              		.loc 1 954 21 view .LVU468
 1356 0350 BFE6     		b	.L45
 1357              	.LVL113:
 1358              	.L156:
 958:Drivers/STM32G4xx_HAL_Driver/Src/stm32g4xx_hal_rcc_ex.c ****       }
 1359              		.loc 1 958 9 is_stmt 1 view .LVU469
 958:Drivers/STM32G4xx_HAL_Driver/Src/stm32g4xx_hal_rcc_ex.c ****       }
 1360              		.loc 1 958 21 is_stmt 0 view .LVU470
 1361 0352 FFF7FEFF 		bl	HAL_RCC_GetSysClockFreq
 1362              	.LVL114:
 958:Drivers/STM32G4xx_HAL_Driver/Src/stm32g4xx_hal_rcc_ex.c ****       }
 1363              		.loc 1 958 21 view .LVU471
 1364 0356 BCE6     		b	.L45
 1365              	.LVL115:
 1366              	.L52:
 975:Drivers/STM32G4xx_HAL_Driver/Src/stm32g4xx_hal_rcc_ex.c **** 
 1367              		.loc 1 975 7 is_stmt 1 view .LVU472
 975:Drivers/STM32G4xx_HAL_Driver/Src/stm32g4xx_hal_rcc_ex.c **** 
 1368              		.loc 1 975 16 is_stmt 0 view .LVU473
 1369 0358 884B     		ldr	r3, .L170
 1370 035a D3F88830 		ldr	r3, [r3, #136]
 1371              	.LVL116:
 977:Drivers/STM32G4xx_HAL_Driver/Src/stm32g4xx_hal_rcc_ex.c ****       {
 1372              		.loc 1 977 7 is_stmt 1 view .LVU474
 977:Drivers/STM32G4xx_HAL_Driver/Src/stm32g4xx_hal_rcc_ex.c ****       {
 1373              		.loc 1 977 9 is_stmt 0 view .LVU475
 1374 035e 13F44033 		ands	r3, r3, #196608
 1375              	.LVL117:
 977:Drivers/STM32G4xx_HAL_Driver/Src/stm32g4xx_hal_rcc_ex.c ****       {
ARM GAS  /tmp/ccb7W4Pk.s 			page 52


 1376              		.loc 1 977 9 view .LVU476
 1377 0362 0ED0     		beq	.L157
 981:Drivers/STM32G4xx_HAL_Driver/Src/stm32g4xx_hal_rcc_ex.c ****       {
 1378              		.loc 1 981 12 is_stmt 1 view .LVU477
 981:Drivers/STM32G4xx_HAL_Driver/Src/stm32g4xx_hal_rcc_ex.c ****       {
 1379              		.loc 1 981 14 is_stmt 0 view .LVU478
 1380 0364 B3F5803F 		cmp	r3, #65536
 1381 0368 0ED0     		beq	.L158
 985:Drivers/STM32G4xx_HAL_Driver/Src/stm32g4xx_hal_rcc_ex.c ****       {
 1382              		.loc 1 985 12 is_stmt 1 view .LVU479
 985:Drivers/STM32G4xx_HAL_Driver/Src/stm32g4xx_hal_rcc_ex.c ****       {
 1383              		.loc 1 985 16 is_stmt 0 view .LVU480
 1384 036a 844A     		ldr	r2, .L170
 1385              	.LVL118:
 985:Drivers/STM32G4xx_HAL_Driver/Src/stm32g4xx_hal_rcc_ex.c ****       {
 1386              		.loc 1 985 16 view .LVU481
 1387 036c 1068     		ldr	r0, [r2]
 1388              	.LVL119:
 985:Drivers/STM32G4xx_HAL_Driver/Src/stm32g4xx_hal_rcc_ex.c ****       {
 1389              		.loc 1 985 14 view .LVU482
 1390 036e 10F48060 		ands	r0, r0, #1024
 1391 0372 3FF4AEAE 		beq	.L45
 985:Drivers/STM32G4xx_HAL_Driver/Src/stm32g4xx_hal_rcc_ex.c ****       {
 1392              		.loc 1 985 56 discriminator 1 view .LVU483
 1393 0376 B3F5003F 		cmp	r3, #131072
 1394 037a 00F02081 		beq	.L119
 686:Drivers/STM32G4xx_HAL_Driver/Src/stm32g4xx_hal_rcc_ex.c ****   uint32_t srcclk;
 1395              		.loc 1 686 12 view .LVU484
 1396 037e 0020     		movs	r0, #0
 1397 0380 A7E6     		b	.L45
 1398              	.LVL120:
 1399              	.L157:
 979:Drivers/STM32G4xx_HAL_Driver/Src/stm32g4xx_hal_rcc_ex.c ****       }
 1400              		.loc 1 979 9 is_stmt 1 view .LVU485
 979:Drivers/STM32G4xx_HAL_Driver/Src/stm32g4xx_hal_rcc_ex.c ****       }
 1401              		.loc 1 979 21 is_stmt 0 view .LVU486
 1402 0382 FFF7FEFF 		bl	HAL_RCC_GetPCLK1Freq
 1403              	.LVL121:
 979:Drivers/STM32G4xx_HAL_Driver/Src/stm32g4xx_hal_rcc_ex.c ****       }
 1404              		.loc 1 979 21 view .LVU487
 1405 0386 A4E6     		b	.L45
 1406              	.LVL122:
 1407              	.L158:
 983:Drivers/STM32G4xx_HAL_Driver/Src/stm32g4xx_hal_rcc_ex.c ****       }
 1408              		.loc 1 983 9 is_stmt 1 view .LVU488
 983:Drivers/STM32G4xx_HAL_Driver/Src/stm32g4xx_hal_rcc_ex.c ****       }
 1409              		.loc 1 983 21 is_stmt 0 view .LVU489
 1410 0388 FFF7FEFF 		bl	HAL_RCC_GetSysClockFreq
 1411              	.LVL123:
 983:Drivers/STM32G4xx_HAL_Driver/Src/stm32g4xx_hal_rcc_ex.c ****       }
 1412              		.loc 1 983 21 view .LVU490
 1413 038c A1E6     		b	.L45
 1414              	.LVL124:
 1415              	.L144:
1031:Drivers/STM32G4xx_HAL_Driver/Src/stm32g4xx_hal_rcc_ex.c ****       }
 1416              		.loc 1 1031 9 is_stmt 1 view .LVU491
1031:Drivers/STM32G4xx_HAL_Driver/Src/stm32g4xx_hal_rcc_ex.c ****       }
ARM GAS  /tmp/ccb7W4Pk.s 			page 53


 1417              		.loc 1 1031 21 is_stmt 0 view .LVU492
 1418 038e FFF7FEFF 		bl	HAL_RCC_GetPCLK1Freq
 1419              	.LVL125:
1031:Drivers/STM32G4xx_HAL_Driver/Src/stm32g4xx_hal_rcc_ex.c ****       }
 1420              		.loc 1 1031 21 view .LVU493
 1421 0392 9EE6     		b	.L45
 1422              	.LVL126:
 1423              	.L64:
1056:Drivers/STM32G4xx_HAL_Driver/Src/stm32g4xx_hal_rcc_ex.c **** 
 1424              		.loc 1 1056 7 is_stmt 1 view .LVU494
1056:Drivers/STM32G4xx_HAL_Driver/Src/stm32g4xx_hal_rcc_ex.c **** 
 1425              		.loc 1 1056 16 is_stmt 0 view .LVU495
 1426 0394 794B     		ldr	r3, .L170
 1427 0396 D3F88830 		ldr	r3, [r3, #136]
 1428              	.LVL127:
1058:Drivers/STM32G4xx_HAL_Driver/Src/stm32g4xx_hal_rcc_ex.c ****       {
 1429              		.loc 1 1058 7 is_stmt 1 view .LVU496
1058:Drivers/STM32G4xx_HAL_Driver/Src/stm32g4xx_hal_rcc_ex.c ****       {
 1430              		.loc 1 1058 9 is_stmt 0 view .LVU497
 1431 039a 13F44013 		ands	r3, r3, #3145728
 1432              	.LVL128:
1058:Drivers/STM32G4xx_HAL_Driver/Src/stm32g4xx_hal_rcc_ex.c ****       {
 1433              		.loc 1 1058 9 view .LVU498
 1434 039e 12D0     		beq	.L159
1062:Drivers/STM32G4xx_HAL_Driver/Src/stm32g4xx_hal_rcc_ex.c ****       {
 1435              		.loc 1 1062 12 is_stmt 1 view .LVU499
1062:Drivers/STM32G4xx_HAL_Driver/Src/stm32g4xx_hal_rcc_ex.c ****       {
 1436              		.loc 1 1062 14 is_stmt 0 view .LVU500
 1437 03a0 B3F5801F 		cmp	r3, #1048576
 1438 03a4 12D0     		beq	.L160
1071:Drivers/STM32G4xx_HAL_Driver/Src/stm32g4xx_hal_rcc_ex.c ****       {
 1439              		.loc 1 1071 12 is_stmt 1 view .LVU501
1071:Drivers/STM32G4xx_HAL_Driver/Src/stm32g4xx_hal_rcc_ex.c ****       {
 1440              		.loc 1 1071 14 is_stmt 0 view .LVU502
 1441 03a6 B3F5001F 		cmp	r3, #2097152
 1442 03aa 00F01281 		beq	.L123
1076:Drivers/STM32G4xx_HAL_Driver/Src/stm32g4xx_hal_rcc_ex.c ****       {
 1443              		.loc 1 1076 12 is_stmt 1 view .LVU503
1076:Drivers/STM32G4xx_HAL_Driver/Src/stm32g4xx_hal_rcc_ex.c ****       {
 1444              		.loc 1 1076 16 is_stmt 0 view .LVU504
 1445 03ae 734A     		ldr	r2, .L170
 1446              	.LVL129:
1076:Drivers/STM32G4xx_HAL_Driver/Src/stm32g4xx_hal_rcc_ex.c ****       {
 1447              		.loc 1 1076 16 view .LVU505
 1448 03b0 1068     		ldr	r0, [r2]
 1449              	.LVL130:
1076:Drivers/STM32G4xx_HAL_Driver/Src/stm32g4xx_hal_rcc_ex.c ****       {
 1450              		.loc 1 1076 14 view .LVU506
 1451 03b2 10F48060 		ands	r0, r0, #1024
 1452 03b6 3FF48CAE 		beq	.L45
1076:Drivers/STM32G4xx_HAL_Driver/Src/stm32g4xx_hal_rcc_ex.c ****       {
 1453              		.loc 1 1076 56 discriminator 1 view .LVU507
 1454 03ba B3F5401F 		cmp	r3, #3145728
 1455 03be 00F00A81 		beq	.L124
 686:Drivers/STM32G4xx_HAL_Driver/Src/stm32g4xx_hal_rcc_ex.c ****   uint32_t srcclk;
 1456              		.loc 1 686 12 view .LVU508
 1457 03c2 0020     		movs	r0, #0
ARM GAS  /tmp/ccb7W4Pk.s 			page 54


 1458 03c4 85E6     		b	.L45
 1459              	.LVL131:
 1460              	.L159:
1060:Drivers/STM32G4xx_HAL_Driver/Src/stm32g4xx_hal_rcc_ex.c ****       }
 1461              		.loc 1 1060 9 is_stmt 1 view .LVU509
1060:Drivers/STM32G4xx_HAL_Driver/Src/stm32g4xx_hal_rcc_ex.c ****       }
 1462              		.loc 1 1060 21 is_stmt 0 view .LVU510
 1463 03c6 FFF7FEFF 		bl	HAL_RCC_GetSysClockFreq
 1464              	.LVL132:
1060:Drivers/STM32G4xx_HAL_Driver/Src/stm32g4xx_hal_rcc_ex.c ****       }
 1465              		.loc 1 1060 21 view .LVU511
 1466 03ca 82E6     		b	.L45
 1467              	.LVL133:
 1468              	.L160:
1064:Drivers/STM32G4xx_HAL_Driver/Src/stm32g4xx_hal_rcc_ex.c ****         {
 1469              		.loc 1 1064 9 is_stmt 1 view .LVU512
1064:Drivers/STM32G4xx_HAL_Driver/Src/stm32g4xx_hal_rcc_ex.c ****         {
 1470              		.loc 1 1064 12 is_stmt 0 view .LVU513
 1471 03cc 03F18043 		add	r3, r3, #1073741824
 1472              	.LVL134:
1064:Drivers/STM32G4xx_HAL_Driver/Src/stm32g4xx_hal_rcc_ex.c ****         {
 1473              		.loc 1 1064 12 view .LVU514
 1474 03d0 A3F55F23 		sub	r3, r3, #913408
 1475              	.LVL135:
1064:Drivers/STM32G4xx_HAL_Driver/Src/stm32g4xx_hal_rcc_ex.c ****         {
 1476              		.loc 1 1064 12 view .LVU515
 1477 03d4 D868     		ldr	r0, [r3, #12]
 1478              	.LVL136:
1064:Drivers/STM32G4xx_HAL_Driver/Src/stm32g4xx_hal_rcc_ex.c ****         {
 1479              		.loc 1 1064 11 view .LVU516
 1480 03d6 10F48010 		ands	r0, r0, #1048576
 1481 03da 3FF47AAE 		beq	.L45
1067:Drivers/STM32G4xx_HAL_Driver/Src/stm32g4xx_hal_rcc_ex.c ****           frequency = (pllvco * plln) / (((READ_BIT(RCC->PLLCFGR, RCC_PLLCFGR_PLLQ) >> RCC_PLLCFGR_
 1482              		.loc 1 1067 11 is_stmt 1 view .LVU517
1067:Drivers/STM32G4xx_HAL_Driver/Src/stm32g4xx_hal_rcc_ex.c ****           frequency = (pllvco * plln) / (((READ_BIT(RCC->PLLCFGR, RCC_PLLCFGR_PLLQ) >> RCC_PLLCFGR_
 1483              		.loc 1 1067 18 is_stmt 0 view .LVU518
 1484 03de D868     		ldr	r0, [r3, #12]
1067:Drivers/STM32G4xx_HAL_Driver/Src/stm32g4xx_hal_rcc_ex.c ****           frequency = (pllvco * plln) / (((READ_BIT(RCC->PLLCFGR, RCC_PLLCFGR_PLLQ) >> RCC_PLLCFGR_
 1485              		.loc 1 1067 16 view .LVU519
 1486 03e0 C0F30620 		ubfx	r0, r0, #8, #7
 1487              	.LVL137:
1068:Drivers/STM32G4xx_HAL_Driver/Src/stm32g4xx_hal_rcc_ex.c ****         }
 1488              		.loc 1 1068 11 is_stmt 1 view .LVU520
1068:Drivers/STM32G4xx_HAL_Driver/Src/stm32g4xx_hal_rcc_ex.c ****         }
 1489              		.loc 1 1068 31 is_stmt 0 view .LVU521
 1490 03e4 02FB00F0 		mul	r0, r2, r0
 1491              	.LVL138:
1068:Drivers/STM32G4xx_HAL_Driver/Src/stm32g4xx_hal_rcc_ex.c ****         }
 1492              		.loc 1 1068 44 view .LVU522
 1493 03e8 DB68     		ldr	r3, [r3, #12]
 1494              	.LVL139:
1068:Drivers/STM32G4xx_HAL_Driver/Src/stm32g4xx_hal_rcc_ex.c ****         }
 1495              		.loc 1 1068 85 view .LVU523
 1496 03ea C3F34153 		ubfx	r3, r3, #21, #2
1068:Drivers/STM32G4xx_HAL_Driver/Src/stm32g4xx_hal_rcc_ex.c ****         }
 1497              		.loc 1 1068 110 view .LVU524
 1498 03ee 0133     		adds	r3, r3, #1
ARM GAS  /tmp/ccb7W4Pk.s 			page 55


1068:Drivers/STM32G4xx_HAL_Driver/Src/stm32g4xx_hal_rcc_ex.c ****         }
 1499              		.loc 1 1068 116 view .LVU525
 1500 03f0 5B00     		lsls	r3, r3, #1
1068:Drivers/STM32G4xx_HAL_Driver/Src/stm32g4xx_hal_rcc_ex.c ****         }
 1501              		.loc 1 1068 21 view .LVU526
 1502 03f2 B0FBF3F0 		udiv	r0, r0, r3
 1503              	.LVL140:
1068:Drivers/STM32G4xx_HAL_Driver/Src/stm32g4xx_hal_rcc_ex.c ****         }
 1504              		.loc 1 1068 21 view .LVU527
 1505 03f6 6CE6     		b	.L45
 1506              	.LVL141:
 1507              	.L65:
1092:Drivers/STM32G4xx_HAL_Driver/Src/stm32g4xx_hal_rcc_ex.c **** 
 1508              		.loc 1 1092 7 is_stmt 1 view .LVU528
1092:Drivers/STM32G4xx_HAL_Driver/Src/stm32g4xx_hal_rcc_ex.c **** 
 1509              		.loc 1 1092 16 is_stmt 0 view .LVU529
 1510 03f8 604B     		ldr	r3, .L170
 1511 03fa D3F88830 		ldr	r3, [r3, #136]
 1512              	.LVL142:
1094:Drivers/STM32G4xx_HAL_Driver/Src/stm32g4xx_hal_rcc_ex.c ****       {
 1513              		.loc 1 1094 7 is_stmt 1 view .LVU530
1094:Drivers/STM32G4xx_HAL_Driver/Src/stm32g4xx_hal_rcc_ex.c ****       {
 1514              		.loc 1 1094 9 is_stmt 0 view .LVU531
 1515 03fe 13F44003 		ands	r3, r3, #12582912
 1516              	.LVL143:
1094:Drivers/STM32G4xx_HAL_Driver/Src/stm32g4xx_hal_rcc_ex.c ****       {
 1517              		.loc 1 1094 9 view .LVU532
 1518 0402 12D0     		beq	.L161
1098:Drivers/STM32G4xx_HAL_Driver/Src/stm32g4xx_hal_rcc_ex.c ****       {
 1519              		.loc 1 1098 12 is_stmt 1 view .LVU533
1098:Drivers/STM32G4xx_HAL_Driver/Src/stm32g4xx_hal_rcc_ex.c ****       {
 1520              		.loc 1 1098 14 is_stmt 0 view .LVU534
 1521 0404 B3F5800F 		cmp	r3, #4194304
 1522 0408 12D0     		beq	.L162
1107:Drivers/STM32G4xx_HAL_Driver/Src/stm32g4xx_hal_rcc_ex.c ****       {
 1523              		.loc 1 1107 12 is_stmt 1 view .LVU535
1107:Drivers/STM32G4xx_HAL_Driver/Src/stm32g4xx_hal_rcc_ex.c ****       {
 1524              		.loc 1 1107 14 is_stmt 0 view .LVU536
 1525 040a B3F5000F 		cmp	r3, #8388608
 1526 040e 00F0E480 		beq	.L125
1112:Drivers/STM32G4xx_HAL_Driver/Src/stm32g4xx_hal_rcc_ex.c ****       {
 1527              		.loc 1 1112 12 is_stmt 1 view .LVU537
1112:Drivers/STM32G4xx_HAL_Driver/Src/stm32g4xx_hal_rcc_ex.c ****       {
 1528              		.loc 1 1112 16 is_stmt 0 view .LVU538
 1529 0412 5A4A     		ldr	r2, .L170
 1530              	.LVL144:
1112:Drivers/STM32G4xx_HAL_Driver/Src/stm32g4xx_hal_rcc_ex.c ****       {
 1531              		.loc 1 1112 16 view .LVU539
 1532 0414 1068     		ldr	r0, [r2]
 1533              	.LVL145:
1112:Drivers/STM32G4xx_HAL_Driver/Src/stm32g4xx_hal_rcc_ex.c ****       {
 1534              		.loc 1 1112 14 view .LVU540
 1535 0416 10F48060 		ands	r0, r0, #1024
 1536 041a 3FF45AAE 		beq	.L45
1112:Drivers/STM32G4xx_HAL_Driver/Src/stm32g4xx_hal_rcc_ex.c ****       {
 1537              		.loc 1 1112 56 discriminator 1 view .LVU541
 1538 041e B3F5400F 		cmp	r3, #12582912
ARM GAS  /tmp/ccb7W4Pk.s 			page 56


 1539 0422 00F0DC80 		beq	.L126
 686:Drivers/STM32G4xx_HAL_Driver/Src/stm32g4xx_hal_rcc_ex.c ****   uint32_t srcclk;
 1540              		.loc 1 686 12 view .LVU542
 1541 0426 0020     		movs	r0, #0
 1542 0428 53E6     		b	.L45
 1543              	.LVL146:
 1544              	.L161:
1096:Drivers/STM32G4xx_HAL_Driver/Src/stm32g4xx_hal_rcc_ex.c ****       }
 1545              		.loc 1 1096 9 is_stmt 1 view .LVU543
1096:Drivers/STM32G4xx_HAL_Driver/Src/stm32g4xx_hal_rcc_ex.c ****       }
 1546              		.loc 1 1096 21 is_stmt 0 view .LVU544
 1547 042a FFF7FEFF 		bl	HAL_RCC_GetSysClockFreq
 1548              	.LVL147:
1096:Drivers/STM32G4xx_HAL_Driver/Src/stm32g4xx_hal_rcc_ex.c ****       }
 1549              		.loc 1 1096 21 view .LVU545
 1550 042e 50E6     		b	.L45
 1551              	.LVL148:
 1552              	.L162:
1100:Drivers/STM32G4xx_HAL_Driver/Src/stm32g4xx_hal_rcc_ex.c ****         {
 1553              		.loc 1 1100 9 is_stmt 1 view .LVU546
1100:Drivers/STM32G4xx_HAL_Driver/Src/stm32g4xx_hal_rcc_ex.c ****         {
 1554              		.loc 1 1100 12 is_stmt 0 view .LVU547
 1555 0430 03F17F53 		add	r3, r3, #1069547520
 1556              	.LVL149:
1100:Drivers/STM32G4xx_HAL_Driver/Src/stm32g4xx_hal_rcc_ex.c ****         {
 1557              		.loc 1 1100 12 view .LVU548
 1558 0434 03F50433 		add	r3, r3, #135168
 1559              	.LVL150:
1100:Drivers/STM32G4xx_HAL_Driver/Src/stm32g4xx_hal_rcc_ex.c ****         {
 1560              		.loc 1 1100 12 view .LVU549
 1561 0438 D868     		ldr	r0, [r3, #12]
 1562              	.LVL151:
1100:Drivers/STM32G4xx_HAL_Driver/Src/stm32g4xx_hal_rcc_ex.c ****         {
 1563              		.loc 1 1100 11 view .LVU550
 1564 043a 10F48010 		ands	r0, r0, #1048576
 1565 043e 3FF448AE 		beq	.L45
1103:Drivers/STM32G4xx_HAL_Driver/Src/stm32g4xx_hal_rcc_ex.c ****           frequency = (pllvco * plln) / (((READ_BIT(RCC->PLLCFGR, RCC_PLLCFGR_PLLQ) >> RCC_PLLCFGR_
 1566              		.loc 1 1103 11 is_stmt 1 view .LVU551
1103:Drivers/STM32G4xx_HAL_Driver/Src/stm32g4xx_hal_rcc_ex.c ****           frequency = (pllvco * plln) / (((READ_BIT(RCC->PLLCFGR, RCC_PLLCFGR_PLLQ) >> RCC_PLLCFGR_
 1567              		.loc 1 1103 18 is_stmt 0 view .LVU552
 1568 0442 D868     		ldr	r0, [r3, #12]
1103:Drivers/STM32G4xx_HAL_Driver/Src/stm32g4xx_hal_rcc_ex.c ****           frequency = (pllvco * plln) / (((READ_BIT(RCC->PLLCFGR, RCC_PLLCFGR_PLLQ) >> RCC_PLLCFGR_
 1569              		.loc 1 1103 16 view .LVU553
 1570 0444 C0F30620 		ubfx	r0, r0, #8, #7
 1571              	.LVL152:
1104:Drivers/STM32G4xx_HAL_Driver/Src/stm32g4xx_hal_rcc_ex.c ****         }
 1572              		.loc 1 1104 11 is_stmt 1 view .LVU554
1104:Drivers/STM32G4xx_HAL_Driver/Src/stm32g4xx_hal_rcc_ex.c ****         }
 1573              		.loc 1 1104 31 is_stmt 0 view .LVU555
 1574 0448 02FB00F0 		mul	r0, r2, r0
 1575              	.LVL153:
1104:Drivers/STM32G4xx_HAL_Driver/Src/stm32g4xx_hal_rcc_ex.c ****         }
 1576              		.loc 1 1104 44 view .LVU556
 1577 044c DB68     		ldr	r3, [r3, #12]
 1578              	.LVL154:
1104:Drivers/STM32G4xx_HAL_Driver/Src/stm32g4xx_hal_rcc_ex.c ****         }
 1579              		.loc 1 1104 85 view .LVU557
ARM GAS  /tmp/ccb7W4Pk.s 			page 57


 1580 044e C3F34153 		ubfx	r3, r3, #21, #2
1104:Drivers/STM32G4xx_HAL_Driver/Src/stm32g4xx_hal_rcc_ex.c ****         }
 1581              		.loc 1 1104 110 view .LVU558
 1582 0452 0133     		adds	r3, r3, #1
1104:Drivers/STM32G4xx_HAL_Driver/Src/stm32g4xx_hal_rcc_ex.c ****         }
 1583              		.loc 1 1104 116 view .LVU559
 1584 0454 5B00     		lsls	r3, r3, #1
1104:Drivers/STM32G4xx_HAL_Driver/Src/stm32g4xx_hal_rcc_ex.c ****         }
 1585              		.loc 1 1104 21 view .LVU560
 1586 0456 B0FBF3F0 		udiv	r0, r0, r3
 1587              	.LVL155:
1104:Drivers/STM32G4xx_HAL_Driver/Src/stm32g4xx_hal_rcc_ex.c ****         }
 1588              		.loc 1 1104 21 view .LVU561
 1589 045a 3AE6     		b	.L45
 1590              	.LVL156:
 1591              	.L62:
1127:Drivers/STM32G4xx_HAL_Driver/Src/stm32g4xx_hal_rcc_ex.c **** 
 1592              		.loc 1 1127 7 is_stmt 1 view .LVU562
1127:Drivers/STM32G4xx_HAL_Driver/Src/stm32g4xx_hal_rcc_ex.c **** 
 1593              		.loc 1 1127 16 is_stmt 0 view .LVU563
 1594 045c 474B     		ldr	r3, .L170
 1595 045e D3F88830 		ldr	r3, [r3, #136]
1127:Drivers/STM32G4xx_HAL_Driver/Src/stm32g4xx_hal_rcc_ex.c **** 
 1596              		.loc 1 1127 14 view .LVU564
 1597 0462 03F04073 		and	r3, r3, #50331648
 1598              	.LVL157:
1129:Drivers/STM32G4xx_HAL_Driver/Src/stm32g4xx_hal_rcc_ex.c ****       {
 1599              		.loc 1 1129 7 is_stmt 1 view .LVU565
1129:Drivers/STM32G4xx_HAL_Driver/Src/stm32g4xx_hal_rcc_ex.c ****       {
 1600              		.loc 1 1129 9 is_stmt 0 view .LVU566
 1601 0466 B3F1007F 		cmp	r3, #33554432
 1602 046a 07D0     		beq	.L163
1133:Drivers/STM32G4xx_HAL_Driver/Src/stm32g4xx_hal_rcc_ex.c ****       {
 1603              		.loc 1 1133 12 is_stmt 1 view .LVU567
1133:Drivers/STM32G4xx_HAL_Driver/Src/stm32g4xx_hal_rcc_ex.c ****       {
 1604              		.loc 1 1133 14 is_stmt 0 view .LVU568
 1605 046c 002B     		cmp	r3, #0
 1606 046e 00F0B880 		beq	.L127
1137:Drivers/STM32G4xx_HAL_Driver/Src/stm32g4xx_hal_rcc_ex.c ****       {
 1607              		.loc 1 1137 12 is_stmt 1 view .LVU569
1137:Drivers/STM32G4xx_HAL_Driver/Src/stm32g4xx_hal_rcc_ex.c ****       {
 1608              		.loc 1 1137 14 is_stmt 0 view .LVU570
 1609 0472 B3F1807F 		cmp	r3, #16777216
 1610 0476 04D0     		beq	.L164
 686:Drivers/STM32G4xx_HAL_Driver/Src/stm32g4xx_hal_rcc_ex.c ****   uint32_t srcclk;
 1611              		.loc 1 686 12 view .LVU571
 1612 0478 0020     		movs	r0, #0
 1613              	.LVL158:
 686:Drivers/STM32G4xx_HAL_Driver/Src/stm32g4xx_hal_rcc_ex.c ****   uint32_t srcclk;
 1614              		.loc 1 686 12 view .LVU572
 1615 047a 2AE6     		b	.L45
 1616              	.LVL159:
 1617              	.L163:
1131:Drivers/STM32G4xx_HAL_Driver/Src/stm32g4xx_hal_rcc_ex.c ****       }
 1618              		.loc 1 1131 9 is_stmt 1 view .LVU573
1131:Drivers/STM32G4xx_HAL_Driver/Src/stm32g4xx_hal_rcc_ex.c ****       }
 1619              		.loc 1 1131 21 is_stmt 0 view .LVU574
ARM GAS  /tmp/ccb7W4Pk.s 			page 58


 1620 047c FFF7FEFF 		bl	HAL_RCC_GetPCLK1Freq
 1621              	.LVL160:
1131:Drivers/STM32G4xx_HAL_Driver/Src/stm32g4xx_hal_rcc_ex.c ****       }
 1622              		.loc 1 1131 21 view .LVU575
 1623 0480 27E6     		b	.L45
 1624              	.LVL161:
 1625              	.L164:
1139:Drivers/STM32G4xx_HAL_Driver/Src/stm32g4xx_hal_rcc_ex.c ****         {
 1626              		.loc 1 1139 9 is_stmt 1 view .LVU576
1139:Drivers/STM32G4xx_HAL_Driver/Src/stm32g4xx_hal_rcc_ex.c ****         {
 1627              		.loc 1 1139 12 is_stmt 0 view .LVU577
 1628 0482 03F17C53 		add	r3, r3, #1056964608
 1629              	.LVL162:
1139:Drivers/STM32G4xx_HAL_Driver/Src/stm32g4xx_hal_rcc_ex.c ****         {
 1630              		.loc 1 1139 12 view .LVU578
 1631 0486 03F50433 		add	r3, r3, #135168
 1632              	.LVL163:
1139:Drivers/STM32G4xx_HAL_Driver/Src/stm32g4xx_hal_rcc_ex.c ****         {
 1633              		.loc 1 1139 12 view .LVU579
 1634 048a D868     		ldr	r0, [r3, #12]
 1635              	.LVL164:
1139:Drivers/STM32G4xx_HAL_Driver/Src/stm32g4xx_hal_rcc_ex.c ****         {
 1636              		.loc 1 1139 11 view .LVU580
 1637 048c 10F48010 		ands	r0, r0, #1048576
 1638 0490 3FF41FAE 		beq	.L45
1142:Drivers/STM32G4xx_HAL_Driver/Src/stm32g4xx_hal_rcc_ex.c ****           frequency = (pllvco * plln) / (((READ_BIT(RCC->PLLCFGR, RCC_PLLCFGR_PLLQ) >> RCC_PLLCFGR_
 1639              		.loc 1 1142 11 is_stmt 1 view .LVU581
1142:Drivers/STM32G4xx_HAL_Driver/Src/stm32g4xx_hal_rcc_ex.c ****           frequency = (pllvco * plln) / (((READ_BIT(RCC->PLLCFGR, RCC_PLLCFGR_PLLQ) >> RCC_PLLCFGR_
 1640              		.loc 1 1142 18 is_stmt 0 view .LVU582
 1641 0494 D868     		ldr	r0, [r3, #12]
1142:Drivers/STM32G4xx_HAL_Driver/Src/stm32g4xx_hal_rcc_ex.c ****           frequency = (pllvco * plln) / (((READ_BIT(RCC->PLLCFGR, RCC_PLLCFGR_PLLQ) >> RCC_PLLCFGR_
 1642              		.loc 1 1142 16 view .LVU583
 1643 0496 C0F30620 		ubfx	r0, r0, #8, #7
 1644              	.LVL165:
1143:Drivers/STM32G4xx_HAL_Driver/Src/stm32g4xx_hal_rcc_ex.c ****         }
 1645              		.loc 1 1143 11 is_stmt 1 view .LVU584
1143:Drivers/STM32G4xx_HAL_Driver/Src/stm32g4xx_hal_rcc_ex.c ****         }
 1646              		.loc 1 1143 31 is_stmt 0 view .LVU585
 1647 049a 02FB00F0 		mul	r0, r2, r0
 1648              	.LVL166:
1143:Drivers/STM32G4xx_HAL_Driver/Src/stm32g4xx_hal_rcc_ex.c ****         }
 1649              		.loc 1 1143 44 view .LVU586
 1650 049e DB68     		ldr	r3, [r3, #12]
 1651              	.LVL167:
1143:Drivers/STM32G4xx_HAL_Driver/Src/stm32g4xx_hal_rcc_ex.c ****         }
 1652              		.loc 1 1143 85 view .LVU587
 1653 04a0 C3F34153 		ubfx	r3, r3, #21, #2
1143:Drivers/STM32G4xx_HAL_Driver/Src/stm32g4xx_hal_rcc_ex.c ****         }
 1654              		.loc 1 1143 110 view .LVU588
 1655 04a4 0133     		adds	r3, r3, #1
1143:Drivers/STM32G4xx_HAL_Driver/Src/stm32g4xx_hal_rcc_ex.c ****         }
 1656              		.loc 1 1143 116 view .LVU589
 1657 04a6 5B00     		lsls	r3, r3, #1
1143:Drivers/STM32G4xx_HAL_Driver/Src/stm32g4xx_hal_rcc_ex.c ****         }
 1658              		.loc 1 1143 21 view .LVU590
 1659 04a8 B0FBF3F0 		udiv	r0, r0, r3
 1660              	.LVL168:
ARM GAS  /tmp/ccb7W4Pk.s 			page 59


1143:Drivers/STM32G4xx_HAL_Driver/Src/stm32g4xx_hal_rcc_ex.c ****         }
 1661              		.loc 1 1143 21 view .LVU591
 1662 04ac 11E6     		b	.L45
 1663              	.LVL169:
 1664              	.L146:
1163:Drivers/STM32G4xx_HAL_Driver/Src/stm32g4xx_hal_rcc_ex.c ****         frequency = (pllvco * plln) / (((READ_BIT(RCC->PLLCFGR, RCC_PLLCFGR_PLLQ) >> RCC_PLLCFGR_PL
 1665              		.loc 1 1163 9 is_stmt 1 view .LVU592
1163:Drivers/STM32G4xx_HAL_Driver/Src/stm32g4xx_hal_rcc_ex.c ****         frequency = (pllvco * plln) / (((READ_BIT(RCC->PLLCFGR, RCC_PLLCFGR_PLLQ) >> RCC_PLLCFGR_PL
 1666              		.loc 1 1163 16 is_stmt 0 view .LVU593
 1667 04ae 03F16053 		add	r3, r3, #939524096
 1668              	.LVL170:
1163:Drivers/STM32G4xx_HAL_Driver/Src/stm32g4xx_hal_rcc_ex.c ****         frequency = (pllvco * plln) / (((READ_BIT(RCC->PLLCFGR, RCC_PLLCFGR_PLLQ) >> RCC_PLLCFGR_PL
 1669              		.loc 1 1163 16 view .LVU594
 1670 04b2 03F50433 		add	r3, r3, #135168
 1671              	.LVL171:
1163:Drivers/STM32G4xx_HAL_Driver/Src/stm32g4xx_hal_rcc_ex.c ****         frequency = (pllvco * plln) / (((READ_BIT(RCC->PLLCFGR, RCC_PLLCFGR_PLLQ) >> RCC_PLLCFGR_PL
 1672              		.loc 1 1163 16 view .LVU595
 1673 04b6 D868     		ldr	r0, [r3, #12]
 1674              	.LVL172:
1163:Drivers/STM32G4xx_HAL_Driver/Src/stm32g4xx_hal_rcc_ex.c ****         frequency = (pllvco * plln) / (((READ_BIT(RCC->PLLCFGR, RCC_PLLCFGR_PLLQ) >> RCC_PLLCFGR_PL
 1675              		.loc 1 1163 14 view .LVU596
 1676 04b8 C0F30620 		ubfx	r0, r0, #8, #7
 1677              	.LVL173:
1164:Drivers/STM32G4xx_HAL_Driver/Src/stm32g4xx_hal_rcc_ex.c ****       }
 1678              		.loc 1 1164 9 is_stmt 1 view .LVU597
1164:Drivers/STM32G4xx_HAL_Driver/Src/stm32g4xx_hal_rcc_ex.c ****       }
 1679              		.loc 1 1164 29 is_stmt 0 view .LVU598
 1680 04bc 02FB00F0 		mul	r0, r2, r0
 1681              	.LVL174:
1164:Drivers/STM32G4xx_HAL_Driver/Src/stm32g4xx_hal_rcc_ex.c ****       }
 1682              		.loc 1 1164 42 view .LVU599
 1683 04c0 DB68     		ldr	r3, [r3, #12]
 1684              	.LVL175:
1164:Drivers/STM32G4xx_HAL_Driver/Src/stm32g4xx_hal_rcc_ex.c ****       }
 1685              		.loc 1 1164 83 view .LVU600
 1686 04c2 C3F34153 		ubfx	r3, r3, #21, #2
1164:Drivers/STM32G4xx_HAL_Driver/Src/stm32g4xx_hal_rcc_ex.c ****       }
 1687              		.loc 1 1164 108 view .LVU601
 1688 04c6 0133     		adds	r3, r3, #1
1164:Drivers/STM32G4xx_HAL_Driver/Src/stm32g4xx_hal_rcc_ex.c ****       }
 1689              		.loc 1 1164 114 view .LVU602
 1690 04c8 5B00     		lsls	r3, r3, #1
1164:Drivers/STM32G4xx_HAL_Driver/Src/stm32g4xx_hal_rcc_ex.c ****       }
 1691              		.loc 1 1164 19 view .LVU603
 1692 04ca B0FBF3F0 		udiv	r0, r0, r3
 1693              	.LVL176:
1164:Drivers/STM32G4xx_HAL_Driver/Src/stm32g4xx_hal_rcc_ex.c ****       }
 1694              		.loc 1 1164 19 view .LVU604
 1695 04ce 00E6     		b	.L45
 1696              	.LVL177:
 1697              	.L67:
1180:Drivers/STM32G4xx_HAL_Driver/Src/stm32g4xx_hal_rcc_ex.c **** 
 1698              		.loc 1 1180 7 is_stmt 1 view .LVU605
1180:Drivers/STM32G4xx_HAL_Driver/Src/stm32g4xx_hal_rcc_ex.c **** 
 1699              		.loc 1 1180 16 is_stmt 0 view .LVU606
 1700 04d0 2A4B     		ldr	r3, .L170
 1701 04d2 D3F88830 		ldr	r3, [r3, #136]
ARM GAS  /tmp/ccb7W4Pk.s 			page 60


1180:Drivers/STM32G4xx_HAL_Driver/Src/stm32g4xx_hal_rcc_ex.c **** 
 1702              		.loc 1 1180 14 view .LVU607
 1703 04d6 03F04063 		and	r3, r3, #201326592
 1704              	.LVL178:
1182:Drivers/STM32G4xx_HAL_Driver/Src/stm32g4xx_hal_rcc_ex.c ****       {
 1705              		.loc 1 1182 7 is_stmt 1 view .LVU608
1182:Drivers/STM32G4xx_HAL_Driver/Src/stm32g4xx_hal_rcc_ex.c ****       {
 1706              		.loc 1 1182 9 is_stmt 0 view .LVU609
 1707 04da B3F1006F 		cmp	r3, #134217728
 1708 04de 0AD0     		beq	.L165
1188:Drivers/STM32G4xx_HAL_Driver/Src/stm32g4xx_hal_rcc_ex.c ****       {
 1709              		.loc 1 1188 12 is_stmt 1 view .LVU610
1188:Drivers/STM32G4xx_HAL_Driver/Src/stm32g4xx_hal_rcc_ex.c ****       {
 1710              		.loc 1 1188 17 is_stmt 0 view .LVU611
 1711 04e0 264A     		ldr	r2, .L170
 1712              	.LVL179:
1188:Drivers/STM32G4xx_HAL_Driver/Src/stm32g4xx_hal_rcc_ex.c ****       {
 1713              		.loc 1 1188 17 view .LVU612
 1714 04e2 D2F89800 		ldr	r0, [r2, #152]
 1715              	.LVL180:
1188:Drivers/STM32G4xx_HAL_Driver/Src/stm32g4xx_hal_rcc_ex.c ****       {
 1716              		.loc 1 1188 14 view .LVU613
 1717 04e6 10F00200 		ands	r0, r0, #2
 1718 04ea 3FF4F2AD 		beq	.L45
1188:Drivers/STM32G4xx_HAL_Driver/Src/stm32g4xx_hal_rcc_ex.c ****       {
 1719              		.loc 1 1188 65 discriminator 1 view .LVU614
 1720 04ee 002B     		cmp	r3, #0
 1721 04f0 7BD0     		beq	.L130
 686:Drivers/STM32G4xx_HAL_Driver/Src/stm32g4xx_hal_rcc_ex.c ****   uint32_t srcclk;
 1722              		.loc 1 686 12 view .LVU615
 1723 04f2 0020     		movs	r0, #0
 1724 04f4 EDE5     		b	.L45
 1725              	.LVL181:
 1726              	.L165:
1185:Drivers/STM32G4xx_HAL_Driver/Src/stm32g4xx_hal_rcc_ex.c ****         frequency = (pllvco * plln) / (((READ_BIT(RCC->PLLCFGR, RCC_PLLCFGR_PLLQ) >> RCC_PLLCFGR_PL
 1727              		.loc 1 1185 9 is_stmt 1 view .LVU616
1185:Drivers/STM32G4xx_HAL_Driver/Src/stm32g4xx_hal_rcc_ex.c ****         frequency = (pllvco * plln) / (((READ_BIT(RCC->PLLCFGR, RCC_PLLCFGR_PLLQ) >> RCC_PLLCFGR_PL
 1728              		.loc 1 1185 16 is_stmt 0 view .LVU617
 1729 04f6 03F16053 		add	r3, r3, #939524096
 1730              	.LVL182:
1185:Drivers/STM32G4xx_HAL_Driver/Src/stm32g4xx_hal_rcc_ex.c ****         frequency = (pllvco * plln) / (((READ_BIT(RCC->PLLCFGR, RCC_PLLCFGR_PLLQ) >> RCC_PLLCFGR_PL
 1731              		.loc 1 1185 16 view .LVU618
 1732 04fa 03F50433 		add	r3, r3, #135168
 1733              	.LVL183:
1185:Drivers/STM32G4xx_HAL_Driver/Src/stm32g4xx_hal_rcc_ex.c ****         frequency = (pllvco * plln) / (((READ_BIT(RCC->PLLCFGR, RCC_PLLCFGR_PLLQ) >> RCC_PLLCFGR_PL
 1734              		.loc 1 1185 16 view .LVU619
 1735 04fe D868     		ldr	r0, [r3, #12]
 1736              	.LVL184:
1185:Drivers/STM32G4xx_HAL_Driver/Src/stm32g4xx_hal_rcc_ex.c ****         frequency = (pllvco * plln) / (((READ_BIT(RCC->PLLCFGR, RCC_PLLCFGR_PLLQ) >> RCC_PLLCFGR_PL
 1737              		.loc 1 1185 14 view .LVU620
 1738 0500 C0F30620 		ubfx	r0, r0, #8, #7
 1739              	.LVL185:
1186:Drivers/STM32G4xx_HAL_Driver/Src/stm32g4xx_hal_rcc_ex.c ****       }
 1740              		.loc 1 1186 9 is_stmt 1 view .LVU621
1186:Drivers/STM32G4xx_HAL_Driver/Src/stm32g4xx_hal_rcc_ex.c ****       }
 1741              		.loc 1 1186 29 is_stmt 0 view .LVU622
 1742 0504 02FB00F0 		mul	r0, r2, r0
ARM GAS  /tmp/ccb7W4Pk.s 			page 61


 1743              	.LVL186:
1186:Drivers/STM32G4xx_HAL_Driver/Src/stm32g4xx_hal_rcc_ex.c ****       }
 1744              		.loc 1 1186 42 view .LVU623
 1745 0508 DB68     		ldr	r3, [r3, #12]
 1746              	.LVL187:
1186:Drivers/STM32G4xx_HAL_Driver/Src/stm32g4xx_hal_rcc_ex.c ****       }
 1747              		.loc 1 1186 83 view .LVU624
 1748 050a C3F34153 		ubfx	r3, r3, #21, #2
1186:Drivers/STM32G4xx_HAL_Driver/Src/stm32g4xx_hal_rcc_ex.c ****       }
 1749              		.loc 1 1186 108 view .LVU625
 1750 050e 0133     		adds	r3, r3, #1
1186:Drivers/STM32G4xx_HAL_Driver/Src/stm32g4xx_hal_rcc_ex.c ****       }
 1751              		.loc 1 1186 114 view .LVU626
 1752 0510 5B00     		lsls	r3, r3, #1
1186:Drivers/STM32G4xx_HAL_Driver/Src/stm32g4xx_hal_rcc_ex.c ****       }
 1753              		.loc 1 1186 19 view .LVU627
 1754 0512 B0FBF3F0 		udiv	r0, r0, r3
 1755              	.LVL188:
1186:Drivers/STM32G4xx_HAL_Driver/Src/stm32g4xx_hal_rcc_ex.c ****       }
 1756              		.loc 1 1186 19 view .LVU628
 1757 0516 DCE5     		b	.L45
 1758              	.LVL189:
 1759              	.L68:
1200:Drivers/STM32G4xx_HAL_Driver/Src/stm32g4xx_hal_rcc_ex.c ****       
 1760              		.loc 1 1200 7 is_stmt 1 view .LVU629
1200:Drivers/STM32G4xx_HAL_Driver/Src/stm32g4xx_hal_rcc_ex.c ****       
 1761              		.loc 1 1200 16 is_stmt 0 view .LVU630
 1762 0518 184B     		ldr	r3, .L170
 1763 051a D3F88830 		ldr	r3, [r3, #136]
1200:Drivers/STM32G4xx_HAL_Driver/Src/stm32g4xx_hal_rcc_ex.c ****       
 1764              		.loc 1 1200 14 view .LVU631
 1765 051e 03F04053 		and	r3, r3, #805306368
 1766              	.LVL190:
1202:Drivers/STM32G4xx_HAL_Driver/Src/stm32g4xx_hal_rcc_ex.c ****       {
 1767              		.loc 1 1202 7 is_stmt 1 view .LVU632
1202:Drivers/STM32G4xx_HAL_Driver/Src/stm32g4xx_hal_rcc_ex.c ****       {
 1768              		.loc 1 1202 9 is_stmt 0 view .LVU633
 1769 0522 B3F1805F 		cmp	r3, #268435456
 1770 0526 04D0     		beq	.L166
1223:Drivers/STM32G4xx_HAL_Driver/Src/stm32g4xx_hal_rcc_ex.c ****       {
 1771              		.loc 1 1223 12 is_stmt 1 view .LVU634
1223:Drivers/STM32G4xx_HAL_Driver/Src/stm32g4xx_hal_rcc_ex.c ****       {
 1772              		.loc 1 1223 14 is_stmt 0 view .LVU635
 1773 0528 B3F1005F 		cmp	r3, #536870912
 1774 052c 1DD0     		beq	.L167
 686:Drivers/STM32G4xx_HAL_Driver/Src/stm32g4xx_hal_rcc_ex.c ****   uint32_t srcclk;
 1775              		.loc 1 686 12 view .LVU636
 1776 052e 0020     		movs	r0, #0
 1777              	.LVL191:
1305:Drivers/STM32G4xx_HAL_Driver/Src/stm32g4xx_hal_rcc_ex.c **** }
 1778              		.loc 1 1305 3 is_stmt 1 view .LVU637
1305:Drivers/STM32G4xx_HAL_Driver/Src/stm32g4xx_hal_rcc_ex.c **** }
 1779              		.loc 1 1305 9 is_stmt 0 view .LVU638
 1780 0530 CFE5     		b	.L45
 1781              	.LVL192:
 1782              	.L166:
1204:Drivers/STM32G4xx_HAL_Driver/Src/stm32g4xx_hal_rcc_ex.c ****         {
ARM GAS  /tmp/ccb7W4Pk.s 			page 62


 1783              		.loc 1 1204 9 is_stmt 1 view .LVU639
1204:Drivers/STM32G4xx_HAL_Driver/Src/stm32g4xx_hal_rcc_ex.c ****         {
 1784              		.loc 1 1204 12 is_stmt 0 view .LVU640
 1785 0532 03F14053 		add	r3, r3, #805306368
 1786              	.LVL193:
1204:Drivers/STM32G4xx_HAL_Driver/Src/stm32g4xx_hal_rcc_ex.c ****         {
 1787              		.loc 1 1204 12 view .LVU641
 1788 0536 03F50433 		add	r3, r3, #135168
 1789              	.LVL194:
1204:Drivers/STM32G4xx_HAL_Driver/Src/stm32g4xx_hal_rcc_ex.c ****         {
 1790              		.loc 1 1204 12 view .LVU642
 1791 053a D868     		ldr	r0, [r3, #12]
 1792              	.LVL195:
1204:Drivers/STM32G4xx_HAL_Driver/Src/stm32g4xx_hal_rcc_ex.c ****         {
 1793              		.loc 1 1204 11 view .LVU643
 1794 053c 10F48030 		ands	r0, r0, #65536
 1795 0540 3FF4C7AD 		beq	.L45
1207:Drivers/STM32G4xx_HAL_Driver/Src/stm32g4xx_hal_rcc_ex.c ****           pllp = READ_BIT(RCC->PLLCFGR, RCC_PLLCFGR_PLLPDIV) >> RCC_PLLCFGR_PLLPDIV_Pos;
 1796              		.loc 1 1207 11 is_stmt 1 view .LVU644
1207:Drivers/STM32G4xx_HAL_Driver/Src/stm32g4xx_hal_rcc_ex.c ****           pllp = READ_BIT(RCC->PLLCFGR, RCC_PLLCFGR_PLLPDIV) >> RCC_PLLCFGR_PLLPDIV_Pos;
 1797              		.loc 1 1207 18 is_stmt 0 view .LVU645
 1798 0544 D968     		ldr	r1, [r3, #12]
1207:Drivers/STM32G4xx_HAL_Driver/Src/stm32g4xx_hal_rcc_ex.c ****           pllp = READ_BIT(RCC->PLLCFGR, RCC_PLLCFGR_PLLPDIV) >> RCC_PLLCFGR_PLLPDIV_Pos;
 1799              		.loc 1 1207 16 view .LVU646
 1800 0546 C1F30621 		ubfx	r1, r1, #8, #7
 1801              	.LVL196:
1208:Drivers/STM32G4xx_HAL_Driver/Src/stm32g4xx_hal_rcc_ex.c ****           if(pllp == 0U)
 1802              		.loc 1 1208 11 is_stmt 1 view .LVU647
1208:Drivers/STM32G4xx_HAL_Driver/Src/stm32g4xx_hal_rcc_ex.c ****           if(pllp == 0U)
 1803              		.loc 1 1208 18 is_stmt 0 view .LVU648
 1804 054a DB68     		ldr	r3, [r3, #12]
 1805              	.LVL197:
1209:Drivers/STM32G4xx_HAL_Driver/Src/stm32g4xx_hal_rcc_ex.c ****           {
 1806              		.loc 1 1209 11 is_stmt 1 view .LVU649
1209:Drivers/STM32G4xx_HAL_Driver/Src/stm32g4xx_hal_rcc_ex.c ****           {
 1807              		.loc 1 1209 13 is_stmt 0 view .LVU650
 1808 054c DB0E     		lsrs	r3, r3, #27
 1809              	.LVL198:
1209:Drivers/STM32G4xx_HAL_Driver/Src/stm32g4xx_hal_rcc_ex.c ****           {
 1810              		.loc 1 1209 13 view .LVU651
 1811 054e 05D1     		bne	.L102
1211:Drivers/STM32G4xx_HAL_Driver/Src/stm32g4xx_hal_rcc_ex.c ****             {
 1812              		.loc 1 1211 13 is_stmt 1 view .LVU652
1211:Drivers/STM32G4xx_HAL_Driver/Src/stm32g4xx_hal_rcc_ex.c ****             {
 1813              		.loc 1 1211 16 is_stmt 0 view .LVU653
 1814 0550 0A4B     		ldr	r3, .L170
 1815              	.LVL199:
1211:Drivers/STM32G4xx_HAL_Driver/Src/stm32g4xx_hal_rcc_ex.c ****             {
 1816              		.loc 1 1211 16 view .LVU654
 1817 0552 DB68     		ldr	r3, [r3, #12]
1211:Drivers/STM32G4xx_HAL_Driver/Src/stm32g4xx_hal_rcc_ex.c ****             {
 1818              		.loc 1 1211 15 view .LVU655
 1819 0554 13F4003F 		tst	r3, #131072
 1820 0558 05D0     		beq	.L131
1213:Drivers/STM32G4xx_HAL_Driver/Src/stm32g4xx_hal_rcc_ex.c ****             }
 1821              		.loc 1 1213 20 view .LVU656
 1822 055a 1123     		movs	r3, #17
ARM GAS  /tmp/ccb7W4Pk.s 			page 63


 1823              	.L102:
 1824              	.LVL200:
1220:Drivers/STM32G4xx_HAL_Driver/Src/stm32g4xx_hal_rcc_ex.c ****         }
 1825              		.loc 1 1220 11 is_stmt 1 view .LVU657
1220:Drivers/STM32G4xx_HAL_Driver/Src/stm32g4xx_hal_rcc_ex.c ****         }
 1826              		.loc 1 1220 31 is_stmt 0 view .LVU658
 1827 055c 01FB02F2 		mul	r2, r1, r2
 1828              	.LVL201:
1220:Drivers/STM32G4xx_HAL_Driver/Src/stm32g4xx_hal_rcc_ex.c ****         }
 1829              		.loc 1 1220 21 view .LVU659
 1830 0560 B2FBF3F0 		udiv	r0, r2, r3
 1831              	.LVL202:
1220:Drivers/STM32G4xx_HAL_Driver/Src/stm32g4xx_hal_rcc_ex.c ****         }
 1832              		.loc 1 1220 21 view .LVU660
 1833 0564 B5E5     		b	.L45
 1834              	.LVL203:
 1835              	.L131:
1217:Drivers/STM32G4xx_HAL_Driver/Src/stm32g4xx_hal_rcc_ex.c ****             }
 1836              		.loc 1 1217 20 view .LVU661
 1837 0566 0723     		movs	r3, #7
 1838 0568 F8E7     		b	.L102
 1839              	.LVL204:
 1840              	.L167:
1225:Drivers/STM32G4xx_HAL_Driver/Src/stm32g4xx_hal_rcc_ex.c ****       }
 1841              		.loc 1 1225 9 is_stmt 1 view .LVU662
1225:Drivers/STM32G4xx_HAL_Driver/Src/stm32g4xx_hal_rcc_ex.c ****       }
 1842              		.loc 1 1225 21 is_stmt 0 view .LVU663
 1843 056a FFF7FEFF 		bl	HAL_RCC_GetSysClockFreq
 1844              	.LVL205:
1225:Drivers/STM32G4xx_HAL_Driver/Src/stm32g4xx_hal_rcc_ex.c ****       }
 1845              		.loc 1 1225 21 view .LVU664
 1846 056e B0E5     		b	.L45
 1847              	.LVL206:
 1848              	.L103:
 701:Drivers/STM32G4xx_HAL_Driver/Src/stm32g4xx_hal_rcc_ex.c ****     }
 1849              		.loc 1 701 17 view .LVU665
 1850 0570 4FF40040 		mov	r0, #32768
 1851              	.LVL207:
 701:Drivers/STM32G4xx_HAL_Driver/Src/stm32g4xx_hal_rcc_ex.c ****     }
 1852              		.loc 1 701 17 view .LVU666
 1853 0574 ADE5     		b	.L45
 1854              	.LVL208:
 1855              	.L104:
 706:Drivers/STM32G4xx_HAL_Driver/Src/stm32g4xx_hal_rcc_ex.c ****     }
 1856              		.loc 1 706 17 view .LVU667
 1857 0576 4FF4FA40 		mov	r0, #32000
 1858              	.LVL209:
 706:Drivers/STM32G4xx_HAL_Driver/Src/stm32g4xx_hal_rcc_ex.c ****     }
 1859              		.loc 1 706 17 view .LVU668
 1860 057a AAE5     		b	.L45
 1861              	.L171:
 1862              		.align	2
 1863              	.L170:
 1864 057c 00100240 		.word	1073876992
 1865              	.L105:
 711:Drivers/STM32G4xx_HAL_Driver/Src/stm32g4xx_hal_rcc_ex.c ****     }
 1866              		.loc 1 711 17 view .LVU669
ARM GAS  /tmp/ccb7W4Pk.s 			page 64


 1867 0580 1B48     		ldr	r0, .L172
 1868 0582 A6E5     		b	.L45
 1869              	.LVL210:
 1870              	.L107:
 771:Drivers/STM32G4xx_HAL_Driver/Src/stm32g4xx_hal_rcc_ex.c ****       }
 1871              		.loc 1 771 19 view .LVU670
 1872 0584 1B48     		ldr	r0, .L172+4
 1873              	.LVL211:
 771:Drivers/STM32G4xx_HAL_Driver/Src/stm32g4xx_hal_rcc_ex.c ****       }
 1874              		.loc 1 771 19 view .LVU671
 1875 0586 A4E5     		b	.L45
 1876              	.L108:
 775:Drivers/STM32G4xx_HAL_Driver/Src/stm32g4xx_hal_rcc_ex.c ****       }
 1877              		.loc 1 775 19 view .LVU672
 1878 0588 4FF40040 		mov	r0, #32768
 1879 058c A1E5     		b	.L45
 1880              	.LVL212:
 1881              	.L109:
 798:Drivers/STM32G4xx_HAL_Driver/Src/stm32g4xx_hal_rcc_ex.c ****       }
 1882              		.loc 1 798 19 view .LVU673
 1883 058e 1948     		ldr	r0, .L172+4
 1884              	.LVL213:
 798:Drivers/STM32G4xx_HAL_Driver/Src/stm32g4xx_hal_rcc_ex.c ****       }
 1885              		.loc 1 798 19 view .LVU674
 1886 0590 9FE5     		b	.L45
 1887              	.L110:
 802:Drivers/STM32G4xx_HAL_Driver/Src/stm32g4xx_hal_rcc_ex.c ****       }
 1888              		.loc 1 802 19 view .LVU675
 1889 0592 4FF40040 		mov	r0, #32768
 1890 0596 9CE5     		b	.L45
 1891              	.LVL214:
 1892              	.L111:
 826:Drivers/STM32G4xx_HAL_Driver/Src/stm32g4xx_hal_rcc_ex.c ****       }
 1893              		.loc 1 826 19 view .LVU676
 1894 0598 1648     		ldr	r0, .L172+4
 1895              	.LVL215:
 826:Drivers/STM32G4xx_HAL_Driver/Src/stm32g4xx_hal_rcc_ex.c ****       }
 1896              		.loc 1 826 19 view .LVU677
 1897 059a 9AE5     		b	.L45
 1898              	.L112:
 830:Drivers/STM32G4xx_HAL_Driver/Src/stm32g4xx_hal_rcc_ex.c ****       }
 1899              		.loc 1 830 19 view .LVU678
 1900 059c 4FF40040 		mov	r0, #32768
 1901 05a0 97E5     		b	.L45
 1902              	.LVL216:
 1903              	.L113:
 855:Drivers/STM32G4xx_HAL_Driver/Src/stm32g4xx_hal_rcc_ex.c ****       }
 1904              		.loc 1 855 19 view .LVU679
 1905 05a2 1448     		ldr	r0, .L172+4
 1906              	.LVL217:
 855:Drivers/STM32G4xx_HAL_Driver/Src/stm32g4xx_hal_rcc_ex.c ****       }
 1907              		.loc 1 855 19 view .LVU680
 1908 05a4 95E5     		b	.L45
 1909              	.L114:
 859:Drivers/STM32G4xx_HAL_Driver/Src/stm32g4xx_hal_rcc_ex.c ****       }
 1910              		.loc 1 859 19 view .LVU681
 1911 05a6 4FF40040 		mov	r0, #32768
ARM GAS  /tmp/ccb7W4Pk.s 			page 65


 1912 05aa 92E5     		b	.L45
 1913              	.LVL218:
 1914              	.L115:
 912:Drivers/STM32G4xx_HAL_Driver/Src/stm32g4xx_hal_rcc_ex.c ****       }
 1915              		.loc 1 912 19 view .LVU682
 1916 05ac 1148     		ldr	r0, .L172+4
 1917              	.LVL219:
 912:Drivers/STM32G4xx_HAL_Driver/Src/stm32g4xx_hal_rcc_ex.c ****       }
 1918              		.loc 1 912 19 view .LVU683
 1919 05ae 90E5     		b	.L45
 1920              	.L116:
 916:Drivers/STM32G4xx_HAL_Driver/Src/stm32g4xx_hal_rcc_ex.c ****       }
 1921              		.loc 1 916 19 view .LVU684
 1922 05b0 4FF40040 		mov	r0, #32768
 1923 05b4 8DE5     		b	.L45
 1924              	.L117:
 939:Drivers/STM32G4xx_HAL_Driver/Src/stm32g4xx_hal_rcc_ex.c ****       }
 1925              		.loc 1 939 19 view .LVU685
 1926 05b6 0F48     		ldr	r0, .L172+4
 1927 05b8 8BE5     		b	.L45
 1928              	.L118:
 962:Drivers/STM32G4xx_HAL_Driver/Src/stm32g4xx_hal_rcc_ex.c ****       }
 1929              		.loc 1 962 19 view .LVU686
 1930 05ba 0E48     		ldr	r0, .L172+4
 1931 05bc 89E5     		b	.L45
 1932              	.L119:
 987:Drivers/STM32G4xx_HAL_Driver/Src/stm32g4xx_hal_rcc_ex.c ****       }
 1933              		.loc 1 987 19 view .LVU687
 1934 05be 0D48     		ldr	r0, .L172+4
 1935 05c0 87E5     		b	.L45
 1936              	.LVL220:
 1937              	.L120:
1035:Drivers/STM32G4xx_HAL_Driver/Src/stm32g4xx_hal_rcc_ex.c ****       }
 1938              		.loc 1 1035 19 view .LVU688
 1939 05c2 4FF4FA40 		mov	r0, #32000
 1940              	.LVL221:
1035:Drivers/STM32G4xx_HAL_Driver/Src/stm32g4xx_hal_rcc_ex.c ****       }
 1941              		.loc 1 1035 19 view .LVU689
 1942 05c6 84E5     		b	.L45
 1943              	.LVL222:
 1944              	.L121:
1039:Drivers/STM32G4xx_HAL_Driver/Src/stm32g4xx_hal_rcc_ex.c ****       }
 1945              		.loc 1 1039 19 view .LVU690
 1946 05c8 0A48     		ldr	r0, .L172+4
 1947              	.LVL223:
1039:Drivers/STM32G4xx_HAL_Driver/Src/stm32g4xx_hal_rcc_ex.c ****       }
 1948              		.loc 1 1039 19 view .LVU691
 1949 05ca 82E5     		b	.L45
 1950              	.L122:
1043:Drivers/STM32G4xx_HAL_Driver/Src/stm32g4xx_hal_rcc_ex.c ****       }
 1951              		.loc 1 1043 19 view .LVU692
 1952 05cc 4FF40040 		mov	r0, #32768
 1953 05d0 7FE5     		b	.L45
 1954              	.LVL224:
 1955              	.L123:
1074:Drivers/STM32G4xx_HAL_Driver/Src/stm32g4xx_hal_rcc_ex.c ****       }
 1956              		.loc 1 1074 19 view .LVU693
ARM GAS  /tmp/ccb7W4Pk.s 			page 66


 1957 05d2 0948     		ldr	r0, .L172+8
 1958              	.LVL225:
1074:Drivers/STM32G4xx_HAL_Driver/Src/stm32g4xx_hal_rcc_ex.c ****       }
 1959              		.loc 1 1074 19 view .LVU694
 1960 05d4 7DE5     		b	.L45
 1961              	.LVL226:
 1962              	.L124:
1078:Drivers/STM32G4xx_HAL_Driver/Src/stm32g4xx_hal_rcc_ex.c ****       }
 1963              		.loc 1 1078 19 view .LVU695
 1964 05d6 0748     		ldr	r0, .L172+4
 1965 05d8 7BE5     		b	.L45
 1966              	.LVL227:
 1967              	.L125:
1110:Drivers/STM32G4xx_HAL_Driver/Src/stm32g4xx_hal_rcc_ex.c ****       }      
 1968              		.loc 1 1110 19 view .LVU696
 1969 05da 0748     		ldr	r0, .L172+8
 1970              	.LVL228:
1110:Drivers/STM32G4xx_HAL_Driver/Src/stm32g4xx_hal_rcc_ex.c ****       }      
 1971              		.loc 1 1110 19 view .LVU697
 1972 05dc 79E5     		b	.L45
 1973              	.LVL229:
 1974              	.L126:
1114:Drivers/STM32G4xx_HAL_Driver/Src/stm32g4xx_hal_rcc_ex.c ****       }
 1975              		.loc 1 1114 19 view .LVU698
 1976 05de 0548     		ldr	r0, .L172+4
 1977 05e0 77E5     		b	.L45
 1978              	.LVL230:
 1979              	.L127:
1135:Drivers/STM32G4xx_HAL_Driver/Src/stm32g4xx_hal_rcc_ex.c ****       }
 1980              		.loc 1 1135 19 view .LVU699
 1981 05e2 0648     		ldr	r0, .L172+12
 1982              	.LVL231:
1135:Drivers/STM32G4xx_HAL_Driver/Src/stm32g4xx_hal_rcc_ex.c ****       }
 1983              		.loc 1 1135 19 view .LVU700
 1984 05e4 75E5     		b	.L45
 1985              	.LVL232:
 1986              	.L129:
1168:Drivers/STM32G4xx_HAL_Driver/Src/stm32g4xx_hal_rcc_ex.c ****       }
 1987              		.loc 1 1168 19 view .LVU701
 1988 05e6 0648     		ldr	r0, .L172+16
 1989 05e8 73E5     		b	.L45
 1990              	.L130:
1190:Drivers/STM32G4xx_HAL_Driver/Src/stm32g4xx_hal_rcc_ex.c ****       }
 1991              		.loc 1 1190 19 view .LVU702
 1992 05ea 0548     		ldr	r0, .L172+16
 1993 05ec 71E5     		b	.L45
 1994              	.L173:
 1995 05ee 00BF     		.align	2
 1996              	.L172:
 1997 05f0 90D00300 		.word	250000
 1998 05f4 0024F400 		.word	16000000
 1999 05f8 0080BB00 		.word	12288000
 2000 05fc 00127A00 		.word	8000000
 2001 0600 006CDC02 		.word	48000000
 2002              		.cfi_endproc
 2003              	.LFE134:
 2005              		.section	.text.HAL_RCCEx_EnableLSECSS,"ax",%progbits
ARM GAS  /tmp/ccb7W4Pk.s 			page 67


 2006              		.align	1
 2007              		.global	HAL_RCCEx_EnableLSECSS
 2008              		.syntax unified
 2009              		.thumb
 2010              		.thumb_func
 2012              	HAL_RCCEx_EnableLSECSS:
 2013              	.LFB135:
1307:Drivers/STM32G4xx_HAL_Driver/Src/stm32g4xx_hal_rcc_ex.c **** 
1308:Drivers/STM32G4xx_HAL_Driver/Src/stm32g4xx_hal_rcc_ex.c **** /**
1309:Drivers/STM32G4xx_HAL_Driver/Src/stm32g4xx_hal_rcc_ex.c ****   * @}
1310:Drivers/STM32G4xx_HAL_Driver/Src/stm32g4xx_hal_rcc_ex.c ****   */
1311:Drivers/STM32G4xx_HAL_Driver/Src/stm32g4xx_hal_rcc_ex.c **** 
1312:Drivers/STM32G4xx_HAL_Driver/Src/stm32g4xx_hal_rcc_ex.c **** /** @defgroup RCCEx_Exported_Functions_Group2 Extended Clock management functions
1313:Drivers/STM32G4xx_HAL_Driver/Src/stm32g4xx_hal_rcc_ex.c ****  *  @brief  Extended Clock management functions
1314:Drivers/STM32G4xx_HAL_Driver/Src/stm32g4xx_hal_rcc_ex.c ****  *
1315:Drivers/STM32G4xx_HAL_Driver/Src/stm32g4xx_hal_rcc_ex.c **** @verbatim
1316:Drivers/STM32G4xx_HAL_Driver/Src/stm32g4xx_hal_rcc_ex.c ****  ===============================================================================
1317:Drivers/STM32G4xx_HAL_Driver/Src/stm32g4xx_hal_rcc_ex.c ****                 ##### Extended clock management functions  #####
1318:Drivers/STM32G4xx_HAL_Driver/Src/stm32g4xx_hal_rcc_ex.c ****  ===============================================================================
1319:Drivers/STM32G4xx_HAL_Driver/Src/stm32g4xx_hal_rcc_ex.c ****     [..]
1320:Drivers/STM32G4xx_HAL_Driver/Src/stm32g4xx_hal_rcc_ex.c ****     This subsection provides a set of functions allowing to control the
1321:Drivers/STM32G4xx_HAL_Driver/Src/stm32g4xx_hal_rcc_ex.c ****     activation or deactivation of LSE CSS,
1322:Drivers/STM32G4xx_HAL_Driver/Src/stm32g4xx_hal_rcc_ex.c ****     Low speed clock output and clock after wake-up from STOP mode.
1323:Drivers/STM32G4xx_HAL_Driver/Src/stm32g4xx_hal_rcc_ex.c **** @endverbatim
1324:Drivers/STM32G4xx_HAL_Driver/Src/stm32g4xx_hal_rcc_ex.c ****   * @{
1325:Drivers/STM32G4xx_HAL_Driver/Src/stm32g4xx_hal_rcc_ex.c ****   */
1326:Drivers/STM32G4xx_HAL_Driver/Src/stm32g4xx_hal_rcc_ex.c **** 
1327:Drivers/STM32G4xx_HAL_Driver/Src/stm32g4xx_hal_rcc_ex.c **** /**
1328:Drivers/STM32G4xx_HAL_Driver/Src/stm32g4xx_hal_rcc_ex.c ****   * @brief  Enable the LSE Clock Security System.
1329:Drivers/STM32G4xx_HAL_Driver/Src/stm32g4xx_hal_rcc_ex.c ****   * @note   Prior to enable the LSE Clock Security System, LSE oscillator is to be enabled
1330:Drivers/STM32G4xx_HAL_Driver/Src/stm32g4xx_hal_rcc_ex.c ****   *         with HAL_RCC_OscConfig() and the LSE oscillator clock is to be selected as RTC
1331:Drivers/STM32G4xx_HAL_Driver/Src/stm32g4xx_hal_rcc_ex.c ****   *         clock with HAL_RCCEx_PeriphCLKConfig().
1332:Drivers/STM32G4xx_HAL_Driver/Src/stm32g4xx_hal_rcc_ex.c ****   * @retval None
1333:Drivers/STM32G4xx_HAL_Driver/Src/stm32g4xx_hal_rcc_ex.c ****   */
1334:Drivers/STM32G4xx_HAL_Driver/Src/stm32g4xx_hal_rcc_ex.c **** void HAL_RCCEx_EnableLSECSS(void)
1335:Drivers/STM32G4xx_HAL_Driver/Src/stm32g4xx_hal_rcc_ex.c **** {
 2014              		.loc 1 1335 1 is_stmt 1 view -0
 2015              		.cfi_startproc
 2016              		@ args = 0, pretend = 0, frame = 0
 2017              		@ frame_needed = 0, uses_anonymous_args = 0
 2018              		@ link register save eliminated.
1336:Drivers/STM32G4xx_HAL_Driver/Src/stm32g4xx_hal_rcc_ex.c ****   SET_BIT(RCC->BDCR, RCC_BDCR_LSECSSON) ;
 2019              		.loc 1 1336 3 view .LVU704
 2020 0000 034A     		ldr	r2, .L175
 2021 0002 D2F89030 		ldr	r3, [r2, #144]
 2022 0006 43F02003 		orr	r3, r3, #32
 2023 000a C2F89030 		str	r3, [r2, #144]
1337:Drivers/STM32G4xx_HAL_Driver/Src/stm32g4xx_hal_rcc_ex.c **** }
 2024              		.loc 1 1337 1 is_stmt 0 view .LVU705
 2025 000e 7047     		bx	lr
 2026              	.L176:
 2027              		.align	2
 2028              	.L175:
 2029 0010 00100240 		.word	1073876992
 2030              		.cfi_endproc
 2031              	.LFE135:
 2033              		.section	.text.HAL_RCCEx_DisableLSECSS,"ax",%progbits
ARM GAS  /tmp/ccb7W4Pk.s 			page 68


 2034              		.align	1
 2035              		.global	HAL_RCCEx_DisableLSECSS
 2036              		.syntax unified
 2037              		.thumb
 2038              		.thumb_func
 2040              	HAL_RCCEx_DisableLSECSS:
 2041              	.LFB136:
1338:Drivers/STM32G4xx_HAL_Driver/Src/stm32g4xx_hal_rcc_ex.c **** 
1339:Drivers/STM32G4xx_HAL_Driver/Src/stm32g4xx_hal_rcc_ex.c **** /**
1340:Drivers/STM32G4xx_HAL_Driver/Src/stm32g4xx_hal_rcc_ex.c ****   * @brief  Disable the LSE Clock Security System.
1341:Drivers/STM32G4xx_HAL_Driver/Src/stm32g4xx_hal_rcc_ex.c ****   * @note   LSE Clock Security System can only be disabled after a LSE failure detection.
1342:Drivers/STM32G4xx_HAL_Driver/Src/stm32g4xx_hal_rcc_ex.c ****   * @retval None
1343:Drivers/STM32G4xx_HAL_Driver/Src/stm32g4xx_hal_rcc_ex.c ****   */
1344:Drivers/STM32G4xx_HAL_Driver/Src/stm32g4xx_hal_rcc_ex.c **** void HAL_RCCEx_DisableLSECSS(void)
1345:Drivers/STM32G4xx_HAL_Driver/Src/stm32g4xx_hal_rcc_ex.c **** {
 2042              		.loc 1 1345 1 is_stmt 1 view -0
 2043              		.cfi_startproc
 2044              		@ args = 0, pretend = 0, frame = 0
 2045              		@ frame_needed = 0, uses_anonymous_args = 0
 2046              		@ link register save eliminated.
1346:Drivers/STM32G4xx_HAL_Driver/Src/stm32g4xx_hal_rcc_ex.c ****   CLEAR_BIT(RCC->BDCR, RCC_BDCR_LSECSSON) ;
 2047              		.loc 1 1346 3 view .LVU707
 2048 0000 054B     		ldr	r3, .L178
 2049 0002 D3F89020 		ldr	r2, [r3, #144]
 2050 0006 22F02002 		bic	r2, r2, #32
 2051 000a C3F89020 		str	r2, [r3, #144]
1347:Drivers/STM32G4xx_HAL_Driver/Src/stm32g4xx_hal_rcc_ex.c **** 
1348:Drivers/STM32G4xx_HAL_Driver/Src/stm32g4xx_hal_rcc_ex.c ****   /* Disable LSE CSS IT if any */
1349:Drivers/STM32G4xx_HAL_Driver/Src/stm32g4xx_hal_rcc_ex.c ****   __HAL_RCC_DISABLE_IT(RCC_IT_LSECSS);
 2052              		.loc 1 1349 3 view .LVU708
 2053 000e 9A69     		ldr	r2, [r3, #24]
 2054 0010 22F40072 		bic	r2, r2, #512
 2055 0014 9A61     		str	r2, [r3, #24]
1350:Drivers/STM32G4xx_HAL_Driver/Src/stm32g4xx_hal_rcc_ex.c **** }
 2056              		.loc 1 1350 1 is_stmt 0 view .LVU709
 2057 0016 7047     		bx	lr
 2058              	.L179:
 2059              		.align	2
 2060              	.L178:
 2061 0018 00100240 		.word	1073876992
 2062              		.cfi_endproc
 2063              	.LFE136:
 2065              		.section	.text.HAL_RCCEx_EnableLSECSS_IT,"ax",%progbits
 2066              		.align	1
 2067              		.global	HAL_RCCEx_EnableLSECSS_IT
 2068              		.syntax unified
 2069              		.thumb
 2070              		.thumb_func
 2072              	HAL_RCCEx_EnableLSECSS_IT:
 2073              	.LFB137:
1351:Drivers/STM32G4xx_HAL_Driver/Src/stm32g4xx_hal_rcc_ex.c **** 
1352:Drivers/STM32G4xx_HAL_Driver/Src/stm32g4xx_hal_rcc_ex.c **** /**
1353:Drivers/STM32G4xx_HAL_Driver/Src/stm32g4xx_hal_rcc_ex.c ****   * @brief  Enable the LSE Clock Security System Interrupt & corresponding EXTI line.
1354:Drivers/STM32G4xx_HAL_Driver/Src/stm32g4xx_hal_rcc_ex.c ****   * @note   LSE Clock Security System Interrupt is mapped on RTC EXTI line 19
1355:Drivers/STM32G4xx_HAL_Driver/Src/stm32g4xx_hal_rcc_ex.c ****   * @retval None
1356:Drivers/STM32G4xx_HAL_Driver/Src/stm32g4xx_hal_rcc_ex.c ****   */
1357:Drivers/STM32G4xx_HAL_Driver/Src/stm32g4xx_hal_rcc_ex.c **** void HAL_RCCEx_EnableLSECSS_IT(void)
ARM GAS  /tmp/ccb7W4Pk.s 			page 69


1358:Drivers/STM32G4xx_HAL_Driver/Src/stm32g4xx_hal_rcc_ex.c **** {
 2074              		.loc 1 1358 1 is_stmt 1 view -0
 2075              		.cfi_startproc
 2076              		@ args = 0, pretend = 0, frame = 0
 2077              		@ frame_needed = 0, uses_anonymous_args = 0
 2078              		@ link register save eliminated.
1359:Drivers/STM32G4xx_HAL_Driver/Src/stm32g4xx_hal_rcc_ex.c ****   /* Enable LSE CSS */
1360:Drivers/STM32G4xx_HAL_Driver/Src/stm32g4xx_hal_rcc_ex.c ****   SET_BIT(RCC->BDCR, RCC_BDCR_LSECSSON) ;
 2079              		.loc 1 1360 3 view .LVU711
 2080 0000 0A4B     		ldr	r3, .L181
 2081 0002 D3F89020 		ldr	r2, [r3, #144]
 2082 0006 42F02002 		orr	r2, r2, #32
 2083 000a C3F89020 		str	r2, [r3, #144]
1361:Drivers/STM32G4xx_HAL_Driver/Src/stm32g4xx_hal_rcc_ex.c **** 
1362:Drivers/STM32G4xx_HAL_Driver/Src/stm32g4xx_hal_rcc_ex.c ****   /* Enable LSE CSS IT */
1363:Drivers/STM32G4xx_HAL_Driver/Src/stm32g4xx_hal_rcc_ex.c ****   __HAL_RCC_ENABLE_IT(RCC_IT_LSECSS);
 2084              		.loc 1 1363 3 view .LVU712
 2085 000e 9A69     		ldr	r2, [r3, #24]
 2086 0010 42F40072 		orr	r2, r2, #512
 2087 0014 9A61     		str	r2, [r3, #24]
1364:Drivers/STM32G4xx_HAL_Driver/Src/stm32g4xx_hal_rcc_ex.c **** 
1365:Drivers/STM32G4xx_HAL_Driver/Src/stm32g4xx_hal_rcc_ex.c ****   /* Enable IT on EXTI Line 19 */
1366:Drivers/STM32G4xx_HAL_Driver/Src/stm32g4xx_hal_rcc_ex.c ****   __HAL_RCC_LSECSS_EXTI_ENABLE_IT();
 2088              		.loc 1 1366 3 view .LVU713
 2089 0016 A3F58633 		sub	r3, r3, #68608
 2090 001a 1A68     		ldr	r2, [r3]
 2091 001c 42F40022 		orr	r2, r2, #524288
 2092 0020 1A60     		str	r2, [r3]
1367:Drivers/STM32G4xx_HAL_Driver/Src/stm32g4xx_hal_rcc_ex.c ****   __HAL_RCC_LSECSS_EXTI_ENABLE_RISING_EDGE();
 2093              		.loc 1 1367 3 view .LVU714
 2094 0022 9A68     		ldr	r2, [r3, #8]
 2095 0024 42F40022 		orr	r2, r2, #524288
 2096 0028 9A60     		str	r2, [r3, #8]
1368:Drivers/STM32G4xx_HAL_Driver/Src/stm32g4xx_hal_rcc_ex.c **** }
 2097              		.loc 1 1368 1 is_stmt 0 view .LVU715
 2098 002a 7047     		bx	lr
 2099              	.L182:
 2100              		.align	2
 2101              	.L181:
 2102 002c 00100240 		.word	1073876992
 2103              		.cfi_endproc
 2104              	.LFE137:
 2106              		.section	.text.HAL_RCCEx_LSECSS_Callback,"ax",%progbits
 2107              		.align	1
 2108              		.weak	HAL_RCCEx_LSECSS_Callback
 2109              		.syntax unified
 2110              		.thumb
 2111              		.thumb_func
 2113              	HAL_RCCEx_LSECSS_Callback:
 2114              	.LFB139:
1369:Drivers/STM32G4xx_HAL_Driver/Src/stm32g4xx_hal_rcc_ex.c **** 
1370:Drivers/STM32G4xx_HAL_Driver/Src/stm32g4xx_hal_rcc_ex.c **** /**
1371:Drivers/STM32G4xx_HAL_Driver/Src/stm32g4xx_hal_rcc_ex.c ****   * @brief Handle the RCC LSE Clock Security System interrupt request.
1372:Drivers/STM32G4xx_HAL_Driver/Src/stm32g4xx_hal_rcc_ex.c ****   * @retval None
1373:Drivers/STM32G4xx_HAL_Driver/Src/stm32g4xx_hal_rcc_ex.c ****   */
1374:Drivers/STM32G4xx_HAL_Driver/Src/stm32g4xx_hal_rcc_ex.c **** void HAL_RCCEx_LSECSS_IRQHandler(void)
1375:Drivers/STM32G4xx_HAL_Driver/Src/stm32g4xx_hal_rcc_ex.c **** {
ARM GAS  /tmp/ccb7W4Pk.s 			page 70


1376:Drivers/STM32G4xx_HAL_Driver/Src/stm32g4xx_hal_rcc_ex.c ****   /* Check RCC LSE CSSF flag  */
1377:Drivers/STM32G4xx_HAL_Driver/Src/stm32g4xx_hal_rcc_ex.c ****   if(__HAL_RCC_GET_IT(RCC_IT_LSECSS))
1378:Drivers/STM32G4xx_HAL_Driver/Src/stm32g4xx_hal_rcc_ex.c ****   {
1379:Drivers/STM32G4xx_HAL_Driver/Src/stm32g4xx_hal_rcc_ex.c ****     /* RCC LSE Clock Security System interrupt user callback */
1380:Drivers/STM32G4xx_HAL_Driver/Src/stm32g4xx_hal_rcc_ex.c ****     HAL_RCCEx_LSECSS_Callback();
1381:Drivers/STM32G4xx_HAL_Driver/Src/stm32g4xx_hal_rcc_ex.c **** 
1382:Drivers/STM32G4xx_HAL_Driver/Src/stm32g4xx_hal_rcc_ex.c ****     /* Clear RCC LSE CSS pending bit */
1383:Drivers/STM32G4xx_HAL_Driver/Src/stm32g4xx_hal_rcc_ex.c ****     __HAL_RCC_CLEAR_IT(RCC_IT_LSECSS);
1384:Drivers/STM32G4xx_HAL_Driver/Src/stm32g4xx_hal_rcc_ex.c ****   }
1385:Drivers/STM32G4xx_HAL_Driver/Src/stm32g4xx_hal_rcc_ex.c **** }
1386:Drivers/STM32G4xx_HAL_Driver/Src/stm32g4xx_hal_rcc_ex.c **** 
1387:Drivers/STM32G4xx_HAL_Driver/Src/stm32g4xx_hal_rcc_ex.c **** /**
1388:Drivers/STM32G4xx_HAL_Driver/Src/stm32g4xx_hal_rcc_ex.c ****   * @brief  RCCEx LSE Clock Security System interrupt callback.
1389:Drivers/STM32G4xx_HAL_Driver/Src/stm32g4xx_hal_rcc_ex.c ****   * @retval none
1390:Drivers/STM32G4xx_HAL_Driver/Src/stm32g4xx_hal_rcc_ex.c ****   */
1391:Drivers/STM32G4xx_HAL_Driver/Src/stm32g4xx_hal_rcc_ex.c **** __weak void HAL_RCCEx_LSECSS_Callback(void)
1392:Drivers/STM32G4xx_HAL_Driver/Src/stm32g4xx_hal_rcc_ex.c **** {
 2115              		.loc 1 1392 1 is_stmt 1 view -0
 2116              		.cfi_startproc
 2117              		@ args = 0, pretend = 0, frame = 0
 2118              		@ frame_needed = 0, uses_anonymous_args = 0
 2119              		@ link register save eliminated.
1393:Drivers/STM32G4xx_HAL_Driver/Src/stm32g4xx_hal_rcc_ex.c ****   /* NOTE : This function should not be modified, when the callback is needed,
1394:Drivers/STM32G4xx_HAL_Driver/Src/stm32g4xx_hal_rcc_ex.c ****             the @ref HAL_RCCEx_LSECSS_Callback should be implemented in the user file
1395:Drivers/STM32G4xx_HAL_Driver/Src/stm32g4xx_hal_rcc_ex.c ****    */
1396:Drivers/STM32G4xx_HAL_Driver/Src/stm32g4xx_hal_rcc_ex.c **** }
 2120              		.loc 1 1396 1 view .LVU717
 2121 0000 7047     		bx	lr
 2122              		.cfi_endproc
 2123              	.LFE139:
 2125              		.section	.text.HAL_RCCEx_LSECSS_IRQHandler,"ax",%progbits
 2126              		.align	1
 2127              		.global	HAL_RCCEx_LSECSS_IRQHandler
 2128              		.syntax unified
 2129              		.thumb
 2130              		.thumb_func
 2132              	HAL_RCCEx_LSECSS_IRQHandler:
 2133              	.LFB138:
1375:Drivers/STM32G4xx_HAL_Driver/Src/stm32g4xx_hal_rcc_ex.c ****   /* Check RCC LSE CSSF flag  */
 2134              		.loc 1 1375 1 view -0
 2135              		.cfi_startproc
 2136              		@ args = 0, pretend = 0, frame = 0
 2137              		@ frame_needed = 0, uses_anonymous_args = 0
 2138 0000 08B5     		push	{r3, lr}
 2139              		.cfi_def_cfa_offset 8
 2140              		.cfi_offset 3, -8
 2141              		.cfi_offset 14, -4
1377:Drivers/STM32G4xx_HAL_Driver/Src/stm32g4xx_hal_rcc_ex.c ****   {
 2142              		.loc 1 1377 3 view .LVU719
1377:Drivers/STM32G4xx_HAL_Driver/Src/stm32g4xx_hal_rcc_ex.c ****   {
 2143              		.loc 1 1377 6 is_stmt 0 view .LVU720
 2144 0002 064B     		ldr	r3, .L188
 2145 0004 DB69     		ldr	r3, [r3, #28]
1377:Drivers/STM32G4xx_HAL_Driver/Src/stm32g4xx_hal_rcc_ex.c ****   {
 2146              		.loc 1 1377 5 view .LVU721
 2147 0006 13F4007F 		tst	r3, #512
 2148 000a 00D1     		bne	.L187
ARM GAS  /tmp/ccb7W4Pk.s 			page 71


 2149              	.L184:
1385:Drivers/STM32G4xx_HAL_Driver/Src/stm32g4xx_hal_rcc_ex.c **** 
 2150              		.loc 1 1385 1 view .LVU722
 2151 000c 08BD     		pop	{r3, pc}
 2152              	.L187:
1380:Drivers/STM32G4xx_HAL_Driver/Src/stm32g4xx_hal_rcc_ex.c **** 
 2153              		.loc 1 1380 5 is_stmt 1 view .LVU723
 2154 000e FFF7FEFF 		bl	HAL_RCCEx_LSECSS_Callback
 2155              	.LVL233:
1383:Drivers/STM32G4xx_HAL_Driver/Src/stm32g4xx_hal_rcc_ex.c ****   }
 2156              		.loc 1 1383 5 view .LVU724
 2157 0012 024B     		ldr	r3, .L188
 2158 0014 4FF40072 		mov	r2, #512
 2159 0018 1A62     		str	r2, [r3, #32]
1385:Drivers/STM32G4xx_HAL_Driver/Src/stm32g4xx_hal_rcc_ex.c **** 
 2160              		.loc 1 1385 1 is_stmt 0 view .LVU725
 2161 001a F7E7     		b	.L184
 2162              	.L189:
 2163              		.align	2
 2164              	.L188:
 2165 001c 00100240 		.word	1073876992
 2166              		.cfi_endproc
 2167              	.LFE138:
 2169              		.section	.text.HAL_RCCEx_EnableLSCO,"ax",%progbits
 2170              		.align	1
 2171              		.global	HAL_RCCEx_EnableLSCO
 2172              		.syntax unified
 2173              		.thumb
 2174              		.thumb_func
 2176              	HAL_RCCEx_EnableLSCO:
 2177              	.LVL234:
 2178              	.LFB140:
1397:Drivers/STM32G4xx_HAL_Driver/Src/stm32g4xx_hal_rcc_ex.c **** 
1398:Drivers/STM32G4xx_HAL_Driver/Src/stm32g4xx_hal_rcc_ex.c **** /**
1399:Drivers/STM32G4xx_HAL_Driver/Src/stm32g4xx_hal_rcc_ex.c ****   * @brief  Select the Low Speed clock source to output on LSCO pin (PA2).
1400:Drivers/STM32G4xx_HAL_Driver/Src/stm32g4xx_hal_rcc_ex.c ****   * @param  LSCOSource  specifies the Low Speed clock source to output.
1401:Drivers/STM32G4xx_HAL_Driver/Src/stm32g4xx_hal_rcc_ex.c ****   *          This parameter can be one of the following values:
1402:Drivers/STM32G4xx_HAL_Driver/Src/stm32g4xx_hal_rcc_ex.c ****   *            @arg @ref RCC_LSCOSOURCE_LSI  LSI clock selected as LSCO source
1403:Drivers/STM32G4xx_HAL_Driver/Src/stm32g4xx_hal_rcc_ex.c ****   *            @arg @ref RCC_LSCOSOURCE_LSE  LSE clock selected as LSCO source
1404:Drivers/STM32G4xx_HAL_Driver/Src/stm32g4xx_hal_rcc_ex.c ****   * @retval None
1405:Drivers/STM32G4xx_HAL_Driver/Src/stm32g4xx_hal_rcc_ex.c ****   */
1406:Drivers/STM32G4xx_HAL_Driver/Src/stm32g4xx_hal_rcc_ex.c **** void HAL_RCCEx_EnableLSCO(uint32_t LSCOSource)
1407:Drivers/STM32G4xx_HAL_Driver/Src/stm32g4xx_hal_rcc_ex.c **** {
 2179              		.loc 1 1407 1 is_stmt 1 view -0
 2180              		.cfi_startproc
 2181              		@ args = 0, pretend = 0, frame = 32
 2182              		@ frame_needed = 0, uses_anonymous_args = 0
 2183              		.loc 1 1407 1 is_stmt 0 view .LVU727
 2184 0000 30B5     		push	{r4, r5, lr}
 2185              		.cfi_def_cfa_offset 12
 2186              		.cfi_offset 4, -12
 2187              		.cfi_offset 5, -8
 2188              		.cfi_offset 14, -4
 2189 0002 89B0     		sub	sp, sp, #36
 2190              		.cfi_def_cfa_offset 48
 2191 0004 0546     		mov	r5, r0
1408:Drivers/STM32G4xx_HAL_Driver/Src/stm32g4xx_hal_rcc_ex.c ****   GPIO_InitTypeDef GPIO_InitStruct = {0};
ARM GAS  /tmp/ccb7W4Pk.s 			page 72


 2192              		.loc 1 1408 3 is_stmt 1 view .LVU728
 2193              		.loc 1 1408 20 is_stmt 0 view .LVU729
 2194 0006 03A9     		add	r1, sp, #12
 2195 0008 0023     		movs	r3, #0
 2196 000a 0393     		str	r3, [sp, #12]
 2197 000c 4B60     		str	r3, [r1, #4]
 2198 000e 8B60     		str	r3, [r1, #8]
 2199 0010 CB60     		str	r3, [r1, #12]
 2200 0012 0B61     		str	r3, [r1, #16]
1409:Drivers/STM32G4xx_HAL_Driver/Src/stm32g4xx_hal_rcc_ex.c ****   FlagStatus       pwrclkchanged = RESET;
 2201              		.loc 1 1409 3 is_stmt 1 view .LVU730
 2202              	.LVL235:
1410:Drivers/STM32G4xx_HAL_Driver/Src/stm32g4xx_hal_rcc_ex.c ****   FlagStatus       backupchanged = RESET;
 2203              		.loc 1 1410 3 view .LVU731
1411:Drivers/STM32G4xx_HAL_Driver/Src/stm32g4xx_hal_rcc_ex.c **** 
1412:Drivers/STM32G4xx_HAL_Driver/Src/stm32g4xx_hal_rcc_ex.c ****   /* Check the parameters */
1413:Drivers/STM32G4xx_HAL_Driver/Src/stm32g4xx_hal_rcc_ex.c ****   assert_param(IS_RCC_LSCOSOURCE(LSCOSource));
 2204              		.loc 1 1413 3 view .LVU732
1414:Drivers/STM32G4xx_HAL_Driver/Src/stm32g4xx_hal_rcc_ex.c **** 
1415:Drivers/STM32G4xx_HAL_Driver/Src/stm32g4xx_hal_rcc_ex.c ****   /* LSCO Pin Clock Enable */
1416:Drivers/STM32G4xx_HAL_Driver/Src/stm32g4xx_hal_rcc_ex.c ****   __LSCO_CLK_ENABLE();
 2205              		.loc 1 1416 3 view .LVU733
 2206              	.LBB5:
 2207              		.loc 1 1416 3 view .LVU734
 2208              		.loc 1 1416 3 view .LVU735
 2209 0014 224C     		ldr	r4, .L201
 2210 0016 E36C     		ldr	r3, [r4, #76]
 2211 0018 43F00103 		orr	r3, r3, #1
 2212 001c E364     		str	r3, [r4, #76]
 2213              		.loc 1 1416 3 view .LVU736
 2214 001e E36C     		ldr	r3, [r4, #76]
 2215 0020 03F00103 		and	r3, r3, #1
 2216 0024 0193     		str	r3, [sp, #4]
 2217              		.loc 1 1416 3 view .LVU737
 2218 0026 019B     		ldr	r3, [sp, #4]
 2219              	.LBE5:
 2220              		.loc 1 1416 3 view .LVU738
1417:Drivers/STM32G4xx_HAL_Driver/Src/stm32g4xx_hal_rcc_ex.c **** 
1418:Drivers/STM32G4xx_HAL_Driver/Src/stm32g4xx_hal_rcc_ex.c ****   /* Configure the LSCO pin in analog mode */
1419:Drivers/STM32G4xx_HAL_Driver/Src/stm32g4xx_hal_rcc_ex.c ****   GPIO_InitStruct.Pin = LSCO_PIN;
 2221              		.loc 1 1419 3 view .LVU739
 2222              		.loc 1 1419 23 is_stmt 0 view .LVU740
 2223 0028 0423     		movs	r3, #4
 2224 002a 0393     		str	r3, [sp, #12]
1420:Drivers/STM32G4xx_HAL_Driver/Src/stm32g4xx_hal_rcc_ex.c ****   GPIO_InitStruct.Mode = GPIO_MODE_ANALOG;
 2225              		.loc 1 1420 3 is_stmt 1 view .LVU741
 2226              		.loc 1 1420 24 is_stmt 0 view .LVU742
 2227 002c 0323     		movs	r3, #3
 2228 002e 0493     		str	r3, [sp, #16]
1421:Drivers/STM32G4xx_HAL_Driver/Src/stm32g4xx_hal_rcc_ex.c ****   GPIO_InitStruct.Speed = GPIO_SPEED_FREQ_HIGH;
 2229              		.loc 1 1421 3 is_stmt 1 view .LVU743
 2230              		.loc 1 1421 25 is_stmt 0 view .LVU744
 2231 0030 0223     		movs	r3, #2
 2232 0032 0693     		str	r3, [sp, #24]
1422:Drivers/STM32G4xx_HAL_Driver/Src/stm32g4xx_hal_rcc_ex.c ****   GPIO_InitStruct.Pull = GPIO_NOPULL;
 2233              		.loc 1 1422 3 is_stmt 1 view .LVU745
1423:Drivers/STM32G4xx_HAL_Driver/Src/stm32g4xx_hal_rcc_ex.c ****   HAL_GPIO_Init(LSCO_GPIO_PORT, &GPIO_InitStruct);
ARM GAS  /tmp/ccb7W4Pk.s 			page 73


 2234              		.loc 1 1423 3 view .LVU746
 2235 0034 4FF09040 		mov	r0, #1207959552
 2236              	.LVL236:
 2237              		.loc 1 1423 3 is_stmt 0 view .LVU747
 2238 0038 FFF7FEFF 		bl	HAL_GPIO_Init
 2239              	.LVL237:
1424:Drivers/STM32G4xx_HAL_Driver/Src/stm32g4xx_hal_rcc_ex.c **** 
1425:Drivers/STM32G4xx_HAL_Driver/Src/stm32g4xx_hal_rcc_ex.c ****   /* Update LSCOSEL clock source in Backup Domain control register */
1426:Drivers/STM32G4xx_HAL_Driver/Src/stm32g4xx_hal_rcc_ex.c ****   if(__HAL_RCC_PWR_IS_CLK_DISABLED())
 2240              		.loc 1 1426 3 is_stmt 1 view .LVU748
 2241              		.loc 1 1426 6 is_stmt 0 view .LVU749
 2242 003c A36D     		ldr	r3, [r4, #88]
 2243              		.loc 1 1426 5 view .LVU750
 2244 003e 13F0805F 		tst	r3, #268435456
 2245 0042 1DD1     		bne	.L195
1427:Drivers/STM32G4xx_HAL_Driver/Src/stm32g4xx_hal_rcc_ex.c ****   {
1428:Drivers/STM32G4xx_HAL_Driver/Src/stm32g4xx_hal_rcc_ex.c ****     __HAL_RCC_PWR_CLK_ENABLE();
 2246              		.loc 1 1428 5 is_stmt 1 view .LVU751
 2247              	.LBB6:
 2248              		.loc 1 1428 5 view .LVU752
 2249              		.loc 1 1428 5 view .LVU753
 2250 0044 A26D     		ldr	r2, [r4, #88]
 2251 0046 42F08052 		orr	r2, r2, #268435456
 2252 004a A265     		str	r2, [r4, #88]
 2253              		.loc 1 1428 5 view .LVU754
 2254 004c A36D     		ldr	r3, [r4, #88]
 2255 004e 03F08053 		and	r3, r3, #268435456
 2256 0052 0293     		str	r3, [sp, #8]
 2257              		.loc 1 1428 5 view .LVU755
 2258 0054 029B     		ldr	r3, [sp, #8]
 2259              	.LBE6:
 2260              		.loc 1 1428 5 view .LVU756
1429:Drivers/STM32G4xx_HAL_Driver/Src/stm32g4xx_hal_rcc_ex.c ****     pwrclkchanged = SET;
 2261              		.loc 1 1429 5 view .LVU757
 2262              	.LVL238:
 2263              		.loc 1 1429 19 is_stmt 0 view .LVU758
 2264 0056 0124     		movs	r4, #1
 2265              	.LVL239:
 2266              	.L191:
1430:Drivers/STM32G4xx_HAL_Driver/Src/stm32g4xx_hal_rcc_ex.c ****   }
1431:Drivers/STM32G4xx_HAL_Driver/Src/stm32g4xx_hal_rcc_ex.c ****   if(HAL_IS_BIT_CLR(PWR->CR1, PWR_CR1_DBP))
 2267              		.loc 1 1431 3 is_stmt 1 view .LVU759
 2268              		.loc 1 1431 6 is_stmt 0 view .LVU760
 2269 0058 124B     		ldr	r3, .L201+4
 2270 005a 1B68     		ldr	r3, [r3]
 2271              		.loc 1 1431 5 view .LVU761
 2272 005c 13F4807F 		tst	r3, #256
 2273 0060 10D0     		beq	.L198
1410:Drivers/STM32G4xx_HAL_Driver/Src/stm32g4xx_hal_rcc_ex.c **** 
 2274              		.loc 1 1410 20 view .LVU762
 2275 0062 0022     		movs	r2, #0
 2276              	.LVL240:
 2277              	.L192:
1432:Drivers/STM32G4xx_HAL_Driver/Src/stm32g4xx_hal_rcc_ex.c ****   {
1433:Drivers/STM32G4xx_HAL_Driver/Src/stm32g4xx_hal_rcc_ex.c ****     HAL_PWR_EnableBkUpAccess();
1434:Drivers/STM32G4xx_HAL_Driver/Src/stm32g4xx_hal_rcc_ex.c ****     backupchanged = SET;
1435:Drivers/STM32G4xx_HAL_Driver/Src/stm32g4xx_hal_rcc_ex.c ****   }
ARM GAS  /tmp/ccb7W4Pk.s 			page 74


1436:Drivers/STM32G4xx_HAL_Driver/Src/stm32g4xx_hal_rcc_ex.c **** 
1437:Drivers/STM32G4xx_HAL_Driver/Src/stm32g4xx_hal_rcc_ex.c ****   MODIFY_REG(RCC->BDCR, RCC_BDCR_LSCOSEL | RCC_BDCR_LSCOEN, LSCOSource | RCC_BDCR_LSCOEN);
 2278              		.loc 1 1437 3 is_stmt 1 view .LVU763
 2279 0064 0E4B     		ldr	r3, .L201
 2280 0066 D3F89000 		ldr	r0, [r3, #144]
 2281 006a 20F04070 		bic	r0, r0, #50331648
 2282 006e 2843     		orrs	r0, r0, r5
 2283 0070 40F08070 		orr	r0, r0, #16777216
 2284 0074 C3F89000 		str	r0, [r3, #144]
1438:Drivers/STM32G4xx_HAL_Driver/Src/stm32g4xx_hal_rcc_ex.c **** 
1439:Drivers/STM32G4xx_HAL_Driver/Src/stm32g4xx_hal_rcc_ex.c ****   if(backupchanged == SET)
 2285              		.loc 1 1439 3 view .LVU764
 2286              		.loc 1 1439 5 is_stmt 0 view .LVU765
 2287 0078 42B9     		cbnz	r2, .L199
 2288              	.LVL241:
 2289              	.L193:
1440:Drivers/STM32G4xx_HAL_Driver/Src/stm32g4xx_hal_rcc_ex.c ****   {
1441:Drivers/STM32G4xx_HAL_Driver/Src/stm32g4xx_hal_rcc_ex.c ****     HAL_PWR_DisableBkUpAccess();
1442:Drivers/STM32G4xx_HAL_Driver/Src/stm32g4xx_hal_rcc_ex.c ****   }
1443:Drivers/STM32G4xx_HAL_Driver/Src/stm32g4xx_hal_rcc_ex.c ****   if(pwrclkchanged == SET)
 2290              		.loc 1 1443 3 is_stmt 1 view .LVU766
 2291              		.loc 1 1443 5 is_stmt 0 view .LVU767
 2292 007a 54B9     		cbnz	r4, .L200
 2293              	.L190:
1444:Drivers/STM32G4xx_HAL_Driver/Src/stm32g4xx_hal_rcc_ex.c ****   {
1445:Drivers/STM32G4xx_HAL_Driver/Src/stm32g4xx_hal_rcc_ex.c ****     __HAL_RCC_PWR_CLK_DISABLE();
1446:Drivers/STM32G4xx_HAL_Driver/Src/stm32g4xx_hal_rcc_ex.c ****   }
1447:Drivers/STM32G4xx_HAL_Driver/Src/stm32g4xx_hal_rcc_ex.c **** }
 2294              		.loc 1 1447 1 view .LVU768
 2295 007c 09B0     		add	sp, sp, #36
 2296              		.cfi_remember_state
 2297              		.cfi_def_cfa_offset 12
 2298              		@ sp needed
 2299 007e 30BD     		pop	{r4, r5, pc}
 2300              	.LVL242:
 2301              	.L195:
 2302              		.cfi_restore_state
1409:Drivers/STM32G4xx_HAL_Driver/Src/stm32g4xx_hal_rcc_ex.c ****   FlagStatus       backupchanged = RESET;
 2303              		.loc 1 1409 20 view .LVU769
 2304 0080 0024     		movs	r4, #0
 2305 0082 E9E7     		b	.L191
 2306              	.LVL243:
 2307              	.L198:
1433:Drivers/STM32G4xx_HAL_Driver/Src/stm32g4xx_hal_rcc_ex.c ****     backupchanged = SET;
 2308              		.loc 1 1433 5 is_stmt 1 view .LVU770
 2309 0084 FFF7FEFF 		bl	HAL_PWR_EnableBkUpAccess
 2310              	.LVL244:
1434:Drivers/STM32G4xx_HAL_Driver/Src/stm32g4xx_hal_rcc_ex.c ****   }
 2311              		.loc 1 1434 5 view .LVU771
1434:Drivers/STM32G4xx_HAL_Driver/Src/stm32g4xx_hal_rcc_ex.c ****   }
 2312              		.loc 1 1434 19 is_stmt 0 view .LVU772
 2313 0088 0122     		movs	r2, #1
 2314 008a EBE7     		b	.L192
 2315              	.LVL245:
 2316              	.L199:
1441:Drivers/STM32G4xx_HAL_Driver/Src/stm32g4xx_hal_rcc_ex.c ****   }
 2317              		.loc 1 1441 5 is_stmt 1 view .LVU773
ARM GAS  /tmp/ccb7W4Pk.s 			page 75


 2318 008c FFF7FEFF 		bl	HAL_PWR_DisableBkUpAccess
 2319              	.LVL246:
1441:Drivers/STM32G4xx_HAL_Driver/Src/stm32g4xx_hal_rcc_ex.c ****   }
 2320              		.loc 1 1441 5 is_stmt 0 view .LVU774
 2321 0090 F3E7     		b	.L193
 2322              	.L200:
1445:Drivers/STM32G4xx_HAL_Driver/Src/stm32g4xx_hal_rcc_ex.c ****   }
 2323              		.loc 1 1445 5 is_stmt 1 view .LVU775
 2324 0092 034A     		ldr	r2, .L201
 2325 0094 936D     		ldr	r3, [r2, #88]
 2326 0096 23F08053 		bic	r3, r3, #268435456
 2327 009a 9365     		str	r3, [r2, #88]
 2328              		.loc 1 1447 1 is_stmt 0 view .LVU776
 2329 009c EEE7     		b	.L190
 2330              	.L202:
 2331 009e 00BF     		.align	2
 2332              	.L201:
 2333 00a0 00100240 		.word	1073876992
 2334 00a4 00700040 		.word	1073770496
 2335              		.cfi_endproc
 2336              	.LFE140:
 2338              		.section	.text.HAL_RCCEx_DisableLSCO,"ax",%progbits
 2339              		.align	1
 2340              		.global	HAL_RCCEx_DisableLSCO
 2341              		.syntax unified
 2342              		.thumb
 2343              		.thumb_func
 2345              	HAL_RCCEx_DisableLSCO:
 2346              	.LFB141:
1448:Drivers/STM32G4xx_HAL_Driver/Src/stm32g4xx_hal_rcc_ex.c **** 
1449:Drivers/STM32G4xx_HAL_Driver/Src/stm32g4xx_hal_rcc_ex.c **** /**
1450:Drivers/STM32G4xx_HAL_Driver/Src/stm32g4xx_hal_rcc_ex.c ****   * @brief  Disable the Low Speed clock output.
1451:Drivers/STM32G4xx_HAL_Driver/Src/stm32g4xx_hal_rcc_ex.c ****   * @retval None
1452:Drivers/STM32G4xx_HAL_Driver/Src/stm32g4xx_hal_rcc_ex.c ****   */
1453:Drivers/STM32G4xx_HAL_Driver/Src/stm32g4xx_hal_rcc_ex.c **** void HAL_RCCEx_DisableLSCO(void)
1454:Drivers/STM32G4xx_HAL_Driver/Src/stm32g4xx_hal_rcc_ex.c **** {
 2347              		.loc 1 1454 1 is_stmt 1 view -0
 2348              		.cfi_startproc
 2349              		@ args = 0, pretend = 0, frame = 8
 2350              		@ frame_needed = 0, uses_anonymous_args = 0
 2351 0000 10B5     		push	{r4, lr}
 2352              		.cfi_def_cfa_offset 8
 2353              		.cfi_offset 4, -8
 2354              		.cfi_offset 14, -4
 2355 0002 82B0     		sub	sp, sp, #8
 2356              		.cfi_def_cfa_offset 16
1455:Drivers/STM32G4xx_HAL_Driver/Src/stm32g4xx_hal_rcc_ex.c ****   FlagStatus       pwrclkchanged = RESET;
 2357              		.loc 1 1455 3 view .LVU778
 2358              	.LVL247:
1456:Drivers/STM32G4xx_HAL_Driver/Src/stm32g4xx_hal_rcc_ex.c ****   FlagStatus       backupchanged = RESET;
 2359              		.loc 1 1456 3 view .LVU779
1457:Drivers/STM32G4xx_HAL_Driver/Src/stm32g4xx_hal_rcc_ex.c **** 
1458:Drivers/STM32G4xx_HAL_Driver/Src/stm32g4xx_hal_rcc_ex.c ****   /* Update LSCOEN bit in Backup Domain control register */
1459:Drivers/STM32G4xx_HAL_Driver/Src/stm32g4xx_hal_rcc_ex.c ****   if(__HAL_RCC_PWR_IS_CLK_DISABLED())
 2360              		.loc 1 1459 3 view .LVU780
 2361              		.loc 1 1459 6 is_stmt 0 view .LVU781
 2362 0004 184B     		ldr	r3, .L214
ARM GAS  /tmp/ccb7W4Pk.s 			page 76


 2363 0006 9B6D     		ldr	r3, [r3, #88]
 2364              		.loc 1 1459 5 view .LVU782
 2365 0008 13F0805F 		tst	r3, #268435456
 2366 000c 1CD1     		bne	.L208
1460:Drivers/STM32G4xx_HAL_Driver/Src/stm32g4xx_hal_rcc_ex.c ****   {
1461:Drivers/STM32G4xx_HAL_Driver/Src/stm32g4xx_hal_rcc_ex.c ****     __HAL_RCC_PWR_CLK_ENABLE();
 2367              		.loc 1 1461 5 is_stmt 1 view .LVU783
 2368              	.LBB7:
 2369              		.loc 1 1461 5 view .LVU784
 2370              		.loc 1 1461 5 view .LVU785
 2371 000e 164B     		ldr	r3, .L214
 2372 0010 9A6D     		ldr	r2, [r3, #88]
 2373 0012 42F08052 		orr	r2, r2, #268435456
 2374 0016 9A65     		str	r2, [r3, #88]
 2375              		.loc 1 1461 5 view .LVU786
 2376 0018 9B6D     		ldr	r3, [r3, #88]
 2377 001a 03F08053 		and	r3, r3, #268435456
 2378 001e 0193     		str	r3, [sp, #4]
 2379              		.loc 1 1461 5 view .LVU787
 2380 0020 019B     		ldr	r3, [sp, #4]
 2381              	.LBE7:
 2382              		.loc 1 1461 5 view .LVU788
1462:Drivers/STM32G4xx_HAL_Driver/Src/stm32g4xx_hal_rcc_ex.c ****     pwrclkchanged = SET;
 2383              		.loc 1 1462 5 view .LVU789
 2384              	.LVL248:
 2385              		.loc 1 1462 19 is_stmt 0 view .LVU790
 2386 0022 0123     		movs	r3, #1
 2387 0024 1C46     		mov	r4, r3
 2388              	.LVL249:
 2389              	.L204:
1463:Drivers/STM32G4xx_HAL_Driver/Src/stm32g4xx_hal_rcc_ex.c ****   }
1464:Drivers/STM32G4xx_HAL_Driver/Src/stm32g4xx_hal_rcc_ex.c ****   if(HAL_IS_BIT_CLR(PWR->CR1, PWR_CR1_DBP))
 2390              		.loc 1 1464 3 is_stmt 1 view .LVU791
 2391              		.loc 1 1464 6 is_stmt 0 view .LVU792
 2392 0026 114B     		ldr	r3, .L214+4
 2393 0028 1B68     		ldr	r3, [r3]
 2394              		.loc 1 1464 5 view .LVU793
 2395 002a 13F4807F 		tst	r3, #256
 2396 002e 0ED0     		beq	.L211
1456:Drivers/STM32G4xx_HAL_Driver/Src/stm32g4xx_hal_rcc_ex.c **** 
 2397              		.loc 1 1456 20 view .LVU794
 2398 0030 0021     		movs	r1, #0
 2399              	.LVL250:
 2400              	.L205:
1465:Drivers/STM32G4xx_HAL_Driver/Src/stm32g4xx_hal_rcc_ex.c ****   {
1466:Drivers/STM32G4xx_HAL_Driver/Src/stm32g4xx_hal_rcc_ex.c ****     /* Enable access to the backup domain */
1467:Drivers/STM32G4xx_HAL_Driver/Src/stm32g4xx_hal_rcc_ex.c ****     HAL_PWR_EnableBkUpAccess();
1468:Drivers/STM32G4xx_HAL_Driver/Src/stm32g4xx_hal_rcc_ex.c ****     backupchanged = SET;
1469:Drivers/STM32G4xx_HAL_Driver/Src/stm32g4xx_hal_rcc_ex.c ****   }
1470:Drivers/STM32G4xx_HAL_Driver/Src/stm32g4xx_hal_rcc_ex.c **** 
1471:Drivers/STM32G4xx_HAL_Driver/Src/stm32g4xx_hal_rcc_ex.c ****   CLEAR_BIT(RCC->BDCR, RCC_BDCR_LSCOEN);
 2401              		.loc 1 1471 3 is_stmt 1 view .LVU795
 2402 0032 0D4A     		ldr	r2, .L214
 2403 0034 D2F89030 		ldr	r3, [r2, #144]
 2404 0038 23F08073 		bic	r3, r3, #16777216
 2405 003c C2F89030 		str	r3, [r2, #144]
1472:Drivers/STM32G4xx_HAL_Driver/Src/stm32g4xx_hal_rcc_ex.c **** 
ARM GAS  /tmp/ccb7W4Pk.s 			page 77


1473:Drivers/STM32G4xx_HAL_Driver/Src/stm32g4xx_hal_rcc_ex.c ****   /* Restore previous configuration */
1474:Drivers/STM32G4xx_HAL_Driver/Src/stm32g4xx_hal_rcc_ex.c ****   if(backupchanged == SET)
 2406              		.loc 1 1474 3 view .LVU796
 2407              		.loc 1 1474 5 is_stmt 0 view .LVU797
 2408 0040 49B9     		cbnz	r1, .L212
 2409              	.LVL251:
 2410              	.L206:
1475:Drivers/STM32G4xx_HAL_Driver/Src/stm32g4xx_hal_rcc_ex.c ****   {
1476:Drivers/STM32G4xx_HAL_Driver/Src/stm32g4xx_hal_rcc_ex.c ****     /* Disable access to the backup domain */
1477:Drivers/STM32G4xx_HAL_Driver/Src/stm32g4xx_hal_rcc_ex.c ****     HAL_PWR_DisableBkUpAccess();
1478:Drivers/STM32G4xx_HAL_Driver/Src/stm32g4xx_hal_rcc_ex.c ****   }
1479:Drivers/STM32G4xx_HAL_Driver/Src/stm32g4xx_hal_rcc_ex.c ****   if(pwrclkchanged == SET)
 2411              		.loc 1 1479 3 is_stmt 1 view .LVU798
 2412              		.loc 1 1479 5 is_stmt 0 view .LVU799
 2413 0042 5CB9     		cbnz	r4, .L213
 2414              	.L203:
1480:Drivers/STM32G4xx_HAL_Driver/Src/stm32g4xx_hal_rcc_ex.c ****   {
1481:Drivers/STM32G4xx_HAL_Driver/Src/stm32g4xx_hal_rcc_ex.c ****     __HAL_RCC_PWR_CLK_DISABLE();
1482:Drivers/STM32G4xx_HAL_Driver/Src/stm32g4xx_hal_rcc_ex.c ****   }
1483:Drivers/STM32G4xx_HAL_Driver/Src/stm32g4xx_hal_rcc_ex.c **** }
 2415              		.loc 1 1483 1 view .LVU800
 2416 0044 02B0     		add	sp, sp, #8
 2417              		.cfi_remember_state
 2418              		.cfi_def_cfa_offset 8
 2419              		@ sp needed
 2420 0046 10BD     		pop	{r4, pc}
 2421              	.LVL252:
 2422              	.L208:
 2423              		.cfi_restore_state
1455:Drivers/STM32G4xx_HAL_Driver/Src/stm32g4xx_hal_rcc_ex.c ****   FlagStatus       backupchanged = RESET;
 2424              		.loc 1 1455 20 view .LVU801
 2425 0048 0023     		movs	r3, #0
 2426 004a 1C46     		mov	r4, r3
 2427 004c EBE7     		b	.L204
 2428              	.LVL253:
 2429              	.L211:
1467:Drivers/STM32G4xx_HAL_Driver/Src/stm32g4xx_hal_rcc_ex.c ****     backupchanged = SET;
 2430              		.loc 1 1467 5 is_stmt 1 view .LVU802
 2431 004e FFF7FEFF 		bl	HAL_PWR_EnableBkUpAccess
 2432              	.LVL254:
1468:Drivers/STM32G4xx_HAL_Driver/Src/stm32g4xx_hal_rcc_ex.c ****   }
 2433              		.loc 1 1468 5 view .LVU803
1468:Drivers/STM32G4xx_HAL_Driver/Src/stm32g4xx_hal_rcc_ex.c ****   }
 2434              		.loc 1 1468 19 is_stmt 0 view .LVU804
 2435 0052 0121     		movs	r1, #1
 2436 0054 EDE7     		b	.L205
 2437              	.LVL255:
 2438              	.L212:
1477:Drivers/STM32G4xx_HAL_Driver/Src/stm32g4xx_hal_rcc_ex.c ****   }
 2439              		.loc 1 1477 5 is_stmt 1 view .LVU805
 2440 0056 FFF7FEFF 		bl	HAL_PWR_DisableBkUpAccess
 2441              	.LVL256:
1477:Drivers/STM32G4xx_HAL_Driver/Src/stm32g4xx_hal_rcc_ex.c ****   }
 2442              		.loc 1 1477 5 is_stmt 0 view .LVU806
 2443 005a F2E7     		b	.L206
 2444              	.L213:
1481:Drivers/STM32G4xx_HAL_Driver/Src/stm32g4xx_hal_rcc_ex.c ****   }
ARM GAS  /tmp/ccb7W4Pk.s 			page 78


 2445              		.loc 1 1481 5 is_stmt 1 view .LVU807
 2446 005c 024A     		ldr	r2, .L214
 2447 005e 936D     		ldr	r3, [r2, #88]
 2448 0060 23F08053 		bic	r3, r3, #268435456
 2449 0064 9365     		str	r3, [r2, #88]
 2450              		.loc 1 1483 1 is_stmt 0 view .LVU808
 2451 0066 EDE7     		b	.L203
 2452              	.L215:
 2453              		.align	2
 2454              	.L214:
 2455 0068 00100240 		.word	1073876992
 2456 006c 00700040 		.word	1073770496
 2457              		.cfi_endproc
 2458              	.LFE141:
 2460              		.section	.text.HAL_RCCEx_CRSConfig,"ax",%progbits
 2461              		.align	1
 2462              		.global	HAL_RCCEx_CRSConfig
 2463              		.syntax unified
 2464              		.thumb
 2465              		.thumb_func
 2467              	HAL_RCCEx_CRSConfig:
 2468              	.LVL257:
 2469              	.LFB142:
1484:Drivers/STM32G4xx_HAL_Driver/Src/stm32g4xx_hal_rcc_ex.c **** 
1485:Drivers/STM32G4xx_HAL_Driver/Src/stm32g4xx_hal_rcc_ex.c **** 
1486:Drivers/STM32G4xx_HAL_Driver/Src/stm32g4xx_hal_rcc_ex.c **** /**
1487:Drivers/STM32G4xx_HAL_Driver/Src/stm32g4xx_hal_rcc_ex.c ****   * @}
1488:Drivers/STM32G4xx_HAL_Driver/Src/stm32g4xx_hal_rcc_ex.c ****   */
1489:Drivers/STM32G4xx_HAL_Driver/Src/stm32g4xx_hal_rcc_ex.c **** 
1490:Drivers/STM32G4xx_HAL_Driver/Src/stm32g4xx_hal_rcc_ex.c **** #if defined(CRS)
1491:Drivers/STM32G4xx_HAL_Driver/Src/stm32g4xx_hal_rcc_ex.c **** 
1492:Drivers/STM32G4xx_HAL_Driver/Src/stm32g4xx_hal_rcc_ex.c **** /** @defgroup RCCEx_Exported_Functions_Group3 Extended Clock Recovery System Control functions
1493:Drivers/STM32G4xx_HAL_Driver/Src/stm32g4xx_hal_rcc_ex.c ****  *  @brief  Extended Clock Recovery System Control functions
1494:Drivers/STM32G4xx_HAL_Driver/Src/stm32g4xx_hal_rcc_ex.c ****  *
1495:Drivers/STM32G4xx_HAL_Driver/Src/stm32g4xx_hal_rcc_ex.c **** @verbatim
1496:Drivers/STM32G4xx_HAL_Driver/Src/stm32g4xx_hal_rcc_ex.c ****  ===============================================================================
1497:Drivers/STM32G4xx_HAL_Driver/Src/stm32g4xx_hal_rcc_ex.c ****                 ##### Extended Clock Recovery System Control functions  #####
1498:Drivers/STM32G4xx_HAL_Driver/Src/stm32g4xx_hal_rcc_ex.c ****  ===============================================================================
1499:Drivers/STM32G4xx_HAL_Driver/Src/stm32g4xx_hal_rcc_ex.c ****     [..]
1500:Drivers/STM32G4xx_HAL_Driver/Src/stm32g4xx_hal_rcc_ex.c ****       For devices with Clock Recovery System feature (CRS), RCC Extension HAL driver can be used as
1501:Drivers/STM32G4xx_HAL_Driver/Src/stm32g4xx_hal_rcc_ex.c **** 
1502:Drivers/STM32G4xx_HAL_Driver/Src/stm32g4xx_hal_rcc_ex.c ****       (#) In System clock config, HSI48 needs to be enabled
1503:Drivers/STM32G4xx_HAL_Driver/Src/stm32g4xx_hal_rcc_ex.c **** 
1504:Drivers/STM32G4xx_HAL_Driver/Src/stm32g4xx_hal_rcc_ex.c ****       (#) Enable CRS clock in IP MSP init which will use CRS functions
1505:Drivers/STM32G4xx_HAL_Driver/Src/stm32g4xx_hal_rcc_ex.c **** 
1506:Drivers/STM32G4xx_HAL_Driver/Src/stm32g4xx_hal_rcc_ex.c ****       (#) Call CRS functions as follows:
1507:Drivers/STM32G4xx_HAL_Driver/Src/stm32g4xx_hal_rcc_ex.c ****           (##) Prepare synchronization configuration necessary for HSI48 calibration
1508:Drivers/STM32G4xx_HAL_Driver/Src/stm32g4xx_hal_rcc_ex.c ****               (+++) Default values can be set for frequency Error Measurement (reload and error lim
1509:Drivers/STM32G4xx_HAL_Driver/Src/stm32g4xx_hal_rcc_ex.c ****                         and also HSI48 oscillator smooth trimming.
1510:Drivers/STM32G4xx_HAL_Driver/Src/stm32g4xx_hal_rcc_ex.c ****               (+++) Macro __HAL_RCC_CRS_RELOADVALUE_CALCULATE can be also used to calculate
1511:Drivers/STM32G4xx_HAL_Driver/Src/stm32g4xx_hal_rcc_ex.c ****                         directly reload value with target and sychronization frequencies values
1512:Drivers/STM32G4xx_HAL_Driver/Src/stm32g4xx_hal_rcc_ex.c ****           (##) Call function HAL_RCCEx_CRSConfig which
1513:Drivers/STM32G4xx_HAL_Driver/Src/stm32g4xx_hal_rcc_ex.c ****               (+++) Resets CRS registers to their default values.
1514:Drivers/STM32G4xx_HAL_Driver/Src/stm32g4xx_hal_rcc_ex.c ****               (+++) Configures CRS registers with synchronization configuration
1515:Drivers/STM32G4xx_HAL_Driver/Src/stm32g4xx_hal_rcc_ex.c ****               (+++) Enables automatic calibration and frequency error counter feature
1516:Drivers/STM32G4xx_HAL_Driver/Src/stm32g4xx_hal_rcc_ex.c ****            Note: When using USB LPM (Link Power Management) and the device is in Sleep mode, the
1517:Drivers/STM32G4xx_HAL_Driver/Src/stm32g4xx_hal_rcc_ex.c ****            periodic USB SOF will not be generated by the host. No SYNC signal will therefore be
ARM GAS  /tmp/ccb7W4Pk.s 			page 79


1518:Drivers/STM32G4xx_HAL_Driver/Src/stm32g4xx_hal_rcc_ex.c ****            provided to the CRS to calibrate the HSI48 on the run. To guarantee the required clock
1519:Drivers/STM32G4xx_HAL_Driver/Src/stm32g4xx_hal_rcc_ex.c ****            precision after waking up from Sleep mode, the LSE or reference clock on the GPIOs
1520:Drivers/STM32G4xx_HAL_Driver/Src/stm32g4xx_hal_rcc_ex.c ****            should be used as SYNC signal.
1521:Drivers/STM32G4xx_HAL_Driver/Src/stm32g4xx_hal_rcc_ex.c **** 
1522:Drivers/STM32G4xx_HAL_Driver/Src/stm32g4xx_hal_rcc_ex.c ****           (##) A polling function is provided to wait for complete synchronization
1523:Drivers/STM32G4xx_HAL_Driver/Src/stm32g4xx_hal_rcc_ex.c ****               (+++) Call function HAL_RCCEx_CRSWaitSynchronization()
1524:Drivers/STM32G4xx_HAL_Driver/Src/stm32g4xx_hal_rcc_ex.c ****               (+++) According to CRS status, user can decide to adjust again the calibration or con
1525:Drivers/STM32G4xx_HAL_Driver/Src/stm32g4xx_hal_rcc_ex.c ****                         application if synchronization is OK
1526:Drivers/STM32G4xx_HAL_Driver/Src/stm32g4xx_hal_rcc_ex.c **** 
1527:Drivers/STM32G4xx_HAL_Driver/Src/stm32g4xx_hal_rcc_ex.c ****       (#) User can retrieve information related to synchronization in calling function
1528:Drivers/STM32G4xx_HAL_Driver/Src/stm32g4xx_hal_rcc_ex.c ****             HAL_RCCEx_CRSGetSynchronizationInfo()
1529:Drivers/STM32G4xx_HAL_Driver/Src/stm32g4xx_hal_rcc_ex.c **** 
1530:Drivers/STM32G4xx_HAL_Driver/Src/stm32g4xx_hal_rcc_ex.c ****       (#) Regarding synchronization status and synchronization information, user can try a new cali
1531:Drivers/STM32G4xx_HAL_Driver/Src/stm32g4xx_hal_rcc_ex.c ****            in changing synchronization configuration and call again HAL_RCCEx_CRSConfig.
1532:Drivers/STM32G4xx_HAL_Driver/Src/stm32g4xx_hal_rcc_ex.c ****            Note: When the SYNC event is detected during the downcounting phase (before reaching the
1533:Drivers/STM32G4xx_HAL_Driver/Src/stm32g4xx_hal_rcc_ex.c ****            it means that the actual frequency is lower than the target (and so, that the TRIM value
1534:Drivers/STM32G4xx_HAL_Driver/Src/stm32g4xx_hal_rcc_ex.c ****            incremented), while when it is detected during the upcounting phase it means that the ac
1535:Drivers/STM32G4xx_HAL_Driver/Src/stm32g4xx_hal_rcc_ex.c ****            is higher (and that the TRIM value should be decremented).
1536:Drivers/STM32G4xx_HAL_Driver/Src/stm32g4xx_hal_rcc_ex.c **** 
1537:Drivers/STM32G4xx_HAL_Driver/Src/stm32g4xx_hal_rcc_ex.c ****       (#) In interrupt mode, user can resort to the available macros (__HAL_RCC_CRS_XXX_IT). Interr
1538:Drivers/STM32G4xx_HAL_Driver/Src/stm32g4xx_hal_rcc_ex.c ****           through CRS Handler (CRS_IRQn/CRS_IRQHandler)
1539:Drivers/STM32G4xx_HAL_Driver/Src/stm32g4xx_hal_rcc_ex.c ****               (++) Call function HAL_RCCEx_CRSConfig()
1540:Drivers/STM32G4xx_HAL_Driver/Src/stm32g4xx_hal_rcc_ex.c ****               (++) Enable CRS_IRQn (thanks to NVIC functions)
1541:Drivers/STM32G4xx_HAL_Driver/Src/stm32g4xx_hal_rcc_ex.c ****               (++) Enable CRS interrupt (__HAL_RCC_CRS_ENABLE_IT)
1542:Drivers/STM32G4xx_HAL_Driver/Src/stm32g4xx_hal_rcc_ex.c ****               (++) Implement CRS status management in the following user callbacks called from
1543:Drivers/STM32G4xx_HAL_Driver/Src/stm32g4xx_hal_rcc_ex.c ****                    HAL_RCCEx_CRS_IRQHandler():
1544:Drivers/STM32G4xx_HAL_Driver/Src/stm32g4xx_hal_rcc_ex.c ****                    (+++) HAL_RCCEx_CRS_SyncOkCallback()
1545:Drivers/STM32G4xx_HAL_Driver/Src/stm32g4xx_hal_rcc_ex.c ****                    (+++) HAL_RCCEx_CRS_SyncWarnCallback()
1546:Drivers/STM32G4xx_HAL_Driver/Src/stm32g4xx_hal_rcc_ex.c ****                    (+++) HAL_RCCEx_CRS_ExpectedSyncCallback()
1547:Drivers/STM32G4xx_HAL_Driver/Src/stm32g4xx_hal_rcc_ex.c ****                    (+++) HAL_RCCEx_CRS_ErrorCallback()
1548:Drivers/STM32G4xx_HAL_Driver/Src/stm32g4xx_hal_rcc_ex.c **** 
1549:Drivers/STM32G4xx_HAL_Driver/Src/stm32g4xx_hal_rcc_ex.c ****       (#) To force a SYNC EVENT, user can use the function HAL_RCCEx_CRSSoftwareSynchronizationGene
1550:Drivers/STM32G4xx_HAL_Driver/Src/stm32g4xx_hal_rcc_ex.c ****           This function can be called before calling HAL_RCCEx_CRSConfig (for instance in Systick h
1551:Drivers/STM32G4xx_HAL_Driver/Src/stm32g4xx_hal_rcc_ex.c **** 
1552:Drivers/STM32G4xx_HAL_Driver/Src/stm32g4xx_hal_rcc_ex.c **** @endverbatim
1553:Drivers/STM32G4xx_HAL_Driver/Src/stm32g4xx_hal_rcc_ex.c ****  * @{
1554:Drivers/STM32G4xx_HAL_Driver/Src/stm32g4xx_hal_rcc_ex.c ****  */
1555:Drivers/STM32G4xx_HAL_Driver/Src/stm32g4xx_hal_rcc_ex.c **** 
1556:Drivers/STM32G4xx_HAL_Driver/Src/stm32g4xx_hal_rcc_ex.c **** /**
1557:Drivers/STM32G4xx_HAL_Driver/Src/stm32g4xx_hal_rcc_ex.c ****   * @brief  Start automatic synchronization for polling mode
1558:Drivers/STM32G4xx_HAL_Driver/Src/stm32g4xx_hal_rcc_ex.c ****   * @param  pInit Pointer on RCC_CRSInitTypeDef structure
1559:Drivers/STM32G4xx_HAL_Driver/Src/stm32g4xx_hal_rcc_ex.c ****   * @retval None
1560:Drivers/STM32G4xx_HAL_Driver/Src/stm32g4xx_hal_rcc_ex.c ****   */
1561:Drivers/STM32G4xx_HAL_Driver/Src/stm32g4xx_hal_rcc_ex.c **** void HAL_RCCEx_CRSConfig(RCC_CRSInitTypeDef const *pInit)
1562:Drivers/STM32G4xx_HAL_Driver/Src/stm32g4xx_hal_rcc_ex.c **** {
 2470              		.loc 1 1562 1 is_stmt 1 view -0
 2471              		.cfi_startproc
 2472              		@ args = 0, pretend = 0, frame = 0
 2473              		@ frame_needed = 0, uses_anonymous_args = 0
 2474              		@ link register save eliminated.
1563:Drivers/STM32G4xx_HAL_Driver/Src/stm32g4xx_hal_rcc_ex.c ****   uint32_t value;
 2475              		.loc 1 1563 3 view .LVU810
1564:Drivers/STM32G4xx_HAL_Driver/Src/stm32g4xx_hal_rcc_ex.c **** 
1565:Drivers/STM32G4xx_HAL_Driver/Src/stm32g4xx_hal_rcc_ex.c ****   /* Check the parameters */
1566:Drivers/STM32G4xx_HAL_Driver/Src/stm32g4xx_hal_rcc_ex.c ****   assert_param(IS_RCC_CRS_SYNC_DIV(pInit->Prescaler));
 2476              		.loc 1 1566 3 view .LVU811
1567:Drivers/STM32G4xx_HAL_Driver/Src/stm32g4xx_hal_rcc_ex.c ****   assert_param(IS_RCC_CRS_SYNC_SOURCE(pInit->Source));
ARM GAS  /tmp/ccb7W4Pk.s 			page 80


 2477              		.loc 1 1567 3 view .LVU812
1568:Drivers/STM32G4xx_HAL_Driver/Src/stm32g4xx_hal_rcc_ex.c ****   assert_param(IS_RCC_CRS_SYNC_POLARITY(pInit->Polarity));
 2478              		.loc 1 1568 3 view .LVU813
1569:Drivers/STM32G4xx_HAL_Driver/Src/stm32g4xx_hal_rcc_ex.c ****   assert_param(IS_RCC_CRS_RELOADVALUE(pInit->ReloadValue));
 2479              		.loc 1 1569 3 view .LVU814
1570:Drivers/STM32G4xx_HAL_Driver/Src/stm32g4xx_hal_rcc_ex.c ****   assert_param(IS_RCC_CRS_ERRORLIMIT(pInit->ErrorLimitValue));
 2480              		.loc 1 1570 3 view .LVU815
1571:Drivers/STM32G4xx_HAL_Driver/Src/stm32g4xx_hal_rcc_ex.c ****   assert_param(IS_RCC_CRS_HSI48CALIBRATION(pInit->HSI48CalibrationValue));
 2481              		.loc 1 1571 3 view .LVU816
1572:Drivers/STM32G4xx_HAL_Driver/Src/stm32g4xx_hal_rcc_ex.c **** 
1573:Drivers/STM32G4xx_HAL_Driver/Src/stm32g4xx_hal_rcc_ex.c ****   /* CONFIGURATION */
1574:Drivers/STM32G4xx_HAL_Driver/Src/stm32g4xx_hal_rcc_ex.c **** 
1575:Drivers/STM32G4xx_HAL_Driver/Src/stm32g4xx_hal_rcc_ex.c ****   /* Before configuration, reset CRS registers to their default values*/
1576:Drivers/STM32G4xx_HAL_Driver/Src/stm32g4xx_hal_rcc_ex.c ****   __HAL_RCC_CRS_FORCE_RESET();
 2482              		.loc 1 1576 3 view .LVU817
 2483 0000 104B     		ldr	r3, .L217
 2484 0002 9A6B     		ldr	r2, [r3, #56]
 2485 0004 42F48072 		orr	r2, r2, #256
 2486 0008 9A63     		str	r2, [r3, #56]
1577:Drivers/STM32G4xx_HAL_Driver/Src/stm32g4xx_hal_rcc_ex.c ****   __HAL_RCC_CRS_RELEASE_RESET();
 2487              		.loc 1 1577 3 view .LVU818
 2488 000a 9A6B     		ldr	r2, [r3, #56]
 2489 000c 22F48072 		bic	r2, r2, #256
 2490 0010 9A63     		str	r2, [r3, #56]
1578:Drivers/STM32G4xx_HAL_Driver/Src/stm32g4xx_hal_rcc_ex.c **** 
1579:Drivers/STM32G4xx_HAL_Driver/Src/stm32g4xx_hal_rcc_ex.c ****   /* Set the SYNCDIV[2:0] bits according to Prescaler value */
1580:Drivers/STM32G4xx_HAL_Driver/Src/stm32g4xx_hal_rcc_ex.c ****   /* Set the SYNCSRC[1:0] bits according to Source value */
1581:Drivers/STM32G4xx_HAL_Driver/Src/stm32g4xx_hal_rcc_ex.c ****   /* Set the SYNCSPOL bit according to Polarity value */
1582:Drivers/STM32G4xx_HAL_Driver/Src/stm32g4xx_hal_rcc_ex.c ****   value = (pInit->Prescaler | pInit->Source | pInit->Polarity);
 2491              		.loc 1 1582 3 view .LVU819
 2492              		.loc 1 1582 17 is_stmt 0 view .LVU820
 2493 0012 0368     		ldr	r3, [r0]
 2494              		.loc 1 1582 36 view .LVU821
 2495 0014 4268     		ldr	r2, [r0, #4]
 2496              		.loc 1 1582 29 view .LVU822
 2497 0016 1343     		orrs	r3, r3, r2
 2498              		.loc 1 1582 52 view .LVU823
 2499 0018 8268     		ldr	r2, [r0, #8]
 2500              		.loc 1 1582 9 view .LVU824
 2501 001a 1A43     		orrs	r2, r2, r3
 2502              	.LVL258:
1583:Drivers/STM32G4xx_HAL_Driver/Src/stm32g4xx_hal_rcc_ex.c ****   /* Set the RELOAD[15:0] bits according to ReloadValue value */
1584:Drivers/STM32G4xx_HAL_Driver/Src/stm32g4xx_hal_rcc_ex.c ****   value |= pInit->ReloadValue;
 2503              		.loc 1 1584 3 is_stmt 1 view .LVU825
 2504              		.loc 1 1584 17 is_stmt 0 view .LVU826
 2505 001c C368     		ldr	r3, [r0, #12]
 2506              		.loc 1 1584 9 view .LVU827
 2507 001e 1343     		orrs	r3, r3, r2
 2508              	.LVL259:
1585:Drivers/STM32G4xx_HAL_Driver/Src/stm32g4xx_hal_rcc_ex.c ****   /* Set the FELIM[7:0] bits according to ErrorLimitValue value */
1586:Drivers/STM32G4xx_HAL_Driver/Src/stm32g4xx_hal_rcc_ex.c ****   value |= (pInit->ErrorLimitValue << CRS_CFGR_FELIM_Pos);
 2509              		.loc 1 1586 3 is_stmt 1 view .LVU828
 2510              		.loc 1 1586 18 is_stmt 0 view .LVU829
 2511 0020 0269     		ldr	r2, [r0, #16]
 2512              		.loc 1 1586 9 view .LVU830
 2513 0022 43EA0242 		orr	r2, r3, r2, lsl #16
 2514              	.LVL260:
ARM GAS  /tmp/ccb7W4Pk.s 			page 81


1587:Drivers/STM32G4xx_HAL_Driver/Src/stm32g4xx_hal_rcc_ex.c ****   WRITE_REG(CRS->CFGR, value);
 2515              		.loc 1 1587 3 is_stmt 1 view .LVU831
 2516 0026 084B     		ldr	r3, .L217+4
 2517 0028 5A60     		str	r2, [r3, #4]
1588:Drivers/STM32G4xx_HAL_Driver/Src/stm32g4xx_hal_rcc_ex.c **** 
1589:Drivers/STM32G4xx_HAL_Driver/Src/stm32g4xx_hal_rcc_ex.c ****   /* Adjust HSI48 oscillator smooth trimming */
1590:Drivers/STM32G4xx_HAL_Driver/Src/stm32g4xx_hal_rcc_ex.c ****   /* Set the TRIM[6:0] bits according to RCC_CRS_HSI48CalibrationValue value */
1591:Drivers/STM32G4xx_HAL_Driver/Src/stm32g4xx_hal_rcc_ex.c ****   MODIFY_REG(CRS->CR, CRS_CR_TRIM, (pInit->HSI48CalibrationValue << CRS_CR_TRIM_Pos));
 2518              		.loc 1 1591 3 view .LVU832
 2519 002a 1A68     		ldr	r2, [r3]
 2520              	.LVL261:
 2521              		.loc 1 1591 3 is_stmt 0 view .LVU833
 2522 002c 22F4FE42 		bic	r2, r2, #32512
 2523 0030 4169     		ldr	r1, [r0, #20]
 2524 0032 42EA0122 		orr	r2, r2, r1, lsl #8
 2525 0036 1A60     		str	r2, [r3]
 2526              	.LVL262:
1592:Drivers/STM32G4xx_HAL_Driver/Src/stm32g4xx_hal_rcc_ex.c **** 
1593:Drivers/STM32G4xx_HAL_Driver/Src/stm32g4xx_hal_rcc_ex.c ****   /* START AUTOMATIC SYNCHRONIZATION*/
1594:Drivers/STM32G4xx_HAL_Driver/Src/stm32g4xx_hal_rcc_ex.c **** 
1595:Drivers/STM32G4xx_HAL_Driver/Src/stm32g4xx_hal_rcc_ex.c ****   /* Enable Automatic trimming & Frequency error counter */
1596:Drivers/STM32G4xx_HAL_Driver/Src/stm32g4xx_hal_rcc_ex.c ****   SET_BIT(CRS->CR, CRS_CR_AUTOTRIMEN | CRS_CR_CEN);
 2527              		.loc 1 1596 3 is_stmt 1 view .LVU834
 2528 0038 1A68     		ldr	r2, [r3]
 2529 003a 42F06002 		orr	r2, r2, #96
 2530 003e 1A60     		str	r2, [r3]
1597:Drivers/STM32G4xx_HAL_Driver/Src/stm32g4xx_hal_rcc_ex.c **** }
 2531              		.loc 1 1597 1 is_stmt 0 view .LVU835
 2532 0040 7047     		bx	lr
 2533              	.L218:
 2534 0042 00BF     		.align	2
 2535              	.L217:
 2536 0044 00100240 		.word	1073876992
 2537 0048 00200040 		.word	1073750016
 2538              		.cfi_endproc
 2539              	.LFE142:
 2541              		.section	.text.HAL_RCCEx_CRSSoftwareSynchronizationGenerate,"ax",%progbits
 2542              		.align	1
 2543              		.global	HAL_RCCEx_CRSSoftwareSynchronizationGenerate
 2544              		.syntax unified
 2545              		.thumb
 2546              		.thumb_func
 2548              	HAL_RCCEx_CRSSoftwareSynchronizationGenerate:
 2549              	.LFB143:
1598:Drivers/STM32G4xx_HAL_Driver/Src/stm32g4xx_hal_rcc_ex.c **** 
1599:Drivers/STM32G4xx_HAL_Driver/Src/stm32g4xx_hal_rcc_ex.c **** /**
1600:Drivers/STM32G4xx_HAL_Driver/Src/stm32g4xx_hal_rcc_ex.c ****   * @brief  Generate the software synchronization event
1601:Drivers/STM32G4xx_HAL_Driver/Src/stm32g4xx_hal_rcc_ex.c ****   * @retval None
1602:Drivers/STM32G4xx_HAL_Driver/Src/stm32g4xx_hal_rcc_ex.c ****   */
1603:Drivers/STM32G4xx_HAL_Driver/Src/stm32g4xx_hal_rcc_ex.c **** void HAL_RCCEx_CRSSoftwareSynchronizationGenerate(void)
1604:Drivers/STM32G4xx_HAL_Driver/Src/stm32g4xx_hal_rcc_ex.c **** {
 2550              		.loc 1 1604 1 is_stmt 1 view -0
 2551              		.cfi_startproc
 2552              		@ args = 0, pretend = 0, frame = 0
 2553              		@ frame_needed = 0, uses_anonymous_args = 0
 2554              		@ link register save eliminated.
1605:Drivers/STM32G4xx_HAL_Driver/Src/stm32g4xx_hal_rcc_ex.c ****   SET_BIT(CRS->CR, CRS_CR_SWSYNC);
ARM GAS  /tmp/ccb7W4Pk.s 			page 82


 2555              		.loc 1 1605 3 view .LVU837
 2556 0000 024A     		ldr	r2, .L220
 2557 0002 1368     		ldr	r3, [r2]
 2558 0004 43F08003 		orr	r3, r3, #128
 2559 0008 1360     		str	r3, [r2]
1606:Drivers/STM32G4xx_HAL_Driver/Src/stm32g4xx_hal_rcc_ex.c **** }
 2560              		.loc 1 1606 1 is_stmt 0 view .LVU838
 2561 000a 7047     		bx	lr
 2562              	.L221:
 2563              		.align	2
 2564              	.L220:
 2565 000c 00200040 		.word	1073750016
 2566              		.cfi_endproc
 2567              	.LFE143:
 2569              		.section	.text.HAL_RCCEx_CRSGetSynchronizationInfo,"ax",%progbits
 2570              		.align	1
 2571              		.global	HAL_RCCEx_CRSGetSynchronizationInfo
 2572              		.syntax unified
 2573              		.thumb
 2574              		.thumb_func
 2576              	HAL_RCCEx_CRSGetSynchronizationInfo:
 2577              	.LVL263:
 2578              	.LFB144:
1607:Drivers/STM32G4xx_HAL_Driver/Src/stm32g4xx_hal_rcc_ex.c **** 
1608:Drivers/STM32G4xx_HAL_Driver/Src/stm32g4xx_hal_rcc_ex.c **** /**
1609:Drivers/STM32G4xx_HAL_Driver/Src/stm32g4xx_hal_rcc_ex.c ****   * @brief  Return synchronization info
1610:Drivers/STM32G4xx_HAL_Driver/Src/stm32g4xx_hal_rcc_ex.c ****   * @param  pSynchroInfo Pointer on RCC_CRSSynchroInfoTypeDef structure
1611:Drivers/STM32G4xx_HAL_Driver/Src/stm32g4xx_hal_rcc_ex.c ****   * @retval None
1612:Drivers/STM32G4xx_HAL_Driver/Src/stm32g4xx_hal_rcc_ex.c ****   */
1613:Drivers/STM32G4xx_HAL_Driver/Src/stm32g4xx_hal_rcc_ex.c **** void HAL_RCCEx_CRSGetSynchronizationInfo(RCC_CRSSynchroInfoTypeDef *pSynchroInfo)
1614:Drivers/STM32G4xx_HAL_Driver/Src/stm32g4xx_hal_rcc_ex.c **** {
 2579              		.loc 1 1614 1 is_stmt 1 view -0
 2580              		.cfi_startproc
 2581              		@ args = 0, pretend = 0, frame = 0
 2582              		@ frame_needed = 0, uses_anonymous_args = 0
 2583              		@ link register save eliminated.
1615:Drivers/STM32G4xx_HAL_Driver/Src/stm32g4xx_hal_rcc_ex.c ****   /* Check the parameter */
1616:Drivers/STM32G4xx_HAL_Driver/Src/stm32g4xx_hal_rcc_ex.c ****   assert_param(pSynchroInfo != (void *)NULL);
 2584              		.loc 1 1616 3 view .LVU840
1617:Drivers/STM32G4xx_HAL_Driver/Src/stm32g4xx_hal_rcc_ex.c **** 
1618:Drivers/STM32G4xx_HAL_Driver/Src/stm32g4xx_hal_rcc_ex.c ****   /* Get the reload value */
1619:Drivers/STM32G4xx_HAL_Driver/Src/stm32g4xx_hal_rcc_ex.c ****   pSynchroInfo->ReloadValue = (READ_BIT(CRS->CFGR, CRS_CFGR_RELOAD));
 2585              		.loc 1 1619 3 view .LVU841
 2586              		.loc 1 1619 32 is_stmt 0 view .LVU842
 2587 0000 074B     		ldr	r3, .L223
 2588 0002 5A68     		ldr	r2, [r3, #4]
 2589 0004 92B2     		uxth	r2, r2
 2590              		.loc 1 1619 29 view .LVU843
 2591 0006 0260     		str	r2, [r0]
1620:Drivers/STM32G4xx_HAL_Driver/Src/stm32g4xx_hal_rcc_ex.c **** 
1621:Drivers/STM32G4xx_HAL_Driver/Src/stm32g4xx_hal_rcc_ex.c ****   /* Get HSI48 oscillator smooth trimming */
1622:Drivers/STM32G4xx_HAL_Driver/Src/stm32g4xx_hal_rcc_ex.c ****   pSynchroInfo->HSI48CalibrationValue = (READ_BIT(CRS->CR, CRS_CR_TRIM) >> CRS_CR_TRIM_Pos);
 2592              		.loc 1 1622 3 is_stmt 1 view .LVU844
 2593              		.loc 1 1622 42 is_stmt 0 view .LVU845
 2594 0008 1A68     		ldr	r2, [r3]
 2595              		.loc 1 1622 73 view .LVU846
 2596 000a C2F30622 		ubfx	r2, r2, #8, #7
ARM GAS  /tmp/ccb7W4Pk.s 			page 83


 2597              		.loc 1 1622 39 view .LVU847
 2598 000e 4260     		str	r2, [r0, #4]
1623:Drivers/STM32G4xx_HAL_Driver/Src/stm32g4xx_hal_rcc_ex.c **** 
1624:Drivers/STM32G4xx_HAL_Driver/Src/stm32g4xx_hal_rcc_ex.c ****   /* Get Frequency error capture */
1625:Drivers/STM32G4xx_HAL_Driver/Src/stm32g4xx_hal_rcc_ex.c ****   pSynchroInfo->FreqErrorCapture = (READ_BIT(CRS->ISR, CRS_ISR_FECAP) >> CRS_ISR_FECAP_Pos);
 2599              		.loc 1 1625 3 is_stmt 1 view .LVU848
 2600              		.loc 1 1625 37 is_stmt 0 view .LVU849
 2601 0010 9A68     		ldr	r2, [r3, #8]
 2602              		.loc 1 1625 71 view .LVU850
 2603 0012 120C     		lsrs	r2, r2, #16
 2604              		.loc 1 1625 34 view .LVU851
 2605 0014 8260     		str	r2, [r0, #8]
1626:Drivers/STM32G4xx_HAL_Driver/Src/stm32g4xx_hal_rcc_ex.c **** 
1627:Drivers/STM32G4xx_HAL_Driver/Src/stm32g4xx_hal_rcc_ex.c ****   /* Get Frequency error direction */
1628:Drivers/STM32G4xx_HAL_Driver/Src/stm32g4xx_hal_rcc_ex.c ****   pSynchroInfo->FreqErrorDirection = (READ_BIT(CRS->ISR, CRS_ISR_FEDIR));
 2606              		.loc 1 1628 3 is_stmt 1 view .LVU852
 2607              		.loc 1 1628 39 is_stmt 0 view .LVU853
 2608 0016 9B68     		ldr	r3, [r3, #8]
 2609 0018 03F40043 		and	r3, r3, #32768
 2610              		.loc 1 1628 36 view .LVU854
 2611 001c C360     		str	r3, [r0, #12]
1629:Drivers/STM32G4xx_HAL_Driver/Src/stm32g4xx_hal_rcc_ex.c **** }
 2612              		.loc 1 1629 1 view .LVU855
 2613 001e 7047     		bx	lr
 2614              	.L224:
 2615              		.align	2
 2616              	.L223:
 2617 0020 00200040 		.word	1073750016
 2618              		.cfi_endproc
 2619              	.LFE144:
 2621              		.section	.text.HAL_RCCEx_CRSWaitSynchronization,"ax",%progbits
 2622              		.align	1
 2623              		.global	HAL_RCCEx_CRSWaitSynchronization
 2624              		.syntax unified
 2625              		.thumb
 2626              		.thumb_func
 2628              	HAL_RCCEx_CRSWaitSynchronization:
 2629              	.LVL264:
 2630              	.LFB145:
1630:Drivers/STM32G4xx_HAL_Driver/Src/stm32g4xx_hal_rcc_ex.c **** 
1631:Drivers/STM32G4xx_HAL_Driver/Src/stm32g4xx_hal_rcc_ex.c **** /**
1632:Drivers/STM32G4xx_HAL_Driver/Src/stm32g4xx_hal_rcc_ex.c **** * @brief Wait for CRS Synchronization status.
1633:Drivers/STM32G4xx_HAL_Driver/Src/stm32g4xx_hal_rcc_ex.c **** * @param Timeout  Duration of the timeout
1634:Drivers/STM32G4xx_HAL_Driver/Src/stm32g4xx_hal_rcc_ex.c **** * @note  Timeout is based on the maximum time to receive a SYNC event based on synchronization
1635:Drivers/STM32G4xx_HAL_Driver/Src/stm32g4xx_hal_rcc_ex.c **** *        frequency.
1636:Drivers/STM32G4xx_HAL_Driver/Src/stm32g4xx_hal_rcc_ex.c **** * @note    If Timeout set to HAL_MAX_DELAY, HAL_TIMEOUT will be never returned.
1637:Drivers/STM32G4xx_HAL_Driver/Src/stm32g4xx_hal_rcc_ex.c **** * @retval Combination of Synchronization status
1638:Drivers/STM32G4xx_HAL_Driver/Src/stm32g4xx_hal_rcc_ex.c **** *          This parameter can be a combination of the following values:
1639:Drivers/STM32G4xx_HAL_Driver/Src/stm32g4xx_hal_rcc_ex.c **** *            @arg @ref RCC_CRS_TIMEOUT
1640:Drivers/STM32G4xx_HAL_Driver/Src/stm32g4xx_hal_rcc_ex.c **** *            @arg @ref RCC_CRS_SYNCOK
1641:Drivers/STM32G4xx_HAL_Driver/Src/stm32g4xx_hal_rcc_ex.c **** *            @arg @ref RCC_CRS_SYNCWARN
1642:Drivers/STM32G4xx_HAL_Driver/Src/stm32g4xx_hal_rcc_ex.c **** *            @arg @ref RCC_CRS_SYNCERR
1643:Drivers/STM32G4xx_HAL_Driver/Src/stm32g4xx_hal_rcc_ex.c **** *            @arg @ref RCC_CRS_SYNCMISS
1644:Drivers/STM32G4xx_HAL_Driver/Src/stm32g4xx_hal_rcc_ex.c **** *            @arg @ref RCC_CRS_TRIMOVF
1645:Drivers/STM32G4xx_HAL_Driver/Src/stm32g4xx_hal_rcc_ex.c **** */
1646:Drivers/STM32G4xx_HAL_Driver/Src/stm32g4xx_hal_rcc_ex.c **** uint32_t HAL_RCCEx_CRSWaitSynchronization(uint32_t Timeout)
1647:Drivers/STM32G4xx_HAL_Driver/Src/stm32g4xx_hal_rcc_ex.c **** {
ARM GAS  /tmp/ccb7W4Pk.s 			page 84


 2631              		.loc 1 1647 1 is_stmt 1 view -0
 2632              		.cfi_startproc
 2633              		@ args = 0, pretend = 0, frame = 0
 2634              		@ frame_needed = 0, uses_anonymous_args = 0
 2635              		.loc 1 1647 1 is_stmt 0 view .LVU857
 2636 0000 70B5     		push	{r4, r5, r6, lr}
 2637              		.cfi_def_cfa_offset 16
 2638              		.cfi_offset 4, -16
 2639              		.cfi_offset 5, -12
 2640              		.cfi_offset 6, -8
 2641              		.cfi_offset 14, -4
 2642 0002 0546     		mov	r5, r0
1648:Drivers/STM32G4xx_HAL_Driver/Src/stm32g4xx_hal_rcc_ex.c ****   uint32_t crsstatus = RCC_CRS_NONE;
 2643              		.loc 1 1648 3 is_stmt 1 view .LVU858
 2644              	.LVL265:
1649:Drivers/STM32G4xx_HAL_Driver/Src/stm32g4xx_hal_rcc_ex.c ****   uint32_t tickstart;
 2645              		.loc 1 1649 3 view .LVU859
1650:Drivers/STM32G4xx_HAL_Driver/Src/stm32g4xx_hal_rcc_ex.c **** 
1651:Drivers/STM32G4xx_HAL_Driver/Src/stm32g4xx_hal_rcc_ex.c ****   /* Get timeout */
1652:Drivers/STM32G4xx_HAL_Driver/Src/stm32g4xx_hal_rcc_ex.c ****   tickstart = HAL_GetTick();
 2646              		.loc 1 1652 3 view .LVU860
 2647              		.loc 1 1652 15 is_stmt 0 view .LVU861
 2648 0004 FFF7FEFF 		bl	HAL_GetTick
 2649              	.LVL266:
 2650              		.loc 1 1652 15 view .LVU862
 2651 0008 0646     		mov	r6, r0
 2652              	.LVL267:
1648:Drivers/STM32G4xx_HAL_Driver/Src/stm32g4xx_hal_rcc_ex.c ****   uint32_t tickstart;
 2653              		.loc 1 1648 12 view .LVU863
 2654 000a 0024     		movs	r4, #0
 2655 000c 0BE0     		b	.L233
 2656              	.LVL268:
 2657              	.L238:
1653:Drivers/STM32G4xx_HAL_Driver/Src/stm32g4xx_hal_rcc_ex.c **** 
1654:Drivers/STM32G4xx_HAL_Driver/Src/stm32g4xx_hal_rcc_ex.c ****   /* Wait for CRS flag or timeout detection */
1655:Drivers/STM32G4xx_HAL_Driver/Src/stm32g4xx_hal_rcc_ex.c ****   do
1656:Drivers/STM32G4xx_HAL_Driver/Src/stm32g4xx_hal_rcc_ex.c ****   {
1657:Drivers/STM32G4xx_HAL_Driver/Src/stm32g4xx_hal_rcc_ex.c ****     if(Timeout != HAL_MAX_DELAY)
1658:Drivers/STM32G4xx_HAL_Driver/Src/stm32g4xx_hal_rcc_ex.c ****     {
1659:Drivers/STM32G4xx_HAL_Driver/Src/stm32g4xx_hal_rcc_ex.c ****       if(((HAL_GetTick() - tickstart) > Timeout) || (Timeout == 0U))
 2658              		.loc 1 1659 7 is_stmt 1 view .LVU864
 2659              		.loc 1 1659 12 is_stmt 0 view .LVU865
 2660 000e FFF7FEFF 		bl	HAL_GetTick
 2661              	.LVL269:
 2662              		.loc 1 1659 26 discriminator 1 view .LVU866
 2663 0012 801B     		subs	r0, r0, r6
 2664              		.loc 1 1659 9 discriminator 1 view .LVU867
 2665 0014 A842     		cmp	r0, r5
 2666 0016 02D8     		bhi	.L234
 2667              		.loc 1 1659 50 discriminator 2 view .LVU868
 2668 0018 45B9     		cbnz	r5, .L226
1660:Drivers/STM32G4xx_HAL_Driver/Src/stm32g4xx_hal_rcc_ex.c ****       {
1661:Drivers/STM32G4xx_HAL_Driver/Src/stm32g4xx_hal_rcc_ex.c ****         crsstatus = RCC_CRS_TIMEOUT;
 2669              		.loc 1 1661 19 view .LVU869
 2670 001a 0124     		movs	r4, #1
 2671              	.LVL270:
 2672              		.loc 1 1661 19 view .LVU870
ARM GAS  /tmp/ccb7W4Pk.s 			page 85


 2673 001c 06E0     		b	.L226
 2674              	.LVL271:
 2675              	.L234:
 2676              		.loc 1 1661 19 view .LVU871
 2677 001e 0124     		movs	r4, #1
 2678              	.LVL272:
 2679              		.loc 1 1661 19 view .LVU872
 2680 0020 04E0     		b	.L226
 2681              	.LVL273:
 2682              	.L232:
1662:Drivers/STM32G4xx_HAL_Driver/Src/stm32g4xx_hal_rcc_ex.c ****       }
1663:Drivers/STM32G4xx_HAL_Driver/Src/stm32g4xx_hal_rcc_ex.c ****     }
1664:Drivers/STM32G4xx_HAL_Driver/Src/stm32g4xx_hal_rcc_ex.c ****     /* Check CRS SYNCOK flag  */
1665:Drivers/STM32G4xx_HAL_Driver/Src/stm32g4xx_hal_rcc_ex.c ****     if(__HAL_RCC_CRS_GET_FLAG(RCC_CRS_FLAG_SYNCOK))
1666:Drivers/STM32G4xx_HAL_Driver/Src/stm32g4xx_hal_rcc_ex.c ****     {
1667:Drivers/STM32G4xx_HAL_Driver/Src/stm32g4xx_hal_rcc_ex.c ****       /* CRS SYNC event OK */
1668:Drivers/STM32G4xx_HAL_Driver/Src/stm32g4xx_hal_rcc_ex.c ****       crsstatus |= RCC_CRS_SYNCOK;
1669:Drivers/STM32G4xx_HAL_Driver/Src/stm32g4xx_hal_rcc_ex.c **** 
1670:Drivers/STM32G4xx_HAL_Driver/Src/stm32g4xx_hal_rcc_ex.c ****       /* Clear CRS SYNC event OK bit */
1671:Drivers/STM32G4xx_HAL_Driver/Src/stm32g4xx_hal_rcc_ex.c ****       __HAL_RCC_CRS_CLEAR_FLAG(RCC_CRS_FLAG_SYNCOK);
1672:Drivers/STM32G4xx_HAL_Driver/Src/stm32g4xx_hal_rcc_ex.c ****     }
1673:Drivers/STM32G4xx_HAL_Driver/Src/stm32g4xx_hal_rcc_ex.c **** 
1674:Drivers/STM32G4xx_HAL_Driver/Src/stm32g4xx_hal_rcc_ex.c ****     /* Check CRS SYNCWARN flag  */
1675:Drivers/STM32G4xx_HAL_Driver/Src/stm32g4xx_hal_rcc_ex.c ****     if(__HAL_RCC_CRS_GET_FLAG(RCC_CRS_FLAG_SYNCWARN))
1676:Drivers/STM32G4xx_HAL_Driver/Src/stm32g4xx_hal_rcc_ex.c ****     {
1677:Drivers/STM32G4xx_HAL_Driver/Src/stm32g4xx_hal_rcc_ex.c ****       /* CRS SYNC warning */
1678:Drivers/STM32G4xx_HAL_Driver/Src/stm32g4xx_hal_rcc_ex.c ****       crsstatus |= RCC_CRS_SYNCWARN;
1679:Drivers/STM32G4xx_HAL_Driver/Src/stm32g4xx_hal_rcc_ex.c **** 
1680:Drivers/STM32G4xx_HAL_Driver/Src/stm32g4xx_hal_rcc_ex.c ****       /* Clear CRS SYNCWARN bit */
1681:Drivers/STM32G4xx_HAL_Driver/Src/stm32g4xx_hal_rcc_ex.c ****       __HAL_RCC_CRS_CLEAR_FLAG(RCC_CRS_FLAG_SYNCWARN);
1682:Drivers/STM32G4xx_HAL_Driver/Src/stm32g4xx_hal_rcc_ex.c ****     }
1683:Drivers/STM32G4xx_HAL_Driver/Src/stm32g4xx_hal_rcc_ex.c **** 
1684:Drivers/STM32G4xx_HAL_Driver/Src/stm32g4xx_hal_rcc_ex.c ****     /* Check CRS TRIM overflow flag  */
1685:Drivers/STM32G4xx_HAL_Driver/Src/stm32g4xx_hal_rcc_ex.c ****     if(__HAL_RCC_CRS_GET_FLAG(RCC_CRS_FLAG_TRIMOVF))
1686:Drivers/STM32G4xx_HAL_Driver/Src/stm32g4xx_hal_rcc_ex.c ****     {
1687:Drivers/STM32G4xx_HAL_Driver/Src/stm32g4xx_hal_rcc_ex.c ****       /* CRS SYNC Error */
1688:Drivers/STM32G4xx_HAL_Driver/Src/stm32g4xx_hal_rcc_ex.c ****       crsstatus |= RCC_CRS_TRIMOVF;
1689:Drivers/STM32G4xx_HAL_Driver/Src/stm32g4xx_hal_rcc_ex.c **** 
1690:Drivers/STM32G4xx_HAL_Driver/Src/stm32g4xx_hal_rcc_ex.c ****       /* Clear CRS Error bit */
1691:Drivers/STM32G4xx_HAL_Driver/Src/stm32g4xx_hal_rcc_ex.c ****       __HAL_RCC_CRS_CLEAR_FLAG(RCC_CRS_FLAG_TRIMOVF);
1692:Drivers/STM32G4xx_HAL_Driver/Src/stm32g4xx_hal_rcc_ex.c ****     }
1693:Drivers/STM32G4xx_HAL_Driver/Src/stm32g4xx_hal_rcc_ex.c **** 
1694:Drivers/STM32G4xx_HAL_Driver/Src/stm32g4xx_hal_rcc_ex.c ****     /* Check CRS Error flag  */
1695:Drivers/STM32G4xx_HAL_Driver/Src/stm32g4xx_hal_rcc_ex.c ****     if(__HAL_RCC_CRS_GET_FLAG(RCC_CRS_FLAG_SYNCERR))
1696:Drivers/STM32G4xx_HAL_Driver/Src/stm32g4xx_hal_rcc_ex.c ****     {
1697:Drivers/STM32G4xx_HAL_Driver/Src/stm32g4xx_hal_rcc_ex.c ****       /* CRS SYNC Error */
1698:Drivers/STM32G4xx_HAL_Driver/Src/stm32g4xx_hal_rcc_ex.c ****       crsstatus |= RCC_CRS_SYNCERR;
1699:Drivers/STM32G4xx_HAL_Driver/Src/stm32g4xx_hal_rcc_ex.c **** 
1700:Drivers/STM32G4xx_HAL_Driver/Src/stm32g4xx_hal_rcc_ex.c ****       /* Clear CRS Error bit */
1701:Drivers/STM32G4xx_HAL_Driver/Src/stm32g4xx_hal_rcc_ex.c ****       __HAL_RCC_CRS_CLEAR_FLAG(RCC_CRS_FLAG_SYNCERR);
1702:Drivers/STM32G4xx_HAL_Driver/Src/stm32g4xx_hal_rcc_ex.c ****     }
1703:Drivers/STM32G4xx_HAL_Driver/Src/stm32g4xx_hal_rcc_ex.c **** 
1704:Drivers/STM32G4xx_HAL_Driver/Src/stm32g4xx_hal_rcc_ex.c ****     /* Check CRS SYNC Missed flag  */
1705:Drivers/STM32G4xx_HAL_Driver/Src/stm32g4xx_hal_rcc_ex.c ****     if(__HAL_RCC_CRS_GET_FLAG(RCC_CRS_FLAG_SYNCMISS))
1706:Drivers/STM32G4xx_HAL_Driver/Src/stm32g4xx_hal_rcc_ex.c ****     {
1707:Drivers/STM32G4xx_HAL_Driver/Src/stm32g4xx_hal_rcc_ex.c ****       /* CRS SYNC Missed */
1708:Drivers/STM32G4xx_HAL_Driver/Src/stm32g4xx_hal_rcc_ex.c ****       crsstatus |= RCC_CRS_SYNCMISS;
ARM GAS  /tmp/ccb7W4Pk.s 			page 86


1709:Drivers/STM32G4xx_HAL_Driver/Src/stm32g4xx_hal_rcc_ex.c **** 
1710:Drivers/STM32G4xx_HAL_Driver/Src/stm32g4xx_hal_rcc_ex.c ****       /* Clear CRS SYNC Missed bit */
1711:Drivers/STM32G4xx_HAL_Driver/Src/stm32g4xx_hal_rcc_ex.c ****       __HAL_RCC_CRS_CLEAR_FLAG(RCC_CRS_FLAG_SYNCMISS);
1712:Drivers/STM32G4xx_HAL_Driver/Src/stm32g4xx_hal_rcc_ex.c ****     }
1713:Drivers/STM32G4xx_HAL_Driver/Src/stm32g4xx_hal_rcc_ex.c **** 
1714:Drivers/STM32G4xx_HAL_Driver/Src/stm32g4xx_hal_rcc_ex.c ****     /* Check CRS Expected SYNC flag  */
1715:Drivers/STM32G4xx_HAL_Driver/Src/stm32g4xx_hal_rcc_ex.c ****     if(__HAL_RCC_CRS_GET_FLAG(RCC_CRS_FLAG_ESYNC))
1716:Drivers/STM32G4xx_HAL_Driver/Src/stm32g4xx_hal_rcc_ex.c ****     {
1717:Drivers/STM32G4xx_HAL_Driver/Src/stm32g4xx_hal_rcc_ex.c ****       /* frequency error counter reached a zero value */
1718:Drivers/STM32G4xx_HAL_Driver/Src/stm32g4xx_hal_rcc_ex.c ****       __HAL_RCC_CRS_CLEAR_FLAG(RCC_CRS_FLAG_ESYNC);
 2683              		.loc 1 1718 7 is_stmt 1 view .LVU873
1719:Drivers/STM32G4xx_HAL_Driver/Src/stm32g4xx_hal_rcc_ex.c ****     }
1720:Drivers/STM32G4xx_HAL_Driver/Src/stm32g4xx_hal_rcc_ex.c ****   } while(RCC_CRS_NONE == crsstatus);
 2684              		.loc 1 1720 24 view .LVU874
 2685 0022 002C     		cmp	r4, #0
 2686 0024 3DD1     		bne	.L237
 2687              	.LVL274:
 2688              	.L233:
1655:Drivers/STM32G4xx_HAL_Driver/Src/stm32g4xx_hal_rcc_ex.c ****   {
 2689              		.loc 1 1655 3 view .LVU875
1657:Drivers/STM32G4xx_HAL_Driver/Src/stm32g4xx_hal_rcc_ex.c ****     {
 2690              		.loc 1 1657 5 view .LVU876
1657:Drivers/STM32G4xx_HAL_Driver/Src/stm32g4xx_hal_rcc_ex.c ****     {
 2691              		.loc 1 1657 7 is_stmt 0 view .LVU877
 2692 0026 B5F1FF3F 		cmp	r5, #-1
 2693 002a F0D1     		bne	.L238
 2694              	.LVL275:
 2695              	.L226:
1665:Drivers/STM32G4xx_HAL_Driver/Src/stm32g4xx_hal_rcc_ex.c ****     {
 2696              		.loc 1 1665 5 is_stmt 1 view .LVU878
1665:Drivers/STM32G4xx_HAL_Driver/Src/stm32g4xx_hal_rcc_ex.c ****     {
 2697              		.loc 1 1665 8 is_stmt 0 view .LVU879
 2698 002c 1E4B     		ldr	r3, .L239
 2699 002e 9B68     		ldr	r3, [r3, #8]
1665:Drivers/STM32G4xx_HAL_Driver/Src/stm32g4xx_hal_rcc_ex.c ****     {
 2700              		.loc 1 1665 7 view .LVU880
 2701 0030 13F0010F 		tst	r3, #1
 2702 0034 04D0     		beq	.L227
1668:Drivers/STM32G4xx_HAL_Driver/Src/stm32g4xx_hal_rcc_ex.c **** 
 2703              		.loc 1 1668 7 is_stmt 1 view .LVU881
1668:Drivers/STM32G4xx_HAL_Driver/Src/stm32g4xx_hal_rcc_ex.c **** 
 2704              		.loc 1 1668 17 is_stmt 0 view .LVU882
 2705 0036 44F00204 		orr	r4, r4, #2
 2706              	.LVL276:
1671:Drivers/STM32G4xx_HAL_Driver/Src/stm32g4xx_hal_rcc_ex.c ****     }
 2707              		.loc 1 1671 7 is_stmt 1 view .LVU883
1671:Drivers/STM32G4xx_HAL_Driver/Src/stm32g4xx_hal_rcc_ex.c ****     }
 2708              		.loc 1 1671 7 view .LVU884
1671:Drivers/STM32G4xx_HAL_Driver/Src/stm32g4xx_hal_rcc_ex.c ****     }
 2709              		.loc 1 1671 7 discriminator 2 view .LVU885
 2710 003a 1B4B     		ldr	r3, .L239
 2711 003c 0122     		movs	r2, #1
 2712 003e DA60     		str	r2, [r3, #12]
 2713              	.L227:
1671:Drivers/STM32G4xx_HAL_Driver/Src/stm32g4xx_hal_rcc_ex.c ****     }
 2714              		.loc 1 1671 7 view .LVU886
1675:Drivers/STM32G4xx_HAL_Driver/Src/stm32g4xx_hal_rcc_ex.c ****     {
ARM GAS  /tmp/ccb7W4Pk.s 			page 87


 2715              		.loc 1 1675 5 view .LVU887
1675:Drivers/STM32G4xx_HAL_Driver/Src/stm32g4xx_hal_rcc_ex.c ****     {
 2716              		.loc 1 1675 8 is_stmt 0 view .LVU888
 2717 0040 194B     		ldr	r3, .L239
 2718 0042 9B68     		ldr	r3, [r3, #8]
1675:Drivers/STM32G4xx_HAL_Driver/Src/stm32g4xx_hal_rcc_ex.c ****     {
 2719              		.loc 1 1675 7 view .LVU889
 2720 0044 13F0020F 		tst	r3, #2
 2721 0048 04D0     		beq	.L228
1678:Drivers/STM32G4xx_HAL_Driver/Src/stm32g4xx_hal_rcc_ex.c **** 
 2722              		.loc 1 1678 7 is_stmt 1 view .LVU890
1678:Drivers/STM32G4xx_HAL_Driver/Src/stm32g4xx_hal_rcc_ex.c **** 
 2723              		.loc 1 1678 17 is_stmt 0 view .LVU891
 2724 004a 44F00404 		orr	r4, r4, #4
 2725              	.LVL277:
1681:Drivers/STM32G4xx_HAL_Driver/Src/stm32g4xx_hal_rcc_ex.c ****     }
 2726              		.loc 1 1681 7 is_stmt 1 view .LVU892
1681:Drivers/STM32G4xx_HAL_Driver/Src/stm32g4xx_hal_rcc_ex.c ****     }
 2727              		.loc 1 1681 7 view .LVU893
1681:Drivers/STM32G4xx_HAL_Driver/Src/stm32g4xx_hal_rcc_ex.c ****     }
 2728              		.loc 1 1681 7 discriminator 2 view .LVU894
 2729 004e 164B     		ldr	r3, .L239
 2730 0050 0222     		movs	r2, #2
 2731 0052 DA60     		str	r2, [r3, #12]
 2732              	.L228:
1681:Drivers/STM32G4xx_HAL_Driver/Src/stm32g4xx_hal_rcc_ex.c ****     }
 2733              		.loc 1 1681 7 view .LVU895
1685:Drivers/STM32G4xx_HAL_Driver/Src/stm32g4xx_hal_rcc_ex.c ****     {
 2734              		.loc 1 1685 5 view .LVU896
1685:Drivers/STM32G4xx_HAL_Driver/Src/stm32g4xx_hal_rcc_ex.c ****     {
 2735              		.loc 1 1685 8 is_stmt 0 view .LVU897
 2736 0054 144B     		ldr	r3, .L239
 2737 0056 9B68     		ldr	r3, [r3, #8]
1685:Drivers/STM32G4xx_HAL_Driver/Src/stm32g4xx_hal_rcc_ex.c ****     {
 2738              		.loc 1 1685 7 view .LVU898
 2739 0058 13F4806F 		tst	r3, #1024
 2740 005c 04D0     		beq	.L229
1688:Drivers/STM32G4xx_HAL_Driver/Src/stm32g4xx_hal_rcc_ex.c **** 
 2741              		.loc 1 1688 7 is_stmt 1 view .LVU899
1688:Drivers/STM32G4xx_HAL_Driver/Src/stm32g4xx_hal_rcc_ex.c **** 
 2742              		.loc 1 1688 17 is_stmt 0 view .LVU900
 2743 005e 44F02004 		orr	r4, r4, #32
 2744              	.LVL278:
1691:Drivers/STM32G4xx_HAL_Driver/Src/stm32g4xx_hal_rcc_ex.c ****     }
 2745              		.loc 1 1691 7 is_stmt 1 view .LVU901
1691:Drivers/STM32G4xx_HAL_Driver/Src/stm32g4xx_hal_rcc_ex.c ****     }
 2746              		.loc 1 1691 7 view .LVU902
1691:Drivers/STM32G4xx_HAL_Driver/Src/stm32g4xx_hal_rcc_ex.c ****     }
 2747              		.loc 1 1691 7 discriminator 1 view .LVU903
 2748 0062 114B     		ldr	r3, .L239
 2749 0064 0422     		movs	r2, #4
 2750 0066 DA60     		str	r2, [r3, #12]
 2751              	.L229:
1691:Drivers/STM32G4xx_HAL_Driver/Src/stm32g4xx_hal_rcc_ex.c ****     }
 2752              		.loc 1 1691 7 view .LVU904
1695:Drivers/STM32G4xx_HAL_Driver/Src/stm32g4xx_hal_rcc_ex.c ****     {
 2753              		.loc 1 1695 5 view .LVU905
ARM GAS  /tmp/ccb7W4Pk.s 			page 88


1695:Drivers/STM32G4xx_HAL_Driver/Src/stm32g4xx_hal_rcc_ex.c ****     {
 2754              		.loc 1 1695 8 is_stmt 0 view .LVU906
 2755 0068 0F4B     		ldr	r3, .L239
 2756 006a 9B68     		ldr	r3, [r3, #8]
1695:Drivers/STM32G4xx_HAL_Driver/Src/stm32g4xx_hal_rcc_ex.c ****     {
 2757              		.loc 1 1695 7 view .LVU907
 2758 006c 13F4807F 		tst	r3, #256
 2759 0070 04D0     		beq	.L230
1698:Drivers/STM32G4xx_HAL_Driver/Src/stm32g4xx_hal_rcc_ex.c **** 
 2760              		.loc 1 1698 7 is_stmt 1 view .LVU908
1698:Drivers/STM32G4xx_HAL_Driver/Src/stm32g4xx_hal_rcc_ex.c **** 
 2761              		.loc 1 1698 17 is_stmt 0 view .LVU909
 2762 0072 44F00804 		orr	r4, r4, #8
 2763              	.LVL279:
1701:Drivers/STM32G4xx_HAL_Driver/Src/stm32g4xx_hal_rcc_ex.c ****     }
 2764              		.loc 1 1701 7 is_stmt 1 view .LVU910
1701:Drivers/STM32G4xx_HAL_Driver/Src/stm32g4xx_hal_rcc_ex.c ****     }
 2765              		.loc 1 1701 7 view .LVU911
1701:Drivers/STM32G4xx_HAL_Driver/Src/stm32g4xx_hal_rcc_ex.c ****     }
 2766              		.loc 1 1701 7 discriminator 1 view .LVU912
 2767 0076 0C4B     		ldr	r3, .L239
 2768 0078 0422     		movs	r2, #4
 2769 007a DA60     		str	r2, [r3, #12]
 2770              	.L230:
1701:Drivers/STM32G4xx_HAL_Driver/Src/stm32g4xx_hal_rcc_ex.c ****     }
 2771              		.loc 1 1701 7 view .LVU913
1705:Drivers/STM32G4xx_HAL_Driver/Src/stm32g4xx_hal_rcc_ex.c ****     {
 2772              		.loc 1 1705 5 view .LVU914
1705:Drivers/STM32G4xx_HAL_Driver/Src/stm32g4xx_hal_rcc_ex.c ****     {
 2773              		.loc 1 1705 8 is_stmt 0 view .LVU915
 2774 007c 0A4B     		ldr	r3, .L239
 2775 007e 9B68     		ldr	r3, [r3, #8]
1705:Drivers/STM32G4xx_HAL_Driver/Src/stm32g4xx_hal_rcc_ex.c ****     {
 2776              		.loc 1 1705 7 view .LVU916
 2777 0080 13F4007F 		tst	r3, #512
 2778 0084 04D0     		beq	.L231
1708:Drivers/STM32G4xx_HAL_Driver/Src/stm32g4xx_hal_rcc_ex.c **** 
 2779              		.loc 1 1708 7 is_stmt 1 view .LVU917
1708:Drivers/STM32G4xx_HAL_Driver/Src/stm32g4xx_hal_rcc_ex.c **** 
 2780              		.loc 1 1708 17 is_stmt 0 view .LVU918
 2781 0086 44F01004 		orr	r4, r4, #16
 2782              	.LVL280:
1711:Drivers/STM32G4xx_HAL_Driver/Src/stm32g4xx_hal_rcc_ex.c ****     }
 2783              		.loc 1 1711 7 is_stmt 1 view .LVU919
1711:Drivers/STM32G4xx_HAL_Driver/Src/stm32g4xx_hal_rcc_ex.c ****     }
 2784              		.loc 1 1711 7 view .LVU920
1711:Drivers/STM32G4xx_HAL_Driver/Src/stm32g4xx_hal_rcc_ex.c ****     }
 2785              		.loc 1 1711 7 discriminator 1 view .LVU921
 2786 008a 074B     		ldr	r3, .L239
 2787 008c 0422     		movs	r2, #4
 2788 008e DA60     		str	r2, [r3, #12]
 2789              	.L231:
1711:Drivers/STM32G4xx_HAL_Driver/Src/stm32g4xx_hal_rcc_ex.c ****     }
 2790              		.loc 1 1711 7 view .LVU922
1715:Drivers/STM32G4xx_HAL_Driver/Src/stm32g4xx_hal_rcc_ex.c ****     {
 2791              		.loc 1 1715 5 view .LVU923
1715:Drivers/STM32G4xx_HAL_Driver/Src/stm32g4xx_hal_rcc_ex.c ****     {
ARM GAS  /tmp/ccb7W4Pk.s 			page 89


 2792              		.loc 1 1715 8 is_stmt 0 view .LVU924
 2793 0090 054B     		ldr	r3, .L239
 2794 0092 9B68     		ldr	r3, [r3, #8]
1715:Drivers/STM32G4xx_HAL_Driver/Src/stm32g4xx_hal_rcc_ex.c ****     {
 2795              		.loc 1 1715 7 view .LVU925
 2796 0094 13F0080F 		tst	r3, #8
 2797 0098 C3D0     		beq	.L232
1718:Drivers/STM32G4xx_HAL_Driver/Src/stm32g4xx_hal_rcc_ex.c ****     }
 2798              		.loc 1 1718 7 is_stmt 1 view .LVU926
1718:Drivers/STM32G4xx_HAL_Driver/Src/stm32g4xx_hal_rcc_ex.c ****     }
 2799              		.loc 1 1718 7 view .LVU927
1718:Drivers/STM32G4xx_HAL_Driver/Src/stm32g4xx_hal_rcc_ex.c ****     }
 2800              		.loc 1 1718 7 discriminator 2 view .LVU928
 2801 009a 034B     		ldr	r3, .L239
 2802 009c 0822     		movs	r2, #8
 2803 009e DA60     		str	r2, [r3, #12]
 2804 00a0 BFE7     		b	.L232
 2805              	.L237:
1721:Drivers/STM32G4xx_HAL_Driver/Src/stm32g4xx_hal_rcc_ex.c **** 
1722:Drivers/STM32G4xx_HAL_Driver/Src/stm32g4xx_hal_rcc_ex.c ****   return crsstatus;
 2806              		.loc 1 1722 3 view .LVU929
1723:Drivers/STM32G4xx_HAL_Driver/Src/stm32g4xx_hal_rcc_ex.c **** }
 2807              		.loc 1 1723 1 is_stmt 0 view .LVU930
 2808 00a2 2046     		mov	r0, r4
 2809 00a4 70BD     		pop	{r4, r5, r6, pc}
 2810              	.LVL281:
 2811              	.L240:
 2812              		.loc 1 1723 1 view .LVU931
 2813 00a6 00BF     		.align	2
 2814              	.L239:
 2815 00a8 00200040 		.word	1073750016
 2816              		.cfi_endproc
 2817              	.LFE145:
 2819              		.section	.text.HAL_RCCEx_CRS_SyncOkCallback,"ax",%progbits
 2820              		.align	1
 2821              		.weak	HAL_RCCEx_CRS_SyncOkCallback
 2822              		.syntax unified
 2823              		.thumb
 2824              		.thumb_func
 2826              	HAL_RCCEx_CRS_SyncOkCallback:
 2827              	.LFB147:
1724:Drivers/STM32G4xx_HAL_Driver/Src/stm32g4xx_hal_rcc_ex.c **** 
1725:Drivers/STM32G4xx_HAL_Driver/Src/stm32g4xx_hal_rcc_ex.c **** /**
1726:Drivers/STM32G4xx_HAL_Driver/Src/stm32g4xx_hal_rcc_ex.c ****   * @brief Handle the Clock Recovery System interrupt request.
1727:Drivers/STM32G4xx_HAL_Driver/Src/stm32g4xx_hal_rcc_ex.c ****   * @retval None
1728:Drivers/STM32G4xx_HAL_Driver/Src/stm32g4xx_hal_rcc_ex.c ****   */
1729:Drivers/STM32G4xx_HAL_Driver/Src/stm32g4xx_hal_rcc_ex.c **** void HAL_RCCEx_CRS_IRQHandler(void)
1730:Drivers/STM32G4xx_HAL_Driver/Src/stm32g4xx_hal_rcc_ex.c **** {
1731:Drivers/STM32G4xx_HAL_Driver/Src/stm32g4xx_hal_rcc_ex.c ****   uint32_t crserror = RCC_CRS_NONE;
1732:Drivers/STM32G4xx_HAL_Driver/Src/stm32g4xx_hal_rcc_ex.c ****   /* Get current IT flags and IT sources values */
1733:Drivers/STM32G4xx_HAL_Driver/Src/stm32g4xx_hal_rcc_ex.c ****   uint32_t itflags = READ_REG(CRS->ISR);
1734:Drivers/STM32G4xx_HAL_Driver/Src/stm32g4xx_hal_rcc_ex.c ****   uint32_t itsources = READ_REG(CRS->CR);
1735:Drivers/STM32G4xx_HAL_Driver/Src/stm32g4xx_hal_rcc_ex.c **** 
1736:Drivers/STM32G4xx_HAL_Driver/Src/stm32g4xx_hal_rcc_ex.c ****   /* Check CRS SYNCOK flag  */
1737:Drivers/STM32G4xx_HAL_Driver/Src/stm32g4xx_hal_rcc_ex.c ****   if(((itflags & RCC_CRS_FLAG_SYNCOK) != 0U) && ((itsources & RCC_CRS_IT_SYNCOK) != 0U))
1738:Drivers/STM32G4xx_HAL_Driver/Src/stm32g4xx_hal_rcc_ex.c ****   {
1739:Drivers/STM32G4xx_HAL_Driver/Src/stm32g4xx_hal_rcc_ex.c ****     /* Clear CRS SYNC event OK flag */
ARM GAS  /tmp/ccb7W4Pk.s 			page 90


1740:Drivers/STM32G4xx_HAL_Driver/Src/stm32g4xx_hal_rcc_ex.c ****     WRITE_REG(CRS->ICR, CRS_ICR_SYNCOKC);
1741:Drivers/STM32G4xx_HAL_Driver/Src/stm32g4xx_hal_rcc_ex.c **** 
1742:Drivers/STM32G4xx_HAL_Driver/Src/stm32g4xx_hal_rcc_ex.c ****     /* user callback */
1743:Drivers/STM32G4xx_HAL_Driver/Src/stm32g4xx_hal_rcc_ex.c ****     HAL_RCCEx_CRS_SyncOkCallback();
1744:Drivers/STM32G4xx_HAL_Driver/Src/stm32g4xx_hal_rcc_ex.c ****   }
1745:Drivers/STM32G4xx_HAL_Driver/Src/stm32g4xx_hal_rcc_ex.c ****   /* Check CRS SYNCWARN flag  */
1746:Drivers/STM32G4xx_HAL_Driver/Src/stm32g4xx_hal_rcc_ex.c ****   else if(((itflags & RCC_CRS_FLAG_SYNCWARN) != 0U) && ((itsources & RCC_CRS_IT_SYNCWARN) != 0U))
1747:Drivers/STM32G4xx_HAL_Driver/Src/stm32g4xx_hal_rcc_ex.c ****   {
1748:Drivers/STM32G4xx_HAL_Driver/Src/stm32g4xx_hal_rcc_ex.c ****     /* Clear CRS SYNCWARN flag */
1749:Drivers/STM32G4xx_HAL_Driver/Src/stm32g4xx_hal_rcc_ex.c ****     WRITE_REG(CRS->ICR, CRS_ICR_SYNCWARNC);
1750:Drivers/STM32G4xx_HAL_Driver/Src/stm32g4xx_hal_rcc_ex.c **** 
1751:Drivers/STM32G4xx_HAL_Driver/Src/stm32g4xx_hal_rcc_ex.c ****     /* user callback */
1752:Drivers/STM32G4xx_HAL_Driver/Src/stm32g4xx_hal_rcc_ex.c ****     HAL_RCCEx_CRS_SyncWarnCallback();
1753:Drivers/STM32G4xx_HAL_Driver/Src/stm32g4xx_hal_rcc_ex.c ****   }
1754:Drivers/STM32G4xx_HAL_Driver/Src/stm32g4xx_hal_rcc_ex.c ****   /* Check CRS Expected SYNC flag  */
1755:Drivers/STM32G4xx_HAL_Driver/Src/stm32g4xx_hal_rcc_ex.c ****   else if(((itflags & RCC_CRS_FLAG_ESYNC) != 0U) && ((itsources & RCC_CRS_IT_ESYNC) != 0U))
1756:Drivers/STM32G4xx_HAL_Driver/Src/stm32g4xx_hal_rcc_ex.c ****   {
1757:Drivers/STM32G4xx_HAL_Driver/Src/stm32g4xx_hal_rcc_ex.c ****     /* frequency error counter reached a zero value */
1758:Drivers/STM32G4xx_HAL_Driver/Src/stm32g4xx_hal_rcc_ex.c ****     WRITE_REG(CRS->ICR, CRS_ICR_ESYNCC);
1759:Drivers/STM32G4xx_HAL_Driver/Src/stm32g4xx_hal_rcc_ex.c **** 
1760:Drivers/STM32G4xx_HAL_Driver/Src/stm32g4xx_hal_rcc_ex.c ****     /* user callback */
1761:Drivers/STM32G4xx_HAL_Driver/Src/stm32g4xx_hal_rcc_ex.c ****     HAL_RCCEx_CRS_ExpectedSyncCallback();
1762:Drivers/STM32G4xx_HAL_Driver/Src/stm32g4xx_hal_rcc_ex.c ****   }
1763:Drivers/STM32G4xx_HAL_Driver/Src/stm32g4xx_hal_rcc_ex.c ****   /* Check CRS Error flags  */
1764:Drivers/STM32G4xx_HAL_Driver/Src/stm32g4xx_hal_rcc_ex.c ****   else
1765:Drivers/STM32G4xx_HAL_Driver/Src/stm32g4xx_hal_rcc_ex.c ****   {
1766:Drivers/STM32G4xx_HAL_Driver/Src/stm32g4xx_hal_rcc_ex.c ****     if(((itflags & RCC_CRS_FLAG_ERR) != 0U) && ((itsources & RCC_CRS_IT_ERR) != 0U))
1767:Drivers/STM32G4xx_HAL_Driver/Src/stm32g4xx_hal_rcc_ex.c ****     {
1768:Drivers/STM32G4xx_HAL_Driver/Src/stm32g4xx_hal_rcc_ex.c ****       if((itflags & RCC_CRS_FLAG_SYNCERR) != 0U)
1769:Drivers/STM32G4xx_HAL_Driver/Src/stm32g4xx_hal_rcc_ex.c ****       {
1770:Drivers/STM32G4xx_HAL_Driver/Src/stm32g4xx_hal_rcc_ex.c ****         crserror |= RCC_CRS_SYNCERR;
1771:Drivers/STM32G4xx_HAL_Driver/Src/stm32g4xx_hal_rcc_ex.c ****       }
1772:Drivers/STM32G4xx_HAL_Driver/Src/stm32g4xx_hal_rcc_ex.c ****       if((itflags & RCC_CRS_FLAG_SYNCMISS) != 0U)
1773:Drivers/STM32G4xx_HAL_Driver/Src/stm32g4xx_hal_rcc_ex.c ****       {
1774:Drivers/STM32G4xx_HAL_Driver/Src/stm32g4xx_hal_rcc_ex.c ****         crserror |= RCC_CRS_SYNCMISS;
1775:Drivers/STM32G4xx_HAL_Driver/Src/stm32g4xx_hal_rcc_ex.c ****       }
1776:Drivers/STM32G4xx_HAL_Driver/Src/stm32g4xx_hal_rcc_ex.c ****       if((itflags & RCC_CRS_FLAG_TRIMOVF) != 0U)
1777:Drivers/STM32G4xx_HAL_Driver/Src/stm32g4xx_hal_rcc_ex.c ****       {
1778:Drivers/STM32G4xx_HAL_Driver/Src/stm32g4xx_hal_rcc_ex.c ****         crserror |= RCC_CRS_TRIMOVF;
1779:Drivers/STM32G4xx_HAL_Driver/Src/stm32g4xx_hal_rcc_ex.c ****       }
1780:Drivers/STM32G4xx_HAL_Driver/Src/stm32g4xx_hal_rcc_ex.c **** 
1781:Drivers/STM32G4xx_HAL_Driver/Src/stm32g4xx_hal_rcc_ex.c ****       /* Clear CRS Error flags */
1782:Drivers/STM32G4xx_HAL_Driver/Src/stm32g4xx_hal_rcc_ex.c ****       WRITE_REG(CRS->ICR, CRS_ICR_ERRC);
1783:Drivers/STM32G4xx_HAL_Driver/Src/stm32g4xx_hal_rcc_ex.c **** 
1784:Drivers/STM32G4xx_HAL_Driver/Src/stm32g4xx_hal_rcc_ex.c ****       /* user error callback */
1785:Drivers/STM32G4xx_HAL_Driver/Src/stm32g4xx_hal_rcc_ex.c ****       HAL_RCCEx_CRS_ErrorCallback(crserror);
1786:Drivers/STM32G4xx_HAL_Driver/Src/stm32g4xx_hal_rcc_ex.c ****     }
1787:Drivers/STM32G4xx_HAL_Driver/Src/stm32g4xx_hal_rcc_ex.c ****   }
1788:Drivers/STM32G4xx_HAL_Driver/Src/stm32g4xx_hal_rcc_ex.c **** }
1789:Drivers/STM32G4xx_HAL_Driver/Src/stm32g4xx_hal_rcc_ex.c **** 
1790:Drivers/STM32G4xx_HAL_Driver/Src/stm32g4xx_hal_rcc_ex.c **** /**
1791:Drivers/STM32G4xx_HAL_Driver/Src/stm32g4xx_hal_rcc_ex.c ****   * @brief  RCCEx Clock Recovery System SYNCOK interrupt callback.
1792:Drivers/STM32G4xx_HAL_Driver/Src/stm32g4xx_hal_rcc_ex.c ****   * @retval none
1793:Drivers/STM32G4xx_HAL_Driver/Src/stm32g4xx_hal_rcc_ex.c ****   */
1794:Drivers/STM32G4xx_HAL_Driver/Src/stm32g4xx_hal_rcc_ex.c **** __weak void HAL_RCCEx_CRS_SyncOkCallback(void)
1795:Drivers/STM32G4xx_HAL_Driver/Src/stm32g4xx_hal_rcc_ex.c **** {
 2828              		.loc 1 1795 1 is_stmt 1 view -0
ARM GAS  /tmp/ccb7W4Pk.s 			page 91


 2829              		.cfi_startproc
 2830              		@ args = 0, pretend = 0, frame = 0
 2831              		@ frame_needed = 0, uses_anonymous_args = 0
 2832              		@ link register save eliminated.
1796:Drivers/STM32G4xx_HAL_Driver/Src/stm32g4xx_hal_rcc_ex.c ****   /* NOTE : This function should not be modified, when the callback is needed,
1797:Drivers/STM32G4xx_HAL_Driver/Src/stm32g4xx_hal_rcc_ex.c ****             the @ref HAL_RCCEx_CRS_SyncOkCallback should be implemented in the user file
1798:Drivers/STM32G4xx_HAL_Driver/Src/stm32g4xx_hal_rcc_ex.c ****    */
1799:Drivers/STM32G4xx_HAL_Driver/Src/stm32g4xx_hal_rcc_ex.c **** }
 2833              		.loc 1 1799 1 view .LVU933
 2834 0000 7047     		bx	lr
 2835              		.cfi_endproc
 2836              	.LFE147:
 2838              		.section	.text.HAL_RCCEx_CRS_SyncWarnCallback,"ax",%progbits
 2839              		.align	1
 2840              		.weak	HAL_RCCEx_CRS_SyncWarnCallback
 2841              		.syntax unified
 2842              		.thumb
 2843              		.thumb_func
 2845              	HAL_RCCEx_CRS_SyncWarnCallback:
 2846              	.LFB148:
1800:Drivers/STM32G4xx_HAL_Driver/Src/stm32g4xx_hal_rcc_ex.c **** 
1801:Drivers/STM32G4xx_HAL_Driver/Src/stm32g4xx_hal_rcc_ex.c **** /**
1802:Drivers/STM32G4xx_HAL_Driver/Src/stm32g4xx_hal_rcc_ex.c ****   * @brief  RCCEx Clock Recovery System SYNCWARN interrupt callback.
1803:Drivers/STM32G4xx_HAL_Driver/Src/stm32g4xx_hal_rcc_ex.c ****   * @retval none
1804:Drivers/STM32G4xx_HAL_Driver/Src/stm32g4xx_hal_rcc_ex.c ****   */
1805:Drivers/STM32G4xx_HAL_Driver/Src/stm32g4xx_hal_rcc_ex.c **** __weak void HAL_RCCEx_CRS_SyncWarnCallback(void)
1806:Drivers/STM32G4xx_HAL_Driver/Src/stm32g4xx_hal_rcc_ex.c **** {
 2847              		.loc 1 1806 1 view -0
 2848              		.cfi_startproc
 2849              		@ args = 0, pretend = 0, frame = 0
 2850              		@ frame_needed = 0, uses_anonymous_args = 0
 2851              		@ link register save eliminated.
1807:Drivers/STM32G4xx_HAL_Driver/Src/stm32g4xx_hal_rcc_ex.c ****   /* NOTE : This function should not be modified, when the callback is needed,
1808:Drivers/STM32G4xx_HAL_Driver/Src/stm32g4xx_hal_rcc_ex.c ****             the @ref HAL_RCCEx_CRS_SyncWarnCallback should be implemented in the user file
1809:Drivers/STM32G4xx_HAL_Driver/Src/stm32g4xx_hal_rcc_ex.c ****    */
1810:Drivers/STM32G4xx_HAL_Driver/Src/stm32g4xx_hal_rcc_ex.c **** }
 2852              		.loc 1 1810 1 view .LVU935
 2853 0000 7047     		bx	lr
 2854              		.cfi_endproc
 2855              	.LFE148:
 2857              		.section	.text.HAL_RCCEx_CRS_ExpectedSyncCallback,"ax",%progbits
 2858              		.align	1
 2859              		.weak	HAL_RCCEx_CRS_ExpectedSyncCallback
 2860              		.syntax unified
 2861              		.thumb
 2862              		.thumb_func
 2864              	HAL_RCCEx_CRS_ExpectedSyncCallback:
 2865              	.LFB149:
1811:Drivers/STM32G4xx_HAL_Driver/Src/stm32g4xx_hal_rcc_ex.c **** 
1812:Drivers/STM32G4xx_HAL_Driver/Src/stm32g4xx_hal_rcc_ex.c **** /**
1813:Drivers/STM32G4xx_HAL_Driver/Src/stm32g4xx_hal_rcc_ex.c ****   * @brief  RCCEx Clock Recovery System Expected SYNC interrupt callback.
1814:Drivers/STM32G4xx_HAL_Driver/Src/stm32g4xx_hal_rcc_ex.c ****   * @retval none
1815:Drivers/STM32G4xx_HAL_Driver/Src/stm32g4xx_hal_rcc_ex.c ****   */
1816:Drivers/STM32G4xx_HAL_Driver/Src/stm32g4xx_hal_rcc_ex.c **** __weak void HAL_RCCEx_CRS_ExpectedSyncCallback(void)
1817:Drivers/STM32G4xx_HAL_Driver/Src/stm32g4xx_hal_rcc_ex.c **** {
 2866              		.loc 1 1817 1 view -0
 2867              		.cfi_startproc
ARM GAS  /tmp/ccb7W4Pk.s 			page 92


 2868              		@ args = 0, pretend = 0, frame = 0
 2869              		@ frame_needed = 0, uses_anonymous_args = 0
 2870              		@ link register save eliminated.
1818:Drivers/STM32G4xx_HAL_Driver/Src/stm32g4xx_hal_rcc_ex.c ****   /* NOTE : This function should not be modified, when the callback is needed,
1819:Drivers/STM32G4xx_HAL_Driver/Src/stm32g4xx_hal_rcc_ex.c ****             the @ref HAL_RCCEx_CRS_ExpectedSyncCallback should be implemented in the user file
1820:Drivers/STM32G4xx_HAL_Driver/Src/stm32g4xx_hal_rcc_ex.c ****    */
1821:Drivers/STM32G4xx_HAL_Driver/Src/stm32g4xx_hal_rcc_ex.c **** }
 2871              		.loc 1 1821 1 view .LVU937
 2872 0000 7047     		bx	lr
 2873              		.cfi_endproc
 2874              	.LFE149:
 2876              		.section	.text.HAL_RCCEx_CRS_ErrorCallback,"ax",%progbits
 2877              		.align	1
 2878              		.weak	HAL_RCCEx_CRS_ErrorCallback
 2879              		.syntax unified
 2880              		.thumb
 2881              		.thumb_func
 2883              	HAL_RCCEx_CRS_ErrorCallback:
 2884              	.LVL282:
 2885              	.LFB150:
1822:Drivers/STM32G4xx_HAL_Driver/Src/stm32g4xx_hal_rcc_ex.c **** 
1823:Drivers/STM32G4xx_HAL_Driver/Src/stm32g4xx_hal_rcc_ex.c **** /**
1824:Drivers/STM32G4xx_HAL_Driver/Src/stm32g4xx_hal_rcc_ex.c ****   * @brief  RCCEx Clock Recovery System Error interrupt callback.
1825:Drivers/STM32G4xx_HAL_Driver/Src/stm32g4xx_hal_rcc_ex.c ****   * @param  Error Combination of Error status.
1826:Drivers/STM32G4xx_HAL_Driver/Src/stm32g4xx_hal_rcc_ex.c ****   *         This parameter can be a combination of the following values:
1827:Drivers/STM32G4xx_HAL_Driver/Src/stm32g4xx_hal_rcc_ex.c ****   *           @arg @ref RCC_CRS_SYNCERR
1828:Drivers/STM32G4xx_HAL_Driver/Src/stm32g4xx_hal_rcc_ex.c ****   *           @arg @ref RCC_CRS_SYNCMISS
1829:Drivers/STM32G4xx_HAL_Driver/Src/stm32g4xx_hal_rcc_ex.c ****   *           @arg @ref RCC_CRS_TRIMOVF
1830:Drivers/STM32G4xx_HAL_Driver/Src/stm32g4xx_hal_rcc_ex.c ****   * @retval none
1831:Drivers/STM32G4xx_HAL_Driver/Src/stm32g4xx_hal_rcc_ex.c ****   */
1832:Drivers/STM32G4xx_HAL_Driver/Src/stm32g4xx_hal_rcc_ex.c **** __weak void HAL_RCCEx_CRS_ErrorCallback(uint32_t Error)
1833:Drivers/STM32G4xx_HAL_Driver/Src/stm32g4xx_hal_rcc_ex.c **** {
 2886              		.loc 1 1833 1 view -0
 2887              		.cfi_startproc
 2888              		@ args = 0, pretend = 0, frame = 0
 2889              		@ frame_needed = 0, uses_anonymous_args = 0
 2890              		@ link register save eliminated.
1834:Drivers/STM32G4xx_HAL_Driver/Src/stm32g4xx_hal_rcc_ex.c ****   /* Prevent unused argument(s) compilation warning */
1835:Drivers/STM32G4xx_HAL_Driver/Src/stm32g4xx_hal_rcc_ex.c ****   UNUSED(Error);
 2891              		.loc 1 1835 3 view .LVU939
1836:Drivers/STM32G4xx_HAL_Driver/Src/stm32g4xx_hal_rcc_ex.c **** 
1837:Drivers/STM32G4xx_HAL_Driver/Src/stm32g4xx_hal_rcc_ex.c ****   /* NOTE : This function should not be modified, when the callback is needed,
1838:Drivers/STM32G4xx_HAL_Driver/Src/stm32g4xx_hal_rcc_ex.c ****             the @ref HAL_RCCEx_CRS_ErrorCallback should be implemented in the user file
1839:Drivers/STM32G4xx_HAL_Driver/Src/stm32g4xx_hal_rcc_ex.c ****    */
1840:Drivers/STM32G4xx_HAL_Driver/Src/stm32g4xx_hal_rcc_ex.c **** }
 2892              		.loc 1 1840 1 is_stmt 0 view .LVU940
 2893 0000 7047     		bx	lr
 2894              		.cfi_endproc
 2895              	.LFE150:
 2897              		.section	.text.HAL_RCCEx_CRS_IRQHandler,"ax",%progbits
 2898              		.align	1
 2899              		.global	HAL_RCCEx_CRS_IRQHandler
 2900              		.syntax unified
 2901              		.thumb
 2902              		.thumb_func
 2904              	HAL_RCCEx_CRS_IRQHandler:
 2905              	.LFB146:
ARM GAS  /tmp/ccb7W4Pk.s 			page 93


1730:Drivers/STM32G4xx_HAL_Driver/Src/stm32g4xx_hal_rcc_ex.c ****   uint32_t crserror = RCC_CRS_NONE;
 2906              		.loc 1 1730 1 is_stmt 1 view -0
 2907              		.cfi_startproc
 2908              		@ args = 0, pretend = 0, frame = 0
 2909              		@ frame_needed = 0, uses_anonymous_args = 0
 2910 0000 08B5     		push	{r3, lr}
 2911              		.cfi_def_cfa_offset 8
 2912              		.cfi_offset 3, -8
 2913              		.cfi_offset 14, -4
1731:Drivers/STM32G4xx_HAL_Driver/Src/stm32g4xx_hal_rcc_ex.c ****   /* Get current IT flags and IT sources values */
 2914              		.loc 1 1731 3 view .LVU942
 2915              	.LVL283:
1733:Drivers/STM32G4xx_HAL_Driver/Src/stm32g4xx_hal_rcc_ex.c ****   uint32_t itsources = READ_REG(CRS->CR);
 2916              		.loc 1 1733 3 view .LVU943
1733:Drivers/STM32G4xx_HAL_Driver/Src/stm32g4xx_hal_rcc_ex.c ****   uint32_t itsources = READ_REG(CRS->CR);
 2917              		.loc 1 1733 12 is_stmt 0 view .LVU944
 2918 0002 204A     		ldr	r2, .L258
 2919 0004 9368     		ldr	r3, [r2, #8]
 2920              	.LVL284:
1734:Drivers/STM32G4xx_HAL_Driver/Src/stm32g4xx_hal_rcc_ex.c **** 
 2921              		.loc 1 1734 3 is_stmt 1 view .LVU945
1734:Drivers/STM32G4xx_HAL_Driver/Src/stm32g4xx_hal_rcc_ex.c **** 
 2922              		.loc 1 1734 12 is_stmt 0 view .LVU946
 2923 0006 1268     		ldr	r2, [r2]
 2924              	.LVL285:
1737:Drivers/STM32G4xx_HAL_Driver/Src/stm32g4xx_hal_rcc_ex.c ****   {
 2925              		.loc 1 1737 3 is_stmt 1 view .LVU947
1737:Drivers/STM32G4xx_HAL_Driver/Src/stm32g4xx_hal_rcc_ex.c ****   {
 2926              		.loc 1 1737 5 is_stmt 0 view .LVU948
 2927 0008 13F0010F 		tst	r3, #1
 2928 000c 02D0     		beq	.L246
1737:Drivers/STM32G4xx_HAL_Driver/Src/stm32g4xx_hal_rcc_ex.c ****   {
 2929              		.loc 1 1737 46 discriminator 1 view .LVU949
 2930 000e 12F0010F 		tst	r2, #1
 2931 0012 25D1     		bne	.L255
 2932              	.L246:
1746:Drivers/STM32G4xx_HAL_Driver/Src/stm32g4xx_hal_rcc_ex.c ****   {
 2933              		.loc 1 1746 8 is_stmt 1 view .LVU950
1746:Drivers/STM32G4xx_HAL_Driver/Src/stm32g4xx_hal_rcc_ex.c ****   {
 2934              		.loc 1 1746 10 is_stmt 0 view .LVU951
 2935 0014 13F0020F 		tst	r3, #2
 2936 0018 02D0     		beq	.L248
1746:Drivers/STM32G4xx_HAL_Driver/Src/stm32g4xx_hal_rcc_ex.c ****   {
 2937              		.loc 1 1746 53 discriminator 1 view .LVU952
 2938 001a 12F0020F 		tst	r2, #2
 2939 001e 25D1     		bne	.L256
 2940              	.L248:
1755:Drivers/STM32G4xx_HAL_Driver/Src/stm32g4xx_hal_rcc_ex.c ****   {
 2941              		.loc 1 1755 8 is_stmt 1 view .LVU953
1755:Drivers/STM32G4xx_HAL_Driver/Src/stm32g4xx_hal_rcc_ex.c ****   {
 2942              		.loc 1 1755 10 is_stmt 0 view .LVU954
 2943 0020 13F0080F 		tst	r3, #8
 2944 0024 02D0     		beq	.L249
1755:Drivers/STM32G4xx_HAL_Driver/Src/stm32g4xx_hal_rcc_ex.c ****   {
 2945              		.loc 1 1755 50 discriminator 1 view .LVU955
 2946 0026 12F0080F 		tst	r2, #8
 2947 002a 25D1     		bne	.L257
ARM GAS  /tmp/ccb7W4Pk.s 			page 94


 2948              	.L249:
1766:Drivers/STM32G4xx_HAL_Driver/Src/stm32g4xx_hal_rcc_ex.c ****     {
 2949              		.loc 1 1766 5 is_stmt 1 view .LVU956
1766:Drivers/STM32G4xx_HAL_Driver/Src/stm32g4xx_hal_rcc_ex.c ****     {
 2950              		.loc 1 1766 7 is_stmt 0 view .LVU957
 2951 002c 13F0040F 		tst	r3, #4
 2952 0030 1BD0     		beq	.L245
1766:Drivers/STM32G4xx_HAL_Driver/Src/stm32g4xx_hal_rcc_ex.c ****     {
 2953              		.loc 1 1766 45 discriminator 1 view .LVU958
 2954 0032 12F0040F 		tst	r2, #4
 2955 0036 18D0     		beq	.L245
1768:Drivers/STM32G4xx_HAL_Driver/Src/stm32g4xx_hal_rcc_ex.c ****       {
 2956              		.loc 1 1768 7 is_stmt 1 view .LVU959
1768:Drivers/STM32G4xx_HAL_Driver/Src/stm32g4xx_hal_rcc_ex.c ****       {
 2957              		.loc 1 1768 9 is_stmt 0 view .LVU960
 2958 0038 13F48070 		ands	r0, r3, #256
 2959 003c 00D0     		beq	.L250
1770:Drivers/STM32G4xx_HAL_Driver/Src/stm32g4xx_hal_rcc_ex.c ****       }
 2960              		.loc 1 1770 18 view .LVU961
 2961 003e 0820     		movs	r0, #8
 2962              	.L250:
 2963              	.LVL286:
1772:Drivers/STM32G4xx_HAL_Driver/Src/stm32g4xx_hal_rcc_ex.c ****       {
 2964              		.loc 1 1772 7 is_stmt 1 view .LVU962
1772:Drivers/STM32G4xx_HAL_Driver/Src/stm32g4xx_hal_rcc_ex.c ****       {
 2965              		.loc 1 1772 9 is_stmt 0 view .LVU963
 2966 0040 13F4007F 		tst	r3, #512
 2967 0044 01D0     		beq	.L251
1774:Drivers/STM32G4xx_HAL_Driver/Src/stm32g4xx_hal_rcc_ex.c ****       }
 2968              		.loc 1 1774 9 is_stmt 1 view .LVU964
1774:Drivers/STM32G4xx_HAL_Driver/Src/stm32g4xx_hal_rcc_ex.c ****       }
 2969              		.loc 1 1774 18 is_stmt 0 view .LVU965
 2970 0046 40F01000 		orr	r0, r0, #16
 2971              	.LVL287:
 2972              	.L251:
1776:Drivers/STM32G4xx_HAL_Driver/Src/stm32g4xx_hal_rcc_ex.c ****       {
 2973              		.loc 1 1776 7 is_stmt 1 view .LVU966
1776:Drivers/STM32G4xx_HAL_Driver/Src/stm32g4xx_hal_rcc_ex.c ****       {
 2974              		.loc 1 1776 9 is_stmt 0 view .LVU967
 2975 004a 13F4806F 		tst	r3, #1024
 2976 004e 01D0     		beq	.L252
1778:Drivers/STM32G4xx_HAL_Driver/Src/stm32g4xx_hal_rcc_ex.c ****       }
 2977              		.loc 1 1778 9 is_stmt 1 view .LVU968
1778:Drivers/STM32G4xx_HAL_Driver/Src/stm32g4xx_hal_rcc_ex.c ****       }
 2978              		.loc 1 1778 18 is_stmt 0 view .LVU969
 2979 0050 40F02000 		orr	r0, r0, #32
 2980              	.LVL288:
 2981              	.L252:
1782:Drivers/STM32G4xx_HAL_Driver/Src/stm32g4xx_hal_rcc_ex.c **** 
 2982              		.loc 1 1782 7 is_stmt 1 view .LVU970
 2983 0054 0B4B     		ldr	r3, .L258
 2984              	.LVL289:
1782:Drivers/STM32G4xx_HAL_Driver/Src/stm32g4xx_hal_rcc_ex.c **** 
 2985              		.loc 1 1782 7 is_stmt 0 view .LVU971
 2986 0056 0422     		movs	r2, #4
 2987              	.LVL290:
1782:Drivers/STM32G4xx_HAL_Driver/Src/stm32g4xx_hal_rcc_ex.c **** 
ARM GAS  /tmp/ccb7W4Pk.s 			page 95


 2988              		.loc 1 1782 7 view .LVU972
 2989 0058 DA60     		str	r2, [r3, #12]
1785:Drivers/STM32G4xx_HAL_Driver/Src/stm32g4xx_hal_rcc_ex.c ****     }
 2990              		.loc 1 1785 7 is_stmt 1 view .LVU973
 2991 005a FFF7FEFF 		bl	HAL_RCCEx_CRS_ErrorCallback
 2992              	.LVL291:
1788:Drivers/STM32G4xx_HAL_Driver/Src/stm32g4xx_hal_rcc_ex.c **** 
 2993              		.loc 1 1788 1 is_stmt 0 view .LVU974
 2994 005e 04E0     		b	.L245
 2995              	.LVL292:
 2996              	.L255:
1740:Drivers/STM32G4xx_HAL_Driver/Src/stm32g4xx_hal_rcc_ex.c **** 
 2997              		.loc 1 1740 5 is_stmt 1 view .LVU975
 2998 0060 084B     		ldr	r3, .L258
 2999              	.LVL293:
1740:Drivers/STM32G4xx_HAL_Driver/Src/stm32g4xx_hal_rcc_ex.c **** 
 3000              		.loc 1 1740 5 is_stmt 0 view .LVU976
 3001 0062 0122     		movs	r2, #1
 3002              	.LVL294:
1740:Drivers/STM32G4xx_HAL_Driver/Src/stm32g4xx_hal_rcc_ex.c **** 
 3003              		.loc 1 1740 5 view .LVU977
 3004 0064 DA60     		str	r2, [r3, #12]
1743:Drivers/STM32G4xx_HAL_Driver/Src/stm32g4xx_hal_rcc_ex.c ****   }
 3005              		.loc 1 1743 5 is_stmt 1 view .LVU978
 3006 0066 FFF7FEFF 		bl	HAL_RCCEx_CRS_SyncOkCallback
 3007              	.LVL295:
 3008              	.L245:
1788:Drivers/STM32G4xx_HAL_Driver/Src/stm32g4xx_hal_rcc_ex.c **** 
 3009              		.loc 1 1788 1 is_stmt 0 view .LVU979
 3010 006a 08BD     		pop	{r3, pc}
 3011              	.LVL296:
 3012              	.L256:
1749:Drivers/STM32G4xx_HAL_Driver/Src/stm32g4xx_hal_rcc_ex.c **** 
 3013              		.loc 1 1749 5 is_stmt 1 view .LVU980
 3014 006c 054B     		ldr	r3, .L258
 3015              	.LVL297:
1749:Drivers/STM32G4xx_HAL_Driver/Src/stm32g4xx_hal_rcc_ex.c **** 
 3016              		.loc 1 1749 5 is_stmt 0 view .LVU981
 3017 006e 0222     		movs	r2, #2
 3018              	.LVL298:
1749:Drivers/STM32G4xx_HAL_Driver/Src/stm32g4xx_hal_rcc_ex.c **** 
 3019              		.loc 1 1749 5 view .LVU982
 3020 0070 DA60     		str	r2, [r3, #12]
1752:Drivers/STM32G4xx_HAL_Driver/Src/stm32g4xx_hal_rcc_ex.c ****   }
 3021              		.loc 1 1752 5 is_stmt 1 view .LVU983
 3022 0072 FFF7FEFF 		bl	HAL_RCCEx_CRS_SyncWarnCallback
 3023              	.LVL299:
 3024 0076 F8E7     		b	.L245
 3025              	.LVL300:
 3026              	.L257:
1758:Drivers/STM32G4xx_HAL_Driver/Src/stm32g4xx_hal_rcc_ex.c **** 
 3027              		.loc 1 1758 5 view .LVU984
 3028 0078 024B     		ldr	r3, .L258
 3029              	.LVL301:
1758:Drivers/STM32G4xx_HAL_Driver/Src/stm32g4xx_hal_rcc_ex.c **** 
 3030              		.loc 1 1758 5 is_stmt 0 view .LVU985
 3031 007a 0822     		movs	r2, #8
ARM GAS  /tmp/ccb7W4Pk.s 			page 96


 3032              	.LVL302:
1758:Drivers/STM32G4xx_HAL_Driver/Src/stm32g4xx_hal_rcc_ex.c **** 
 3033              		.loc 1 1758 5 view .LVU986
 3034 007c DA60     		str	r2, [r3, #12]
1761:Drivers/STM32G4xx_HAL_Driver/Src/stm32g4xx_hal_rcc_ex.c ****   }
 3035              		.loc 1 1761 5 is_stmt 1 view .LVU987
 3036 007e FFF7FEFF 		bl	HAL_RCCEx_CRS_ExpectedSyncCallback
 3037              	.LVL303:
 3038 0082 F2E7     		b	.L245
 3039              	.L259:
 3040              		.align	2
 3041              	.L258:
 3042 0084 00200040 		.word	1073750016
 3043              		.cfi_endproc
 3044              	.LFE146:
 3046              		.text
 3047              	.Letext0:
 3048              		.file 2 "/home/charlie/.config/Code/User/globalStorage/bmd.stm32-for-vscode/@xpack-dev-tools/arm-n
 3049              		.file 3 "/home/charlie/.config/Code/User/globalStorage/bmd.stm32-for-vscode/@xpack-dev-tools/arm-n
 3050              		.file 4 "Drivers/CMSIS/Device/ST/STM32G4xx/Include/stm32g431xx.h"
 3051              		.file 5 "Drivers/CMSIS/Device/ST/STM32G4xx/Include/stm32g4xx.h"
 3052              		.file 6 "Drivers/STM32G4xx_HAL_Driver/Inc/stm32g4xx_hal_def.h"
 3053              		.file 7 "Drivers/STM32G4xx_HAL_Driver/Inc/stm32g4xx_hal_rcc_ex.h"
 3054              		.file 8 "Drivers/STM32G4xx_HAL_Driver/Inc/stm32g4xx_hal_gpio.h"
 3055              		.file 9 "Drivers/STM32G4xx_HAL_Driver/Inc/stm32g4xx_hal_pwr.h"
 3056              		.file 10 "Drivers/STM32G4xx_HAL_Driver/Inc/stm32g4xx_hal_rcc.h"
 3057              		.file 11 "Drivers/STM32G4xx_HAL_Driver/Inc/stm32g4xx_hal.h"
ARM GAS  /tmp/ccb7W4Pk.s 			page 97


DEFINED SYMBOLS
                            *ABS*:00000000 stm32g4xx_hal_rcc_ex.c
     /tmp/ccb7W4Pk.s:21     .text.HAL_RCCEx_PeriphCLKConfig:00000000 $t
     /tmp/ccb7W4Pk.s:27     .text.HAL_RCCEx_PeriphCLKConfig:00000000 HAL_RCCEx_PeriphCLKConfig
     /tmp/ccb7W4Pk.s:540    .text.HAL_RCCEx_PeriphCLKConfig:000002c4 $d
     /tmp/ccb7W4Pk.s:544    .text.HAL_RCCEx_PeriphCLKConfig:000002cc $t
     /tmp/ccb7W4Pk.s:564    .text.HAL_RCCEx_GetPeriphCLKConfig:00000000 $t
     /tmp/ccb7W4Pk.s:570    .text.HAL_RCCEx_GetPeriphCLKConfig:00000000 HAL_RCCEx_GetPeriphCLKConfig
     /tmp/ccb7W4Pk.s:684    .text.HAL_RCCEx_GetPeriphCLKConfig:000000a8 $d
     /tmp/ccb7W4Pk.s:690    .text.HAL_RCCEx_GetPeriphCLKFreq:00000000 $t
     /tmp/ccb7W4Pk.s:696    .text.HAL_RCCEx_GetPeriphCLKFreq:00000000 HAL_RCCEx_GetPeriphCLKFreq
     /tmp/ccb7W4Pk.s:1188   .text.HAL_RCCEx_GetPeriphCLKFreq:00000290 $d
     /tmp/ccb7W4Pk.s:1195   .text.HAL_RCCEx_GetPeriphCLKFreq:0000029c $t
     /tmp/ccb7W4Pk.s:1864   .text.HAL_RCCEx_GetPeriphCLKFreq:0000057c $d
     /tmp/ccb7W4Pk.s:1867   .text.HAL_RCCEx_GetPeriphCLKFreq:00000580 $t
     /tmp/ccb7W4Pk.s:1997   .text.HAL_RCCEx_GetPeriphCLKFreq:000005f0 $d
     /tmp/ccb7W4Pk.s:2006   .text.HAL_RCCEx_EnableLSECSS:00000000 $t
     /tmp/ccb7W4Pk.s:2012   .text.HAL_RCCEx_EnableLSECSS:00000000 HAL_RCCEx_EnableLSECSS
     /tmp/ccb7W4Pk.s:2029   .text.HAL_RCCEx_EnableLSECSS:00000010 $d
     /tmp/ccb7W4Pk.s:2034   .text.HAL_RCCEx_DisableLSECSS:00000000 $t
     /tmp/ccb7W4Pk.s:2040   .text.HAL_RCCEx_DisableLSECSS:00000000 HAL_RCCEx_DisableLSECSS
     /tmp/ccb7W4Pk.s:2061   .text.HAL_RCCEx_DisableLSECSS:00000018 $d
     /tmp/ccb7W4Pk.s:2066   .text.HAL_RCCEx_EnableLSECSS_IT:00000000 $t
     /tmp/ccb7W4Pk.s:2072   .text.HAL_RCCEx_EnableLSECSS_IT:00000000 HAL_RCCEx_EnableLSECSS_IT
     /tmp/ccb7W4Pk.s:2102   .text.HAL_RCCEx_EnableLSECSS_IT:0000002c $d
     /tmp/ccb7W4Pk.s:2107   .text.HAL_RCCEx_LSECSS_Callback:00000000 $t
     /tmp/ccb7W4Pk.s:2113   .text.HAL_RCCEx_LSECSS_Callback:00000000 HAL_RCCEx_LSECSS_Callback
     /tmp/ccb7W4Pk.s:2126   .text.HAL_RCCEx_LSECSS_IRQHandler:00000000 $t
     /tmp/ccb7W4Pk.s:2132   .text.HAL_RCCEx_LSECSS_IRQHandler:00000000 HAL_RCCEx_LSECSS_IRQHandler
     /tmp/ccb7W4Pk.s:2165   .text.HAL_RCCEx_LSECSS_IRQHandler:0000001c $d
     /tmp/ccb7W4Pk.s:2170   .text.HAL_RCCEx_EnableLSCO:00000000 $t
     /tmp/ccb7W4Pk.s:2176   .text.HAL_RCCEx_EnableLSCO:00000000 HAL_RCCEx_EnableLSCO
     /tmp/ccb7W4Pk.s:2333   .text.HAL_RCCEx_EnableLSCO:000000a0 $d
     /tmp/ccb7W4Pk.s:2339   .text.HAL_RCCEx_DisableLSCO:00000000 $t
     /tmp/ccb7W4Pk.s:2345   .text.HAL_RCCEx_DisableLSCO:00000000 HAL_RCCEx_DisableLSCO
     /tmp/ccb7W4Pk.s:2455   .text.HAL_RCCEx_DisableLSCO:00000068 $d
     /tmp/ccb7W4Pk.s:2461   .text.HAL_RCCEx_CRSConfig:00000000 $t
     /tmp/ccb7W4Pk.s:2467   .text.HAL_RCCEx_CRSConfig:00000000 HAL_RCCEx_CRSConfig
     /tmp/ccb7W4Pk.s:2536   .text.HAL_RCCEx_CRSConfig:00000044 $d
     /tmp/ccb7W4Pk.s:2542   .text.HAL_RCCEx_CRSSoftwareSynchronizationGenerate:00000000 $t
     /tmp/ccb7W4Pk.s:2548   .text.HAL_RCCEx_CRSSoftwareSynchronizationGenerate:00000000 HAL_RCCEx_CRSSoftwareSynchronizationGenerate
     /tmp/ccb7W4Pk.s:2565   .text.HAL_RCCEx_CRSSoftwareSynchronizationGenerate:0000000c $d
     /tmp/ccb7W4Pk.s:2570   .text.HAL_RCCEx_CRSGetSynchronizationInfo:00000000 $t
     /tmp/ccb7W4Pk.s:2576   .text.HAL_RCCEx_CRSGetSynchronizationInfo:00000000 HAL_RCCEx_CRSGetSynchronizationInfo
     /tmp/ccb7W4Pk.s:2617   .text.HAL_RCCEx_CRSGetSynchronizationInfo:00000020 $d
     /tmp/ccb7W4Pk.s:2622   .text.HAL_RCCEx_CRSWaitSynchronization:00000000 $t
     /tmp/ccb7W4Pk.s:2628   .text.HAL_RCCEx_CRSWaitSynchronization:00000000 HAL_RCCEx_CRSWaitSynchronization
     /tmp/ccb7W4Pk.s:2815   .text.HAL_RCCEx_CRSWaitSynchronization:000000a8 $d
     /tmp/ccb7W4Pk.s:2820   .text.HAL_RCCEx_CRS_SyncOkCallback:00000000 $t
     /tmp/ccb7W4Pk.s:2826   .text.HAL_RCCEx_CRS_SyncOkCallback:00000000 HAL_RCCEx_CRS_SyncOkCallback
     /tmp/ccb7W4Pk.s:2839   .text.HAL_RCCEx_CRS_SyncWarnCallback:00000000 $t
     /tmp/ccb7W4Pk.s:2845   .text.HAL_RCCEx_CRS_SyncWarnCallback:00000000 HAL_RCCEx_CRS_SyncWarnCallback
     /tmp/ccb7W4Pk.s:2858   .text.HAL_RCCEx_CRS_ExpectedSyncCallback:00000000 $t
     /tmp/ccb7W4Pk.s:2864   .text.HAL_RCCEx_CRS_ExpectedSyncCallback:00000000 HAL_RCCEx_CRS_ExpectedSyncCallback
     /tmp/ccb7W4Pk.s:2877   .text.HAL_RCCEx_CRS_ErrorCallback:00000000 $t
     /tmp/ccb7W4Pk.s:2883   .text.HAL_RCCEx_CRS_ErrorCallback:00000000 HAL_RCCEx_CRS_ErrorCallback
     /tmp/ccb7W4Pk.s:2898   .text.HAL_RCCEx_CRS_IRQHandler:00000000 $t
ARM GAS  /tmp/ccb7W4Pk.s 			page 98


     /tmp/ccb7W4Pk.s:2904   .text.HAL_RCCEx_CRS_IRQHandler:00000000 HAL_RCCEx_CRS_IRQHandler
     /tmp/ccb7W4Pk.s:3042   .text.HAL_RCCEx_CRS_IRQHandler:00000084 $d

UNDEFINED SYMBOLS
HAL_GetTick
HAL_RCC_GetPCLK2Freq
HAL_RCC_GetSysClockFreq
HAL_RCC_GetPCLK1Freq
HAL_GPIO_Init
HAL_PWR_EnableBkUpAccess
HAL_PWR_DisableBkUpAccess
