ARM GAS  /tmp/ccf0SYi0.s 			page 1


   1              		.cpu cortex-m4
   2              		.arch armv7e-m
   3              		.fpu fpv4-sp-d16
   4              		.eabi_attribute 27, 1
   5              		.eabi_attribute 28, 1
   6              		.eabi_attribute 20, 1
   7              		.eabi_attribute 21, 1
   8              		.eabi_attribute 23, 3
   9              		.eabi_attribute 24, 1
  10              		.eabi_attribute 25, 1
  11              		.eabi_attribute 26, 1
  12              		.eabi_attribute 30, 1
  13              		.eabi_attribute 34, 1
  14              		.eabi_attribute 18, 4
  15              		.file	"stm32g4xx_hal.c"
  16              		.text
  17              	.Ltext0:
  18              		.cfi_sections	.debug_frame
  19              		.file 1 "Drivers/STM32G4xx_HAL_Driver/Src/stm32g4xx_hal.c"
  20              		.section	.text.HAL_MspInit,"ax",%progbits
  21              		.align	1
  22              		.weak	HAL_MspInit
  23              		.syntax unified
  24              		.thumb
  25              		.thumb_func
  27              	HAL_MspInit:
  28              	.LFB134:
   1:Drivers/STM32G4xx_HAL_Driver/Src/stm32g4xx_hal.c **** /**
   2:Drivers/STM32G4xx_HAL_Driver/Src/stm32g4xx_hal.c ****   ******************************************************************************
   3:Drivers/STM32G4xx_HAL_Driver/Src/stm32g4xx_hal.c ****   * @file    stm32g4xx_hal.c
   4:Drivers/STM32G4xx_HAL_Driver/Src/stm32g4xx_hal.c ****   * @author  MCD Application Team
   5:Drivers/STM32G4xx_HAL_Driver/Src/stm32g4xx_hal.c ****   * @brief   HAL module driver.
   6:Drivers/STM32G4xx_HAL_Driver/Src/stm32g4xx_hal.c ****   *          This is the common part of the HAL initialization
   7:Drivers/STM32G4xx_HAL_Driver/Src/stm32g4xx_hal.c ****   ******************************************************************************
   8:Drivers/STM32G4xx_HAL_Driver/Src/stm32g4xx_hal.c ****   * @attention
   9:Drivers/STM32G4xx_HAL_Driver/Src/stm32g4xx_hal.c ****   *
  10:Drivers/STM32G4xx_HAL_Driver/Src/stm32g4xx_hal.c ****   * Copyright (c) 2019 STMicroelectronics.
  11:Drivers/STM32G4xx_HAL_Driver/Src/stm32g4xx_hal.c ****   * All rights reserved.
  12:Drivers/STM32G4xx_HAL_Driver/Src/stm32g4xx_hal.c ****   *
  13:Drivers/STM32G4xx_HAL_Driver/Src/stm32g4xx_hal.c ****   * This software is licensed under terms that can be found in the LICENSE file
  14:Drivers/STM32G4xx_HAL_Driver/Src/stm32g4xx_hal.c ****   * in the root directory of this software component.
  15:Drivers/STM32G4xx_HAL_Driver/Src/stm32g4xx_hal.c ****   * If no LICENSE file comes with this software, it is provided AS-IS.
  16:Drivers/STM32G4xx_HAL_Driver/Src/stm32g4xx_hal.c ****   *
  17:Drivers/STM32G4xx_HAL_Driver/Src/stm32g4xx_hal.c ****   ******************************************************************************
  18:Drivers/STM32G4xx_HAL_Driver/Src/stm32g4xx_hal.c ****   @verbatim
  19:Drivers/STM32G4xx_HAL_Driver/Src/stm32g4xx_hal.c ****   ==============================================================================
  20:Drivers/STM32G4xx_HAL_Driver/Src/stm32g4xx_hal.c ****                      ##### How to use this driver #####
  21:Drivers/STM32G4xx_HAL_Driver/Src/stm32g4xx_hal.c ****   ==============================================================================
  22:Drivers/STM32G4xx_HAL_Driver/Src/stm32g4xx_hal.c ****     [..]
  23:Drivers/STM32G4xx_HAL_Driver/Src/stm32g4xx_hal.c ****     The common HAL driver contains a set of generic and common APIs that can be
  24:Drivers/STM32G4xx_HAL_Driver/Src/stm32g4xx_hal.c ****     used by the PPP peripheral drivers and the user to start using the HAL.
  25:Drivers/STM32G4xx_HAL_Driver/Src/stm32g4xx_hal.c ****     [..]
  26:Drivers/STM32G4xx_HAL_Driver/Src/stm32g4xx_hal.c ****     The HAL contains two APIs' categories:
  27:Drivers/STM32G4xx_HAL_Driver/Src/stm32g4xx_hal.c ****          (+) Common HAL APIs
  28:Drivers/STM32G4xx_HAL_Driver/Src/stm32g4xx_hal.c ****          (+) Services HAL APIs
  29:Drivers/STM32G4xx_HAL_Driver/Src/stm32g4xx_hal.c **** 
  30:Drivers/STM32G4xx_HAL_Driver/Src/stm32g4xx_hal.c ****   @endverbatim
ARM GAS  /tmp/ccf0SYi0.s 			page 2


  31:Drivers/STM32G4xx_HAL_Driver/Src/stm32g4xx_hal.c ****   ******************************************************************************
  32:Drivers/STM32G4xx_HAL_Driver/Src/stm32g4xx_hal.c ****   */
  33:Drivers/STM32G4xx_HAL_Driver/Src/stm32g4xx_hal.c **** 
  34:Drivers/STM32G4xx_HAL_Driver/Src/stm32g4xx_hal.c **** /* Includes ------------------------------------------------------------------*/
  35:Drivers/STM32G4xx_HAL_Driver/Src/stm32g4xx_hal.c **** #include "stm32g4xx_hal.h"
  36:Drivers/STM32G4xx_HAL_Driver/Src/stm32g4xx_hal.c **** 
  37:Drivers/STM32G4xx_HAL_Driver/Src/stm32g4xx_hal.c **** /** @addtogroup STM32G4xx_HAL_Driver
  38:Drivers/STM32G4xx_HAL_Driver/Src/stm32g4xx_hal.c ****   * @{
  39:Drivers/STM32G4xx_HAL_Driver/Src/stm32g4xx_hal.c ****   */
  40:Drivers/STM32G4xx_HAL_Driver/Src/stm32g4xx_hal.c **** 
  41:Drivers/STM32G4xx_HAL_Driver/Src/stm32g4xx_hal.c **** /** @defgroup HAL HAL
  42:Drivers/STM32G4xx_HAL_Driver/Src/stm32g4xx_hal.c ****   * @brief HAL module driver
  43:Drivers/STM32G4xx_HAL_Driver/Src/stm32g4xx_hal.c ****   * @{
  44:Drivers/STM32G4xx_HAL_Driver/Src/stm32g4xx_hal.c ****   */
  45:Drivers/STM32G4xx_HAL_Driver/Src/stm32g4xx_hal.c **** 
  46:Drivers/STM32G4xx_HAL_Driver/Src/stm32g4xx_hal.c **** #ifdef HAL_MODULE_ENABLED
  47:Drivers/STM32G4xx_HAL_Driver/Src/stm32g4xx_hal.c **** 
  48:Drivers/STM32G4xx_HAL_Driver/Src/stm32g4xx_hal.c **** /* Private typedef -----------------------------------------------------------*/
  49:Drivers/STM32G4xx_HAL_Driver/Src/stm32g4xx_hal.c **** /* Private define ------------------------------------------------------------*/
  50:Drivers/STM32G4xx_HAL_Driver/Src/stm32g4xx_hal.c **** /**
  51:Drivers/STM32G4xx_HAL_Driver/Src/stm32g4xx_hal.c ****   * @brief STM32G4xx HAL Driver version number V1.2.6
  52:Drivers/STM32G4xx_HAL_Driver/Src/stm32g4xx_hal.c ****   */
  53:Drivers/STM32G4xx_HAL_Driver/Src/stm32g4xx_hal.c **** #define __STM32G4xx_HAL_VERSION_MAIN   (0x01U) /*!< [31:24] main version */
  54:Drivers/STM32G4xx_HAL_Driver/Src/stm32g4xx_hal.c **** #define __STM32G4xx_HAL_VERSION_SUB1   (0x02U) /*!< [23:16] sub1 version */
  55:Drivers/STM32G4xx_HAL_Driver/Src/stm32g4xx_hal.c **** #define __STM32G4xx_HAL_VERSION_SUB2   (0x06U) /*!< [15:8]  sub2 version */
  56:Drivers/STM32G4xx_HAL_Driver/Src/stm32g4xx_hal.c **** #define __STM32G4xx_HAL_VERSION_RC     (0x00U) /*!< [7:0]  release candidate */
  57:Drivers/STM32G4xx_HAL_Driver/Src/stm32g4xx_hal.c **** #define __STM32G4xx_HAL_VERSION         ((__STM32G4xx_HAL_VERSION_MAIN << 24U)\
  58:Drivers/STM32G4xx_HAL_Driver/Src/stm32g4xx_hal.c ****                                          |(__STM32G4xx_HAL_VERSION_SUB1 << 16U)\
  59:Drivers/STM32G4xx_HAL_Driver/Src/stm32g4xx_hal.c ****                                          |(__STM32G4xx_HAL_VERSION_SUB2 << 8U )\
  60:Drivers/STM32G4xx_HAL_Driver/Src/stm32g4xx_hal.c ****                                          |(__STM32G4xx_HAL_VERSION_RC))
  61:Drivers/STM32G4xx_HAL_Driver/Src/stm32g4xx_hal.c **** 
  62:Drivers/STM32G4xx_HAL_Driver/Src/stm32g4xx_hal.c **** #if defined(VREFBUF)
  63:Drivers/STM32G4xx_HAL_Driver/Src/stm32g4xx_hal.c **** #define VREFBUF_TIMEOUT_VALUE     10U   /* 10 ms */
  64:Drivers/STM32G4xx_HAL_Driver/Src/stm32g4xx_hal.c **** #endif /* VREFBUF */
  65:Drivers/STM32G4xx_HAL_Driver/Src/stm32g4xx_hal.c **** 
  66:Drivers/STM32G4xx_HAL_Driver/Src/stm32g4xx_hal.c **** /* ------------ SYSCFG registers bit address in the alias region ------------ */
  67:Drivers/STM32G4xx_HAL_Driver/Src/stm32g4xx_hal.c **** #define SYSCFG_OFFSET             (SYSCFG_BASE - PERIPH_BASE)
  68:Drivers/STM32G4xx_HAL_Driver/Src/stm32g4xx_hal.c **** /* ---  MEMRMP Register ---*/
  69:Drivers/STM32G4xx_HAL_Driver/Src/stm32g4xx_hal.c **** /* Alias word address of FB_MODE bit */
  70:Drivers/STM32G4xx_HAL_Driver/Src/stm32g4xx_hal.c **** #define MEMRMP_OFFSET           SYSCFG_OFFSET
  71:Drivers/STM32G4xx_HAL_Driver/Src/stm32g4xx_hal.c **** #define FB_MODE_BitNumber       ((uint8_t)0x8)
  72:Drivers/STM32G4xx_HAL_Driver/Src/stm32g4xx_hal.c **** #define FB_MODE_BB              (PERIPH_BB_BASE + (MEMRMP_OFFSET * 32) + (FB_MODE_BitNumber * 4))
  73:Drivers/STM32G4xx_HAL_Driver/Src/stm32g4xx_hal.c **** 
  74:Drivers/STM32G4xx_HAL_Driver/Src/stm32g4xx_hal.c **** /* --- GPC Register ---*/
  75:Drivers/STM32G4xx_HAL_Driver/Src/stm32g4xx_hal.c **** /* Alias word address of CCMER bit */
  76:Drivers/STM32G4xx_HAL_Driver/Src/stm32g4xx_hal.c **** #define SCSR_OFFSET             (SYSCFG_OFFSET + 0x18)
  77:Drivers/STM32G4xx_HAL_Driver/Src/stm32g4xx_hal.c **** #define CCMER_BitNumber         ((uint8_t)0x0)
  78:Drivers/STM32G4xx_HAL_Driver/Src/stm32g4xx_hal.c **** #define SCSR_CCMER_BB           (PERIPH_BB_BASE + (SCSR_OFFSET * 32) + (CCMER_BitNumber * 4))
  79:Drivers/STM32G4xx_HAL_Driver/Src/stm32g4xx_hal.c **** 
  80:Drivers/STM32G4xx_HAL_Driver/Src/stm32g4xx_hal.c **** /* Private macro -------------------------------------------------------------*/
  81:Drivers/STM32G4xx_HAL_Driver/Src/stm32g4xx_hal.c **** /* Exported variables ---------------------------------------------------------*/
  82:Drivers/STM32G4xx_HAL_Driver/Src/stm32g4xx_hal.c **** /** @defgroup HAL_Exported_Variables HAL Exported Variables
  83:Drivers/STM32G4xx_HAL_Driver/Src/stm32g4xx_hal.c ****   * @{
  84:Drivers/STM32G4xx_HAL_Driver/Src/stm32g4xx_hal.c ****   */
  85:Drivers/STM32G4xx_HAL_Driver/Src/stm32g4xx_hal.c **** __IO uint32_t uwTick;
  86:Drivers/STM32G4xx_HAL_Driver/Src/stm32g4xx_hal.c **** uint32_t uwTickPrio = (1UL << __NVIC_PRIO_BITS); /* Invalid PRIO */
  87:Drivers/STM32G4xx_HAL_Driver/Src/stm32g4xx_hal.c **** uint32_t uwTickFreq = HAL_TICK_FREQ_DEFAULT;  /* 1KHz */
ARM GAS  /tmp/ccf0SYi0.s 			page 3


  88:Drivers/STM32G4xx_HAL_Driver/Src/stm32g4xx_hal.c **** /**
  89:Drivers/STM32G4xx_HAL_Driver/Src/stm32g4xx_hal.c ****   * @}
  90:Drivers/STM32G4xx_HAL_Driver/Src/stm32g4xx_hal.c ****   */
  91:Drivers/STM32G4xx_HAL_Driver/Src/stm32g4xx_hal.c **** 
  92:Drivers/STM32G4xx_HAL_Driver/Src/stm32g4xx_hal.c **** /* Private function prototypes -----------------------------------------------*/
  93:Drivers/STM32G4xx_HAL_Driver/Src/stm32g4xx_hal.c **** /* Exported functions --------------------------------------------------------*/
  94:Drivers/STM32G4xx_HAL_Driver/Src/stm32g4xx_hal.c **** 
  95:Drivers/STM32G4xx_HAL_Driver/Src/stm32g4xx_hal.c **** /** @defgroup HAL_Exported_Functions HAL Exported Functions
  96:Drivers/STM32G4xx_HAL_Driver/Src/stm32g4xx_hal.c ****   * @{
  97:Drivers/STM32G4xx_HAL_Driver/Src/stm32g4xx_hal.c ****   */
  98:Drivers/STM32G4xx_HAL_Driver/Src/stm32g4xx_hal.c **** 
  99:Drivers/STM32G4xx_HAL_Driver/Src/stm32g4xx_hal.c **** /** @defgroup HAL_Exported_Functions_Group1 Initialization and de-initialization Functions
 100:Drivers/STM32G4xx_HAL_Driver/Src/stm32g4xx_hal.c ****   *  @brief    HAL Initialization and de-initialization functions
 101:Drivers/STM32G4xx_HAL_Driver/Src/stm32g4xx_hal.c ****   *
 102:Drivers/STM32G4xx_HAL_Driver/Src/stm32g4xx_hal.c **** @verbatim
 103:Drivers/STM32G4xx_HAL_Driver/Src/stm32g4xx_hal.c ****  ===============================================================================
 104:Drivers/STM32G4xx_HAL_Driver/Src/stm32g4xx_hal.c ****               ##### Initialization and Configuration functions #####
 105:Drivers/STM32G4xx_HAL_Driver/Src/stm32g4xx_hal.c ****  ===============================================================================
 106:Drivers/STM32G4xx_HAL_Driver/Src/stm32g4xx_hal.c ****     [..]  This section provides functions allowing to:
 107:Drivers/STM32G4xx_HAL_Driver/Src/stm32g4xx_hal.c ****       (+) Initialize the Flash interface the NVIC allocation and initial time base
 108:Drivers/STM32G4xx_HAL_Driver/Src/stm32g4xx_hal.c ****           clock configuration.
 109:Drivers/STM32G4xx_HAL_Driver/Src/stm32g4xx_hal.c ****       (+) De-Initialize common part of the HAL.
 110:Drivers/STM32G4xx_HAL_Driver/Src/stm32g4xx_hal.c ****       (+) Configure the time base source to have 1ms time base with a dedicated
 111:Drivers/STM32G4xx_HAL_Driver/Src/stm32g4xx_hal.c ****           Tick interrupt priority.
 112:Drivers/STM32G4xx_HAL_Driver/Src/stm32g4xx_hal.c ****         (++) SysTick timer is used by default as source of time base, but user
 113:Drivers/STM32G4xx_HAL_Driver/Src/stm32g4xx_hal.c ****              can eventually implement his proper time base source (a general purpose
 114:Drivers/STM32G4xx_HAL_Driver/Src/stm32g4xx_hal.c ****              timer for example or other time source), keeping in mind that Time base
 115:Drivers/STM32G4xx_HAL_Driver/Src/stm32g4xx_hal.c ****              duration should be kept 1ms since PPP_TIMEOUT_VALUEs are defined and
 116:Drivers/STM32G4xx_HAL_Driver/Src/stm32g4xx_hal.c ****              handled in milliseconds basis.
 117:Drivers/STM32G4xx_HAL_Driver/Src/stm32g4xx_hal.c ****         (++) Time base configuration function (HAL_InitTick ()) is called automatically
 118:Drivers/STM32G4xx_HAL_Driver/Src/stm32g4xx_hal.c ****              at the beginning of the program after reset by HAL_Init() or at any time
 119:Drivers/STM32G4xx_HAL_Driver/Src/stm32g4xx_hal.c ****              when clock is configured, by HAL_RCC_ClockConfig().
 120:Drivers/STM32G4xx_HAL_Driver/Src/stm32g4xx_hal.c ****         (++) Source of time base is configured  to generate interrupts at regular
 121:Drivers/STM32G4xx_HAL_Driver/Src/stm32g4xx_hal.c ****              time intervals. Care must be taken if HAL_Delay() is called from a
 122:Drivers/STM32G4xx_HAL_Driver/Src/stm32g4xx_hal.c ****              peripheral ISR process, the Tick interrupt line must have higher priority
 123:Drivers/STM32G4xx_HAL_Driver/Src/stm32g4xx_hal.c ****             (numerically lower) than the peripheral interrupt. Otherwise the caller
 124:Drivers/STM32G4xx_HAL_Driver/Src/stm32g4xx_hal.c ****             ISR process will be blocked.
 125:Drivers/STM32G4xx_HAL_Driver/Src/stm32g4xx_hal.c ****        (++) functions affecting time base configurations are declared as __weak
 126:Drivers/STM32G4xx_HAL_Driver/Src/stm32g4xx_hal.c ****              to make  override possible  in case of other  implementations in user file.
 127:Drivers/STM32G4xx_HAL_Driver/Src/stm32g4xx_hal.c **** @endverbatim
 128:Drivers/STM32G4xx_HAL_Driver/Src/stm32g4xx_hal.c ****   * @{
 129:Drivers/STM32G4xx_HAL_Driver/Src/stm32g4xx_hal.c ****   */
 130:Drivers/STM32G4xx_HAL_Driver/Src/stm32g4xx_hal.c **** 
 131:Drivers/STM32G4xx_HAL_Driver/Src/stm32g4xx_hal.c **** /**
 132:Drivers/STM32G4xx_HAL_Driver/Src/stm32g4xx_hal.c ****   * @brief  This function is used to configure the Flash prefetch, the Instruction and Data caches,
 133:Drivers/STM32G4xx_HAL_Driver/Src/stm32g4xx_hal.c ****   *         the time base source, NVIC and any required global low level hardware
 134:Drivers/STM32G4xx_HAL_Driver/Src/stm32g4xx_hal.c ****   *         by calling the HAL_MspInit() callback function to be optionally defined in user file
 135:Drivers/STM32G4xx_HAL_Driver/Src/stm32g4xx_hal.c ****   *         stm32g4xx_hal_msp.c.
 136:Drivers/STM32G4xx_HAL_Driver/Src/stm32g4xx_hal.c ****   *
 137:Drivers/STM32G4xx_HAL_Driver/Src/stm32g4xx_hal.c ****   * @note   HAL_Init() function is called at the beginning of program after reset and before
 138:Drivers/STM32G4xx_HAL_Driver/Src/stm32g4xx_hal.c ****   *         the clock configuration.
 139:Drivers/STM32G4xx_HAL_Driver/Src/stm32g4xx_hal.c ****   *
 140:Drivers/STM32G4xx_HAL_Driver/Src/stm32g4xx_hal.c ****   * @note   In the default implementation the System Timer (Systick) is used as source of time base
 141:Drivers/STM32G4xx_HAL_Driver/Src/stm32g4xx_hal.c ****   *         The Systick configuration is based on HSI clock, as HSI is the clock
 142:Drivers/STM32G4xx_HAL_Driver/Src/stm32g4xx_hal.c ****   *         used after a system Reset and the NVIC configuration is set to Priority group 4.
 143:Drivers/STM32G4xx_HAL_Driver/Src/stm32g4xx_hal.c ****   *         Once done, time base tick starts incrementing: the tick variable counter is incremented
 144:Drivers/STM32G4xx_HAL_Driver/Src/stm32g4xx_hal.c ****   *         each 1ms in the SysTick_Handler() interrupt handler.
ARM GAS  /tmp/ccf0SYi0.s 			page 4


 145:Drivers/STM32G4xx_HAL_Driver/Src/stm32g4xx_hal.c ****   *
 146:Drivers/STM32G4xx_HAL_Driver/Src/stm32g4xx_hal.c ****   * @retval HAL status
 147:Drivers/STM32G4xx_HAL_Driver/Src/stm32g4xx_hal.c ****   */
 148:Drivers/STM32G4xx_HAL_Driver/Src/stm32g4xx_hal.c **** HAL_StatusTypeDef HAL_Init(void)
 149:Drivers/STM32G4xx_HAL_Driver/Src/stm32g4xx_hal.c **** {
 150:Drivers/STM32G4xx_HAL_Driver/Src/stm32g4xx_hal.c ****   HAL_StatusTypeDef  status = HAL_OK;
 151:Drivers/STM32G4xx_HAL_Driver/Src/stm32g4xx_hal.c ****   /* Configure Flash prefetch, Instruction cache, Data cache */
 152:Drivers/STM32G4xx_HAL_Driver/Src/stm32g4xx_hal.c ****   /* Default configuration at reset is:                      */
 153:Drivers/STM32G4xx_HAL_Driver/Src/stm32g4xx_hal.c ****   /* - Prefetch disabled                                     */
 154:Drivers/STM32G4xx_HAL_Driver/Src/stm32g4xx_hal.c ****   /* - Instruction cache enabled                             */
 155:Drivers/STM32G4xx_HAL_Driver/Src/stm32g4xx_hal.c ****   /* - Data cache enabled                                    */
 156:Drivers/STM32G4xx_HAL_Driver/Src/stm32g4xx_hal.c **** #if (INSTRUCTION_CACHE_ENABLE == 0U)
 157:Drivers/STM32G4xx_HAL_Driver/Src/stm32g4xx_hal.c ****   __HAL_FLASH_INSTRUCTION_CACHE_DISABLE();
 158:Drivers/STM32G4xx_HAL_Driver/Src/stm32g4xx_hal.c **** #endif /* INSTRUCTION_CACHE_ENABLE */
 159:Drivers/STM32G4xx_HAL_Driver/Src/stm32g4xx_hal.c **** 
 160:Drivers/STM32G4xx_HAL_Driver/Src/stm32g4xx_hal.c **** #if (DATA_CACHE_ENABLE == 0U)
 161:Drivers/STM32G4xx_HAL_Driver/Src/stm32g4xx_hal.c ****   __HAL_FLASH_DATA_CACHE_DISABLE();
 162:Drivers/STM32G4xx_HAL_Driver/Src/stm32g4xx_hal.c **** #endif /* DATA_CACHE_ENABLE */
 163:Drivers/STM32G4xx_HAL_Driver/Src/stm32g4xx_hal.c **** 
 164:Drivers/STM32G4xx_HAL_Driver/Src/stm32g4xx_hal.c **** #if (PREFETCH_ENABLE != 0U)
 165:Drivers/STM32G4xx_HAL_Driver/Src/stm32g4xx_hal.c ****   __HAL_FLASH_PREFETCH_BUFFER_ENABLE();
 166:Drivers/STM32G4xx_HAL_Driver/Src/stm32g4xx_hal.c **** #endif /* PREFETCH_ENABLE */
 167:Drivers/STM32G4xx_HAL_Driver/Src/stm32g4xx_hal.c **** 
 168:Drivers/STM32G4xx_HAL_Driver/Src/stm32g4xx_hal.c ****   /* Set Interrupt Group Priority */
 169:Drivers/STM32G4xx_HAL_Driver/Src/stm32g4xx_hal.c ****   HAL_NVIC_SetPriorityGrouping(NVIC_PRIORITYGROUP_4);
 170:Drivers/STM32G4xx_HAL_Driver/Src/stm32g4xx_hal.c **** 
 171:Drivers/STM32G4xx_HAL_Driver/Src/stm32g4xx_hal.c ****   /* Use SysTick as time base source and configure 1ms tick (default clock after Reset is HSI) */
 172:Drivers/STM32G4xx_HAL_Driver/Src/stm32g4xx_hal.c ****   if (HAL_InitTick(TICK_INT_PRIORITY) != HAL_OK)
 173:Drivers/STM32G4xx_HAL_Driver/Src/stm32g4xx_hal.c ****   {
 174:Drivers/STM32G4xx_HAL_Driver/Src/stm32g4xx_hal.c ****     status = HAL_ERROR;
 175:Drivers/STM32G4xx_HAL_Driver/Src/stm32g4xx_hal.c ****   }
 176:Drivers/STM32G4xx_HAL_Driver/Src/stm32g4xx_hal.c ****   else
 177:Drivers/STM32G4xx_HAL_Driver/Src/stm32g4xx_hal.c ****   {
 178:Drivers/STM32G4xx_HAL_Driver/Src/stm32g4xx_hal.c ****     /* Init the low level hardware */
 179:Drivers/STM32G4xx_HAL_Driver/Src/stm32g4xx_hal.c ****     HAL_MspInit();
 180:Drivers/STM32G4xx_HAL_Driver/Src/stm32g4xx_hal.c ****   }
 181:Drivers/STM32G4xx_HAL_Driver/Src/stm32g4xx_hal.c **** 
 182:Drivers/STM32G4xx_HAL_Driver/Src/stm32g4xx_hal.c ****   /* Return function status */
 183:Drivers/STM32G4xx_HAL_Driver/Src/stm32g4xx_hal.c ****   return status;
 184:Drivers/STM32G4xx_HAL_Driver/Src/stm32g4xx_hal.c **** 
 185:Drivers/STM32G4xx_HAL_Driver/Src/stm32g4xx_hal.c **** }
 186:Drivers/STM32G4xx_HAL_Driver/Src/stm32g4xx_hal.c **** 
 187:Drivers/STM32G4xx_HAL_Driver/Src/stm32g4xx_hal.c **** /**
 188:Drivers/STM32G4xx_HAL_Driver/Src/stm32g4xx_hal.c ****   * @brief  This function de-initializes common part of the HAL and stops the source of time base.
 189:Drivers/STM32G4xx_HAL_Driver/Src/stm32g4xx_hal.c ****   * @note   This function is optional.
 190:Drivers/STM32G4xx_HAL_Driver/Src/stm32g4xx_hal.c ****   * @retval HAL status
 191:Drivers/STM32G4xx_HAL_Driver/Src/stm32g4xx_hal.c ****   */
 192:Drivers/STM32G4xx_HAL_Driver/Src/stm32g4xx_hal.c **** HAL_StatusTypeDef HAL_DeInit(void)
 193:Drivers/STM32G4xx_HAL_Driver/Src/stm32g4xx_hal.c **** {
 194:Drivers/STM32G4xx_HAL_Driver/Src/stm32g4xx_hal.c ****   /* Reset of all peripherals */
 195:Drivers/STM32G4xx_HAL_Driver/Src/stm32g4xx_hal.c ****   __HAL_RCC_APB1_FORCE_RESET();
 196:Drivers/STM32G4xx_HAL_Driver/Src/stm32g4xx_hal.c ****   __HAL_RCC_APB1_RELEASE_RESET();
 197:Drivers/STM32G4xx_HAL_Driver/Src/stm32g4xx_hal.c **** 
 198:Drivers/STM32G4xx_HAL_Driver/Src/stm32g4xx_hal.c ****   __HAL_RCC_APB2_FORCE_RESET();
 199:Drivers/STM32G4xx_HAL_Driver/Src/stm32g4xx_hal.c ****   __HAL_RCC_APB2_RELEASE_RESET();
 200:Drivers/STM32G4xx_HAL_Driver/Src/stm32g4xx_hal.c **** 
 201:Drivers/STM32G4xx_HAL_Driver/Src/stm32g4xx_hal.c ****   __HAL_RCC_AHB1_FORCE_RESET();
ARM GAS  /tmp/ccf0SYi0.s 			page 5


 202:Drivers/STM32G4xx_HAL_Driver/Src/stm32g4xx_hal.c ****   __HAL_RCC_AHB1_RELEASE_RESET();
 203:Drivers/STM32G4xx_HAL_Driver/Src/stm32g4xx_hal.c **** 
 204:Drivers/STM32G4xx_HAL_Driver/Src/stm32g4xx_hal.c ****   __HAL_RCC_AHB2_FORCE_RESET();
 205:Drivers/STM32G4xx_HAL_Driver/Src/stm32g4xx_hal.c ****   __HAL_RCC_AHB2_RELEASE_RESET();
 206:Drivers/STM32G4xx_HAL_Driver/Src/stm32g4xx_hal.c **** 
 207:Drivers/STM32G4xx_HAL_Driver/Src/stm32g4xx_hal.c ****   __HAL_RCC_AHB3_FORCE_RESET();
 208:Drivers/STM32G4xx_HAL_Driver/Src/stm32g4xx_hal.c ****   __HAL_RCC_AHB3_RELEASE_RESET();
 209:Drivers/STM32G4xx_HAL_Driver/Src/stm32g4xx_hal.c **** 
 210:Drivers/STM32G4xx_HAL_Driver/Src/stm32g4xx_hal.c ****   /* De-Init the low level hardware */
 211:Drivers/STM32G4xx_HAL_Driver/Src/stm32g4xx_hal.c ****   HAL_MspDeInit();
 212:Drivers/STM32G4xx_HAL_Driver/Src/stm32g4xx_hal.c **** 
 213:Drivers/STM32G4xx_HAL_Driver/Src/stm32g4xx_hal.c ****   /* Return function status */
 214:Drivers/STM32G4xx_HAL_Driver/Src/stm32g4xx_hal.c ****   return HAL_OK;
 215:Drivers/STM32G4xx_HAL_Driver/Src/stm32g4xx_hal.c **** }
 216:Drivers/STM32G4xx_HAL_Driver/Src/stm32g4xx_hal.c **** 
 217:Drivers/STM32G4xx_HAL_Driver/Src/stm32g4xx_hal.c **** /**
 218:Drivers/STM32G4xx_HAL_Driver/Src/stm32g4xx_hal.c ****   * @brief  Initialize the MSP.
 219:Drivers/STM32G4xx_HAL_Driver/Src/stm32g4xx_hal.c ****   * @retval None
 220:Drivers/STM32G4xx_HAL_Driver/Src/stm32g4xx_hal.c ****   */
 221:Drivers/STM32G4xx_HAL_Driver/Src/stm32g4xx_hal.c **** __weak void HAL_MspInit(void)
 222:Drivers/STM32G4xx_HAL_Driver/Src/stm32g4xx_hal.c **** {
  29              		.loc 1 222 1 view -0
  30              		.cfi_startproc
  31              		@ args = 0, pretend = 0, frame = 0
  32              		@ frame_needed = 0, uses_anonymous_args = 0
  33              		@ link register save eliminated.
 223:Drivers/STM32G4xx_HAL_Driver/Src/stm32g4xx_hal.c ****   /* NOTE : This function should not be modified, when the callback is needed,
 224:Drivers/STM32G4xx_HAL_Driver/Src/stm32g4xx_hal.c ****             the HAL_MspInit could be implemented in the user file
 225:Drivers/STM32G4xx_HAL_Driver/Src/stm32g4xx_hal.c ****    */
 226:Drivers/STM32G4xx_HAL_Driver/Src/stm32g4xx_hal.c **** }
  34              		.loc 1 226 1 view .LVU1
  35 0000 7047     		bx	lr
  36              		.cfi_endproc
  37              	.LFE134:
  39              		.section	.text.HAL_MspDeInit,"ax",%progbits
  40              		.align	1
  41              		.weak	HAL_MspDeInit
  42              		.syntax unified
  43              		.thumb
  44              		.thumb_func
  46              	HAL_MspDeInit:
  47              	.LFB135:
 227:Drivers/STM32G4xx_HAL_Driver/Src/stm32g4xx_hal.c **** 
 228:Drivers/STM32G4xx_HAL_Driver/Src/stm32g4xx_hal.c **** /**
 229:Drivers/STM32G4xx_HAL_Driver/Src/stm32g4xx_hal.c ****   * @brief  DeInitializes the MSP.
 230:Drivers/STM32G4xx_HAL_Driver/Src/stm32g4xx_hal.c ****   * @retval None
 231:Drivers/STM32G4xx_HAL_Driver/Src/stm32g4xx_hal.c ****   */
 232:Drivers/STM32G4xx_HAL_Driver/Src/stm32g4xx_hal.c **** __weak void HAL_MspDeInit(void)
 233:Drivers/STM32G4xx_HAL_Driver/Src/stm32g4xx_hal.c **** {
  48              		.loc 1 233 1 view -0
  49              		.cfi_startproc
  50              		@ args = 0, pretend = 0, frame = 0
  51              		@ frame_needed = 0, uses_anonymous_args = 0
  52              		@ link register save eliminated.
 234:Drivers/STM32G4xx_HAL_Driver/Src/stm32g4xx_hal.c ****   /* NOTE : This function should not be modified, when the callback is needed,
 235:Drivers/STM32G4xx_HAL_Driver/Src/stm32g4xx_hal.c ****             the HAL_MspDeInit could be implemented in the user file
 236:Drivers/STM32G4xx_HAL_Driver/Src/stm32g4xx_hal.c ****    */
ARM GAS  /tmp/ccf0SYi0.s 			page 6


 237:Drivers/STM32G4xx_HAL_Driver/Src/stm32g4xx_hal.c **** }
  53              		.loc 1 237 1 view .LVU3
  54 0000 7047     		bx	lr
  55              		.cfi_endproc
  56              	.LFE135:
  58              		.section	.text.HAL_DeInit,"ax",%progbits
  59              		.align	1
  60              		.global	HAL_DeInit
  61              		.syntax unified
  62              		.thumb
  63              		.thumb_func
  65              	HAL_DeInit:
  66              	.LFB133:
 193:Drivers/STM32G4xx_HAL_Driver/Src/stm32g4xx_hal.c ****   /* Reset of all peripherals */
  67              		.loc 1 193 1 view -0
  68              		.cfi_startproc
  69              		@ args = 0, pretend = 0, frame = 0
  70              		@ frame_needed = 0, uses_anonymous_args = 0
  71 0000 10B5     		push	{r4, lr}
  72              		.cfi_def_cfa_offset 8
  73              		.cfi_offset 4, -8
  74              		.cfi_offset 14, -4
 195:Drivers/STM32G4xx_HAL_Driver/Src/stm32g4xx_hal.c ****   __HAL_RCC_APB1_RELEASE_RESET();
  75              		.loc 1 195 3 view .LVU5
  76 0002 094B     		ldr	r3, .L5
  77 0004 4FF0FF32 		mov	r2, #-1
  78 0008 9A63     		str	r2, [r3, #56]
 196:Drivers/STM32G4xx_HAL_Driver/Src/stm32g4xx_hal.c **** 
  79              		.loc 1 196 3 view .LVU6
  80 000a 0024     		movs	r4, #0
  81 000c 9C63     		str	r4, [r3, #56]
 198:Drivers/STM32G4xx_HAL_Driver/Src/stm32g4xx_hal.c ****   __HAL_RCC_APB2_RELEASE_RESET();
  82              		.loc 1 198 3 view .LVU7
  83 000e 1A64     		str	r2, [r3, #64]
 199:Drivers/STM32G4xx_HAL_Driver/Src/stm32g4xx_hal.c **** 
  84              		.loc 1 199 3 view .LVU8
  85 0010 1C64     		str	r4, [r3, #64]
 201:Drivers/STM32G4xx_HAL_Driver/Src/stm32g4xx_hal.c ****   __HAL_RCC_AHB1_RELEASE_RESET();
  86              		.loc 1 201 3 view .LVU9
  87 0012 9A62     		str	r2, [r3, #40]
 202:Drivers/STM32G4xx_HAL_Driver/Src/stm32g4xx_hal.c **** 
  88              		.loc 1 202 3 view .LVU10
  89 0014 9C62     		str	r4, [r3, #40]
 204:Drivers/STM32G4xx_HAL_Driver/Src/stm32g4xx_hal.c ****   __HAL_RCC_AHB2_RELEASE_RESET();
  90              		.loc 1 204 3 view .LVU11
  91 0016 DA62     		str	r2, [r3, #44]
 205:Drivers/STM32G4xx_HAL_Driver/Src/stm32g4xx_hal.c **** 
  92              		.loc 1 205 3 view .LVU12
  93 0018 DC62     		str	r4, [r3, #44]
 207:Drivers/STM32G4xx_HAL_Driver/Src/stm32g4xx_hal.c ****   __HAL_RCC_AHB3_RELEASE_RESET();
  94              		.loc 1 207 3 view .LVU13
  95 001a 1A63     		str	r2, [r3, #48]
 208:Drivers/STM32G4xx_HAL_Driver/Src/stm32g4xx_hal.c **** 
  96              		.loc 1 208 3 view .LVU14
  97 001c 1C63     		str	r4, [r3, #48]
 211:Drivers/STM32G4xx_HAL_Driver/Src/stm32g4xx_hal.c **** 
  98              		.loc 1 211 3 view .LVU15
ARM GAS  /tmp/ccf0SYi0.s 			page 7


  99 001e FFF7FEFF 		bl	HAL_MspDeInit
 100              	.LVL0:
 214:Drivers/STM32G4xx_HAL_Driver/Src/stm32g4xx_hal.c **** }
 101              		.loc 1 214 3 view .LVU16
 215:Drivers/STM32G4xx_HAL_Driver/Src/stm32g4xx_hal.c **** 
 102              		.loc 1 215 1 is_stmt 0 view .LVU17
 103 0022 2046     		mov	r0, r4
 104 0024 10BD     		pop	{r4, pc}
 105              	.L6:
 106 0026 00BF     		.align	2
 107              	.L5:
 108 0028 00100240 		.word	1073876992
 109              		.cfi_endproc
 110              	.LFE133:
 112              		.section	.text.HAL_InitTick,"ax",%progbits
 113              		.align	1
 114              		.weak	HAL_InitTick
 115              		.syntax unified
 116              		.thumb
 117              		.thumb_func
 119              	HAL_InitTick:
 120              	.LVL1:
 121              	.LFB136:
 238:Drivers/STM32G4xx_HAL_Driver/Src/stm32g4xx_hal.c **** 
 239:Drivers/STM32G4xx_HAL_Driver/Src/stm32g4xx_hal.c **** /**
 240:Drivers/STM32G4xx_HAL_Driver/Src/stm32g4xx_hal.c ****   * @brief This function configures the source of the time base:
 241:Drivers/STM32G4xx_HAL_Driver/Src/stm32g4xx_hal.c ****   *        The time source is configured to have 1ms time base with a dedicated
 242:Drivers/STM32G4xx_HAL_Driver/Src/stm32g4xx_hal.c ****   *        Tick interrupt priority.
 243:Drivers/STM32G4xx_HAL_Driver/Src/stm32g4xx_hal.c ****   * @note This function is called  automatically at the beginning of program after
 244:Drivers/STM32G4xx_HAL_Driver/Src/stm32g4xx_hal.c ****   *       reset by HAL_Init() or at any time when clock is reconfigured  by HAL_RCC_ClockConfig().
 245:Drivers/STM32G4xx_HAL_Driver/Src/stm32g4xx_hal.c ****   * @note In the default implementation, SysTick timer is the source of time base.
 246:Drivers/STM32G4xx_HAL_Driver/Src/stm32g4xx_hal.c ****   *       It is used to generate interrupts at regular time intervals.
 247:Drivers/STM32G4xx_HAL_Driver/Src/stm32g4xx_hal.c ****   *       Care must be taken if HAL_Delay() is called from a peripheral ISR process,
 248:Drivers/STM32G4xx_HAL_Driver/Src/stm32g4xx_hal.c ****   *       The SysTick interrupt must have higher priority (numerically lower)
 249:Drivers/STM32G4xx_HAL_Driver/Src/stm32g4xx_hal.c ****   *       than the peripheral interrupt. Otherwise the caller ISR process will be blocked.
 250:Drivers/STM32G4xx_HAL_Driver/Src/stm32g4xx_hal.c ****   *       The function is declared as __weak  to be overwritten  in case of other
 251:Drivers/STM32G4xx_HAL_Driver/Src/stm32g4xx_hal.c ****   *       implementation  in user file.
 252:Drivers/STM32G4xx_HAL_Driver/Src/stm32g4xx_hal.c ****   * @param TickPriority: Tick interrupt priority.
 253:Drivers/STM32G4xx_HAL_Driver/Src/stm32g4xx_hal.c ****   * @retval HAL status
 254:Drivers/STM32G4xx_HAL_Driver/Src/stm32g4xx_hal.c ****   */
 255:Drivers/STM32G4xx_HAL_Driver/Src/stm32g4xx_hal.c **** __weak HAL_StatusTypeDef HAL_InitTick(uint32_t TickPriority)
 256:Drivers/STM32G4xx_HAL_Driver/Src/stm32g4xx_hal.c **** {
 122              		.loc 1 256 1 is_stmt 1 view -0
 123              		.cfi_startproc
 124              		@ args = 0, pretend = 0, frame = 0
 125              		@ frame_needed = 0, uses_anonymous_args = 0
 257:Drivers/STM32G4xx_HAL_Driver/Src/stm32g4xx_hal.c ****   HAL_StatusTypeDef  status = HAL_OK;
 126              		.loc 1 257 3 view .LVU19
 258:Drivers/STM32G4xx_HAL_Driver/Src/stm32g4xx_hal.c **** 
 259:Drivers/STM32G4xx_HAL_Driver/Src/stm32g4xx_hal.c ****   if (uwTickFreq != 0U)
 127              		.loc 1 259 3 view .LVU20
 128              		.loc 1 259 18 is_stmt 0 view .LVU21
 129 0000 104B     		ldr	r3, .L18
 130 0002 1B68     		ldr	r3, [r3]
 131              		.loc 1 259 6 view .LVU22
 132 0004 0BB9     		cbnz	r3, .L16
 260:Drivers/STM32G4xx_HAL_Driver/Src/stm32g4xx_hal.c ****   {
ARM GAS  /tmp/ccf0SYi0.s 			page 8


 261:Drivers/STM32G4xx_HAL_Driver/Src/stm32g4xx_hal.c ****     /* Configure the SysTick to have interrupt in 1ms time basis*/
 262:Drivers/STM32G4xx_HAL_Driver/Src/stm32g4xx_hal.c ****     if (HAL_SYSTICK_Config(SystemCoreClock / (1000U / uwTickFreq)) == 0U)
 263:Drivers/STM32G4xx_HAL_Driver/Src/stm32g4xx_hal.c ****     {
 264:Drivers/STM32G4xx_HAL_Driver/Src/stm32g4xx_hal.c ****       /* Configure the SysTick IRQ priority */
 265:Drivers/STM32G4xx_HAL_Driver/Src/stm32g4xx_hal.c ****       if (TickPriority < (1UL << __NVIC_PRIO_BITS))
 266:Drivers/STM32G4xx_HAL_Driver/Src/stm32g4xx_hal.c ****       {
 267:Drivers/STM32G4xx_HAL_Driver/Src/stm32g4xx_hal.c ****         HAL_NVIC_SetPriority(SysTick_IRQn, TickPriority, 0U);
 268:Drivers/STM32G4xx_HAL_Driver/Src/stm32g4xx_hal.c ****         uwTickPrio = TickPriority;
 269:Drivers/STM32G4xx_HAL_Driver/Src/stm32g4xx_hal.c ****       }
 270:Drivers/STM32G4xx_HAL_Driver/Src/stm32g4xx_hal.c ****       else
 271:Drivers/STM32G4xx_HAL_Driver/Src/stm32g4xx_hal.c ****       {
 272:Drivers/STM32G4xx_HAL_Driver/Src/stm32g4xx_hal.c ****         status = HAL_ERROR;
 273:Drivers/STM32G4xx_HAL_Driver/Src/stm32g4xx_hal.c ****       }
 274:Drivers/STM32G4xx_HAL_Driver/Src/stm32g4xx_hal.c ****     }
 275:Drivers/STM32G4xx_HAL_Driver/Src/stm32g4xx_hal.c ****     else
 276:Drivers/STM32G4xx_HAL_Driver/Src/stm32g4xx_hal.c ****     {
 277:Drivers/STM32G4xx_HAL_Driver/Src/stm32g4xx_hal.c ****       status = HAL_ERROR;
 278:Drivers/STM32G4xx_HAL_Driver/Src/stm32g4xx_hal.c ****     }
 279:Drivers/STM32G4xx_HAL_Driver/Src/stm32g4xx_hal.c ****   }
 280:Drivers/STM32G4xx_HAL_Driver/Src/stm32g4xx_hal.c ****   else
 281:Drivers/STM32G4xx_HAL_Driver/Src/stm32g4xx_hal.c ****   {
 282:Drivers/STM32G4xx_HAL_Driver/Src/stm32g4xx_hal.c ****     status = HAL_ERROR;
 133              		.loc 1 282 12 view .LVU23
 134 0006 0120     		movs	r0, #1
 135              	.LVL2:
 283:Drivers/STM32G4xx_HAL_Driver/Src/stm32g4xx_hal.c ****   }
 284:Drivers/STM32G4xx_HAL_Driver/Src/stm32g4xx_hal.c **** 
 285:Drivers/STM32G4xx_HAL_Driver/Src/stm32g4xx_hal.c ****   /* Return function status */
 286:Drivers/STM32G4xx_HAL_Driver/Src/stm32g4xx_hal.c ****   return status;
 136              		.loc 1 286 3 is_stmt 1 view .LVU24
 287:Drivers/STM32G4xx_HAL_Driver/Src/stm32g4xx_hal.c **** }
 137              		.loc 1 287 1 is_stmt 0 view .LVU25
 138 0008 7047     		bx	lr
 139              	.LVL3:
 140              	.L16:
 256:Drivers/STM32G4xx_HAL_Driver/Src/stm32g4xx_hal.c ****   HAL_StatusTypeDef  status = HAL_OK;
 141              		.loc 1 256 1 view .LVU26
 142 000a 10B5     		push	{r4, lr}
 143              		.cfi_def_cfa_offset 8
 144              		.cfi_offset 4, -8
 145              		.cfi_offset 14, -4
 146 000c 0446     		mov	r4, r0
 262:Drivers/STM32G4xx_HAL_Driver/Src/stm32g4xx_hal.c ****     {
 147              		.loc 1 262 5 is_stmt 1 view .LVU27
 262:Drivers/STM32G4xx_HAL_Driver/Src/stm32g4xx_hal.c ****     {
 148              		.loc 1 262 9 is_stmt 0 view .LVU28
 149 000e 0E4A     		ldr	r2, .L18+4
 150 0010 1068     		ldr	r0, [r2]
 151              	.LVL4:
 262:Drivers/STM32G4xx_HAL_Driver/Src/stm32g4xx_hal.c ****     {
 152              		.loc 1 262 53 view .LVU29
 153 0012 4FF47A72 		mov	r2, #1000
 154 0016 B2FBF3F3 		udiv	r3, r2, r3
 262:Drivers/STM32G4xx_HAL_Driver/Src/stm32g4xx_hal.c ****     {
 155              		.loc 1 262 9 view .LVU30
 156 001a B0FBF3F0 		udiv	r0, r0, r3
 157 001e FFF7FEFF 		bl	HAL_SYSTICK_Config
ARM GAS  /tmp/ccf0SYi0.s 			page 9


 158              	.LVL5:
 262:Drivers/STM32G4xx_HAL_Driver/Src/stm32g4xx_hal.c ****     {
 159              		.loc 1 262 8 discriminator 1 view .LVU31
 160 0022 68B9     		cbnz	r0, .L10
 265:Drivers/STM32G4xx_HAL_Driver/Src/stm32g4xx_hal.c ****       {
 161              		.loc 1 265 7 is_stmt 1 view .LVU32
 265:Drivers/STM32G4xx_HAL_Driver/Src/stm32g4xx_hal.c ****       {
 162              		.loc 1 265 10 is_stmt 0 view .LVU33
 163 0024 0F2C     		cmp	r4, #15
 164 0026 01D9     		bls	.L17
 272:Drivers/STM32G4xx_HAL_Driver/Src/stm32g4xx_hal.c ****       }
 165              		.loc 1 272 16 view .LVU34
 166 0028 0120     		movs	r0, #1
 167 002a 0AE0     		b	.L8
 168              	.L17:
 267:Drivers/STM32G4xx_HAL_Driver/Src/stm32g4xx_hal.c ****         uwTickPrio = TickPriority;
 169              		.loc 1 267 9 is_stmt 1 view .LVU35
 170 002c 0246     		mov	r2, r0
 171 002e 2146     		mov	r1, r4
 172 0030 4FF0FF30 		mov	r0, #-1
 173 0034 FFF7FEFF 		bl	HAL_NVIC_SetPriority
 174              	.LVL6:
 268:Drivers/STM32G4xx_HAL_Driver/Src/stm32g4xx_hal.c ****       }
 175              		.loc 1 268 9 view .LVU36
 268:Drivers/STM32G4xx_HAL_Driver/Src/stm32g4xx_hal.c ****       }
 176              		.loc 1 268 20 is_stmt 0 view .LVU37
 177 0038 044B     		ldr	r3, .L18+8
 178 003a 1C60     		str	r4, [r3]
 257:Drivers/STM32G4xx_HAL_Driver/Src/stm32g4xx_hal.c **** 
 179              		.loc 1 257 22 view .LVU38
 180 003c 0020     		movs	r0, #0
 181 003e 00E0     		b	.L8
 182              	.L10:
 277:Drivers/STM32G4xx_HAL_Driver/Src/stm32g4xx_hal.c ****     }
 183              		.loc 1 277 14 view .LVU39
 184 0040 0120     		movs	r0, #1
 185              	.L8:
 186              	.LVL7:
 286:Drivers/STM32G4xx_HAL_Driver/Src/stm32g4xx_hal.c **** }
 187              		.loc 1 286 3 is_stmt 1 view .LVU40
 188              		.loc 1 287 1 is_stmt 0 view .LVU41
 189 0042 10BD     		pop	{r4, pc}
 190              	.LVL8:
 191              	.L19:
 192              		.loc 1 287 1 view .LVU42
 193              		.align	2
 194              	.L18:
 195 0044 00000000 		.word	uwTickFreq
 196 0048 00000000 		.word	SystemCoreClock
 197 004c 00000000 		.word	uwTickPrio
 198              		.cfi_endproc
 199              	.LFE136:
 201              		.section	.text.HAL_Init,"ax",%progbits
 202              		.align	1
 203              		.global	HAL_Init
 204              		.syntax unified
 205              		.thumb
ARM GAS  /tmp/ccf0SYi0.s 			page 10


 206              		.thumb_func
 208              	HAL_Init:
 209              	.LFB132:
 149:Drivers/STM32G4xx_HAL_Driver/Src/stm32g4xx_hal.c ****   HAL_StatusTypeDef  status = HAL_OK;
 210              		.loc 1 149 1 is_stmt 1 view -0
 211              		.cfi_startproc
 212              		@ args = 0, pretend = 0, frame = 0
 213              		@ frame_needed = 0, uses_anonymous_args = 0
 214 0000 10B5     		push	{r4, lr}
 215              		.cfi_def_cfa_offset 8
 216              		.cfi_offset 4, -8
 217              		.cfi_offset 14, -4
 150:Drivers/STM32G4xx_HAL_Driver/Src/stm32g4xx_hal.c ****   /* Configure Flash prefetch, Instruction cache, Data cache */
 218              		.loc 1 150 3 view .LVU44
 219              	.LVL9:
 169:Drivers/STM32G4xx_HAL_Driver/Src/stm32g4xx_hal.c **** 
 220              		.loc 1 169 3 view .LVU45
 221 0002 0320     		movs	r0, #3
 222 0004 FFF7FEFF 		bl	HAL_NVIC_SetPriorityGrouping
 223              	.LVL10:
 172:Drivers/STM32G4xx_HAL_Driver/Src/stm32g4xx_hal.c ****   {
 224              		.loc 1 172 3 view .LVU46
 172:Drivers/STM32G4xx_HAL_Driver/Src/stm32g4xx_hal.c ****   {
 225              		.loc 1 172 7 is_stmt 0 view .LVU47
 226 0008 0F20     		movs	r0, #15
 227 000a FFF7FEFF 		bl	HAL_InitTick
 228              	.LVL11:
 172:Drivers/STM32G4xx_HAL_Driver/Src/stm32g4xx_hal.c ****   {
 229              		.loc 1 172 6 discriminator 1 view .LVU48
 230 000e 18B1     		cbz	r0, .L24
 174:Drivers/STM32G4xx_HAL_Driver/Src/stm32g4xx_hal.c ****   }
 231              		.loc 1 174 12 view .LVU49
 232 0010 0123     		movs	r3, #1
 233 0012 1C46     		mov	r4, r3
 234              	.L21:
 235              	.LVL12:
 183:Drivers/STM32G4xx_HAL_Driver/Src/stm32g4xx_hal.c **** 
 236              		.loc 1 183 3 is_stmt 1 view .LVU50
 185:Drivers/STM32G4xx_HAL_Driver/Src/stm32g4xx_hal.c **** 
 237              		.loc 1 185 1 is_stmt 0 view .LVU51
 238 0014 2046     		mov	r0, r4
 239 0016 10BD     		pop	{r4, pc}
 240              	.LVL13:
 241              	.L24:
 185:Drivers/STM32G4xx_HAL_Driver/Src/stm32g4xx_hal.c **** 
 242              		.loc 1 185 1 view .LVU52
 243 0018 0446     		mov	r4, r0
 179:Drivers/STM32G4xx_HAL_Driver/Src/stm32g4xx_hal.c ****   }
 244              		.loc 1 179 5 is_stmt 1 view .LVU53
 245 001a FFF7FEFF 		bl	HAL_MspInit
 246              	.LVL14:
 247 001e F9E7     		b	.L21
 248              		.cfi_endproc
 249              	.LFE132:
 251              		.section	.text.HAL_IncTick,"ax",%progbits
 252              		.align	1
 253              		.weak	HAL_IncTick
ARM GAS  /tmp/ccf0SYi0.s 			page 11


 254              		.syntax unified
 255              		.thumb
 256              		.thumb_func
 258              	HAL_IncTick:
 259              	.LFB137:
 288:Drivers/STM32G4xx_HAL_Driver/Src/stm32g4xx_hal.c **** 
 289:Drivers/STM32G4xx_HAL_Driver/Src/stm32g4xx_hal.c **** /**
 290:Drivers/STM32G4xx_HAL_Driver/Src/stm32g4xx_hal.c ****   * @}
 291:Drivers/STM32G4xx_HAL_Driver/Src/stm32g4xx_hal.c ****   */
 292:Drivers/STM32G4xx_HAL_Driver/Src/stm32g4xx_hal.c **** 
 293:Drivers/STM32G4xx_HAL_Driver/Src/stm32g4xx_hal.c **** /** @defgroup HAL_Exported_Functions_Group2 HAL Control functions
 294:Drivers/STM32G4xx_HAL_Driver/Src/stm32g4xx_hal.c ****   *  @brief    HAL Control functions
 295:Drivers/STM32G4xx_HAL_Driver/Src/stm32g4xx_hal.c ****   *
 296:Drivers/STM32G4xx_HAL_Driver/Src/stm32g4xx_hal.c **** @verbatim
 297:Drivers/STM32G4xx_HAL_Driver/Src/stm32g4xx_hal.c ****  ===============================================================================
 298:Drivers/STM32G4xx_HAL_Driver/Src/stm32g4xx_hal.c ****                       ##### HAL Control functions #####
 299:Drivers/STM32G4xx_HAL_Driver/Src/stm32g4xx_hal.c ****  ===============================================================================
 300:Drivers/STM32G4xx_HAL_Driver/Src/stm32g4xx_hal.c ****     [..]  This section provides functions allowing to:
 301:Drivers/STM32G4xx_HAL_Driver/Src/stm32g4xx_hal.c ****       (+) Provide a tick value in millisecond
 302:Drivers/STM32G4xx_HAL_Driver/Src/stm32g4xx_hal.c ****       (+) Provide a blocking delay in millisecond
 303:Drivers/STM32G4xx_HAL_Driver/Src/stm32g4xx_hal.c ****       (+) Suspend the time base source interrupt
 304:Drivers/STM32G4xx_HAL_Driver/Src/stm32g4xx_hal.c ****       (+) Resume the time base source interrupt
 305:Drivers/STM32G4xx_HAL_Driver/Src/stm32g4xx_hal.c ****       (+) Get the HAL API driver version
 306:Drivers/STM32G4xx_HAL_Driver/Src/stm32g4xx_hal.c ****       (+) Get the device identifier
 307:Drivers/STM32G4xx_HAL_Driver/Src/stm32g4xx_hal.c ****       (+) Get the device revision identifier
 308:Drivers/STM32G4xx_HAL_Driver/Src/stm32g4xx_hal.c **** 
 309:Drivers/STM32G4xx_HAL_Driver/Src/stm32g4xx_hal.c **** @endverbatim
 310:Drivers/STM32G4xx_HAL_Driver/Src/stm32g4xx_hal.c ****   * @{
 311:Drivers/STM32G4xx_HAL_Driver/Src/stm32g4xx_hal.c ****   */
 312:Drivers/STM32G4xx_HAL_Driver/Src/stm32g4xx_hal.c **** 
 313:Drivers/STM32G4xx_HAL_Driver/Src/stm32g4xx_hal.c **** /**
 314:Drivers/STM32G4xx_HAL_Driver/Src/stm32g4xx_hal.c ****   * @brief This function is called to increment a global variable "uwTick"
 315:Drivers/STM32G4xx_HAL_Driver/Src/stm32g4xx_hal.c ****   *        used as application time base.
 316:Drivers/STM32G4xx_HAL_Driver/Src/stm32g4xx_hal.c ****   * @note In the default implementation, this variable is incremented each 1ms
 317:Drivers/STM32G4xx_HAL_Driver/Src/stm32g4xx_hal.c ****   *       in SysTick ISR.
 318:Drivers/STM32G4xx_HAL_Driver/Src/stm32g4xx_hal.c ****   * @note This function is declared as __weak to be overwritten in case of other
 319:Drivers/STM32G4xx_HAL_Driver/Src/stm32g4xx_hal.c ****   *      implementations in user file.
 320:Drivers/STM32G4xx_HAL_Driver/Src/stm32g4xx_hal.c ****   * @retval None
 321:Drivers/STM32G4xx_HAL_Driver/Src/stm32g4xx_hal.c ****   */
 322:Drivers/STM32G4xx_HAL_Driver/Src/stm32g4xx_hal.c **** __weak void HAL_IncTick(void)
 323:Drivers/STM32G4xx_HAL_Driver/Src/stm32g4xx_hal.c **** {
 260              		.loc 1 323 1 view -0
 261              		.cfi_startproc
 262              		@ args = 0, pretend = 0, frame = 0
 263              		@ frame_needed = 0, uses_anonymous_args = 0
 264              		@ link register save eliminated.
 324:Drivers/STM32G4xx_HAL_Driver/Src/stm32g4xx_hal.c ****   uwTick += uwTickFreq;
 265              		.loc 1 324 3 view .LVU55
 266              		.loc 1 324 10 is_stmt 0 view .LVU56
 267 0000 034A     		ldr	r2, .L26
 268 0002 1368     		ldr	r3, [r2]
 269 0004 0349     		ldr	r1, .L26+4
 270 0006 0968     		ldr	r1, [r1]
 271 0008 0B44     		add	r3, r3, r1
 272 000a 1360     		str	r3, [r2]
 325:Drivers/STM32G4xx_HAL_Driver/Src/stm32g4xx_hal.c **** }
 273              		.loc 1 325 1 view .LVU57
ARM GAS  /tmp/ccf0SYi0.s 			page 12


 274 000c 7047     		bx	lr
 275              	.L27:
 276 000e 00BF     		.align	2
 277              	.L26:
 278 0010 00000000 		.word	uwTick
 279 0014 00000000 		.word	uwTickFreq
 280              		.cfi_endproc
 281              	.LFE137:
 283              		.section	.text.HAL_GetTick,"ax",%progbits
 284              		.align	1
 285              		.weak	HAL_GetTick
 286              		.syntax unified
 287              		.thumb
 288              		.thumb_func
 290              	HAL_GetTick:
 291              	.LFB138:
 326:Drivers/STM32G4xx_HAL_Driver/Src/stm32g4xx_hal.c **** 
 327:Drivers/STM32G4xx_HAL_Driver/Src/stm32g4xx_hal.c **** /**
 328:Drivers/STM32G4xx_HAL_Driver/Src/stm32g4xx_hal.c ****   * @brief Provides a tick value in millisecond.
 329:Drivers/STM32G4xx_HAL_Driver/Src/stm32g4xx_hal.c ****   * @note This function is declared as __weak to be overwritten in case of other
 330:Drivers/STM32G4xx_HAL_Driver/Src/stm32g4xx_hal.c ****   *       implementations in user file.
 331:Drivers/STM32G4xx_HAL_Driver/Src/stm32g4xx_hal.c ****   * @retval tick value
 332:Drivers/STM32G4xx_HAL_Driver/Src/stm32g4xx_hal.c ****   */
 333:Drivers/STM32G4xx_HAL_Driver/Src/stm32g4xx_hal.c **** __weak uint32_t HAL_GetTick(void)
 334:Drivers/STM32G4xx_HAL_Driver/Src/stm32g4xx_hal.c **** {
 292              		.loc 1 334 1 is_stmt 1 view -0
 293              		.cfi_startproc
 294              		@ args = 0, pretend = 0, frame = 0
 295              		@ frame_needed = 0, uses_anonymous_args = 0
 296              		@ link register save eliminated.
 335:Drivers/STM32G4xx_HAL_Driver/Src/stm32g4xx_hal.c ****   return uwTick;
 297              		.loc 1 335 3 view .LVU59
 298              		.loc 1 335 10 is_stmt 0 view .LVU60
 299 0000 014B     		ldr	r3, .L29
 300 0002 1868     		ldr	r0, [r3]
 336:Drivers/STM32G4xx_HAL_Driver/Src/stm32g4xx_hal.c **** }
 301              		.loc 1 336 1 view .LVU61
 302 0004 7047     		bx	lr
 303              	.L30:
 304 0006 00BF     		.align	2
 305              	.L29:
 306 0008 00000000 		.word	uwTick
 307              		.cfi_endproc
 308              	.LFE138:
 310              		.section	.text.HAL_GetTickPrio,"ax",%progbits
 311              		.align	1
 312              		.global	HAL_GetTickPrio
 313              		.syntax unified
 314              		.thumb
 315              		.thumb_func
 317              	HAL_GetTickPrio:
 318              	.LFB139:
 337:Drivers/STM32G4xx_HAL_Driver/Src/stm32g4xx_hal.c **** 
 338:Drivers/STM32G4xx_HAL_Driver/Src/stm32g4xx_hal.c **** /**
 339:Drivers/STM32G4xx_HAL_Driver/Src/stm32g4xx_hal.c ****   * @brief This function returns a tick priority.
 340:Drivers/STM32G4xx_HAL_Driver/Src/stm32g4xx_hal.c ****   * @retval tick priority
 341:Drivers/STM32G4xx_HAL_Driver/Src/stm32g4xx_hal.c ****   */
ARM GAS  /tmp/ccf0SYi0.s 			page 13


 342:Drivers/STM32G4xx_HAL_Driver/Src/stm32g4xx_hal.c **** uint32_t HAL_GetTickPrio(void)
 343:Drivers/STM32G4xx_HAL_Driver/Src/stm32g4xx_hal.c **** {
 319              		.loc 1 343 1 is_stmt 1 view -0
 320              		.cfi_startproc
 321              		@ args = 0, pretend = 0, frame = 0
 322              		@ frame_needed = 0, uses_anonymous_args = 0
 323              		@ link register save eliminated.
 344:Drivers/STM32G4xx_HAL_Driver/Src/stm32g4xx_hal.c ****   return uwTickPrio;
 324              		.loc 1 344 3 view .LVU63
 345:Drivers/STM32G4xx_HAL_Driver/Src/stm32g4xx_hal.c **** }
 325              		.loc 1 345 1 is_stmt 0 view .LVU64
 326 0000 014B     		ldr	r3, .L32
 327 0002 1868     		ldr	r0, [r3]
 328 0004 7047     		bx	lr
 329              	.L33:
 330 0006 00BF     		.align	2
 331              	.L32:
 332 0008 00000000 		.word	uwTickPrio
 333              		.cfi_endproc
 334              	.LFE139:
 336              		.section	.text.HAL_SetTickFreq,"ax",%progbits
 337              		.align	1
 338              		.global	HAL_SetTickFreq
 339              		.syntax unified
 340              		.thumb
 341              		.thumb_func
 343              	HAL_SetTickFreq:
 344              	.LVL15:
 345              	.LFB140:
 346:Drivers/STM32G4xx_HAL_Driver/Src/stm32g4xx_hal.c **** 
 347:Drivers/STM32G4xx_HAL_Driver/Src/stm32g4xx_hal.c **** /**
 348:Drivers/STM32G4xx_HAL_Driver/Src/stm32g4xx_hal.c ****   * @brief Set new tick Freq.
 349:Drivers/STM32G4xx_HAL_Driver/Src/stm32g4xx_hal.c ****   * @retval status
 350:Drivers/STM32G4xx_HAL_Driver/Src/stm32g4xx_hal.c ****   */
 351:Drivers/STM32G4xx_HAL_Driver/Src/stm32g4xx_hal.c **** HAL_StatusTypeDef HAL_SetTickFreq(uint32_t Freq)
 352:Drivers/STM32G4xx_HAL_Driver/Src/stm32g4xx_hal.c **** {
 346              		.loc 1 352 1 is_stmt 1 view -0
 347              		.cfi_startproc
 348              		@ args = 0, pretend = 0, frame = 0
 349              		@ frame_needed = 0, uses_anonymous_args = 0
 350              		.loc 1 352 1 is_stmt 0 view .LVU66
 351 0000 10B5     		push	{r4, lr}
 352              		.cfi_def_cfa_offset 8
 353              		.cfi_offset 4, -8
 354              		.cfi_offset 14, -4
 353:Drivers/STM32G4xx_HAL_Driver/Src/stm32g4xx_hal.c ****   HAL_StatusTypeDef status  = HAL_OK;
 355              		.loc 1 353 3 is_stmt 1 view .LVU67
 356              	.LVL16:
 354:Drivers/STM32G4xx_HAL_Driver/Src/stm32g4xx_hal.c ****   uint32_t prevTickFreq;
 357              		.loc 1 354 3 view .LVU68
 355:Drivers/STM32G4xx_HAL_Driver/Src/stm32g4xx_hal.c **** 
 356:Drivers/STM32G4xx_HAL_Driver/Src/stm32g4xx_hal.c ****   assert_param(IS_TICKFREQ(Freq));
 358              		.loc 1 356 3 view .LVU69
 357:Drivers/STM32G4xx_HAL_Driver/Src/stm32g4xx_hal.c **** 
 358:Drivers/STM32G4xx_HAL_Driver/Src/stm32g4xx_hal.c ****   if (uwTickFreq != Freq)
 359              		.loc 1 358 3 view .LVU70
 360              		.loc 1 358 18 is_stmt 0 view .LVU71
ARM GAS  /tmp/ccf0SYi0.s 			page 14


 361 0002 084B     		ldr	r3, .L39
 362 0004 1C68     		ldr	r4, [r3]
 363              		.loc 1 358 6 view .LVU72
 364 0006 8442     		cmp	r4, r0
 365 0008 01D1     		bne	.L38
 353:Drivers/STM32G4xx_HAL_Driver/Src/stm32g4xx_hal.c ****   uint32_t prevTickFreq;
 366              		.loc 1 353 21 view .LVU73
 367 000a 0020     		movs	r0, #0
 368              	.LVL17:
 369              	.L35:
 359:Drivers/STM32G4xx_HAL_Driver/Src/stm32g4xx_hal.c ****   {
 360:Drivers/STM32G4xx_HAL_Driver/Src/stm32g4xx_hal.c ****     /* Back up uwTickFreq frequency */
 361:Drivers/STM32G4xx_HAL_Driver/Src/stm32g4xx_hal.c ****     prevTickFreq = uwTickFreq;
 362:Drivers/STM32G4xx_HAL_Driver/Src/stm32g4xx_hal.c **** 
 363:Drivers/STM32G4xx_HAL_Driver/Src/stm32g4xx_hal.c ****     /* Update uwTickFreq global variable used by HAL_InitTick() */
 364:Drivers/STM32G4xx_HAL_Driver/Src/stm32g4xx_hal.c ****     uwTickFreq = Freq;
 365:Drivers/STM32G4xx_HAL_Driver/Src/stm32g4xx_hal.c **** 
 366:Drivers/STM32G4xx_HAL_Driver/Src/stm32g4xx_hal.c ****     /* Apply the new tick Freq  */
 367:Drivers/STM32G4xx_HAL_Driver/Src/stm32g4xx_hal.c ****     status = HAL_InitTick(uwTickPrio);
 368:Drivers/STM32G4xx_HAL_Driver/Src/stm32g4xx_hal.c **** 
 369:Drivers/STM32G4xx_HAL_Driver/Src/stm32g4xx_hal.c ****     if (status != HAL_OK)
 370:Drivers/STM32G4xx_HAL_Driver/Src/stm32g4xx_hal.c ****     {
 371:Drivers/STM32G4xx_HAL_Driver/Src/stm32g4xx_hal.c ****       /* Restore previous tick frequency */
 372:Drivers/STM32G4xx_HAL_Driver/Src/stm32g4xx_hal.c ****       uwTickFreq = prevTickFreq;
 373:Drivers/STM32G4xx_HAL_Driver/Src/stm32g4xx_hal.c ****     }
 374:Drivers/STM32G4xx_HAL_Driver/Src/stm32g4xx_hal.c ****   }
 375:Drivers/STM32G4xx_HAL_Driver/Src/stm32g4xx_hal.c **** 
 376:Drivers/STM32G4xx_HAL_Driver/Src/stm32g4xx_hal.c ****   return status;
 370              		.loc 1 376 3 is_stmt 1 view .LVU74
 377:Drivers/STM32G4xx_HAL_Driver/Src/stm32g4xx_hal.c **** }
 371              		.loc 1 377 1 is_stmt 0 view .LVU75
 372 000c 10BD     		pop	{r4, pc}
 373              	.LVL18:
 374              	.L38:
 361:Drivers/STM32G4xx_HAL_Driver/Src/stm32g4xx_hal.c **** 
 375              		.loc 1 361 5 is_stmt 1 view .LVU76
 364:Drivers/STM32G4xx_HAL_Driver/Src/stm32g4xx_hal.c **** 
 376              		.loc 1 364 5 view .LVU77
 364:Drivers/STM32G4xx_HAL_Driver/Src/stm32g4xx_hal.c **** 
 377              		.loc 1 364 16 is_stmt 0 view .LVU78
 378 000e 1860     		str	r0, [r3]
 367:Drivers/STM32G4xx_HAL_Driver/Src/stm32g4xx_hal.c **** 
 379              		.loc 1 367 5 is_stmt 1 view .LVU79
 367:Drivers/STM32G4xx_HAL_Driver/Src/stm32g4xx_hal.c **** 
 380              		.loc 1 367 14 is_stmt 0 view .LVU80
 381 0010 054B     		ldr	r3, .L39+4
 382 0012 1868     		ldr	r0, [r3]
 383              	.LVL19:
 367:Drivers/STM32G4xx_HAL_Driver/Src/stm32g4xx_hal.c **** 
 384              		.loc 1 367 14 view .LVU81
 385 0014 FFF7FEFF 		bl	HAL_InitTick
 386              	.LVL20:
 369:Drivers/STM32G4xx_HAL_Driver/Src/stm32g4xx_hal.c ****     {
 387              		.loc 1 369 5 is_stmt 1 view .LVU82
 369:Drivers/STM32G4xx_HAL_Driver/Src/stm32g4xx_hal.c ****     {
 388              		.loc 1 369 8 is_stmt 0 view .LVU83
 389 0018 0028     		cmp	r0, #0
ARM GAS  /tmp/ccf0SYi0.s 			page 15


 390 001a F7D0     		beq	.L35
 372:Drivers/STM32G4xx_HAL_Driver/Src/stm32g4xx_hal.c ****     }
 391              		.loc 1 372 7 is_stmt 1 view .LVU84
 372:Drivers/STM32G4xx_HAL_Driver/Src/stm32g4xx_hal.c ****     }
 392              		.loc 1 372 18 is_stmt 0 view .LVU85
 393 001c 014B     		ldr	r3, .L39
 394 001e 1C60     		str	r4, [r3]
 395 0020 F4E7     		b	.L35
 396              	.L40:
 397 0022 00BF     		.align	2
 398              	.L39:
 399 0024 00000000 		.word	uwTickFreq
 400 0028 00000000 		.word	uwTickPrio
 401              		.cfi_endproc
 402              	.LFE140:
 404              		.section	.text.HAL_GetTickFreq,"ax",%progbits
 405              		.align	1
 406              		.global	HAL_GetTickFreq
 407              		.syntax unified
 408              		.thumb
 409              		.thumb_func
 411              	HAL_GetTickFreq:
 412              	.LFB141:
 378:Drivers/STM32G4xx_HAL_Driver/Src/stm32g4xx_hal.c **** 
 379:Drivers/STM32G4xx_HAL_Driver/Src/stm32g4xx_hal.c **** /**
 380:Drivers/STM32G4xx_HAL_Driver/Src/stm32g4xx_hal.c ****   * @brief Returns tick frequency.
 381:Drivers/STM32G4xx_HAL_Driver/Src/stm32g4xx_hal.c ****   * @retval Tick frequency.
 382:Drivers/STM32G4xx_HAL_Driver/Src/stm32g4xx_hal.c ****   *         Value of @ref HAL_TickFreqTypeDef.
 383:Drivers/STM32G4xx_HAL_Driver/Src/stm32g4xx_hal.c ****   */
 384:Drivers/STM32G4xx_HAL_Driver/Src/stm32g4xx_hal.c **** uint32_t HAL_GetTickFreq(void)
 385:Drivers/STM32G4xx_HAL_Driver/Src/stm32g4xx_hal.c **** {
 413              		.loc 1 385 1 is_stmt 1 view -0
 414              		.cfi_startproc
 415              		@ args = 0, pretend = 0, frame = 0
 416              		@ frame_needed = 0, uses_anonymous_args = 0
 417              		@ link register save eliminated.
 386:Drivers/STM32G4xx_HAL_Driver/Src/stm32g4xx_hal.c ****   return uwTickFreq;
 418              		.loc 1 386 3 view .LVU87
 387:Drivers/STM32G4xx_HAL_Driver/Src/stm32g4xx_hal.c **** }
 419              		.loc 1 387 1 is_stmt 0 view .LVU88
 420 0000 014B     		ldr	r3, .L42
 421 0002 1868     		ldr	r0, [r3]
 422 0004 7047     		bx	lr
 423              	.L43:
 424 0006 00BF     		.align	2
 425              	.L42:
 426 0008 00000000 		.word	uwTickFreq
 427              		.cfi_endproc
 428              	.LFE141:
 430              		.section	.text.HAL_Delay,"ax",%progbits
 431              		.align	1
 432              		.weak	HAL_Delay
 433              		.syntax unified
 434              		.thumb
 435              		.thumb_func
 437              	HAL_Delay:
 438              	.LVL21:
ARM GAS  /tmp/ccf0SYi0.s 			page 16


 439              	.LFB142:
 388:Drivers/STM32G4xx_HAL_Driver/Src/stm32g4xx_hal.c **** 
 389:Drivers/STM32G4xx_HAL_Driver/Src/stm32g4xx_hal.c **** /**
 390:Drivers/STM32G4xx_HAL_Driver/Src/stm32g4xx_hal.c ****   * @brief This function provides minimum delay (in milliseconds) based
 391:Drivers/STM32G4xx_HAL_Driver/Src/stm32g4xx_hal.c ****   *        on variable incremented.
 392:Drivers/STM32G4xx_HAL_Driver/Src/stm32g4xx_hal.c ****   * @note In the default implementation , SysTick timer is the source of time base.
 393:Drivers/STM32G4xx_HAL_Driver/Src/stm32g4xx_hal.c ****   *       It is used to generate interrupts at regular time intervals where uwTick
 394:Drivers/STM32G4xx_HAL_Driver/Src/stm32g4xx_hal.c ****   *       is incremented.
 395:Drivers/STM32G4xx_HAL_Driver/Src/stm32g4xx_hal.c ****   * @note This function is declared as __weak to be overwritten in case of other
 396:Drivers/STM32G4xx_HAL_Driver/Src/stm32g4xx_hal.c ****   *       implementations in user file.
 397:Drivers/STM32G4xx_HAL_Driver/Src/stm32g4xx_hal.c ****   * @param Delay specifies the delay time length, in milliseconds.
 398:Drivers/STM32G4xx_HAL_Driver/Src/stm32g4xx_hal.c ****   * @retval None
 399:Drivers/STM32G4xx_HAL_Driver/Src/stm32g4xx_hal.c ****   */
 400:Drivers/STM32G4xx_HAL_Driver/Src/stm32g4xx_hal.c **** __weak void HAL_Delay(uint32_t Delay)
 401:Drivers/STM32G4xx_HAL_Driver/Src/stm32g4xx_hal.c **** {
 440              		.loc 1 401 1 is_stmt 1 view -0
 441              		.cfi_startproc
 442              		@ args = 0, pretend = 0, frame = 0
 443              		@ frame_needed = 0, uses_anonymous_args = 0
 444              		.loc 1 401 1 is_stmt 0 view .LVU90
 445 0000 38B5     		push	{r3, r4, r5, lr}
 446              		.cfi_def_cfa_offset 16
 447              		.cfi_offset 3, -16
 448              		.cfi_offset 4, -12
 449              		.cfi_offset 5, -8
 450              		.cfi_offset 14, -4
 451 0002 0446     		mov	r4, r0
 402:Drivers/STM32G4xx_HAL_Driver/Src/stm32g4xx_hal.c ****   uint32_t tickstart = HAL_GetTick();
 452              		.loc 1 402 3 is_stmt 1 view .LVU91
 453              		.loc 1 402 24 is_stmt 0 view .LVU92
 454 0004 FFF7FEFF 		bl	HAL_GetTick
 455              	.LVL22:
 456              		.loc 1 402 24 view .LVU93
 457 0008 0546     		mov	r5, r0
 458              	.LVL23:
 403:Drivers/STM32G4xx_HAL_Driver/Src/stm32g4xx_hal.c ****   uint32_t wait = Delay;
 459              		.loc 1 403 3 is_stmt 1 view .LVU94
 404:Drivers/STM32G4xx_HAL_Driver/Src/stm32g4xx_hal.c **** 
 405:Drivers/STM32G4xx_HAL_Driver/Src/stm32g4xx_hal.c ****   /* Add a freq to guarantee minimum wait */
 406:Drivers/STM32G4xx_HAL_Driver/Src/stm32g4xx_hal.c ****   if (wait < HAL_MAX_DELAY)
 460              		.loc 1 406 3 view .LVU95
 461              		.loc 1 406 6 is_stmt 0 view .LVU96
 462 000a B4F1FF3F 		cmp	r4, #-1
 463 000e 02D0     		beq	.L46
 407:Drivers/STM32G4xx_HAL_Driver/Src/stm32g4xx_hal.c ****   {
 408:Drivers/STM32G4xx_HAL_Driver/Src/stm32g4xx_hal.c ****     wait += (uint32_t)(uwTickFreq);
 464              		.loc 1 408 5 is_stmt 1 view .LVU97
 465              		.loc 1 408 13 is_stmt 0 view .LVU98
 466 0010 044B     		ldr	r3, .L48
 467 0012 1B68     		ldr	r3, [r3]
 468              		.loc 1 408 10 view .LVU99
 469 0014 1C44     		add	r4, r4, r3
 470              	.LVL24:
 471              	.L46:
 409:Drivers/STM32G4xx_HAL_Driver/Src/stm32g4xx_hal.c ****   }
 410:Drivers/STM32G4xx_HAL_Driver/Src/stm32g4xx_hal.c **** 
 411:Drivers/STM32G4xx_HAL_Driver/Src/stm32g4xx_hal.c ****   while ((HAL_GetTick() - tickstart) < wait)
ARM GAS  /tmp/ccf0SYi0.s 			page 17


 412:Drivers/STM32G4xx_HAL_Driver/Src/stm32g4xx_hal.c ****   {
 413:Drivers/STM32G4xx_HAL_Driver/Src/stm32g4xx_hal.c ****   }
 472              		.loc 1 413 3 is_stmt 1 view .LVU100
 411:Drivers/STM32G4xx_HAL_Driver/Src/stm32g4xx_hal.c ****   {
 473              		.loc 1 411 38 discriminator 2 view .LVU101
 411:Drivers/STM32G4xx_HAL_Driver/Src/stm32g4xx_hal.c ****   {
 474              		.loc 1 411 11 is_stmt 0 discriminator 2 view .LVU102
 475 0016 FFF7FEFF 		bl	HAL_GetTick
 476              	.LVL25:
 411:Drivers/STM32G4xx_HAL_Driver/Src/stm32g4xx_hal.c ****   {
 477              		.loc 1 411 25 discriminator 2 view .LVU103
 478 001a 401B     		subs	r0, r0, r5
 411:Drivers/STM32G4xx_HAL_Driver/Src/stm32g4xx_hal.c ****   {
 479              		.loc 1 411 38 discriminator 2 view .LVU104
 480 001c A042     		cmp	r0, r4
 481 001e FAD3     		bcc	.L46
 414:Drivers/STM32G4xx_HAL_Driver/Src/stm32g4xx_hal.c **** }
 482              		.loc 1 414 1 view .LVU105
 483 0020 38BD     		pop	{r3, r4, r5, pc}
 484              	.LVL26:
 485              	.L49:
 486              		.loc 1 414 1 view .LVU106
 487 0022 00BF     		.align	2
 488              	.L48:
 489 0024 00000000 		.word	uwTickFreq
 490              		.cfi_endproc
 491              	.LFE142:
 493              		.section	.text.HAL_SuspendTick,"ax",%progbits
 494              		.align	1
 495              		.weak	HAL_SuspendTick
 496              		.syntax unified
 497              		.thumb
 498              		.thumb_func
 500              	HAL_SuspendTick:
 501              	.LFB143:
 415:Drivers/STM32G4xx_HAL_Driver/Src/stm32g4xx_hal.c **** 
 416:Drivers/STM32G4xx_HAL_Driver/Src/stm32g4xx_hal.c **** /**
 417:Drivers/STM32G4xx_HAL_Driver/Src/stm32g4xx_hal.c ****   * @brief Suspends Tick increment.
 418:Drivers/STM32G4xx_HAL_Driver/Src/stm32g4xx_hal.c ****   * @note In the default implementation , SysTick timer is the source of time base. It is
 419:Drivers/STM32G4xx_HAL_Driver/Src/stm32g4xx_hal.c ****   *       used to generate interrupts at regular time intervals. Once HAL_SuspendTick()
 420:Drivers/STM32G4xx_HAL_Driver/Src/stm32g4xx_hal.c ****   *       is called, the SysTick interrupt will be disabled and so Tick increment
 421:Drivers/STM32G4xx_HAL_Driver/Src/stm32g4xx_hal.c ****   *       is suspended.
 422:Drivers/STM32G4xx_HAL_Driver/Src/stm32g4xx_hal.c ****   * @note This function is declared as __weak to be overwritten in case of other
 423:Drivers/STM32G4xx_HAL_Driver/Src/stm32g4xx_hal.c ****   *       implementations in user file.
 424:Drivers/STM32G4xx_HAL_Driver/Src/stm32g4xx_hal.c ****   * @retval None
 425:Drivers/STM32G4xx_HAL_Driver/Src/stm32g4xx_hal.c ****   */
 426:Drivers/STM32G4xx_HAL_Driver/Src/stm32g4xx_hal.c **** __weak void HAL_SuspendTick(void)
 427:Drivers/STM32G4xx_HAL_Driver/Src/stm32g4xx_hal.c **** {
 502              		.loc 1 427 1 is_stmt 1 view -0
 503              		.cfi_startproc
 504              		@ args = 0, pretend = 0, frame = 0
 505              		@ frame_needed = 0, uses_anonymous_args = 0
 506              		@ link register save eliminated.
 428:Drivers/STM32G4xx_HAL_Driver/Src/stm32g4xx_hal.c ****   /* Disable SysTick Interrupt */
 429:Drivers/STM32G4xx_HAL_Driver/Src/stm32g4xx_hal.c ****   CLEAR_BIT(SysTick->CTRL, SysTick_CTRL_TICKINT_Msk);
 507              		.loc 1 429 3 view .LVU108
 508 0000 4FF0E022 		mov	r2, #-536813568
ARM GAS  /tmp/ccf0SYi0.s 			page 18


 509 0004 1369     		ldr	r3, [r2, #16]
 510 0006 23F00203 		bic	r3, r3, #2
 511 000a 1361     		str	r3, [r2, #16]
 430:Drivers/STM32G4xx_HAL_Driver/Src/stm32g4xx_hal.c **** }
 512              		.loc 1 430 1 is_stmt 0 view .LVU109
 513 000c 7047     		bx	lr
 514              		.cfi_endproc
 515              	.LFE143:
 517              		.section	.text.HAL_ResumeTick,"ax",%progbits
 518              		.align	1
 519              		.weak	HAL_ResumeTick
 520              		.syntax unified
 521              		.thumb
 522              		.thumb_func
 524              	HAL_ResumeTick:
 525              	.LFB144:
 431:Drivers/STM32G4xx_HAL_Driver/Src/stm32g4xx_hal.c **** 
 432:Drivers/STM32G4xx_HAL_Driver/Src/stm32g4xx_hal.c **** /**
 433:Drivers/STM32G4xx_HAL_Driver/Src/stm32g4xx_hal.c ****   * @brief Resume Tick increment.
 434:Drivers/STM32G4xx_HAL_Driver/Src/stm32g4xx_hal.c ****   * @note In the default implementation , SysTick timer is the source of time base. It is
 435:Drivers/STM32G4xx_HAL_Driver/Src/stm32g4xx_hal.c ****   *       used to generate interrupts at regular time intervals. Once HAL_ResumeTick()
 436:Drivers/STM32G4xx_HAL_Driver/Src/stm32g4xx_hal.c ****   *       is called, the SysTick interrupt will be enabled and so Tick increment
 437:Drivers/STM32G4xx_HAL_Driver/Src/stm32g4xx_hal.c ****   *       is resumed.
 438:Drivers/STM32G4xx_HAL_Driver/Src/stm32g4xx_hal.c ****   * @note This function is declared as __weak to be overwritten in case of other
 439:Drivers/STM32G4xx_HAL_Driver/Src/stm32g4xx_hal.c ****   *       implementations in user file.
 440:Drivers/STM32G4xx_HAL_Driver/Src/stm32g4xx_hal.c ****   * @retval None
 441:Drivers/STM32G4xx_HAL_Driver/Src/stm32g4xx_hal.c ****   */
 442:Drivers/STM32G4xx_HAL_Driver/Src/stm32g4xx_hal.c **** __weak void HAL_ResumeTick(void)
 443:Drivers/STM32G4xx_HAL_Driver/Src/stm32g4xx_hal.c **** {
 526              		.loc 1 443 1 is_stmt 1 view -0
 527              		.cfi_startproc
 528              		@ args = 0, pretend = 0, frame = 0
 529              		@ frame_needed = 0, uses_anonymous_args = 0
 530              		@ link register save eliminated.
 444:Drivers/STM32G4xx_HAL_Driver/Src/stm32g4xx_hal.c ****   /* Enable SysTick Interrupt */
 445:Drivers/STM32G4xx_HAL_Driver/Src/stm32g4xx_hal.c ****   SET_BIT(SysTick->CTRL, SysTick_CTRL_TICKINT_Msk);
 531              		.loc 1 445 3 view .LVU111
 532 0000 4FF0E022 		mov	r2, #-536813568
 533 0004 1369     		ldr	r3, [r2, #16]
 534 0006 43F00203 		orr	r3, r3, #2
 535 000a 1361     		str	r3, [r2, #16]
 446:Drivers/STM32G4xx_HAL_Driver/Src/stm32g4xx_hal.c **** }
 536              		.loc 1 446 1 is_stmt 0 view .LVU112
 537 000c 7047     		bx	lr
 538              		.cfi_endproc
 539              	.LFE144:
 541              		.section	.text.HAL_GetHalVersion,"ax",%progbits
 542              		.align	1
 543              		.global	HAL_GetHalVersion
 544              		.syntax unified
 545              		.thumb
 546              		.thumb_func
 548              	HAL_GetHalVersion:
 549              	.LFB145:
 447:Drivers/STM32G4xx_HAL_Driver/Src/stm32g4xx_hal.c **** 
 448:Drivers/STM32G4xx_HAL_Driver/Src/stm32g4xx_hal.c **** /**
 449:Drivers/STM32G4xx_HAL_Driver/Src/stm32g4xx_hal.c ****   * @brief  Returns the HAL revision.
ARM GAS  /tmp/ccf0SYi0.s 			page 19


 450:Drivers/STM32G4xx_HAL_Driver/Src/stm32g4xx_hal.c ****   * @retval version : 0xXYZR (8bits for each decimal, R for RC)
 451:Drivers/STM32G4xx_HAL_Driver/Src/stm32g4xx_hal.c ****   */
 452:Drivers/STM32G4xx_HAL_Driver/Src/stm32g4xx_hal.c **** uint32_t HAL_GetHalVersion(void)
 453:Drivers/STM32G4xx_HAL_Driver/Src/stm32g4xx_hal.c **** {
 550              		.loc 1 453 1 is_stmt 1 view -0
 551              		.cfi_startproc
 552              		@ args = 0, pretend = 0, frame = 0
 553              		@ frame_needed = 0, uses_anonymous_args = 0
 554              		@ link register save eliminated.
 454:Drivers/STM32G4xx_HAL_Driver/Src/stm32g4xx_hal.c ****   return __STM32G4xx_HAL_VERSION;
 555              		.loc 1 454 3 view .LVU114
 455:Drivers/STM32G4xx_HAL_Driver/Src/stm32g4xx_hal.c **** }
 556              		.loc 1 455 1 is_stmt 0 view .LVU115
 557 0000 0048     		ldr	r0, .L53
 558 0002 7047     		bx	lr
 559              	.L54:
 560              		.align	2
 561              	.L53:
 562 0004 00060201 		.word	16909824
 563              		.cfi_endproc
 564              	.LFE145:
 566              		.section	.text.HAL_GetREVID,"ax",%progbits
 567              		.align	1
 568              		.global	HAL_GetREVID
 569              		.syntax unified
 570              		.thumb
 571              		.thumb_func
 573              	HAL_GetREVID:
 574              	.LFB146:
 456:Drivers/STM32G4xx_HAL_Driver/Src/stm32g4xx_hal.c **** 
 457:Drivers/STM32G4xx_HAL_Driver/Src/stm32g4xx_hal.c **** /**
 458:Drivers/STM32G4xx_HAL_Driver/Src/stm32g4xx_hal.c ****   * @brief  Returns the device revision identifier.
 459:Drivers/STM32G4xx_HAL_Driver/Src/stm32g4xx_hal.c ****   * @retval Device revision identifier
 460:Drivers/STM32G4xx_HAL_Driver/Src/stm32g4xx_hal.c ****   */
 461:Drivers/STM32G4xx_HAL_Driver/Src/stm32g4xx_hal.c **** uint32_t HAL_GetREVID(void)
 462:Drivers/STM32G4xx_HAL_Driver/Src/stm32g4xx_hal.c **** {
 575              		.loc 1 462 1 is_stmt 1 view -0
 576              		.cfi_startproc
 577              		@ args = 0, pretend = 0, frame = 0
 578              		@ frame_needed = 0, uses_anonymous_args = 0
 579              		@ link register save eliminated.
 463:Drivers/STM32G4xx_HAL_Driver/Src/stm32g4xx_hal.c ****   return ((DBGMCU->IDCODE & DBGMCU_IDCODE_REV_ID) >> 16U);
 580              		.loc 1 463 3 view .LVU117
 581              		.loc 1 463 18 is_stmt 0 view .LVU118
 582 0000 014B     		ldr	r3, .L56
 583 0002 1868     		ldr	r0, [r3]
 464:Drivers/STM32G4xx_HAL_Driver/Src/stm32g4xx_hal.c **** }
 584              		.loc 1 464 1 view .LVU119
 585 0004 000C     		lsrs	r0, r0, #16
 586 0006 7047     		bx	lr
 587              	.L57:
 588              		.align	2
 589              	.L56:
 590 0008 002004E0 		.word	-536600576
 591              		.cfi_endproc
 592              	.LFE146:
 594              		.section	.text.HAL_GetDEVID,"ax",%progbits
ARM GAS  /tmp/ccf0SYi0.s 			page 20


 595              		.align	1
 596              		.global	HAL_GetDEVID
 597              		.syntax unified
 598              		.thumb
 599              		.thumb_func
 601              	HAL_GetDEVID:
 602              	.LFB147:
 465:Drivers/STM32G4xx_HAL_Driver/Src/stm32g4xx_hal.c **** 
 466:Drivers/STM32G4xx_HAL_Driver/Src/stm32g4xx_hal.c **** /**
 467:Drivers/STM32G4xx_HAL_Driver/Src/stm32g4xx_hal.c ****   * @brief  Returns the device identifier.
 468:Drivers/STM32G4xx_HAL_Driver/Src/stm32g4xx_hal.c ****   * @retval Device identifier
 469:Drivers/STM32G4xx_HAL_Driver/Src/stm32g4xx_hal.c ****   */
 470:Drivers/STM32G4xx_HAL_Driver/Src/stm32g4xx_hal.c **** uint32_t HAL_GetDEVID(void)
 471:Drivers/STM32G4xx_HAL_Driver/Src/stm32g4xx_hal.c **** {
 603              		.loc 1 471 1 is_stmt 1 view -0
 604              		.cfi_startproc
 605              		@ args = 0, pretend = 0, frame = 0
 606              		@ frame_needed = 0, uses_anonymous_args = 0
 607              		@ link register save eliminated.
 472:Drivers/STM32G4xx_HAL_Driver/Src/stm32g4xx_hal.c ****   return (DBGMCU->IDCODE & DBGMCU_IDCODE_DEV_ID);
 608              		.loc 1 472 3 view .LVU121
 609              		.loc 1 472 17 is_stmt 0 view .LVU122
 610 0000 024B     		ldr	r3, .L59
 611 0002 1868     		ldr	r0, [r3]
 473:Drivers/STM32G4xx_HAL_Driver/Src/stm32g4xx_hal.c **** }
 612              		.loc 1 473 1 view .LVU123
 613 0004 C0F30B00 		ubfx	r0, r0, #0, #12
 614 0008 7047     		bx	lr
 615              	.L60:
 616 000a 00BF     		.align	2
 617              	.L59:
 618 000c 002004E0 		.word	-536600576
 619              		.cfi_endproc
 620              	.LFE147:
 622              		.section	.text.HAL_GetUIDw0,"ax",%progbits
 623              		.align	1
 624              		.global	HAL_GetUIDw0
 625              		.syntax unified
 626              		.thumb
 627              		.thumb_func
 629              	HAL_GetUIDw0:
 630              	.LFB148:
 474:Drivers/STM32G4xx_HAL_Driver/Src/stm32g4xx_hal.c **** 
 475:Drivers/STM32G4xx_HAL_Driver/Src/stm32g4xx_hal.c **** /**
 476:Drivers/STM32G4xx_HAL_Driver/Src/stm32g4xx_hal.c ****   * @brief  Return the first word of the unique device identifier (UID based on 96 bits)
 477:Drivers/STM32G4xx_HAL_Driver/Src/stm32g4xx_hal.c ****   * @retval Device identifier
 478:Drivers/STM32G4xx_HAL_Driver/Src/stm32g4xx_hal.c ****   */
 479:Drivers/STM32G4xx_HAL_Driver/Src/stm32g4xx_hal.c **** uint32_t HAL_GetUIDw0(void)
 480:Drivers/STM32G4xx_HAL_Driver/Src/stm32g4xx_hal.c **** {
 631              		.loc 1 480 1 is_stmt 1 view -0
 632              		.cfi_startproc
 633              		@ args = 0, pretend = 0, frame = 0
 634              		@ frame_needed = 0, uses_anonymous_args = 0
 635              		@ link register save eliminated.
 481:Drivers/STM32G4xx_HAL_Driver/Src/stm32g4xx_hal.c ****   return (READ_REG(*((uint32_t *)UID_BASE)));
 636              		.loc 1 481 3 view .LVU125
 482:Drivers/STM32G4xx_HAL_Driver/Src/stm32g4xx_hal.c **** }
ARM GAS  /tmp/ccf0SYi0.s 			page 21


 637              		.loc 1 482 1 is_stmt 0 view .LVU126
 638 0000 014B     		ldr	r3, .L62
 639 0002 D3F89005 		ldr	r0, [r3, #1424]
 640 0006 7047     		bx	lr
 641              	.L63:
 642              		.align	2
 643              	.L62:
 644 0008 0070FF1F 		.word	536834048
 645              		.cfi_endproc
 646              	.LFE148:
 648              		.section	.text.HAL_GetUIDw1,"ax",%progbits
 649              		.align	1
 650              		.global	HAL_GetUIDw1
 651              		.syntax unified
 652              		.thumb
 653              		.thumb_func
 655              	HAL_GetUIDw1:
 656              	.LFB149:
 483:Drivers/STM32G4xx_HAL_Driver/Src/stm32g4xx_hal.c **** 
 484:Drivers/STM32G4xx_HAL_Driver/Src/stm32g4xx_hal.c **** /**
 485:Drivers/STM32G4xx_HAL_Driver/Src/stm32g4xx_hal.c ****   * @brief  Return the second word of the unique device identifier (UID based on 96 bits)
 486:Drivers/STM32G4xx_HAL_Driver/Src/stm32g4xx_hal.c ****   * @retval Device identifier
 487:Drivers/STM32G4xx_HAL_Driver/Src/stm32g4xx_hal.c ****   */
 488:Drivers/STM32G4xx_HAL_Driver/Src/stm32g4xx_hal.c **** uint32_t HAL_GetUIDw1(void)
 489:Drivers/STM32G4xx_HAL_Driver/Src/stm32g4xx_hal.c **** {
 657              		.loc 1 489 1 is_stmt 1 view -0
 658              		.cfi_startproc
 659              		@ args = 0, pretend = 0, frame = 0
 660              		@ frame_needed = 0, uses_anonymous_args = 0
 661              		@ link register save eliminated.
 490:Drivers/STM32G4xx_HAL_Driver/Src/stm32g4xx_hal.c ****   return (READ_REG(*((uint32_t *)(UID_BASE + 4U))));
 662              		.loc 1 490 3 view .LVU128
 491:Drivers/STM32G4xx_HAL_Driver/Src/stm32g4xx_hal.c **** }
 663              		.loc 1 491 1 is_stmt 0 view .LVU129
 664 0000 014B     		ldr	r3, .L65
 665 0002 D3F89405 		ldr	r0, [r3, #1428]
 666 0006 7047     		bx	lr
 667              	.L66:
 668              		.align	2
 669              	.L65:
 670 0008 0070FF1F 		.word	536834048
 671              		.cfi_endproc
 672              	.LFE149:
 674              		.section	.text.HAL_GetUIDw2,"ax",%progbits
 675              		.align	1
 676              		.global	HAL_GetUIDw2
 677              		.syntax unified
 678              		.thumb
 679              		.thumb_func
 681              	HAL_GetUIDw2:
 682              	.LFB150:
 492:Drivers/STM32G4xx_HAL_Driver/Src/stm32g4xx_hal.c **** 
 493:Drivers/STM32G4xx_HAL_Driver/Src/stm32g4xx_hal.c **** /**
 494:Drivers/STM32G4xx_HAL_Driver/Src/stm32g4xx_hal.c ****   * @brief  Return the third word of the unique device identifier (UID based on 96 bits)
 495:Drivers/STM32G4xx_HAL_Driver/Src/stm32g4xx_hal.c ****   * @retval Device identifier
 496:Drivers/STM32G4xx_HAL_Driver/Src/stm32g4xx_hal.c ****   */
 497:Drivers/STM32G4xx_HAL_Driver/Src/stm32g4xx_hal.c **** uint32_t HAL_GetUIDw2(void)
ARM GAS  /tmp/ccf0SYi0.s 			page 22


 498:Drivers/STM32G4xx_HAL_Driver/Src/stm32g4xx_hal.c **** {
 683              		.loc 1 498 1 is_stmt 1 view -0
 684              		.cfi_startproc
 685              		@ args = 0, pretend = 0, frame = 0
 686              		@ frame_needed = 0, uses_anonymous_args = 0
 687              		@ link register save eliminated.
 499:Drivers/STM32G4xx_HAL_Driver/Src/stm32g4xx_hal.c ****   return (READ_REG(*((uint32_t *)(UID_BASE + 8U))));
 688              		.loc 1 499 3 view .LVU131
 500:Drivers/STM32G4xx_HAL_Driver/Src/stm32g4xx_hal.c **** }
 689              		.loc 1 500 1 is_stmt 0 view .LVU132
 690 0000 014B     		ldr	r3, .L68
 691 0002 D3F89805 		ldr	r0, [r3, #1432]
 692 0006 7047     		bx	lr
 693              	.L69:
 694              		.align	2
 695              	.L68:
 696 0008 0070FF1F 		.word	536834048
 697              		.cfi_endproc
 698              	.LFE150:
 700              		.section	.text.HAL_DBGMCU_EnableDBGSleepMode,"ax",%progbits
 701              		.align	1
 702              		.global	HAL_DBGMCU_EnableDBGSleepMode
 703              		.syntax unified
 704              		.thumb
 705              		.thumb_func
 707              	HAL_DBGMCU_EnableDBGSleepMode:
 708              	.LFB151:
 501:Drivers/STM32G4xx_HAL_Driver/Src/stm32g4xx_hal.c **** 
 502:Drivers/STM32G4xx_HAL_Driver/Src/stm32g4xx_hal.c **** /**
 503:Drivers/STM32G4xx_HAL_Driver/Src/stm32g4xx_hal.c ****   * @}
 504:Drivers/STM32G4xx_HAL_Driver/Src/stm32g4xx_hal.c ****   */
 505:Drivers/STM32G4xx_HAL_Driver/Src/stm32g4xx_hal.c **** 
 506:Drivers/STM32G4xx_HAL_Driver/Src/stm32g4xx_hal.c **** /** @defgroup HAL_Exported_Functions_Group3 HAL Debug functions
 507:Drivers/STM32G4xx_HAL_Driver/Src/stm32g4xx_hal.c ****   *  @brief    HAL Debug functions
 508:Drivers/STM32G4xx_HAL_Driver/Src/stm32g4xx_hal.c ****   *
 509:Drivers/STM32G4xx_HAL_Driver/Src/stm32g4xx_hal.c **** @verbatim
 510:Drivers/STM32G4xx_HAL_Driver/Src/stm32g4xx_hal.c ****  ===============================================================================
 511:Drivers/STM32G4xx_HAL_Driver/Src/stm32g4xx_hal.c ****                       ##### HAL Debug functions #####
 512:Drivers/STM32G4xx_HAL_Driver/Src/stm32g4xx_hal.c ****  ===============================================================================
 513:Drivers/STM32G4xx_HAL_Driver/Src/stm32g4xx_hal.c ****     [..]  This section provides functions allowing to:
 514:Drivers/STM32G4xx_HAL_Driver/Src/stm32g4xx_hal.c ****       (+) Enable/Disable Debug module during SLEEP mode
 515:Drivers/STM32G4xx_HAL_Driver/Src/stm32g4xx_hal.c ****       (+) Enable/Disable Debug module during STOP0/STOP1/STOP2 modes
 516:Drivers/STM32G4xx_HAL_Driver/Src/stm32g4xx_hal.c ****       (+) Enable/Disable Debug module during STANDBY mode
 517:Drivers/STM32G4xx_HAL_Driver/Src/stm32g4xx_hal.c **** 
 518:Drivers/STM32G4xx_HAL_Driver/Src/stm32g4xx_hal.c **** @endverbatim
 519:Drivers/STM32G4xx_HAL_Driver/Src/stm32g4xx_hal.c ****   * @{
 520:Drivers/STM32G4xx_HAL_Driver/Src/stm32g4xx_hal.c ****   */
 521:Drivers/STM32G4xx_HAL_Driver/Src/stm32g4xx_hal.c **** 
 522:Drivers/STM32G4xx_HAL_Driver/Src/stm32g4xx_hal.c **** /**
 523:Drivers/STM32G4xx_HAL_Driver/Src/stm32g4xx_hal.c ****   * @brief  Enable the Debug Module during SLEEP mode.
 524:Drivers/STM32G4xx_HAL_Driver/Src/stm32g4xx_hal.c ****   * @retval None
 525:Drivers/STM32G4xx_HAL_Driver/Src/stm32g4xx_hal.c ****   */
 526:Drivers/STM32G4xx_HAL_Driver/Src/stm32g4xx_hal.c **** void HAL_DBGMCU_EnableDBGSleepMode(void)
 527:Drivers/STM32G4xx_HAL_Driver/Src/stm32g4xx_hal.c **** {
 709              		.loc 1 527 1 is_stmt 1 view -0
 710              		.cfi_startproc
 711              		@ args = 0, pretend = 0, frame = 0
ARM GAS  /tmp/ccf0SYi0.s 			page 23


 712              		@ frame_needed = 0, uses_anonymous_args = 0
 713              		@ link register save eliminated.
 528:Drivers/STM32G4xx_HAL_Driver/Src/stm32g4xx_hal.c ****   SET_BIT(DBGMCU->CR, DBGMCU_CR_DBG_SLEEP);
 714              		.loc 1 528 3 view .LVU134
 715 0000 024A     		ldr	r2, .L71
 716 0002 5368     		ldr	r3, [r2, #4]
 717 0004 43F00103 		orr	r3, r3, #1
 718 0008 5360     		str	r3, [r2, #4]
 529:Drivers/STM32G4xx_HAL_Driver/Src/stm32g4xx_hal.c **** }
 719              		.loc 1 529 1 is_stmt 0 view .LVU135
 720 000a 7047     		bx	lr
 721              	.L72:
 722              		.align	2
 723              	.L71:
 724 000c 002004E0 		.word	-536600576
 725              		.cfi_endproc
 726              	.LFE151:
 728              		.section	.text.HAL_DBGMCU_DisableDBGSleepMode,"ax",%progbits
 729              		.align	1
 730              		.global	HAL_DBGMCU_DisableDBGSleepMode
 731              		.syntax unified
 732              		.thumb
 733              		.thumb_func
 735              	HAL_DBGMCU_DisableDBGSleepMode:
 736              	.LFB152:
 530:Drivers/STM32G4xx_HAL_Driver/Src/stm32g4xx_hal.c **** 
 531:Drivers/STM32G4xx_HAL_Driver/Src/stm32g4xx_hal.c **** /**
 532:Drivers/STM32G4xx_HAL_Driver/Src/stm32g4xx_hal.c ****   * @brief  Disable the Debug Module during SLEEP mode.
 533:Drivers/STM32G4xx_HAL_Driver/Src/stm32g4xx_hal.c ****   * @retval None
 534:Drivers/STM32G4xx_HAL_Driver/Src/stm32g4xx_hal.c ****   */
 535:Drivers/STM32G4xx_HAL_Driver/Src/stm32g4xx_hal.c **** void HAL_DBGMCU_DisableDBGSleepMode(void)
 536:Drivers/STM32G4xx_HAL_Driver/Src/stm32g4xx_hal.c **** {
 737              		.loc 1 536 1 is_stmt 1 view -0
 738              		.cfi_startproc
 739              		@ args = 0, pretend = 0, frame = 0
 740              		@ frame_needed = 0, uses_anonymous_args = 0
 741              		@ link register save eliminated.
 537:Drivers/STM32G4xx_HAL_Driver/Src/stm32g4xx_hal.c ****   CLEAR_BIT(DBGMCU->CR, DBGMCU_CR_DBG_SLEEP);
 742              		.loc 1 537 3 view .LVU137
 743 0000 024A     		ldr	r2, .L74
 744 0002 5368     		ldr	r3, [r2, #4]
 745 0004 23F00103 		bic	r3, r3, #1
 746 0008 5360     		str	r3, [r2, #4]
 538:Drivers/STM32G4xx_HAL_Driver/Src/stm32g4xx_hal.c **** }
 747              		.loc 1 538 1 is_stmt 0 view .LVU138
 748 000a 7047     		bx	lr
 749              	.L75:
 750              		.align	2
 751              	.L74:
 752 000c 002004E0 		.word	-536600576
 753              		.cfi_endproc
 754              	.LFE152:
 756              		.section	.text.HAL_DBGMCU_EnableDBGStopMode,"ax",%progbits
 757              		.align	1
 758              		.global	HAL_DBGMCU_EnableDBGStopMode
 759              		.syntax unified
 760              		.thumb
ARM GAS  /tmp/ccf0SYi0.s 			page 24


 761              		.thumb_func
 763              	HAL_DBGMCU_EnableDBGStopMode:
 764              	.LFB153:
 539:Drivers/STM32G4xx_HAL_Driver/Src/stm32g4xx_hal.c **** 
 540:Drivers/STM32G4xx_HAL_Driver/Src/stm32g4xx_hal.c **** /**
 541:Drivers/STM32G4xx_HAL_Driver/Src/stm32g4xx_hal.c ****   * @brief  Enable the Debug Module during STOP0/STOP1/STOP2 modes.
 542:Drivers/STM32G4xx_HAL_Driver/Src/stm32g4xx_hal.c ****   * @retval None
 543:Drivers/STM32G4xx_HAL_Driver/Src/stm32g4xx_hal.c ****   */
 544:Drivers/STM32G4xx_HAL_Driver/Src/stm32g4xx_hal.c **** void HAL_DBGMCU_EnableDBGStopMode(void)
 545:Drivers/STM32G4xx_HAL_Driver/Src/stm32g4xx_hal.c **** {
 765              		.loc 1 545 1 is_stmt 1 view -0
 766              		.cfi_startproc
 767              		@ args = 0, pretend = 0, frame = 0
 768              		@ frame_needed = 0, uses_anonymous_args = 0
 769              		@ link register save eliminated.
 546:Drivers/STM32G4xx_HAL_Driver/Src/stm32g4xx_hal.c ****   SET_BIT(DBGMCU->CR, DBGMCU_CR_DBG_STOP);
 770              		.loc 1 546 3 view .LVU140
 771 0000 024A     		ldr	r2, .L77
 772 0002 5368     		ldr	r3, [r2, #4]
 773 0004 43F00203 		orr	r3, r3, #2
 774 0008 5360     		str	r3, [r2, #4]
 547:Drivers/STM32G4xx_HAL_Driver/Src/stm32g4xx_hal.c **** }
 775              		.loc 1 547 1 is_stmt 0 view .LVU141
 776 000a 7047     		bx	lr
 777              	.L78:
 778              		.align	2
 779              	.L77:
 780 000c 002004E0 		.word	-536600576
 781              		.cfi_endproc
 782              	.LFE153:
 784              		.section	.text.HAL_DBGMCU_DisableDBGStopMode,"ax",%progbits
 785              		.align	1
 786              		.global	HAL_DBGMCU_DisableDBGStopMode
 787              		.syntax unified
 788              		.thumb
 789              		.thumb_func
 791              	HAL_DBGMCU_DisableDBGStopMode:
 792              	.LFB154:
 548:Drivers/STM32G4xx_HAL_Driver/Src/stm32g4xx_hal.c **** 
 549:Drivers/STM32G4xx_HAL_Driver/Src/stm32g4xx_hal.c **** /**
 550:Drivers/STM32G4xx_HAL_Driver/Src/stm32g4xx_hal.c ****   * @brief  Disable the Debug Module during STOP0/STOP1/STOP2 modes.
 551:Drivers/STM32G4xx_HAL_Driver/Src/stm32g4xx_hal.c ****   * @retval None
 552:Drivers/STM32G4xx_HAL_Driver/Src/stm32g4xx_hal.c ****   */
 553:Drivers/STM32G4xx_HAL_Driver/Src/stm32g4xx_hal.c **** void HAL_DBGMCU_DisableDBGStopMode(void)
 554:Drivers/STM32G4xx_HAL_Driver/Src/stm32g4xx_hal.c **** {
 793              		.loc 1 554 1 is_stmt 1 view -0
 794              		.cfi_startproc
 795              		@ args = 0, pretend = 0, frame = 0
 796              		@ frame_needed = 0, uses_anonymous_args = 0
 797              		@ link register save eliminated.
 555:Drivers/STM32G4xx_HAL_Driver/Src/stm32g4xx_hal.c ****   CLEAR_BIT(DBGMCU->CR, DBGMCU_CR_DBG_STOP);
 798              		.loc 1 555 3 view .LVU143
 799 0000 024A     		ldr	r2, .L80
 800 0002 5368     		ldr	r3, [r2, #4]
 801 0004 23F00203 		bic	r3, r3, #2
 802 0008 5360     		str	r3, [r2, #4]
 556:Drivers/STM32G4xx_HAL_Driver/Src/stm32g4xx_hal.c **** }
ARM GAS  /tmp/ccf0SYi0.s 			page 25


 803              		.loc 1 556 1 is_stmt 0 view .LVU144
 804 000a 7047     		bx	lr
 805              	.L81:
 806              		.align	2
 807              	.L80:
 808 000c 002004E0 		.word	-536600576
 809              		.cfi_endproc
 810              	.LFE154:
 812              		.section	.text.HAL_DBGMCU_EnableDBGStandbyMode,"ax",%progbits
 813              		.align	1
 814              		.global	HAL_DBGMCU_EnableDBGStandbyMode
 815              		.syntax unified
 816              		.thumb
 817              		.thumb_func
 819              	HAL_DBGMCU_EnableDBGStandbyMode:
 820              	.LFB155:
 557:Drivers/STM32G4xx_HAL_Driver/Src/stm32g4xx_hal.c **** 
 558:Drivers/STM32G4xx_HAL_Driver/Src/stm32g4xx_hal.c **** /**
 559:Drivers/STM32G4xx_HAL_Driver/Src/stm32g4xx_hal.c ****   * @brief  Enable the Debug Module during STANDBY mode.
 560:Drivers/STM32G4xx_HAL_Driver/Src/stm32g4xx_hal.c ****   * @retval None
 561:Drivers/STM32G4xx_HAL_Driver/Src/stm32g4xx_hal.c ****   */
 562:Drivers/STM32G4xx_HAL_Driver/Src/stm32g4xx_hal.c **** void HAL_DBGMCU_EnableDBGStandbyMode(void)
 563:Drivers/STM32G4xx_HAL_Driver/Src/stm32g4xx_hal.c **** {
 821              		.loc 1 563 1 is_stmt 1 view -0
 822              		.cfi_startproc
 823              		@ args = 0, pretend = 0, frame = 0
 824              		@ frame_needed = 0, uses_anonymous_args = 0
 825              		@ link register save eliminated.
 564:Drivers/STM32G4xx_HAL_Driver/Src/stm32g4xx_hal.c ****   SET_BIT(DBGMCU->CR, DBGMCU_CR_DBG_STANDBY);
 826              		.loc 1 564 3 view .LVU146
 827 0000 024A     		ldr	r2, .L83
 828 0002 5368     		ldr	r3, [r2, #4]
 829 0004 43F00403 		orr	r3, r3, #4
 830 0008 5360     		str	r3, [r2, #4]
 565:Drivers/STM32G4xx_HAL_Driver/Src/stm32g4xx_hal.c **** }
 831              		.loc 1 565 1 is_stmt 0 view .LVU147
 832 000a 7047     		bx	lr
 833              	.L84:
 834              		.align	2
 835              	.L83:
 836 000c 002004E0 		.word	-536600576
 837              		.cfi_endproc
 838              	.LFE155:
 840              		.section	.text.HAL_DBGMCU_DisableDBGStandbyMode,"ax",%progbits
 841              		.align	1
 842              		.global	HAL_DBGMCU_DisableDBGStandbyMode
 843              		.syntax unified
 844              		.thumb
 845              		.thumb_func
 847              	HAL_DBGMCU_DisableDBGStandbyMode:
 848              	.LFB156:
 566:Drivers/STM32G4xx_HAL_Driver/Src/stm32g4xx_hal.c **** 
 567:Drivers/STM32G4xx_HAL_Driver/Src/stm32g4xx_hal.c **** /**
 568:Drivers/STM32G4xx_HAL_Driver/Src/stm32g4xx_hal.c ****   * @brief  Disable the Debug Module during STANDBY mode.
 569:Drivers/STM32G4xx_HAL_Driver/Src/stm32g4xx_hal.c ****   * @retval None
 570:Drivers/STM32G4xx_HAL_Driver/Src/stm32g4xx_hal.c ****   */
 571:Drivers/STM32G4xx_HAL_Driver/Src/stm32g4xx_hal.c **** void HAL_DBGMCU_DisableDBGStandbyMode(void)
ARM GAS  /tmp/ccf0SYi0.s 			page 26


 572:Drivers/STM32G4xx_HAL_Driver/Src/stm32g4xx_hal.c **** {
 849              		.loc 1 572 1 is_stmt 1 view -0
 850              		.cfi_startproc
 851              		@ args = 0, pretend = 0, frame = 0
 852              		@ frame_needed = 0, uses_anonymous_args = 0
 853              		@ link register save eliminated.
 573:Drivers/STM32G4xx_HAL_Driver/Src/stm32g4xx_hal.c ****   CLEAR_BIT(DBGMCU->CR, DBGMCU_CR_DBG_STANDBY);
 854              		.loc 1 573 3 view .LVU149
 855 0000 024A     		ldr	r2, .L86
 856 0002 5368     		ldr	r3, [r2, #4]
 857 0004 23F00403 		bic	r3, r3, #4
 858 0008 5360     		str	r3, [r2, #4]
 574:Drivers/STM32G4xx_HAL_Driver/Src/stm32g4xx_hal.c **** }
 859              		.loc 1 574 1 is_stmt 0 view .LVU150
 860 000a 7047     		bx	lr
 861              	.L87:
 862              		.align	2
 863              	.L86:
 864 000c 002004E0 		.word	-536600576
 865              		.cfi_endproc
 866              	.LFE156:
 868              		.section	.text.HAL_SYSCFG_CCMSRAMErase,"ax",%progbits
 869              		.align	1
 870              		.global	HAL_SYSCFG_CCMSRAMErase
 871              		.syntax unified
 872              		.thumb
 873              		.thumb_func
 875              	HAL_SYSCFG_CCMSRAMErase:
 876              	.LFB157:
 575:Drivers/STM32G4xx_HAL_Driver/Src/stm32g4xx_hal.c **** 
 576:Drivers/STM32G4xx_HAL_Driver/Src/stm32g4xx_hal.c **** /**
 577:Drivers/STM32G4xx_HAL_Driver/Src/stm32g4xx_hal.c ****   * @}
 578:Drivers/STM32G4xx_HAL_Driver/Src/stm32g4xx_hal.c ****   */
 579:Drivers/STM32G4xx_HAL_Driver/Src/stm32g4xx_hal.c **** 
 580:Drivers/STM32G4xx_HAL_Driver/Src/stm32g4xx_hal.c **** /** @defgroup HAL_Exported_Functions_Group4 HAL SYSCFG configuration functions
 581:Drivers/STM32G4xx_HAL_Driver/Src/stm32g4xx_hal.c ****   *  @brief    HAL SYSCFG configuration functions
 582:Drivers/STM32G4xx_HAL_Driver/Src/stm32g4xx_hal.c ****   *
 583:Drivers/STM32G4xx_HAL_Driver/Src/stm32g4xx_hal.c **** @verbatim
 584:Drivers/STM32G4xx_HAL_Driver/Src/stm32g4xx_hal.c ****  ===============================================================================
 585:Drivers/STM32G4xx_HAL_Driver/Src/stm32g4xx_hal.c ****                       ##### HAL SYSCFG configuration functions #####
 586:Drivers/STM32G4xx_HAL_Driver/Src/stm32g4xx_hal.c ****  ===============================================================================
 587:Drivers/STM32G4xx_HAL_Driver/Src/stm32g4xx_hal.c ****     [..]  This section provides functions allowing to:
 588:Drivers/STM32G4xx_HAL_Driver/Src/stm32g4xx_hal.c ****       (+) Start a hardware CCMSRAM erase operation
 589:Drivers/STM32G4xx_HAL_Driver/Src/stm32g4xx_hal.c ****       (+) Enable/Disable the Internal FLASH Bank Swapping
 590:Drivers/STM32G4xx_HAL_Driver/Src/stm32g4xx_hal.c ****       (+) Configure the Voltage reference buffer
 591:Drivers/STM32G4xx_HAL_Driver/Src/stm32g4xx_hal.c ****       (+) Enable/Disable the Voltage reference buffer
 592:Drivers/STM32G4xx_HAL_Driver/Src/stm32g4xx_hal.c ****       (+) Enable/Disable the I/O analog switch voltage booster
 593:Drivers/STM32G4xx_HAL_Driver/Src/stm32g4xx_hal.c **** 
 594:Drivers/STM32G4xx_HAL_Driver/Src/stm32g4xx_hal.c **** @endverbatim
 595:Drivers/STM32G4xx_HAL_Driver/Src/stm32g4xx_hal.c ****   * @{
 596:Drivers/STM32G4xx_HAL_Driver/Src/stm32g4xx_hal.c ****   */
 597:Drivers/STM32G4xx_HAL_Driver/Src/stm32g4xx_hal.c **** /**
 598:Drivers/STM32G4xx_HAL_Driver/Src/stm32g4xx_hal.c ****   * @brief  Start a hardware CCMSRAM erase operation.
 599:Drivers/STM32G4xx_HAL_Driver/Src/stm32g4xx_hal.c ****   * @note   As long as CCMSRAM is not erased the CCMER bit will be set.
 600:Drivers/STM32G4xx_HAL_Driver/Src/stm32g4xx_hal.c ****   *         This bit is automatically reset at the end of the CCMSRAM erase operation.
 601:Drivers/STM32G4xx_HAL_Driver/Src/stm32g4xx_hal.c ****   * @retval None
 602:Drivers/STM32G4xx_HAL_Driver/Src/stm32g4xx_hal.c ****   */
ARM GAS  /tmp/ccf0SYi0.s 			page 27


 603:Drivers/STM32G4xx_HAL_Driver/Src/stm32g4xx_hal.c **** void HAL_SYSCFG_CCMSRAMErase(void)
 604:Drivers/STM32G4xx_HAL_Driver/Src/stm32g4xx_hal.c **** {
 877              		.loc 1 604 1 is_stmt 1 view -0
 878              		.cfi_startproc
 879              		@ args = 0, pretend = 0, frame = 0
 880              		@ frame_needed = 0, uses_anonymous_args = 0
 881              		@ link register save eliminated.
 605:Drivers/STM32G4xx_HAL_Driver/Src/stm32g4xx_hal.c ****   /* unlock the write protection of the CCMER bit */
 606:Drivers/STM32G4xx_HAL_Driver/Src/stm32g4xx_hal.c ****   SYSCFG->SKR = 0xCA;
 882              		.loc 1 606 3 view .LVU152
 883              		.loc 1 606 15 is_stmt 0 view .LVU153
 884 0000 044B     		ldr	r3, .L89
 885 0002 CA22     		movs	r2, #202
 886 0004 5A62     		str	r2, [r3, #36]
 607:Drivers/STM32G4xx_HAL_Driver/Src/stm32g4xx_hal.c ****   SYSCFG->SKR = 0x53;
 887              		.loc 1 607 3 is_stmt 1 view .LVU154
 888              		.loc 1 607 15 is_stmt 0 view .LVU155
 889 0006 5322     		movs	r2, #83
 890 0008 5A62     		str	r2, [r3, #36]
 608:Drivers/STM32G4xx_HAL_Driver/Src/stm32g4xx_hal.c ****   /* Starts a hardware CCMSRAM erase operation*/
 609:Drivers/STM32G4xx_HAL_Driver/Src/stm32g4xx_hal.c ****   SET_BIT(SYSCFG->SCSR, SYSCFG_SCSR_CCMER);
 891              		.loc 1 609 3 is_stmt 1 view .LVU156
 892 000a 9A69     		ldr	r2, [r3, #24]
 893 000c 42F00102 		orr	r2, r2, #1
 894 0010 9A61     		str	r2, [r3, #24]
 610:Drivers/STM32G4xx_HAL_Driver/Src/stm32g4xx_hal.c **** }
 895              		.loc 1 610 1 is_stmt 0 view .LVU157
 896 0012 7047     		bx	lr
 897              	.L90:
 898              		.align	2
 899              	.L89:
 900 0014 00000140 		.word	1073807360
 901              		.cfi_endproc
 902              	.LFE157:
 904              		.section	.text.HAL_SYSCFG_EnableMemorySwappingBank,"ax",%progbits
 905              		.align	1
 906              		.global	HAL_SYSCFG_EnableMemorySwappingBank
 907              		.syntax unified
 908              		.thumb
 909              		.thumb_func
 911              	HAL_SYSCFG_EnableMemorySwappingBank:
 912              	.LFB158:
 611:Drivers/STM32G4xx_HAL_Driver/Src/stm32g4xx_hal.c **** 
 612:Drivers/STM32G4xx_HAL_Driver/Src/stm32g4xx_hal.c **** /**
 613:Drivers/STM32G4xx_HAL_Driver/Src/stm32g4xx_hal.c ****   * @brief  Enable the Internal FLASH Bank Swapping.
 614:Drivers/STM32G4xx_HAL_Driver/Src/stm32g4xx_hal.c ****   *
 615:Drivers/STM32G4xx_HAL_Driver/Src/stm32g4xx_hal.c ****   * @note   This function can be used only for STM32G4xx devices.
 616:Drivers/STM32G4xx_HAL_Driver/Src/stm32g4xx_hal.c ****   *
 617:Drivers/STM32G4xx_HAL_Driver/Src/stm32g4xx_hal.c ****   * @note   Flash Bank2 mapped at 0x08000000 (and aliased @0x00000000)
 618:Drivers/STM32G4xx_HAL_Driver/Src/stm32g4xx_hal.c ****   *         and Flash Bank1 mapped at 0x08040000 (and aliased at 0x00040000)
 619:Drivers/STM32G4xx_HAL_Driver/Src/stm32g4xx_hal.c ****   *
 620:Drivers/STM32G4xx_HAL_Driver/Src/stm32g4xx_hal.c ****   * @retval None
 621:Drivers/STM32G4xx_HAL_Driver/Src/stm32g4xx_hal.c ****   */
 622:Drivers/STM32G4xx_HAL_Driver/Src/stm32g4xx_hal.c **** void HAL_SYSCFG_EnableMemorySwappingBank(void)
 623:Drivers/STM32G4xx_HAL_Driver/Src/stm32g4xx_hal.c **** {
 913              		.loc 1 623 1 is_stmt 1 view -0
 914              		.cfi_startproc
ARM GAS  /tmp/ccf0SYi0.s 			page 28


 915              		@ args = 0, pretend = 0, frame = 0
 916              		@ frame_needed = 0, uses_anonymous_args = 0
 917              		@ link register save eliminated.
 624:Drivers/STM32G4xx_HAL_Driver/Src/stm32g4xx_hal.c ****   SET_BIT(SYSCFG->MEMRMP, SYSCFG_MEMRMP_FB_MODE);
 918              		.loc 1 624 3 view .LVU159
 919 0000 024A     		ldr	r2, .L92
 920 0002 1368     		ldr	r3, [r2]
 921 0004 43F48073 		orr	r3, r3, #256
 922 0008 1360     		str	r3, [r2]
 625:Drivers/STM32G4xx_HAL_Driver/Src/stm32g4xx_hal.c **** }
 923              		.loc 1 625 1 is_stmt 0 view .LVU160
 924 000a 7047     		bx	lr
 925              	.L93:
 926              		.align	2
 927              	.L92:
 928 000c 00000140 		.word	1073807360
 929              		.cfi_endproc
 930              	.LFE158:
 932              		.section	.text.HAL_SYSCFG_DisableMemorySwappingBank,"ax",%progbits
 933              		.align	1
 934              		.global	HAL_SYSCFG_DisableMemorySwappingBank
 935              		.syntax unified
 936              		.thumb
 937              		.thumb_func
 939              	HAL_SYSCFG_DisableMemorySwappingBank:
 940              	.LFB159:
 626:Drivers/STM32G4xx_HAL_Driver/Src/stm32g4xx_hal.c **** 
 627:Drivers/STM32G4xx_HAL_Driver/Src/stm32g4xx_hal.c **** /**
 628:Drivers/STM32G4xx_HAL_Driver/Src/stm32g4xx_hal.c ****   * @brief  Disable the Internal FLASH Bank Swapping.
 629:Drivers/STM32G4xx_HAL_Driver/Src/stm32g4xx_hal.c ****   *
 630:Drivers/STM32G4xx_HAL_Driver/Src/stm32g4xx_hal.c ****   * @note   This function can be used only for STM32G4xx devices.
 631:Drivers/STM32G4xx_HAL_Driver/Src/stm32g4xx_hal.c ****   *
 632:Drivers/STM32G4xx_HAL_Driver/Src/stm32g4xx_hal.c ****   * @note   The default state : Flash Bank1 mapped at 0x08000000 (and aliased @0x0000 0000)
 633:Drivers/STM32G4xx_HAL_Driver/Src/stm32g4xx_hal.c ****   *         and Flash Bank2 mapped at 0x08040000 (and aliased at 0x00040000)
 634:Drivers/STM32G4xx_HAL_Driver/Src/stm32g4xx_hal.c ****   *
 635:Drivers/STM32G4xx_HAL_Driver/Src/stm32g4xx_hal.c ****   * @retval None
 636:Drivers/STM32G4xx_HAL_Driver/Src/stm32g4xx_hal.c ****   */
 637:Drivers/STM32G4xx_HAL_Driver/Src/stm32g4xx_hal.c **** void HAL_SYSCFG_DisableMemorySwappingBank(void)
 638:Drivers/STM32G4xx_HAL_Driver/Src/stm32g4xx_hal.c **** {
 941              		.loc 1 638 1 is_stmt 1 view -0
 942              		.cfi_startproc
 943              		@ args = 0, pretend = 0, frame = 0
 944              		@ frame_needed = 0, uses_anonymous_args = 0
 945              		@ link register save eliminated.
 639:Drivers/STM32G4xx_HAL_Driver/Src/stm32g4xx_hal.c ****   CLEAR_BIT(SYSCFG->MEMRMP, SYSCFG_MEMRMP_FB_MODE);
 946              		.loc 1 639 3 view .LVU162
 947 0000 024A     		ldr	r2, .L95
 948 0002 1368     		ldr	r3, [r2]
 949 0004 23F48073 		bic	r3, r3, #256
 950 0008 1360     		str	r3, [r2]
 640:Drivers/STM32G4xx_HAL_Driver/Src/stm32g4xx_hal.c **** }
 951              		.loc 1 640 1 is_stmt 0 view .LVU163
 952 000a 7047     		bx	lr
 953              	.L96:
 954              		.align	2
 955              	.L95:
 956 000c 00000140 		.word	1073807360
ARM GAS  /tmp/ccf0SYi0.s 			page 29


 957              		.cfi_endproc
 958              	.LFE159:
 960              		.section	.text.HAL_SYSCFG_VREFBUF_VoltageScalingConfig,"ax",%progbits
 961              		.align	1
 962              		.global	HAL_SYSCFG_VREFBUF_VoltageScalingConfig
 963              		.syntax unified
 964              		.thumb
 965              		.thumb_func
 967              	HAL_SYSCFG_VREFBUF_VoltageScalingConfig:
 968              	.LVL27:
 969              	.LFB160:
 641:Drivers/STM32G4xx_HAL_Driver/Src/stm32g4xx_hal.c **** 
 642:Drivers/STM32G4xx_HAL_Driver/Src/stm32g4xx_hal.c **** #if defined(VREFBUF)
 643:Drivers/STM32G4xx_HAL_Driver/Src/stm32g4xx_hal.c **** /**
 644:Drivers/STM32G4xx_HAL_Driver/Src/stm32g4xx_hal.c ****   * @brief Configure the internal voltage reference buffer voltage scale.
 645:Drivers/STM32G4xx_HAL_Driver/Src/stm32g4xx_hal.c ****   * @param  VoltageScaling: specifies the output voltage to achieve
 646:Drivers/STM32G4xx_HAL_Driver/Src/stm32g4xx_hal.c ****   *          This parameter can be one of the following values:
 647:Drivers/STM32G4xx_HAL_Driver/Src/stm32g4xx_hal.c ****   *            @arg SYSCFG_VREFBUF_VOLTAGE_SCALE0: VREFBUF_OUT around 2.048 V.
 648:Drivers/STM32G4xx_HAL_Driver/Src/stm32g4xx_hal.c ****   *                                                This requires VDDA equal to or higher than 2.4 V
 649:Drivers/STM32G4xx_HAL_Driver/Src/stm32g4xx_hal.c ****   *            @arg SYSCFG_VREFBUF_VOLTAGE_SCALE1: VREFBUF_OUT around 2.5 V.
 650:Drivers/STM32G4xx_HAL_Driver/Src/stm32g4xx_hal.c ****   *                                                This requires VDDA equal to or higher than 2.8 V
 651:Drivers/STM32G4xx_HAL_Driver/Src/stm32g4xx_hal.c ****   *            @arg SYSCFG_VREFBUF_VOLTAGE_SCALE2: VREFBUF_OUT around 2.9 V.
 652:Drivers/STM32G4xx_HAL_Driver/Src/stm32g4xx_hal.c ****   *                                                This requires VDDA equal to or higher than 3.15 
 653:Drivers/STM32G4xx_HAL_Driver/Src/stm32g4xx_hal.c ****   * @retval None
 654:Drivers/STM32G4xx_HAL_Driver/Src/stm32g4xx_hal.c ****   */
 655:Drivers/STM32G4xx_HAL_Driver/Src/stm32g4xx_hal.c **** void HAL_SYSCFG_VREFBUF_VoltageScalingConfig(uint32_t VoltageScaling)
 656:Drivers/STM32G4xx_HAL_Driver/Src/stm32g4xx_hal.c **** {
 970              		.loc 1 656 1 is_stmt 1 view -0
 971              		.cfi_startproc
 972              		@ args = 0, pretend = 0, frame = 0
 973              		@ frame_needed = 0, uses_anonymous_args = 0
 974              		@ link register save eliminated.
 657:Drivers/STM32G4xx_HAL_Driver/Src/stm32g4xx_hal.c ****   /* Check the parameters */
 658:Drivers/STM32G4xx_HAL_Driver/Src/stm32g4xx_hal.c ****   assert_param(IS_SYSCFG_VREFBUF_VOLTAGE_SCALE(VoltageScaling));
 975              		.loc 1 658 3 view .LVU165
 659:Drivers/STM32G4xx_HAL_Driver/Src/stm32g4xx_hal.c **** 
 660:Drivers/STM32G4xx_HAL_Driver/Src/stm32g4xx_hal.c ****   MODIFY_REG(VREFBUF->CSR, VREFBUF_CSR_VRS, VoltageScaling);
 976              		.loc 1 660 3 view .LVU166
 977 0000 034A     		ldr	r2, .L98
 978 0002 136B     		ldr	r3, [r2, #48]
 979 0004 23F03003 		bic	r3, r3, #48
 980 0008 0343     		orrs	r3, r3, r0
 981 000a 1363     		str	r3, [r2, #48]
 661:Drivers/STM32G4xx_HAL_Driver/Src/stm32g4xx_hal.c **** }
 982              		.loc 1 661 1 is_stmt 0 view .LVU167
 983 000c 7047     		bx	lr
 984              	.L99:
 985 000e 00BF     		.align	2
 986              	.L98:
 987 0010 00000140 		.word	1073807360
 988              		.cfi_endproc
 989              	.LFE160:
 991              		.section	.text.HAL_SYSCFG_VREFBUF_HighImpedanceConfig,"ax",%progbits
 992              		.align	1
 993              		.global	HAL_SYSCFG_VREFBUF_HighImpedanceConfig
 994              		.syntax unified
 995              		.thumb
ARM GAS  /tmp/ccf0SYi0.s 			page 30


 996              		.thumb_func
 998              	HAL_SYSCFG_VREFBUF_HighImpedanceConfig:
 999              	.LVL28:
 1000              	.LFB161:
 662:Drivers/STM32G4xx_HAL_Driver/Src/stm32g4xx_hal.c **** 
 663:Drivers/STM32G4xx_HAL_Driver/Src/stm32g4xx_hal.c **** /**
 664:Drivers/STM32G4xx_HAL_Driver/Src/stm32g4xx_hal.c ****   * @brief Configure the internal voltage reference buffer high impedance mode.
 665:Drivers/STM32G4xx_HAL_Driver/Src/stm32g4xx_hal.c ****   * @param  Mode: specifies the high impedance mode
 666:Drivers/STM32G4xx_HAL_Driver/Src/stm32g4xx_hal.c ****   *          This parameter can be one of the following values:
 667:Drivers/STM32G4xx_HAL_Driver/Src/stm32g4xx_hal.c ****   *            @arg SYSCFG_VREFBUF_HIGH_IMPEDANCE_DISABLE: VREF+ pin is internally connect to VREFI
 668:Drivers/STM32G4xx_HAL_Driver/Src/stm32g4xx_hal.c ****   *            @arg SYSCFG_VREFBUF_HIGH_IMPEDANCE_ENABLE: VREF+ pin is high impedance.
 669:Drivers/STM32G4xx_HAL_Driver/Src/stm32g4xx_hal.c ****   * @retval None
 670:Drivers/STM32G4xx_HAL_Driver/Src/stm32g4xx_hal.c ****   */
 671:Drivers/STM32G4xx_HAL_Driver/Src/stm32g4xx_hal.c **** void HAL_SYSCFG_VREFBUF_HighImpedanceConfig(uint32_t Mode)
 672:Drivers/STM32G4xx_HAL_Driver/Src/stm32g4xx_hal.c **** {
 1001              		.loc 1 672 1 is_stmt 1 view -0
 1002              		.cfi_startproc
 1003              		@ args = 0, pretend = 0, frame = 0
 1004              		@ frame_needed = 0, uses_anonymous_args = 0
 1005              		@ link register save eliminated.
 673:Drivers/STM32G4xx_HAL_Driver/Src/stm32g4xx_hal.c ****   /* Check the parameters */
 674:Drivers/STM32G4xx_HAL_Driver/Src/stm32g4xx_hal.c ****   assert_param(IS_SYSCFG_VREFBUF_HIGH_IMPEDANCE(Mode));
 1006              		.loc 1 674 3 view .LVU169
 675:Drivers/STM32G4xx_HAL_Driver/Src/stm32g4xx_hal.c **** 
 676:Drivers/STM32G4xx_HAL_Driver/Src/stm32g4xx_hal.c ****   MODIFY_REG(VREFBUF->CSR, VREFBUF_CSR_HIZ, Mode);
 1007              		.loc 1 676 3 view .LVU170
 1008 0000 034A     		ldr	r2, .L101
 1009 0002 136B     		ldr	r3, [r2, #48]
 1010 0004 23F00203 		bic	r3, r3, #2
 1011 0008 0343     		orrs	r3, r3, r0
 1012 000a 1363     		str	r3, [r2, #48]
 677:Drivers/STM32G4xx_HAL_Driver/Src/stm32g4xx_hal.c **** }
 1013              		.loc 1 677 1 is_stmt 0 view .LVU171
 1014 000c 7047     		bx	lr
 1015              	.L102:
 1016 000e 00BF     		.align	2
 1017              	.L101:
 1018 0010 00000140 		.word	1073807360
 1019              		.cfi_endproc
 1020              	.LFE161:
 1022              		.section	.text.HAL_SYSCFG_VREFBUF_TrimmingConfig,"ax",%progbits
 1023              		.align	1
 1024              		.global	HAL_SYSCFG_VREFBUF_TrimmingConfig
 1025              		.syntax unified
 1026              		.thumb
 1027              		.thumb_func
 1029              	HAL_SYSCFG_VREFBUF_TrimmingConfig:
 1030              	.LVL29:
 1031              	.LFB162:
 678:Drivers/STM32G4xx_HAL_Driver/Src/stm32g4xx_hal.c **** 
 679:Drivers/STM32G4xx_HAL_Driver/Src/stm32g4xx_hal.c **** /**
 680:Drivers/STM32G4xx_HAL_Driver/Src/stm32g4xx_hal.c ****   * @brief Tune the Internal Voltage Reference buffer (VREFBUF).
 681:Drivers/STM32G4xx_HAL_Driver/Src/stm32g4xx_hal.c ****   * @param TrimmingValue specifies trimming code for VREFBUF calibration
 682:Drivers/STM32G4xx_HAL_Driver/Src/stm32g4xx_hal.c ****   *        This parameter can be a number between Min_Data = 0x00 and Max_Data = 0x3F
 683:Drivers/STM32G4xx_HAL_Driver/Src/stm32g4xx_hal.c ****   * @retval None
 684:Drivers/STM32G4xx_HAL_Driver/Src/stm32g4xx_hal.c ****   */
 685:Drivers/STM32G4xx_HAL_Driver/Src/stm32g4xx_hal.c **** void HAL_SYSCFG_VREFBUF_TrimmingConfig(uint32_t TrimmingValue)
ARM GAS  /tmp/ccf0SYi0.s 			page 31


 686:Drivers/STM32G4xx_HAL_Driver/Src/stm32g4xx_hal.c **** {
 1032              		.loc 1 686 1 is_stmt 1 view -0
 1033              		.cfi_startproc
 1034              		@ args = 0, pretend = 0, frame = 0
 1035              		@ frame_needed = 0, uses_anonymous_args = 0
 1036              		@ link register save eliminated.
 687:Drivers/STM32G4xx_HAL_Driver/Src/stm32g4xx_hal.c ****   /* Check the parameters */
 688:Drivers/STM32G4xx_HAL_Driver/Src/stm32g4xx_hal.c ****   assert_param(IS_SYSCFG_VREFBUF_TRIMMING(TrimmingValue));
 1037              		.loc 1 688 3 view .LVU173
 689:Drivers/STM32G4xx_HAL_Driver/Src/stm32g4xx_hal.c **** 
 690:Drivers/STM32G4xx_HAL_Driver/Src/stm32g4xx_hal.c ****   MODIFY_REG(VREFBUF->CCR, VREFBUF_CCR_TRIM, TrimmingValue);
 1038              		.loc 1 690 3 view .LVU174
 1039 0000 034A     		ldr	r2, .L104
 1040 0002 536B     		ldr	r3, [r2, #52]
 1041 0004 23F03F03 		bic	r3, r3, #63
 1042 0008 0343     		orrs	r3, r3, r0
 1043 000a 5363     		str	r3, [r2, #52]
 691:Drivers/STM32G4xx_HAL_Driver/Src/stm32g4xx_hal.c **** }
 1044              		.loc 1 691 1 is_stmt 0 view .LVU175
 1045 000c 7047     		bx	lr
 1046              	.L105:
 1047 000e 00BF     		.align	2
 1048              	.L104:
 1049 0010 00000140 		.word	1073807360
 1050              		.cfi_endproc
 1051              	.LFE162:
 1053              		.section	.text.HAL_SYSCFG_EnableVREFBUF,"ax",%progbits
 1054              		.align	1
 1055              		.global	HAL_SYSCFG_EnableVREFBUF
 1056              		.syntax unified
 1057              		.thumb
 1058              		.thumb_func
 1060              	HAL_SYSCFG_EnableVREFBUF:
 1061              	.LFB163:
 692:Drivers/STM32G4xx_HAL_Driver/Src/stm32g4xx_hal.c **** 
 693:Drivers/STM32G4xx_HAL_Driver/Src/stm32g4xx_hal.c **** /**
 694:Drivers/STM32G4xx_HAL_Driver/Src/stm32g4xx_hal.c ****   * @brief  Enable the Internal Voltage Reference buffer (VREFBUF).
 695:Drivers/STM32G4xx_HAL_Driver/Src/stm32g4xx_hal.c ****   * @retval HAL_OK/HAL_TIMEOUT
 696:Drivers/STM32G4xx_HAL_Driver/Src/stm32g4xx_hal.c ****   */
 697:Drivers/STM32G4xx_HAL_Driver/Src/stm32g4xx_hal.c **** HAL_StatusTypeDef HAL_SYSCFG_EnableVREFBUF(void)
 698:Drivers/STM32G4xx_HAL_Driver/Src/stm32g4xx_hal.c **** {
 1062              		.loc 1 698 1 is_stmt 1 view -0
 1063              		.cfi_startproc
 1064              		@ args = 0, pretend = 0, frame = 0
 1065              		@ frame_needed = 0, uses_anonymous_args = 0
 1066 0000 10B5     		push	{r4, lr}
 1067              		.cfi_def_cfa_offset 8
 1068              		.cfi_offset 4, -8
 1069              		.cfi_offset 14, -4
 699:Drivers/STM32G4xx_HAL_Driver/Src/stm32g4xx_hal.c ****   uint32_t tickstart;
 1070              		.loc 1 699 3 view .LVU177
 700:Drivers/STM32G4xx_HAL_Driver/Src/stm32g4xx_hal.c **** 
 701:Drivers/STM32G4xx_HAL_Driver/Src/stm32g4xx_hal.c ****   SET_BIT(VREFBUF->CSR, VREFBUF_CSR_ENVR);
 1071              		.loc 1 701 3 view .LVU178
 1072 0002 0B4A     		ldr	r2, .L113
 1073 0004 136B     		ldr	r3, [r2, #48]
 1074 0006 43F00103 		orr	r3, r3, #1
ARM GAS  /tmp/ccf0SYi0.s 			page 32


 1075 000a 1363     		str	r3, [r2, #48]
 702:Drivers/STM32G4xx_HAL_Driver/Src/stm32g4xx_hal.c **** 
 703:Drivers/STM32G4xx_HAL_Driver/Src/stm32g4xx_hal.c ****   /* Get Start Tick*/
 704:Drivers/STM32G4xx_HAL_Driver/Src/stm32g4xx_hal.c ****   tickstart = HAL_GetTick();
 1076              		.loc 1 704 3 view .LVU179
 1077              		.loc 1 704 15 is_stmt 0 view .LVU180
 1078 000c FFF7FEFF 		bl	HAL_GetTick
 1079              	.LVL30:
 1080 0010 0446     		mov	r4, r0
 1081              	.LVL31:
 705:Drivers/STM32G4xx_HAL_Driver/Src/stm32g4xx_hal.c **** 
 706:Drivers/STM32G4xx_HAL_Driver/Src/stm32g4xx_hal.c ****   /* Wait for VRR bit  */
 707:Drivers/STM32G4xx_HAL_Driver/Src/stm32g4xx_hal.c ****   while (READ_BIT(VREFBUF->CSR, VREFBUF_CSR_VRR) == 0x00U)
 1082              		.loc 1 707 3 is_stmt 1 view .LVU181
 1083              	.L107:
 1084              		.loc 1 707 50 view .LVU182
 1085              		.loc 1 707 10 is_stmt 0 view .LVU183
 1086 0012 074B     		ldr	r3, .L113
 1087 0014 1B6B     		ldr	r3, [r3, #48]
 1088              		.loc 1 707 50 view .LVU184
 1089 0016 13F0080F 		tst	r3, #8
 1090 001a 06D1     		bne	.L112
 708:Drivers/STM32G4xx_HAL_Driver/Src/stm32g4xx_hal.c ****   {
 709:Drivers/STM32G4xx_HAL_Driver/Src/stm32g4xx_hal.c ****     if ((HAL_GetTick() - tickstart) > VREFBUF_TIMEOUT_VALUE)
 1091              		.loc 1 709 5 is_stmt 1 view .LVU185
 1092              		.loc 1 709 10 is_stmt 0 view .LVU186
 1093 001c FFF7FEFF 		bl	HAL_GetTick
 1094              	.LVL32:
 1095              		.loc 1 709 24 discriminator 1 view .LVU187
 1096 0020 001B     		subs	r0, r0, r4
 1097              		.loc 1 709 8 discriminator 1 view .LVU188
 1098 0022 0A28     		cmp	r0, #10
 1099 0024 F5D9     		bls	.L107
 710:Drivers/STM32G4xx_HAL_Driver/Src/stm32g4xx_hal.c ****     {
 711:Drivers/STM32G4xx_HAL_Driver/Src/stm32g4xx_hal.c ****       return HAL_TIMEOUT;
 1100              		.loc 1 711 14 view .LVU189
 1101 0026 0320     		movs	r0, #3
 1102 0028 00E0     		b	.L108
 1103              	.L112:
 712:Drivers/STM32G4xx_HAL_Driver/Src/stm32g4xx_hal.c ****     }
 713:Drivers/STM32G4xx_HAL_Driver/Src/stm32g4xx_hal.c ****   }
 714:Drivers/STM32G4xx_HAL_Driver/Src/stm32g4xx_hal.c **** 
 715:Drivers/STM32G4xx_HAL_Driver/Src/stm32g4xx_hal.c ****   return HAL_OK;
 1104              		.loc 1 715 10 view .LVU190
 1105 002a 0020     		movs	r0, #0
 1106              	.L108:
 716:Drivers/STM32G4xx_HAL_Driver/Src/stm32g4xx_hal.c **** }
 1107              		.loc 1 716 1 view .LVU191
 1108 002c 10BD     		pop	{r4, pc}
 1109              	.LVL33:
 1110              	.L114:
 1111              		.loc 1 716 1 view .LVU192
 1112 002e 00BF     		.align	2
 1113              	.L113:
 1114 0030 00000140 		.word	1073807360
 1115              		.cfi_endproc
 1116              	.LFE163:
ARM GAS  /tmp/ccf0SYi0.s 			page 33


 1118              		.section	.text.HAL_SYSCFG_DisableVREFBUF,"ax",%progbits
 1119              		.align	1
 1120              		.global	HAL_SYSCFG_DisableVREFBUF
 1121              		.syntax unified
 1122              		.thumb
 1123              		.thumb_func
 1125              	HAL_SYSCFG_DisableVREFBUF:
 1126              	.LFB164:
 717:Drivers/STM32G4xx_HAL_Driver/Src/stm32g4xx_hal.c **** 
 718:Drivers/STM32G4xx_HAL_Driver/Src/stm32g4xx_hal.c **** /**
 719:Drivers/STM32G4xx_HAL_Driver/Src/stm32g4xx_hal.c ****   * @brief  Disable the Internal Voltage Reference buffer (VREFBUF).
 720:Drivers/STM32G4xx_HAL_Driver/Src/stm32g4xx_hal.c ****   *
 721:Drivers/STM32G4xx_HAL_Driver/Src/stm32g4xx_hal.c ****   * @retval None
 722:Drivers/STM32G4xx_HAL_Driver/Src/stm32g4xx_hal.c ****   */
 723:Drivers/STM32G4xx_HAL_Driver/Src/stm32g4xx_hal.c **** void HAL_SYSCFG_DisableVREFBUF(void)
 724:Drivers/STM32G4xx_HAL_Driver/Src/stm32g4xx_hal.c **** {
 1127              		.loc 1 724 1 is_stmt 1 view -0
 1128              		.cfi_startproc
 1129              		@ args = 0, pretend = 0, frame = 0
 1130              		@ frame_needed = 0, uses_anonymous_args = 0
 1131              		@ link register save eliminated.
 725:Drivers/STM32G4xx_HAL_Driver/Src/stm32g4xx_hal.c ****   CLEAR_BIT(VREFBUF->CSR, VREFBUF_CSR_ENVR);
 1132              		.loc 1 725 3 view .LVU194
 1133 0000 024A     		ldr	r2, .L116
 1134 0002 136B     		ldr	r3, [r2, #48]
 1135 0004 23F00103 		bic	r3, r3, #1
 1136 0008 1363     		str	r3, [r2, #48]
 726:Drivers/STM32G4xx_HAL_Driver/Src/stm32g4xx_hal.c **** }
 1137              		.loc 1 726 1 is_stmt 0 view .LVU195
 1138 000a 7047     		bx	lr
 1139              	.L117:
 1140              		.align	2
 1141              	.L116:
 1142 000c 00000140 		.word	1073807360
 1143              		.cfi_endproc
 1144              	.LFE164:
 1146              		.section	.text.HAL_SYSCFG_EnableIOSwitchBooster,"ax",%progbits
 1147              		.align	1
 1148              		.global	HAL_SYSCFG_EnableIOSwitchBooster
 1149              		.syntax unified
 1150              		.thumb
 1151              		.thumb_func
 1153              	HAL_SYSCFG_EnableIOSwitchBooster:
 1154              	.LFB165:
 727:Drivers/STM32G4xx_HAL_Driver/Src/stm32g4xx_hal.c **** #endif /* VREFBUF */
 728:Drivers/STM32G4xx_HAL_Driver/Src/stm32g4xx_hal.c **** 
 729:Drivers/STM32G4xx_HAL_Driver/Src/stm32g4xx_hal.c **** /**
 730:Drivers/STM32G4xx_HAL_Driver/Src/stm32g4xx_hal.c ****   * @brief  Enable the I/O analog switch voltage booster
 731:Drivers/STM32G4xx_HAL_Driver/Src/stm32g4xx_hal.c ****   *
 732:Drivers/STM32G4xx_HAL_Driver/Src/stm32g4xx_hal.c ****   * @retval None
 733:Drivers/STM32G4xx_HAL_Driver/Src/stm32g4xx_hal.c ****   */
 734:Drivers/STM32G4xx_HAL_Driver/Src/stm32g4xx_hal.c **** void HAL_SYSCFG_EnableIOSwitchBooster(void)
 735:Drivers/STM32G4xx_HAL_Driver/Src/stm32g4xx_hal.c **** {
 1155              		.loc 1 735 1 is_stmt 1 view -0
 1156              		.cfi_startproc
 1157              		@ args = 0, pretend = 0, frame = 0
 1158              		@ frame_needed = 0, uses_anonymous_args = 0
ARM GAS  /tmp/ccf0SYi0.s 			page 34


 1159              		@ link register save eliminated.
 736:Drivers/STM32G4xx_HAL_Driver/Src/stm32g4xx_hal.c ****   SET_BIT(SYSCFG->CFGR1, SYSCFG_CFGR1_BOOSTEN);
 1160              		.loc 1 736 3 view .LVU197
 1161 0000 024A     		ldr	r2, .L119
 1162 0002 5368     		ldr	r3, [r2, #4]
 1163 0004 43F48073 		orr	r3, r3, #256
 1164 0008 5360     		str	r3, [r2, #4]
 737:Drivers/STM32G4xx_HAL_Driver/Src/stm32g4xx_hal.c **** }
 1165              		.loc 1 737 1 is_stmt 0 view .LVU198
 1166 000a 7047     		bx	lr
 1167              	.L120:
 1168              		.align	2
 1169              	.L119:
 1170 000c 00000140 		.word	1073807360
 1171              		.cfi_endproc
 1172              	.LFE165:
 1174              		.section	.text.HAL_SYSCFG_DisableIOSwitchBooster,"ax",%progbits
 1175              		.align	1
 1176              		.global	HAL_SYSCFG_DisableIOSwitchBooster
 1177              		.syntax unified
 1178              		.thumb
 1179              		.thumb_func
 1181              	HAL_SYSCFG_DisableIOSwitchBooster:
 1182              	.LFB166:
 738:Drivers/STM32G4xx_HAL_Driver/Src/stm32g4xx_hal.c **** 
 739:Drivers/STM32G4xx_HAL_Driver/Src/stm32g4xx_hal.c **** /**
 740:Drivers/STM32G4xx_HAL_Driver/Src/stm32g4xx_hal.c ****   * @brief  Disable the I/O analog switch voltage booster
 741:Drivers/STM32G4xx_HAL_Driver/Src/stm32g4xx_hal.c ****   *
 742:Drivers/STM32G4xx_HAL_Driver/Src/stm32g4xx_hal.c ****   * @retval None
 743:Drivers/STM32G4xx_HAL_Driver/Src/stm32g4xx_hal.c ****   */
 744:Drivers/STM32G4xx_HAL_Driver/Src/stm32g4xx_hal.c **** void HAL_SYSCFG_DisableIOSwitchBooster(void)
 745:Drivers/STM32G4xx_HAL_Driver/Src/stm32g4xx_hal.c **** {
 1183              		.loc 1 745 1 is_stmt 1 view -0
 1184              		.cfi_startproc
 1185              		@ args = 0, pretend = 0, frame = 0
 1186              		@ frame_needed = 0, uses_anonymous_args = 0
 1187              		@ link register save eliminated.
 746:Drivers/STM32G4xx_HAL_Driver/Src/stm32g4xx_hal.c ****   CLEAR_BIT(SYSCFG->CFGR1, SYSCFG_CFGR1_BOOSTEN);
 1188              		.loc 1 746 3 view .LVU200
 1189 0000 024A     		ldr	r2, .L122
 1190 0002 5368     		ldr	r3, [r2, #4]
 1191 0004 23F48073 		bic	r3, r3, #256
 1192 0008 5360     		str	r3, [r2, #4]
 747:Drivers/STM32G4xx_HAL_Driver/Src/stm32g4xx_hal.c **** }
 1193              		.loc 1 747 1 is_stmt 0 view .LVU201
 1194 000a 7047     		bx	lr
 1195              	.L123:
 1196              		.align	2
 1197              	.L122:
 1198 000c 00000140 		.word	1073807360
 1199              		.cfi_endproc
 1200              	.LFE166:
 1202              		.section	.text.HAL_SYSCFG_EnableIOSwitchVDD,"ax",%progbits
 1203              		.align	1
 1204              		.global	HAL_SYSCFG_EnableIOSwitchVDD
 1205              		.syntax unified
 1206              		.thumb
ARM GAS  /tmp/ccf0SYi0.s 			page 35


 1207              		.thumb_func
 1209              	HAL_SYSCFG_EnableIOSwitchVDD:
 1210              	.LFB167:
 748:Drivers/STM32G4xx_HAL_Driver/Src/stm32g4xx_hal.c **** 
 749:Drivers/STM32G4xx_HAL_Driver/Src/stm32g4xx_hal.c **** /**
 750:Drivers/STM32G4xx_HAL_Driver/Src/stm32g4xx_hal.c ****   * @brief  Enable the I/O analog switch voltage by VDD
 751:Drivers/STM32G4xx_HAL_Driver/Src/stm32g4xx_hal.c ****   *
 752:Drivers/STM32G4xx_HAL_Driver/Src/stm32g4xx_hal.c ****   * @retval None
 753:Drivers/STM32G4xx_HAL_Driver/Src/stm32g4xx_hal.c ****   */
 754:Drivers/STM32G4xx_HAL_Driver/Src/stm32g4xx_hal.c **** void HAL_SYSCFG_EnableIOSwitchVDD(void)
 755:Drivers/STM32G4xx_HAL_Driver/Src/stm32g4xx_hal.c **** {
 1211              		.loc 1 755 1 is_stmt 1 view -0
 1212              		.cfi_startproc
 1213              		@ args = 0, pretend = 0, frame = 0
 1214              		@ frame_needed = 0, uses_anonymous_args = 0
 1215              		@ link register save eliminated.
 756:Drivers/STM32G4xx_HAL_Driver/Src/stm32g4xx_hal.c ****   SET_BIT(SYSCFG->CFGR1, SYSCFG_CFGR1_ANASWVDD);
 1216              		.loc 1 756 3 view .LVU203
 1217 0000 024A     		ldr	r2, .L125
 1218 0002 5368     		ldr	r3, [r2, #4]
 1219 0004 43F40073 		orr	r3, r3, #512
 1220 0008 5360     		str	r3, [r2, #4]
 757:Drivers/STM32G4xx_HAL_Driver/Src/stm32g4xx_hal.c **** }
 1221              		.loc 1 757 1 is_stmt 0 view .LVU204
 1222 000a 7047     		bx	lr
 1223              	.L126:
 1224              		.align	2
 1225              	.L125:
 1226 000c 00000140 		.word	1073807360
 1227              		.cfi_endproc
 1228              	.LFE167:
 1230              		.section	.text.HAL_SYSCFG_DisableIOSwitchVDD,"ax",%progbits
 1231              		.align	1
 1232              		.global	HAL_SYSCFG_DisableIOSwitchVDD
 1233              		.syntax unified
 1234              		.thumb
 1235              		.thumb_func
 1237              	HAL_SYSCFG_DisableIOSwitchVDD:
 1238              	.LFB168:
 758:Drivers/STM32G4xx_HAL_Driver/Src/stm32g4xx_hal.c **** 
 759:Drivers/STM32G4xx_HAL_Driver/Src/stm32g4xx_hal.c **** /**
 760:Drivers/STM32G4xx_HAL_Driver/Src/stm32g4xx_hal.c ****   * @brief  Disable the I/O analog switch voltage by VDD
 761:Drivers/STM32G4xx_HAL_Driver/Src/stm32g4xx_hal.c ****   *
 762:Drivers/STM32G4xx_HAL_Driver/Src/stm32g4xx_hal.c ****   * @retval None
 763:Drivers/STM32G4xx_HAL_Driver/Src/stm32g4xx_hal.c ****   */
 764:Drivers/STM32G4xx_HAL_Driver/Src/stm32g4xx_hal.c **** void HAL_SYSCFG_DisableIOSwitchVDD(void)
 765:Drivers/STM32G4xx_HAL_Driver/Src/stm32g4xx_hal.c **** {
 1239              		.loc 1 765 1 is_stmt 1 view -0
 1240              		.cfi_startproc
 1241              		@ args = 0, pretend = 0, frame = 0
 1242              		@ frame_needed = 0, uses_anonymous_args = 0
 1243              		@ link register save eliminated.
 766:Drivers/STM32G4xx_HAL_Driver/Src/stm32g4xx_hal.c ****   CLEAR_BIT(SYSCFG->CFGR1, SYSCFG_CFGR1_ANASWVDD);
 1244              		.loc 1 766 3 view .LVU206
 1245 0000 024A     		ldr	r2, .L128
 1246 0002 5368     		ldr	r3, [r2, #4]
 1247 0004 23F40073 		bic	r3, r3, #512
ARM GAS  /tmp/ccf0SYi0.s 			page 36


 1248 0008 5360     		str	r3, [r2, #4]
 767:Drivers/STM32G4xx_HAL_Driver/Src/stm32g4xx_hal.c **** }
 1249              		.loc 1 767 1 is_stmt 0 view .LVU207
 1250 000a 7047     		bx	lr
 1251              	.L129:
 1252              		.align	2
 1253              	.L128:
 1254 000c 00000140 		.word	1073807360
 1255              		.cfi_endproc
 1256              	.LFE168:
 1258              		.section	.text.HAL_SYSCFG_CCMSRAM_WriteProtectionEnable,"ax",%progbits
 1259              		.align	1
 1260              		.global	HAL_SYSCFG_CCMSRAM_WriteProtectionEnable
 1261              		.syntax unified
 1262              		.thumb
 1263              		.thumb_func
 1265              	HAL_SYSCFG_CCMSRAM_WriteProtectionEnable:
 1266              	.LVL34:
 1267              	.LFB169:
 768:Drivers/STM32G4xx_HAL_Driver/Src/stm32g4xx_hal.c **** 
 769:Drivers/STM32G4xx_HAL_Driver/Src/stm32g4xx_hal.c **** /** @brief  CCMSRAM page write protection enable
 770:Drivers/STM32G4xx_HAL_Driver/Src/stm32g4xx_hal.c ****   * @param Page: This parameter is a long 32bit value and can be a value of @ref SYSCFG_CCMSRAMWRP
 771:Drivers/STM32G4xx_HAL_Driver/Src/stm32g4xx_hal.c ****   * @note   write protection can only be disabled by a system reset
 772:Drivers/STM32G4xx_HAL_Driver/Src/stm32g4xx_hal.c ****   * @retval None
 773:Drivers/STM32G4xx_HAL_Driver/Src/stm32g4xx_hal.c ****   */
 774:Drivers/STM32G4xx_HAL_Driver/Src/stm32g4xx_hal.c **** void HAL_SYSCFG_CCMSRAM_WriteProtectionEnable(uint32_t Page)
 775:Drivers/STM32G4xx_HAL_Driver/Src/stm32g4xx_hal.c **** {
 1268              		.loc 1 775 1 is_stmt 1 view -0
 1269              		.cfi_startproc
 1270              		@ args = 0, pretend = 0, frame = 0
 1271              		@ frame_needed = 0, uses_anonymous_args = 0
 1272              		@ link register save eliminated.
 776:Drivers/STM32G4xx_HAL_Driver/Src/stm32g4xx_hal.c ****   assert_param(IS_SYSCFG_CCMSRAMWRP_PAGE(Page));
 1273              		.loc 1 776 3 view .LVU209
 777:Drivers/STM32G4xx_HAL_Driver/Src/stm32g4xx_hal.c **** 
 778:Drivers/STM32G4xx_HAL_Driver/Src/stm32g4xx_hal.c ****   SET_BIT(SYSCFG->SWPR, (uint32_t)(Page));
 1274              		.loc 1 778 3 view .LVU210
 1275 0000 024A     		ldr	r2, .L131
 1276 0002 136A     		ldr	r3, [r2, #32]
 1277 0004 0343     		orrs	r3, r3, r0
 1278 0006 1362     		str	r3, [r2, #32]
 779:Drivers/STM32G4xx_HAL_Driver/Src/stm32g4xx_hal.c **** }
 1279              		.loc 1 779 1 is_stmt 0 view .LVU211
 1280 0008 7047     		bx	lr
 1281              	.L132:
 1282 000a 00BF     		.align	2
 1283              	.L131:
 1284 000c 00000140 		.word	1073807360
 1285              		.cfi_endproc
 1286              	.LFE169:
 1288              		.global	uwTickFreq
 1289              		.section	.data.uwTickFreq,"aw"
 1290              		.align	2
 1293              	uwTickFreq:
 1294 0000 01000000 		.word	1
 1295              		.global	uwTickPrio
 1296              		.section	.data.uwTickPrio,"aw"
ARM GAS  /tmp/ccf0SYi0.s 			page 37


 1297              		.align	2
 1300              	uwTickPrio:
 1301 0000 10000000 		.word	16
 1302              		.global	uwTick
 1303              		.section	.bss.uwTick,"aw",%nobits
 1304              		.align	2
 1307              	uwTick:
 1308 0000 00000000 		.space	4
 1309              		.text
 1310              	.Letext0:
 1311              		.file 2 "Drivers/CMSIS/Device/ST/STM32G4xx/Include/stm32g431xx.h"
 1312              		.file 3 "/home/charlie/.config/Code/User/globalStorage/bmd.stm32-for-vscode/@xpack-dev-tools/arm-n
 1313              		.file 4 "/home/charlie/.config/Code/User/globalStorage/bmd.stm32-for-vscode/@xpack-dev-tools/arm-n
 1314              		.file 5 "Drivers/CMSIS/Include/core_cm4.h"
 1315              		.file 6 "Drivers/STM32G4xx_HAL_Driver/Inc/stm32g4xx_hal_def.h"
 1316              		.file 7 "Drivers/CMSIS/Device/ST/STM32G4xx/Include/system_stm32g4xx.h"
 1317              		.file 8 "Drivers/STM32G4xx_HAL_Driver/Inc/stm32g4xx_hal.h"
 1318              		.file 9 "Drivers/STM32G4xx_HAL_Driver/Inc/stm32g4xx_hal_cortex.h"
ARM GAS  /tmp/ccf0SYi0.s 			page 38


DEFINED SYMBOLS
                            *ABS*:00000000 stm32g4xx_hal.c
     /tmp/ccf0SYi0.s:21     .text.HAL_MspInit:00000000 $t
     /tmp/ccf0SYi0.s:27     .text.HAL_MspInit:00000000 HAL_MspInit
     /tmp/ccf0SYi0.s:40     .text.HAL_MspDeInit:00000000 $t
     /tmp/ccf0SYi0.s:46     .text.HAL_MspDeInit:00000000 HAL_MspDeInit
     /tmp/ccf0SYi0.s:59     .text.HAL_DeInit:00000000 $t
     /tmp/ccf0SYi0.s:65     .text.HAL_DeInit:00000000 HAL_DeInit
     /tmp/ccf0SYi0.s:108    .text.HAL_DeInit:00000028 $d
     /tmp/ccf0SYi0.s:113    .text.HAL_InitTick:00000000 $t
     /tmp/ccf0SYi0.s:119    .text.HAL_InitTick:00000000 HAL_InitTick
     /tmp/ccf0SYi0.s:195    .text.HAL_InitTick:00000044 $d
     /tmp/ccf0SYi0.s:1293   .data.uwTickFreq:00000000 uwTickFreq
     /tmp/ccf0SYi0.s:1300   .data.uwTickPrio:00000000 uwTickPrio
     /tmp/ccf0SYi0.s:202    .text.HAL_Init:00000000 $t
     /tmp/ccf0SYi0.s:208    .text.HAL_Init:00000000 HAL_Init
     /tmp/ccf0SYi0.s:252    .text.HAL_IncTick:00000000 $t
     /tmp/ccf0SYi0.s:258    .text.HAL_IncTick:00000000 HAL_IncTick
     /tmp/ccf0SYi0.s:278    .text.HAL_IncTick:00000010 $d
     /tmp/ccf0SYi0.s:1307   .bss.uwTick:00000000 uwTick
     /tmp/ccf0SYi0.s:284    .text.HAL_GetTick:00000000 $t
     /tmp/ccf0SYi0.s:290    .text.HAL_GetTick:00000000 HAL_GetTick
     /tmp/ccf0SYi0.s:306    .text.HAL_GetTick:00000008 $d
     /tmp/ccf0SYi0.s:311    .text.HAL_GetTickPrio:00000000 $t
     /tmp/ccf0SYi0.s:317    .text.HAL_GetTickPrio:00000000 HAL_GetTickPrio
     /tmp/ccf0SYi0.s:332    .text.HAL_GetTickPrio:00000008 $d
     /tmp/ccf0SYi0.s:337    .text.HAL_SetTickFreq:00000000 $t
     /tmp/ccf0SYi0.s:343    .text.HAL_SetTickFreq:00000000 HAL_SetTickFreq
     /tmp/ccf0SYi0.s:399    .text.HAL_SetTickFreq:00000024 $d
     /tmp/ccf0SYi0.s:405    .text.HAL_GetTickFreq:00000000 $t
     /tmp/ccf0SYi0.s:411    .text.HAL_GetTickFreq:00000000 HAL_GetTickFreq
     /tmp/ccf0SYi0.s:426    .text.HAL_GetTickFreq:00000008 $d
     /tmp/ccf0SYi0.s:431    .text.HAL_Delay:00000000 $t
     /tmp/ccf0SYi0.s:437    .text.HAL_Delay:00000000 HAL_Delay
     /tmp/ccf0SYi0.s:489    .text.HAL_Delay:00000024 $d
     /tmp/ccf0SYi0.s:494    .text.HAL_SuspendTick:00000000 $t
     /tmp/ccf0SYi0.s:500    .text.HAL_SuspendTick:00000000 HAL_SuspendTick
     /tmp/ccf0SYi0.s:518    .text.HAL_ResumeTick:00000000 $t
     /tmp/ccf0SYi0.s:524    .text.HAL_ResumeTick:00000000 HAL_ResumeTick
     /tmp/ccf0SYi0.s:542    .text.HAL_GetHalVersion:00000000 $t
     /tmp/ccf0SYi0.s:548    .text.HAL_GetHalVersion:00000000 HAL_GetHalVersion
     /tmp/ccf0SYi0.s:562    .text.HAL_GetHalVersion:00000004 $d
     /tmp/ccf0SYi0.s:567    .text.HAL_GetREVID:00000000 $t
     /tmp/ccf0SYi0.s:573    .text.HAL_GetREVID:00000000 HAL_GetREVID
     /tmp/ccf0SYi0.s:590    .text.HAL_GetREVID:00000008 $d
     /tmp/ccf0SYi0.s:595    .text.HAL_GetDEVID:00000000 $t
     /tmp/ccf0SYi0.s:601    .text.HAL_GetDEVID:00000000 HAL_GetDEVID
     /tmp/ccf0SYi0.s:618    .text.HAL_GetDEVID:0000000c $d
     /tmp/ccf0SYi0.s:623    .text.HAL_GetUIDw0:00000000 $t
     /tmp/ccf0SYi0.s:629    .text.HAL_GetUIDw0:00000000 HAL_GetUIDw0
     /tmp/ccf0SYi0.s:644    .text.HAL_GetUIDw0:00000008 $d
     /tmp/ccf0SYi0.s:649    .text.HAL_GetUIDw1:00000000 $t
     /tmp/ccf0SYi0.s:655    .text.HAL_GetUIDw1:00000000 HAL_GetUIDw1
     /tmp/ccf0SYi0.s:670    .text.HAL_GetUIDw1:00000008 $d
     /tmp/ccf0SYi0.s:675    .text.HAL_GetUIDw2:00000000 $t
     /tmp/ccf0SYi0.s:681    .text.HAL_GetUIDw2:00000000 HAL_GetUIDw2
     /tmp/ccf0SYi0.s:696    .text.HAL_GetUIDw2:00000008 $d
ARM GAS  /tmp/ccf0SYi0.s 			page 39


     /tmp/ccf0SYi0.s:701    .text.HAL_DBGMCU_EnableDBGSleepMode:00000000 $t
     /tmp/ccf0SYi0.s:707    .text.HAL_DBGMCU_EnableDBGSleepMode:00000000 HAL_DBGMCU_EnableDBGSleepMode
     /tmp/ccf0SYi0.s:724    .text.HAL_DBGMCU_EnableDBGSleepMode:0000000c $d
     /tmp/ccf0SYi0.s:729    .text.HAL_DBGMCU_DisableDBGSleepMode:00000000 $t
     /tmp/ccf0SYi0.s:735    .text.HAL_DBGMCU_DisableDBGSleepMode:00000000 HAL_DBGMCU_DisableDBGSleepMode
     /tmp/ccf0SYi0.s:752    .text.HAL_DBGMCU_DisableDBGSleepMode:0000000c $d
     /tmp/ccf0SYi0.s:757    .text.HAL_DBGMCU_EnableDBGStopMode:00000000 $t
     /tmp/ccf0SYi0.s:763    .text.HAL_DBGMCU_EnableDBGStopMode:00000000 HAL_DBGMCU_EnableDBGStopMode
     /tmp/ccf0SYi0.s:780    .text.HAL_DBGMCU_EnableDBGStopMode:0000000c $d
     /tmp/ccf0SYi0.s:785    .text.HAL_DBGMCU_DisableDBGStopMode:00000000 $t
     /tmp/ccf0SYi0.s:791    .text.HAL_DBGMCU_DisableDBGStopMode:00000000 HAL_DBGMCU_DisableDBGStopMode
     /tmp/ccf0SYi0.s:808    .text.HAL_DBGMCU_DisableDBGStopMode:0000000c $d
     /tmp/ccf0SYi0.s:813    .text.HAL_DBGMCU_EnableDBGStandbyMode:00000000 $t
     /tmp/ccf0SYi0.s:819    .text.HAL_DBGMCU_EnableDBGStandbyMode:00000000 HAL_DBGMCU_EnableDBGStandbyMode
     /tmp/ccf0SYi0.s:836    .text.HAL_DBGMCU_EnableDBGStandbyMode:0000000c $d
     /tmp/ccf0SYi0.s:841    .text.HAL_DBGMCU_DisableDBGStandbyMode:00000000 $t
     /tmp/ccf0SYi0.s:847    .text.HAL_DBGMCU_DisableDBGStandbyMode:00000000 HAL_DBGMCU_DisableDBGStandbyMode
     /tmp/ccf0SYi0.s:864    .text.HAL_DBGMCU_DisableDBGStandbyMode:0000000c $d
     /tmp/ccf0SYi0.s:869    .text.HAL_SYSCFG_CCMSRAMErase:00000000 $t
     /tmp/ccf0SYi0.s:875    .text.HAL_SYSCFG_CCMSRAMErase:00000000 HAL_SYSCFG_CCMSRAMErase
     /tmp/ccf0SYi0.s:900    .text.HAL_SYSCFG_CCMSRAMErase:00000014 $d
     /tmp/ccf0SYi0.s:905    .text.HAL_SYSCFG_EnableMemorySwappingBank:00000000 $t
     /tmp/ccf0SYi0.s:911    .text.HAL_SYSCFG_EnableMemorySwappingBank:00000000 HAL_SYSCFG_EnableMemorySwappingBank
     /tmp/ccf0SYi0.s:928    .text.HAL_SYSCFG_EnableMemorySwappingBank:0000000c $d
     /tmp/ccf0SYi0.s:933    .text.HAL_SYSCFG_DisableMemorySwappingBank:00000000 $t
     /tmp/ccf0SYi0.s:939    .text.HAL_SYSCFG_DisableMemorySwappingBank:00000000 HAL_SYSCFG_DisableMemorySwappingBank
     /tmp/ccf0SYi0.s:956    .text.HAL_SYSCFG_DisableMemorySwappingBank:0000000c $d
     /tmp/ccf0SYi0.s:961    .text.HAL_SYSCFG_VREFBUF_VoltageScalingConfig:00000000 $t
     /tmp/ccf0SYi0.s:967    .text.HAL_SYSCFG_VREFBUF_VoltageScalingConfig:00000000 HAL_SYSCFG_VREFBUF_VoltageScalingConfig
     /tmp/ccf0SYi0.s:987    .text.HAL_SYSCFG_VREFBUF_VoltageScalingConfig:00000010 $d
     /tmp/ccf0SYi0.s:992    .text.HAL_SYSCFG_VREFBUF_HighImpedanceConfig:00000000 $t
     /tmp/ccf0SYi0.s:998    .text.HAL_SYSCFG_VREFBUF_HighImpedanceConfig:00000000 HAL_SYSCFG_VREFBUF_HighImpedanceConfig
     /tmp/ccf0SYi0.s:1018   .text.HAL_SYSCFG_VREFBUF_HighImpedanceConfig:00000010 $d
     /tmp/ccf0SYi0.s:1023   .text.HAL_SYSCFG_VREFBUF_TrimmingConfig:00000000 $t
     /tmp/ccf0SYi0.s:1029   .text.HAL_SYSCFG_VREFBUF_TrimmingConfig:00000000 HAL_SYSCFG_VREFBUF_TrimmingConfig
     /tmp/ccf0SYi0.s:1049   .text.HAL_SYSCFG_VREFBUF_TrimmingConfig:00000010 $d
     /tmp/ccf0SYi0.s:1054   .text.HAL_SYSCFG_EnableVREFBUF:00000000 $t
     /tmp/ccf0SYi0.s:1060   .text.HAL_SYSCFG_EnableVREFBUF:00000000 HAL_SYSCFG_EnableVREFBUF
     /tmp/ccf0SYi0.s:1114   .text.HAL_SYSCFG_EnableVREFBUF:00000030 $d
     /tmp/ccf0SYi0.s:1119   .text.HAL_SYSCFG_DisableVREFBUF:00000000 $t
     /tmp/ccf0SYi0.s:1125   .text.HAL_SYSCFG_DisableVREFBUF:00000000 HAL_SYSCFG_DisableVREFBUF
     /tmp/ccf0SYi0.s:1142   .text.HAL_SYSCFG_DisableVREFBUF:0000000c $d
     /tmp/ccf0SYi0.s:1147   .text.HAL_SYSCFG_EnableIOSwitchBooster:00000000 $t
     /tmp/ccf0SYi0.s:1153   .text.HAL_SYSCFG_EnableIOSwitchBooster:00000000 HAL_SYSCFG_EnableIOSwitchBooster
     /tmp/ccf0SYi0.s:1170   .text.HAL_SYSCFG_EnableIOSwitchBooster:0000000c $d
     /tmp/ccf0SYi0.s:1175   .text.HAL_SYSCFG_DisableIOSwitchBooster:00000000 $t
     /tmp/ccf0SYi0.s:1181   .text.HAL_SYSCFG_DisableIOSwitchBooster:00000000 HAL_SYSCFG_DisableIOSwitchBooster
     /tmp/ccf0SYi0.s:1198   .text.HAL_SYSCFG_DisableIOSwitchBooster:0000000c $d
     /tmp/ccf0SYi0.s:1203   .text.HAL_SYSCFG_EnableIOSwitchVDD:00000000 $t
     /tmp/ccf0SYi0.s:1209   .text.HAL_SYSCFG_EnableIOSwitchVDD:00000000 HAL_SYSCFG_EnableIOSwitchVDD
     /tmp/ccf0SYi0.s:1226   .text.HAL_SYSCFG_EnableIOSwitchVDD:0000000c $d
     /tmp/ccf0SYi0.s:1231   .text.HAL_SYSCFG_DisableIOSwitchVDD:00000000 $t
     /tmp/ccf0SYi0.s:1237   .text.HAL_SYSCFG_DisableIOSwitchVDD:00000000 HAL_SYSCFG_DisableIOSwitchVDD
     /tmp/ccf0SYi0.s:1254   .text.HAL_SYSCFG_DisableIOSwitchVDD:0000000c $d
     /tmp/ccf0SYi0.s:1259   .text.HAL_SYSCFG_CCMSRAM_WriteProtectionEnable:00000000 $t
     /tmp/ccf0SYi0.s:1265   .text.HAL_SYSCFG_CCMSRAM_WriteProtectionEnable:00000000 HAL_SYSCFG_CCMSRAM_WriteProtectionEnable
     /tmp/ccf0SYi0.s:1284   .text.HAL_SYSCFG_CCMSRAM_WriteProtectionEnable:0000000c $d
ARM GAS  /tmp/ccf0SYi0.s 			page 40


     /tmp/ccf0SYi0.s:1290   .data.uwTickFreq:00000000 $d
     /tmp/ccf0SYi0.s:1297   .data.uwTickPrio:00000000 $d
     /tmp/ccf0SYi0.s:1304   .bss.uwTick:00000000 $d

UNDEFINED SYMBOLS
HAL_SYSTICK_Config
HAL_NVIC_SetPriority
SystemCoreClock
HAL_NVIC_SetPriorityGrouping
