ARM GAS  /tmp/ccuyu1K5.s 			page 1


   1              		.cpu cortex-m4
   2              		.arch armv7e-m
   3              		.fpu fpv4-sp-d16
   4              		.eabi_attribute 27, 1
   5              		.eabi_attribute 28, 1
   6              		.eabi_attribute 20, 1
   7              		.eabi_attribute 21, 1
   8              		.eabi_attribute 23, 3
   9              		.eabi_attribute 24, 1
  10              		.eabi_attribute 25, 1
  11              		.eabi_attribute 26, 1
  12              		.eabi_attribute 30, 1
  13              		.eabi_attribute 34, 1
  14              		.eabi_attribute 18, 4
  15              		.file	"stm32g4xx_hal_gpio.c"
  16              		.text
  17              	.Ltext0:
  18              		.cfi_sections	.debug_frame
  19              		.file 1 "Drivers/STM32G4xx_HAL_Driver/Src/stm32g4xx_hal_gpio.c"
  20              		.section	.text.HAL_GPIO_Init,"ax",%progbits
  21              		.align	1
  22              		.global	HAL_GPIO_Init
  23              		.syntax unified
  24              		.thumb
  25              		.thumb_func
  27              	HAL_GPIO_Init:
  28              	.LVL0:
  29              	.LFB132:
   1:Drivers/STM32G4xx_HAL_Driver/Src/stm32g4xx_hal_gpio.c **** /**
   2:Drivers/STM32G4xx_HAL_Driver/Src/stm32g4xx_hal_gpio.c ****   ******************************************************************************
   3:Drivers/STM32G4xx_HAL_Driver/Src/stm32g4xx_hal_gpio.c ****   * @file    stm32g4xx_hal_gpio.c
   4:Drivers/STM32G4xx_HAL_Driver/Src/stm32g4xx_hal_gpio.c ****   * @author  MCD Application Team
   5:Drivers/STM32G4xx_HAL_Driver/Src/stm32g4xx_hal_gpio.c ****   * @brief   GPIO HAL module driver.
   6:Drivers/STM32G4xx_HAL_Driver/Src/stm32g4xx_hal_gpio.c ****   *          This file provides firmware functions to manage the following
   7:Drivers/STM32G4xx_HAL_Driver/Src/stm32g4xx_hal_gpio.c ****   *          functionalities of the General Purpose Input/Output (GPIO) peripheral:
   8:Drivers/STM32G4xx_HAL_Driver/Src/stm32g4xx_hal_gpio.c ****   *           + Initialization and de-initialization functions
   9:Drivers/STM32G4xx_HAL_Driver/Src/stm32g4xx_hal_gpio.c ****   *           + IO operation functions
  10:Drivers/STM32G4xx_HAL_Driver/Src/stm32g4xx_hal_gpio.c ****   *
  11:Drivers/STM32G4xx_HAL_Driver/Src/stm32g4xx_hal_gpio.c ****   ******************************************************************************
  12:Drivers/STM32G4xx_HAL_Driver/Src/stm32g4xx_hal_gpio.c ****   * @attention
  13:Drivers/STM32G4xx_HAL_Driver/Src/stm32g4xx_hal_gpio.c ****   *
  14:Drivers/STM32G4xx_HAL_Driver/Src/stm32g4xx_hal_gpio.c ****   * Copyright (c) 2019 STMicroelectronics.
  15:Drivers/STM32G4xx_HAL_Driver/Src/stm32g4xx_hal_gpio.c ****   * All rights reserved.
  16:Drivers/STM32G4xx_HAL_Driver/Src/stm32g4xx_hal_gpio.c ****   *
  17:Drivers/STM32G4xx_HAL_Driver/Src/stm32g4xx_hal_gpio.c ****   * This software is licensed under terms that can be found in the LICENSE file
  18:Drivers/STM32G4xx_HAL_Driver/Src/stm32g4xx_hal_gpio.c ****   * in the root directory of this software component.
  19:Drivers/STM32G4xx_HAL_Driver/Src/stm32g4xx_hal_gpio.c ****   * If no LICENSE file comes with this software, it is provided AS-IS.
  20:Drivers/STM32G4xx_HAL_Driver/Src/stm32g4xx_hal_gpio.c ****   *
  21:Drivers/STM32G4xx_HAL_Driver/Src/stm32g4xx_hal_gpio.c ****   ******************************************************************************
  22:Drivers/STM32G4xx_HAL_Driver/Src/stm32g4xx_hal_gpio.c ****   @verbatim
  23:Drivers/STM32G4xx_HAL_Driver/Src/stm32g4xx_hal_gpio.c ****   ==============================================================================
  24:Drivers/STM32G4xx_HAL_Driver/Src/stm32g4xx_hal_gpio.c ****                     ##### GPIO Peripheral features #####
  25:Drivers/STM32G4xx_HAL_Driver/Src/stm32g4xx_hal_gpio.c ****   ==============================================================================
  26:Drivers/STM32G4xx_HAL_Driver/Src/stm32g4xx_hal_gpio.c ****   [..]
  27:Drivers/STM32G4xx_HAL_Driver/Src/stm32g4xx_hal_gpio.c ****     (+) Each port bit of the general-purpose I/O (GPIO) ports can be individually
  28:Drivers/STM32G4xx_HAL_Driver/Src/stm32g4xx_hal_gpio.c ****         configured by software in several modes:
  29:Drivers/STM32G4xx_HAL_Driver/Src/stm32g4xx_hal_gpio.c ****         (++) Input mode
ARM GAS  /tmp/ccuyu1K5.s 			page 2


  30:Drivers/STM32G4xx_HAL_Driver/Src/stm32g4xx_hal_gpio.c ****         (++) Analog mode
  31:Drivers/STM32G4xx_HAL_Driver/Src/stm32g4xx_hal_gpio.c ****         (++) Output mode
  32:Drivers/STM32G4xx_HAL_Driver/Src/stm32g4xx_hal_gpio.c ****         (++) Alternate function mode
  33:Drivers/STM32G4xx_HAL_Driver/Src/stm32g4xx_hal_gpio.c ****         (++) External interrupt/event lines
  34:Drivers/STM32G4xx_HAL_Driver/Src/stm32g4xx_hal_gpio.c **** 
  35:Drivers/STM32G4xx_HAL_Driver/Src/stm32g4xx_hal_gpio.c ****     (+) During and just after reset, the alternate functions and external interrupt
  36:Drivers/STM32G4xx_HAL_Driver/Src/stm32g4xx_hal_gpio.c ****         lines are not active and the I/O ports are configured in input floating mode.
  37:Drivers/STM32G4xx_HAL_Driver/Src/stm32g4xx_hal_gpio.c **** 
  38:Drivers/STM32G4xx_HAL_Driver/Src/stm32g4xx_hal_gpio.c ****     (+) All GPIO pins have weak internal pull-up and pull-down resistors, which can be
  39:Drivers/STM32G4xx_HAL_Driver/Src/stm32g4xx_hal_gpio.c ****         activated or not.
  40:Drivers/STM32G4xx_HAL_Driver/Src/stm32g4xx_hal_gpio.c **** 
  41:Drivers/STM32G4xx_HAL_Driver/Src/stm32g4xx_hal_gpio.c ****     (+) In Output or Alternate mode, each IO can be configured on open-drain or push-pull
  42:Drivers/STM32G4xx_HAL_Driver/Src/stm32g4xx_hal_gpio.c ****         type and the IO speed can be selected depending on the VDD value.
  43:Drivers/STM32G4xx_HAL_Driver/Src/stm32g4xx_hal_gpio.c **** 
  44:Drivers/STM32G4xx_HAL_Driver/Src/stm32g4xx_hal_gpio.c ****     (+) The microcontroller IO pins are connected to onboard peripherals/modules through a
  45:Drivers/STM32G4xx_HAL_Driver/Src/stm32g4xx_hal_gpio.c ****         multiplexer that allows only one peripheral alternate function (AF) connected
  46:Drivers/STM32G4xx_HAL_Driver/Src/stm32g4xx_hal_gpio.c ****        to an IO pin at a time. In this way, there can be no conflict between peripherals
  47:Drivers/STM32G4xx_HAL_Driver/Src/stm32g4xx_hal_gpio.c ****        sharing the same IO pin.
  48:Drivers/STM32G4xx_HAL_Driver/Src/stm32g4xx_hal_gpio.c **** 
  49:Drivers/STM32G4xx_HAL_Driver/Src/stm32g4xx_hal_gpio.c ****     (+) All ports have external interrupt/event capability. To use external interrupt
  50:Drivers/STM32G4xx_HAL_Driver/Src/stm32g4xx_hal_gpio.c ****         lines, the port must be configured in input mode. All available GPIO pins are
  51:Drivers/STM32G4xx_HAL_Driver/Src/stm32g4xx_hal_gpio.c ****         connected to the 16 external interrupt/event lines from EXTI0 to EXTI15.
  52:Drivers/STM32G4xx_HAL_Driver/Src/stm32g4xx_hal_gpio.c **** 
  53:Drivers/STM32G4xx_HAL_Driver/Src/stm32g4xx_hal_gpio.c ****     (+) The external interrupt/event controller consists of up to 44 edge detectors
  54:Drivers/STM32G4xx_HAL_Driver/Src/stm32g4xx_hal_gpio.c ****         (16 lines are connected to GPIO) for generating event/interrupt requests (each
  55:Drivers/STM32G4xx_HAL_Driver/Src/stm32g4xx_hal_gpio.c ****         input line can be independently configured to select the type (interrupt or event)
  56:Drivers/STM32G4xx_HAL_Driver/Src/stm32g4xx_hal_gpio.c ****         and the corresponding trigger event (rising or falling or both). Each line can
  57:Drivers/STM32G4xx_HAL_Driver/Src/stm32g4xx_hal_gpio.c ****         also be masked independently.
  58:Drivers/STM32G4xx_HAL_Driver/Src/stm32g4xx_hal_gpio.c **** 
  59:Drivers/STM32G4xx_HAL_Driver/Src/stm32g4xx_hal_gpio.c ****                      ##### How to use this driver #####
  60:Drivers/STM32G4xx_HAL_Driver/Src/stm32g4xx_hal_gpio.c ****   ==============================================================================
  61:Drivers/STM32G4xx_HAL_Driver/Src/stm32g4xx_hal_gpio.c ****   [..]
  62:Drivers/STM32G4xx_HAL_Driver/Src/stm32g4xx_hal_gpio.c ****     (#) Enable the GPIO AHB clock using the following function: __HAL_RCC_GPIOx_CLK_ENABLE().
  63:Drivers/STM32G4xx_HAL_Driver/Src/stm32g4xx_hal_gpio.c **** 
  64:Drivers/STM32G4xx_HAL_Driver/Src/stm32g4xx_hal_gpio.c ****     (#) Configure the GPIO pin(s) using HAL_GPIO_Init().
  65:Drivers/STM32G4xx_HAL_Driver/Src/stm32g4xx_hal_gpio.c ****         (++) Configure the IO mode using "Mode" member from GPIO_InitTypeDef structure
  66:Drivers/STM32G4xx_HAL_Driver/Src/stm32g4xx_hal_gpio.c ****         (++) Activate Pull-up, Pull-down resistor using "Pull" member from GPIO_InitTypeDef
  67:Drivers/STM32G4xx_HAL_Driver/Src/stm32g4xx_hal_gpio.c ****              structure.
  68:Drivers/STM32G4xx_HAL_Driver/Src/stm32g4xx_hal_gpio.c ****         (++) In case of Output or alternate function mode selection: the speed is
  69:Drivers/STM32G4xx_HAL_Driver/Src/stm32g4xx_hal_gpio.c ****              configured through "Speed" member from GPIO_InitTypeDef structure.
  70:Drivers/STM32G4xx_HAL_Driver/Src/stm32g4xx_hal_gpio.c ****         (++) In alternate mode is selection, the alternate function connected to the IO
  71:Drivers/STM32G4xx_HAL_Driver/Src/stm32g4xx_hal_gpio.c ****              is configured through "Alternate" member from GPIO_InitTypeDef structure.
  72:Drivers/STM32G4xx_HAL_Driver/Src/stm32g4xx_hal_gpio.c ****         (++) Analog mode is required when a pin is to be used as ADC channel
  73:Drivers/STM32G4xx_HAL_Driver/Src/stm32g4xx_hal_gpio.c ****              or DAC output.
  74:Drivers/STM32G4xx_HAL_Driver/Src/stm32g4xx_hal_gpio.c ****         (++) In case of external interrupt/event selection the "Mode" member from
  75:Drivers/STM32G4xx_HAL_Driver/Src/stm32g4xx_hal_gpio.c ****              GPIO_InitTypeDef structure select the type (interrupt or event) and
  76:Drivers/STM32G4xx_HAL_Driver/Src/stm32g4xx_hal_gpio.c ****              the corresponding trigger event (rising or falling or both).
  77:Drivers/STM32G4xx_HAL_Driver/Src/stm32g4xx_hal_gpio.c **** 
  78:Drivers/STM32G4xx_HAL_Driver/Src/stm32g4xx_hal_gpio.c ****     (#) In case of external interrupt/event mode selection, configure NVIC IRQ priority
  79:Drivers/STM32G4xx_HAL_Driver/Src/stm32g4xx_hal_gpio.c ****         mapped to the EXTI line using HAL_NVIC_SetPriority() and enable it using
  80:Drivers/STM32G4xx_HAL_Driver/Src/stm32g4xx_hal_gpio.c ****         HAL_NVIC_EnableIRQ().
  81:Drivers/STM32G4xx_HAL_Driver/Src/stm32g4xx_hal_gpio.c **** 
  82:Drivers/STM32G4xx_HAL_Driver/Src/stm32g4xx_hal_gpio.c ****     (#) To get the level of a pin configured in input mode use HAL_GPIO_ReadPin().
  83:Drivers/STM32G4xx_HAL_Driver/Src/stm32g4xx_hal_gpio.c **** 
  84:Drivers/STM32G4xx_HAL_Driver/Src/stm32g4xx_hal_gpio.c ****     (#) To set/reset the level of a pin configured in output mode use
  85:Drivers/STM32G4xx_HAL_Driver/Src/stm32g4xx_hal_gpio.c ****         HAL_GPIO_WritePin()/HAL_GPIO_TogglePin().
  86:Drivers/STM32G4xx_HAL_Driver/Src/stm32g4xx_hal_gpio.c **** 
ARM GAS  /tmp/ccuyu1K5.s 			page 3


  87:Drivers/STM32G4xx_HAL_Driver/Src/stm32g4xx_hal_gpio.c ****    (#) To lock pin configuration until next reset use HAL_GPIO_LockPin().
  88:Drivers/STM32G4xx_HAL_Driver/Src/stm32g4xx_hal_gpio.c **** 
  89:Drivers/STM32G4xx_HAL_Driver/Src/stm32g4xx_hal_gpio.c ****     (#) During and just after reset, the alternate functions are not
  90:Drivers/STM32G4xx_HAL_Driver/Src/stm32g4xx_hal_gpio.c ****         active and the GPIO pins are configured in input floating mode (except JTAG
  91:Drivers/STM32G4xx_HAL_Driver/Src/stm32g4xx_hal_gpio.c ****         pins).
  92:Drivers/STM32G4xx_HAL_Driver/Src/stm32g4xx_hal_gpio.c **** 
  93:Drivers/STM32G4xx_HAL_Driver/Src/stm32g4xx_hal_gpio.c ****     (#) The LSE oscillator pins OSC32_IN and OSC32_OUT can be used as general purpose
  94:Drivers/STM32G4xx_HAL_Driver/Src/stm32g4xx_hal_gpio.c ****         (PC14 and PC15, respectively) when the LSE oscillator is off. The LSE has
  95:Drivers/STM32G4xx_HAL_Driver/Src/stm32g4xx_hal_gpio.c ****         priority over the GPIO function.
  96:Drivers/STM32G4xx_HAL_Driver/Src/stm32g4xx_hal_gpio.c **** 
  97:Drivers/STM32G4xx_HAL_Driver/Src/stm32g4xx_hal_gpio.c ****     (#) The HSE oscillator pins OSC_IN/OSC_OUT can be used as
  98:Drivers/STM32G4xx_HAL_Driver/Src/stm32g4xx_hal_gpio.c ****         general purpose PF0 and PF1, respectively, when the HSE oscillator is off.
  99:Drivers/STM32G4xx_HAL_Driver/Src/stm32g4xx_hal_gpio.c ****         The HSE has priority over the GPIO function.
 100:Drivers/STM32G4xx_HAL_Driver/Src/stm32g4xx_hal_gpio.c **** 
 101:Drivers/STM32G4xx_HAL_Driver/Src/stm32g4xx_hal_gpio.c ****   @endverbatim
 102:Drivers/STM32G4xx_HAL_Driver/Src/stm32g4xx_hal_gpio.c ****   ******************************************************************************
 103:Drivers/STM32G4xx_HAL_Driver/Src/stm32g4xx_hal_gpio.c ****   */
 104:Drivers/STM32G4xx_HAL_Driver/Src/stm32g4xx_hal_gpio.c **** 
 105:Drivers/STM32G4xx_HAL_Driver/Src/stm32g4xx_hal_gpio.c **** /* Includes ------------------------------------------------------------------*/
 106:Drivers/STM32G4xx_HAL_Driver/Src/stm32g4xx_hal_gpio.c **** #include "stm32g4xx_hal.h"
 107:Drivers/STM32G4xx_HAL_Driver/Src/stm32g4xx_hal_gpio.c **** 
 108:Drivers/STM32G4xx_HAL_Driver/Src/stm32g4xx_hal_gpio.c **** /** @addtogroup STM32G4xx_HAL_Driver
 109:Drivers/STM32G4xx_HAL_Driver/Src/stm32g4xx_hal_gpio.c ****   * @{
 110:Drivers/STM32G4xx_HAL_Driver/Src/stm32g4xx_hal_gpio.c ****   */
 111:Drivers/STM32G4xx_HAL_Driver/Src/stm32g4xx_hal_gpio.c **** 
 112:Drivers/STM32G4xx_HAL_Driver/Src/stm32g4xx_hal_gpio.c **** /** @addtogroup GPIO
 113:Drivers/STM32G4xx_HAL_Driver/Src/stm32g4xx_hal_gpio.c ****   * @{
 114:Drivers/STM32G4xx_HAL_Driver/Src/stm32g4xx_hal_gpio.c ****   */
 115:Drivers/STM32G4xx_HAL_Driver/Src/stm32g4xx_hal_gpio.c **** /** MISRA C:2012 deviation rule has been granted for following rules:
 116:Drivers/STM32G4xx_HAL_Driver/Src/stm32g4xx_hal_gpio.c ****   * Rule-12.2 - Medium: RHS argument is in interval [0,INF] which is out of
 117:Drivers/STM32G4xx_HAL_Driver/Src/stm32g4xx_hal_gpio.c ****   * range of the shift operator in following API :
 118:Drivers/STM32G4xx_HAL_Driver/Src/stm32g4xx_hal_gpio.c ****   * HAL_GPIO_Init
 119:Drivers/STM32G4xx_HAL_Driver/Src/stm32g4xx_hal_gpio.c ****   * HAL_GPIO_DeInit
 120:Drivers/STM32G4xx_HAL_Driver/Src/stm32g4xx_hal_gpio.c ****   */
 121:Drivers/STM32G4xx_HAL_Driver/Src/stm32g4xx_hal_gpio.c **** 
 122:Drivers/STM32G4xx_HAL_Driver/Src/stm32g4xx_hal_gpio.c **** #ifdef HAL_GPIO_MODULE_ENABLED
 123:Drivers/STM32G4xx_HAL_Driver/Src/stm32g4xx_hal_gpio.c **** 
 124:Drivers/STM32G4xx_HAL_Driver/Src/stm32g4xx_hal_gpio.c **** /* Private typedef -----------------------------------------------------------*/
 125:Drivers/STM32G4xx_HAL_Driver/Src/stm32g4xx_hal_gpio.c **** /* Private defines -----------------------------------------------------------*/
 126:Drivers/STM32G4xx_HAL_Driver/Src/stm32g4xx_hal_gpio.c **** /** @addtogroup GPIO_Private_Constants GPIO Private Constants
 127:Drivers/STM32G4xx_HAL_Driver/Src/stm32g4xx_hal_gpio.c ****   * @{
 128:Drivers/STM32G4xx_HAL_Driver/Src/stm32g4xx_hal_gpio.c ****   */
 129:Drivers/STM32G4xx_HAL_Driver/Src/stm32g4xx_hal_gpio.c **** #define GPIO_NUMBER           (16U)
 130:Drivers/STM32G4xx_HAL_Driver/Src/stm32g4xx_hal_gpio.c **** /**
 131:Drivers/STM32G4xx_HAL_Driver/Src/stm32g4xx_hal_gpio.c ****   * @}
 132:Drivers/STM32G4xx_HAL_Driver/Src/stm32g4xx_hal_gpio.c ****   */
 133:Drivers/STM32G4xx_HAL_Driver/Src/stm32g4xx_hal_gpio.c **** 
 134:Drivers/STM32G4xx_HAL_Driver/Src/stm32g4xx_hal_gpio.c **** /* Private macros ------------------------------------------------------------*/
 135:Drivers/STM32G4xx_HAL_Driver/Src/stm32g4xx_hal_gpio.c **** /* Private variables ---------------------------------------------------------*/
 136:Drivers/STM32G4xx_HAL_Driver/Src/stm32g4xx_hal_gpio.c **** /* Private function prototypes -----------------------------------------------*/
 137:Drivers/STM32G4xx_HAL_Driver/Src/stm32g4xx_hal_gpio.c **** /* Exported functions --------------------------------------------------------*/
 138:Drivers/STM32G4xx_HAL_Driver/Src/stm32g4xx_hal_gpio.c **** 
 139:Drivers/STM32G4xx_HAL_Driver/Src/stm32g4xx_hal_gpio.c **** /** @addtogroup GPIO_Exported_Functions
 140:Drivers/STM32G4xx_HAL_Driver/Src/stm32g4xx_hal_gpio.c ****   * @{
 141:Drivers/STM32G4xx_HAL_Driver/Src/stm32g4xx_hal_gpio.c ****   */
 142:Drivers/STM32G4xx_HAL_Driver/Src/stm32g4xx_hal_gpio.c **** 
 143:Drivers/STM32G4xx_HAL_Driver/Src/stm32g4xx_hal_gpio.c **** /** @defgroup GPIO_Exported_Functions_Group1 Initialization/de-initialization functions
ARM GAS  /tmp/ccuyu1K5.s 			page 4


 144:Drivers/STM32G4xx_HAL_Driver/Src/stm32g4xx_hal_gpio.c ****   *  @brief    Initialization and Configuration functions
 145:Drivers/STM32G4xx_HAL_Driver/Src/stm32g4xx_hal_gpio.c ****   *
 146:Drivers/STM32G4xx_HAL_Driver/Src/stm32g4xx_hal_gpio.c **** @verbatim
 147:Drivers/STM32G4xx_HAL_Driver/Src/stm32g4xx_hal_gpio.c ****  ===============================================================================
 148:Drivers/STM32G4xx_HAL_Driver/Src/stm32g4xx_hal_gpio.c ****               ##### Initialization and de-initialization functions #####
 149:Drivers/STM32G4xx_HAL_Driver/Src/stm32g4xx_hal_gpio.c ****  ===============================================================================
 150:Drivers/STM32G4xx_HAL_Driver/Src/stm32g4xx_hal_gpio.c **** 
 151:Drivers/STM32G4xx_HAL_Driver/Src/stm32g4xx_hal_gpio.c **** @endverbatim
 152:Drivers/STM32G4xx_HAL_Driver/Src/stm32g4xx_hal_gpio.c ****   * @{
 153:Drivers/STM32G4xx_HAL_Driver/Src/stm32g4xx_hal_gpio.c ****   */
 154:Drivers/STM32G4xx_HAL_Driver/Src/stm32g4xx_hal_gpio.c **** 
 155:Drivers/STM32G4xx_HAL_Driver/Src/stm32g4xx_hal_gpio.c **** /**
 156:Drivers/STM32G4xx_HAL_Driver/Src/stm32g4xx_hal_gpio.c ****   * @brief  Initialize the GPIOx peripheral according to the specified parameters in the GPIO_Init.
 157:Drivers/STM32G4xx_HAL_Driver/Src/stm32g4xx_hal_gpio.c ****   * @param  GPIOx where x can be (A..G) to select the GPIO peripheral for STM32G4xx family
 158:Drivers/STM32G4xx_HAL_Driver/Src/stm32g4xx_hal_gpio.c ****   * @param  GPIO_Init pointer to a GPIO_InitTypeDef structure that contains
 159:Drivers/STM32G4xx_HAL_Driver/Src/stm32g4xx_hal_gpio.c ****   *         the configuration information for the specified GPIO peripheral.
 160:Drivers/STM32G4xx_HAL_Driver/Src/stm32g4xx_hal_gpio.c ****   * @retval None
 161:Drivers/STM32G4xx_HAL_Driver/Src/stm32g4xx_hal_gpio.c ****   */
 162:Drivers/STM32G4xx_HAL_Driver/Src/stm32g4xx_hal_gpio.c **** void HAL_GPIO_Init(GPIO_TypeDef *GPIOx, GPIO_InitTypeDef const *GPIO_Init)
 163:Drivers/STM32G4xx_HAL_Driver/Src/stm32g4xx_hal_gpio.c **** {
  30              		.loc 1 163 1 view -0
  31              		.cfi_startproc
  32              		@ args = 0, pretend = 0, frame = 8
  33              		@ frame_needed = 0, uses_anonymous_args = 0
  34              		.loc 1 163 1 is_stmt 0 view .LVU1
  35 0000 70B5     		push	{r4, r5, r6, lr}
  36              		.cfi_def_cfa_offset 16
  37              		.cfi_offset 4, -16
  38              		.cfi_offset 5, -12
  39              		.cfi_offset 6, -8
  40              		.cfi_offset 14, -4
  41 0002 82B0     		sub	sp, sp, #8
  42              		.cfi_def_cfa_offset 24
 164:Drivers/STM32G4xx_HAL_Driver/Src/stm32g4xx_hal_gpio.c ****   uint32_t position = 0x00U;
  43              		.loc 1 164 3 is_stmt 1 view .LVU2
  44              	.LVL1:
 165:Drivers/STM32G4xx_HAL_Driver/Src/stm32g4xx_hal_gpio.c ****   uint32_t iocurrent;
  45              		.loc 1 165 3 view .LVU3
 166:Drivers/STM32G4xx_HAL_Driver/Src/stm32g4xx_hal_gpio.c ****   uint32_t temp;
  46              		.loc 1 166 3 view .LVU4
 167:Drivers/STM32G4xx_HAL_Driver/Src/stm32g4xx_hal_gpio.c **** 
 168:Drivers/STM32G4xx_HAL_Driver/Src/stm32g4xx_hal_gpio.c ****   /* Check the parameters */
 169:Drivers/STM32G4xx_HAL_Driver/Src/stm32g4xx_hal_gpio.c ****   assert_param(IS_GPIO_ALL_INSTANCE(GPIOx));
  47              		.loc 1 169 3 view .LVU5
 170:Drivers/STM32G4xx_HAL_Driver/Src/stm32g4xx_hal_gpio.c ****   assert_param(IS_GPIO_PIN(GPIO_Init->Pin));
  48              		.loc 1 170 3 view .LVU6
 171:Drivers/STM32G4xx_HAL_Driver/Src/stm32g4xx_hal_gpio.c ****   assert_param(IS_GPIO_MODE(GPIO_Init->Mode));
  49              		.loc 1 171 3 view .LVU7
 172:Drivers/STM32G4xx_HAL_Driver/Src/stm32g4xx_hal_gpio.c **** 
 173:Drivers/STM32G4xx_HAL_Driver/Src/stm32g4xx_hal_gpio.c ****   /* Configure the port pins */
 174:Drivers/STM32G4xx_HAL_Driver/Src/stm32g4xx_hal_gpio.c ****   while (((GPIO_Init->Pin) >> position) != 0U)
  50              		.loc 1 174 3 view .LVU8
 164:Drivers/STM32G4xx_HAL_Driver/Src/stm32g4xx_hal_gpio.c ****   uint32_t iocurrent;
  51              		.loc 1 164 12 is_stmt 0 view .LVU9
  52 0004 0023     		movs	r3, #0
  53              		.loc 1 174 9 view .LVU10
  54 0006 6DE0     		b	.L2
ARM GAS  /tmp/ccuyu1K5.s 			page 5


  55              	.LVL2:
  56              	.L22:
 175:Drivers/STM32G4xx_HAL_Driver/Src/stm32g4xx_hal_gpio.c ****   {
 176:Drivers/STM32G4xx_HAL_Driver/Src/stm32g4xx_hal_gpio.c ****     /* Get current io position */
 177:Drivers/STM32G4xx_HAL_Driver/Src/stm32g4xx_hal_gpio.c ****     iocurrent = (GPIO_Init->Pin) & (1UL << position);
 178:Drivers/STM32G4xx_HAL_Driver/Src/stm32g4xx_hal_gpio.c **** 
 179:Drivers/STM32G4xx_HAL_Driver/Src/stm32g4xx_hal_gpio.c ****     if (iocurrent != 0x00u)
 180:Drivers/STM32G4xx_HAL_Driver/Src/stm32g4xx_hal_gpio.c ****     {
 181:Drivers/STM32G4xx_HAL_Driver/Src/stm32g4xx_hal_gpio.c ****       /*--------------------- GPIO Mode Configuration ------------------------*/
 182:Drivers/STM32G4xx_HAL_Driver/Src/stm32g4xx_hal_gpio.c ****       /* In case of Output or Alternate function mode selection */
 183:Drivers/STM32G4xx_HAL_Driver/Src/stm32g4xx_hal_gpio.c ****       if(((GPIO_Init->Mode & GPIO_MODE) == MODE_OUTPUT) ||
 184:Drivers/STM32G4xx_HAL_Driver/Src/stm32g4xx_hal_gpio.c ****          ((GPIO_Init->Mode & GPIO_MODE) == MODE_AF))
 185:Drivers/STM32G4xx_HAL_Driver/Src/stm32g4xx_hal_gpio.c ****       {
 186:Drivers/STM32G4xx_HAL_Driver/Src/stm32g4xx_hal_gpio.c ****         /* Check the Speed parameter */
 187:Drivers/STM32G4xx_HAL_Driver/Src/stm32g4xx_hal_gpio.c ****         assert_param(IS_GPIO_SPEED(GPIO_Init->Speed));
  57              		.loc 1 187 9 is_stmt 1 view .LVU11
 188:Drivers/STM32G4xx_HAL_Driver/Src/stm32g4xx_hal_gpio.c ****         /* Configure the IO Speed */
 189:Drivers/STM32G4xx_HAL_Driver/Src/stm32g4xx_hal_gpio.c ****         temp = GPIOx->OSPEEDR;
  58              		.loc 1 189 9 view .LVU12
  59              		.loc 1 189 14 is_stmt 0 view .LVU13
  60 0008 8568     		ldr	r5, [r0, #8]
  61              	.LVL3:
 190:Drivers/STM32G4xx_HAL_Driver/Src/stm32g4xx_hal_gpio.c ****         temp &= ~(GPIO_OSPEEDR_OSPEED0 << (position * 2U));
  62              		.loc 1 190 9 is_stmt 1 view .LVU14
  63              		.loc 1 190 53 is_stmt 0 view .LVU15
  64 000a 4FEA430E 		lsl	lr, r3, #1
  65              		.loc 1 190 40 view .LVU16
  66 000e 0324     		movs	r4, #3
  67 0010 04FA0EF4 		lsl	r4, r4, lr
  68              		.loc 1 190 14 view .LVU17
  69 0014 25EA0405 		bic	r5, r5, r4
  70              	.LVL4:
 191:Drivers/STM32G4xx_HAL_Driver/Src/stm32g4xx_hal_gpio.c ****         temp |= (GPIO_Init->Speed << (position * 2U));
  71              		.loc 1 191 9 is_stmt 1 view .LVU18
  72              		.loc 1 191 27 is_stmt 0 view .LVU19
  73 0018 CC68     		ldr	r4, [r1, #12]
  74              		.loc 1 191 35 view .LVU20
  75 001a 04FA0EF4 		lsl	r4, r4, lr
  76              		.loc 1 191 14 view .LVU21
  77 001e 2C43     		orrs	r4, r4, r5
  78              	.LVL5:
 192:Drivers/STM32G4xx_HAL_Driver/Src/stm32g4xx_hal_gpio.c ****         GPIOx->OSPEEDR = temp;
  79              		.loc 1 192 9 is_stmt 1 view .LVU22
  80              		.loc 1 192 24 is_stmt 0 view .LVU23
  81 0020 8460     		str	r4, [r0, #8]
 193:Drivers/STM32G4xx_HAL_Driver/Src/stm32g4xx_hal_gpio.c **** 
 194:Drivers/STM32G4xx_HAL_Driver/Src/stm32g4xx_hal_gpio.c ****         /* Configure the IO Output Type */
 195:Drivers/STM32G4xx_HAL_Driver/Src/stm32g4xx_hal_gpio.c ****         temp = GPIOx->OTYPER;
  82              		.loc 1 195 9 is_stmt 1 view .LVU24
  83              		.loc 1 195 14 is_stmt 0 view .LVU25
  84 0022 4468     		ldr	r4, [r0, #4]
  85              	.LVL6:
 196:Drivers/STM32G4xx_HAL_Driver/Src/stm32g4xx_hal_gpio.c ****         temp &= ~(GPIO_OTYPER_OT0 << position) ;
  86              		.loc 1 196 9 is_stmt 1 view .LVU26
  87              		.loc 1 196 14 is_stmt 0 view .LVU27
  88 0024 24EA0C04 		bic	r4, r4, ip
  89              	.LVL7:
ARM GAS  /tmp/ccuyu1K5.s 			page 6


 197:Drivers/STM32G4xx_HAL_Driver/Src/stm32g4xx_hal_gpio.c ****         temp |= (((GPIO_Init->Mode & OUTPUT_TYPE) >> OUTPUT_TYPE_Pos) << position);
  90              		.loc 1 197 9 is_stmt 1 view .LVU28
  91              		.loc 1 197 51 is_stmt 0 view .LVU29
  92 0028 4D68     		ldr	r5, [r1, #4]
  93 002a C5F3001C 		ubfx	ip, r5, #4, #1
  94              		.loc 1 197 71 view .LVU30
  95 002e 0CFA03FC 		lsl	ip, ip, r3
  96              		.loc 1 197 14 view .LVU31
  97 0032 4CEA0404 		orr	r4, ip, r4
  98              	.LVL8:
 198:Drivers/STM32G4xx_HAL_Driver/Src/stm32g4xx_hal_gpio.c ****         GPIOx->OTYPER = temp;
  99              		.loc 1 198 9 is_stmt 1 view .LVU32
 100              		.loc 1 198 23 is_stmt 0 view .LVU33
 101 0036 4460     		str	r4, [r0, #4]
 102 0038 68E0     		b	.L4
 103              	.LVL9:
 104              	.L23:
 199:Drivers/STM32G4xx_HAL_Driver/Src/stm32g4xx_hal_gpio.c ****       }
 200:Drivers/STM32G4xx_HAL_Driver/Src/stm32g4xx_hal_gpio.c **** 
 201:Drivers/STM32G4xx_HAL_Driver/Src/stm32g4xx_hal_gpio.c ****       if (((GPIO_Init->Mode & GPIO_MODE) != MODE_ANALOG) ||
 202:Drivers/STM32G4xx_HAL_Driver/Src/stm32g4xx_hal_gpio.c ****           (((GPIO_Init->Mode & GPIO_MODE) == MODE_ANALOG) && (GPIO_Init->Pull != GPIO_PULLUP)))
 105              		.loc 1 202 72 view .LVU34
 106 003a 8C68     		ldr	r4, [r1, #8]
 201:Drivers/STM32G4xx_HAL_Driver/Src/stm32g4xx_hal_gpio.c ****           (((GPIO_Init->Mode & GPIO_MODE) == MODE_ANALOG) && (GPIO_Init->Pull != GPIO_PULLUP)))
 107              		.loc 1 201 58 discriminator 1 view .LVU35
 108 003c 012C     		cmp	r4, #1
 109 003e 6BD1     		bne	.L5
 110 0040 78E0     		b	.L6
 111              	.L24:
 203:Drivers/STM32G4xx_HAL_Driver/Src/stm32g4xx_hal_gpio.c ****       {
 204:Drivers/STM32G4xx_HAL_Driver/Src/stm32g4xx_hal_gpio.c ****         /* Check the Pull parameter */
 205:Drivers/STM32G4xx_HAL_Driver/Src/stm32g4xx_hal_gpio.c ****         assert_param(IS_GPIO_PULL(GPIO_Init->Pull));
 206:Drivers/STM32G4xx_HAL_Driver/Src/stm32g4xx_hal_gpio.c **** 
 207:Drivers/STM32G4xx_HAL_Driver/Src/stm32g4xx_hal_gpio.c ****         /* Activate the Pull-up or Pull down resistor for the current IO */
 208:Drivers/STM32G4xx_HAL_Driver/Src/stm32g4xx_hal_gpio.c ****         temp = GPIOx->PUPDR;
 209:Drivers/STM32G4xx_HAL_Driver/Src/stm32g4xx_hal_gpio.c ****         temp &= ~(GPIO_PUPDR_PUPD0 << (position * 2U));
 210:Drivers/STM32G4xx_HAL_Driver/Src/stm32g4xx_hal_gpio.c ****         temp |= ((GPIO_Init->Pull) << (position * 2U));
 211:Drivers/STM32G4xx_HAL_Driver/Src/stm32g4xx_hal_gpio.c ****         GPIOx->PUPDR = temp;
 212:Drivers/STM32G4xx_HAL_Driver/Src/stm32g4xx_hal_gpio.c ****       }
 213:Drivers/STM32G4xx_HAL_Driver/Src/stm32g4xx_hal_gpio.c **** 
 214:Drivers/STM32G4xx_HAL_Driver/Src/stm32g4xx_hal_gpio.c ****       /* In case of Alternate function mode selection */
 215:Drivers/STM32G4xx_HAL_Driver/Src/stm32g4xx_hal_gpio.c ****       if ((GPIO_Init->Mode & GPIO_MODE) == MODE_AF)
 216:Drivers/STM32G4xx_HAL_Driver/Src/stm32g4xx_hal_gpio.c ****       {
 217:Drivers/STM32G4xx_HAL_Driver/Src/stm32g4xx_hal_gpio.c ****         /* Check the Alternate function parameters */
 218:Drivers/STM32G4xx_HAL_Driver/Src/stm32g4xx_hal_gpio.c ****         assert_param(IS_GPIO_AF_INSTANCE(GPIOx));
 112              		.loc 1 218 9 is_stmt 1 view .LVU36
 219:Drivers/STM32G4xx_HAL_Driver/Src/stm32g4xx_hal_gpio.c ****         assert_param(IS_GPIO_AF(GPIO_Init->Alternate));
 113              		.loc 1 219 9 view .LVU37
 220:Drivers/STM32G4xx_HAL_Driver/Src/stm32g4xx_hal_gpio.c **** 
 221:Drivers/STM32G4xx_HAL_Driver/Src/stm32g4xx_hal_gpio.c ****         /* Configure Alternate function mapped with the current IO */
 222:Drivers/STM32G4xx_HAL_Driver/Src/stm32g4xx_hal_gpio.c ****         temp = GPIOx->AFR[position >> 3U];
 114              		.loc 1 222 9 view .LVU38
 115              		.loc 1 222 36 is_stmt 0 view .LVU39
 116 0042 DD08     		lsrs	r5, r3, #3
 117              		.loc 1 222 14 view .LVU40
 118 0044 0835     		adds	r5, r5, #8
 119 0046 50F82540 		ldr	r4, [r0, r5, lsl #2]
ARM GAS  /tmp/ccuyu1K5.s 			page 7


 120              	.LVL10:
 223:Drivers/STM32G4xx_HAL_Driver/Src/stm32g4xx_hal_gpio.c ****         temp &= ~(0xFU << ((position & 0x07U) * 4U));
 121              		.loc 1 223 9 is_stmt 1 view .LVU41
 122              		.loc 1 223 38 is_stmt 0 view .LVU42
 123 004a 03F0070C 		and	ip, r3, #7
 124              		.loc 1 223 47 view .LVU43
 125 004e 4FEA8C0C 		lsl	ip, ip, #2
 126              		.loc 1 223 24 view .LVU44
 127 0052 4FF00F0E 		mov	lr, #15
 128 0056 0EFA0CFE 		lsl	lr, lr, ip
 129              		.loc 1 223 14 view .LVU45
 130 005a 24EA0E0E 		bic	lr, r4, lr
 131              	.LVL11:
 224:Drivers/STM32G4xx_HAL_Driver/Src/stm32g4xx_hal_gpio.c ****         temp |= ((GPIO_Init->Alternate) << ((position & 0x07U) * 4U));
 132              		.loc 1 224 9 is_stmt 1 view .LVU46
 133              		.loc 1 224 28 is_stmt 0 view .LVU47
 134 005e 0C69     		ldr	r4, [r1, #16]
 135              		.loc 1 224 41 view .LVU48
 136 0060 04FA0CF4 		lsl	r4, r4, ip
 137              		.loc 1 224 14 view .LVU49
 138 0064 44EA0E04 		orr	r4, r4, lr
 139              	.LVL12:
 225:Drivers/STM32G4xx_HAL_Driver/Src/stm32g4xx_hal_gpio.c ****         GPIOx->AFR[position >> 3U] = temp;
 140              		.loc 1 225 9 is_stmt 1 view .LVU50
 141              		.loc 1 225 36 is_stmt 0 view .LVU51
 142 0068 40F82540 		str	r4, [r0, r5, lsl #2]
 143 006c 68E0     		b	.L7
 144              	.LVL13:
 145              	.L25:
 226:Drivers/STM32G4xx_HAL_Driver/Src/stm32g4xx_hal_gpio.c ****       }
 227:Drivers/STM32G4xx_HAL_Driver/Src/stm32g4xx_hal_gpio.c **** 
 228:Drivers/STM32G4xx_HAL_Driver/Src/stm32g4xx_hal_gpio.c ****       /* Configure IO Direction mode (Input, Output, Alternate or Analog) */
 229:Drivers/STM32G4xx_HAL_Driver/Src/stm32g4xx_hal_gpio.c ****       temp = GPIOx->MODER;
 230:Drivers/STM32G4xx_HAL_Driver/Src/stm32g4xx_hal_gpio.c ****       temp &= ~(GPIO_MODER_MODE0 << (position * 2U));
 231:Drivers/STM32G4xx_HAL_Driver/Src/stm32g4xx_hal_gpio.c ****       temp |= ((GPIO_Init->Mode & GPIO_MODE) << (position * 2U));
 232:Drivers/STM32G4xx_HAL_Driver/Src/stm32g4xx_hal_gpio.c ****       GPIOx->MODER = temp;
 233:Drivers/STM32G4xx_HAL_Driver/Src/stm32g4xx_hal_gpio.c **** 
 234:Drivers/STM32G4xx_HAL_Driver/Src/stm32g4xx_hal_gpio.c ****       /*--------------------- EXTI Mode Configuration ------------------------*/
 235:Drivers/STM32G4xx_HAL_Driver/Src/stm32g4xx_hal_gpio.c ****       /* Configure the External Interrupt or event for the current IO */
 236:Drivers/STM32G4xx_HAL_Driver/Src/stm32g4xx_hal_gpio.c ****       if ((GPIO_Init->Mode & EXTI_MODE) != 0x00u)
 237:Drivers/STM32G4xx_HAL_Driver/Src/stm32g4xx_hal_gpio.c ****       {
 238:Drivers/STM32G4xx_HAL_Driver/Src/stm32g4xx_hal_gpio.c ****         /* Enable SYSCFG Clock */
 239:Drivers/STM32G4xx_HAL_Driver/Src/stm32g4xx_hal_gpio.c ****         __HAL_RCC_SYSCFG_CLK_ENABLE();
 240:Drivers/STM32G4xx_HAL_Driver/Src/stm32g4xx_hal_gpio.c **** 
 241:Drivers/STM32G4xx_HAL_Driver/Src/stm32g4xx_hal_gpio.c ****         temp = SYSCFG->EXTICR[position >> 2U];
 242:Drivers/STM32G4xx_HAL_Driver/Src/stm32g4xx_hal_gpio.c ****         temp &= ~(0x0FUL << (4U * (position & 0x03U)));
 243:Drivers/STM32G4xx_HAL_Driver/Src/stm32g4xx_hal_gpio.c ****         temp |= (GPIO_GET_INDEX(GPIOx) << (4U * (position & 0x03U)));
 146              		.loc 1 243 18 discriminator 11 view .LVU52
 147 006e 0524     		movs	r4, #5
 148 0070 00E0     		b	.L8
 149              	.L14:
 150              		.loc 1 243 18 discriminator 2 view .LVU53
 151 0072 0024     		movs	r4, #0
 152              	.L8:
 153              		.loc 1 243 40 discriminator 13 view .LVU54
 154 0074 04FA0EF4 		lsl	r4, r4, lr
 155              		.loc 1 243 14 discriminator 13 view .LVU55
ARM GAS  /tmp/ccuyu1K5.s 			page 8


 156 0078 2C43     		orrs	r4, r4, r5
 157              	.LVL14:
 244:Drivers/STM32G4xx_HAL_Driver/Src/stm32g4xx_hal_gpio.c ****         SYSCFG->EXTICR[position >> 2U] = temp;
 158              		.loc 1 244 9 is_stmt 1 view .LVU56
 159              		.loc 1 244 40 is_stmt 0 view .LVU57
 160 007a 0CF1020C 		add	ip, ip, #2
 161 007e 594D     		ldr	r5, .L26
 162 0080 45F82C40 		str	r4, [r5, ip, lsl #2]
 245:Drivers/STM32G4xx_HAL_Driver/Src/stm32g4xx_hal_gpio.c **** 
 246:Drivers/STM32G4xx_HAL_Driver/Src/stm32g4xx_hal_gpio.c ****         /* Clear Rising Falling edge configuration */
 247:Drivers/STM32G4xx_HAL_Driver/Src/stm32g4xx_hal_gpio.c ****         temp = EXTI->RTSR1;
 163              		.loc 1 247 9 is_stmt 1 view .LVU58
 164              		.loc 1 247 14 is_stmt 0 view .LVU59
 165 0084 584C     		ldr	r4, .L26+4
 166              	.LVL15:
 167              		.loc 1 247 14 view .LVU60
 168 0086 A468     		ldr	r4, [r4, #8]
 169              	.LVL16:
 248:Drivers/STM32G4xx_HAL_Driver/Src/stm32g4xx_hal_gpio.c ****         temp &= ~(iocurrent);
 170              		.loc 1 248 9 is_stmt 1 view .LVU61
 171              		.loc 1 248 17 is_stmt 0 view .LVU62
 172 0088 6FEA020C 		mvn	ip, r2
 173              		.loc 1 248 14 view .LVU63
 174 008c 24EA0205 		bic	r5, r4, r2
 175              	.LVL17:
 249:Drivers/STM32G4xx_HAL_Driver/Src/stm32g4xx_hal_gpio.c ****         if ((GPIO_Init->Mode & TRIGGER_RISING) != 0x00U)
 176              		.loc 1 249 9 is_stmt 1 view .LVU64
 177              		.loc 1 249 12 is_stmt 0 view .LVU65
 178 0090 4E68     		ldr	r6, [r1, #4]
 179 0092 16F4801F 		tst	r6, #1048576
 180 0096 01D0     		beq	.L9
 250:Drivers/STM32G4xx_HAL_Driver/Src/stm32g4xx_hal_gpio.c ****         {
 251:Drivers/STM32G4xx_HAL_Driver/Src/stm32g4xx_hal_gpio.c ****           temp |= iocurrent;
 181              		.loc 1 251 11 is_stmt 1 view .LVU66
 182              		.loc 1 251 16 is_stmt 0 view .LVU67
 183 0098 42EA0405 		orr	r5, r2, r4
 184              	.LVL18:
 185              	.L9:
 252:Drivers/STM32G4xx_HAL_Driver/Src/stm32g4xx_hal_gpio.c ****         }
 253:Drivers/STM32G4xx_HAL_Driver/Src/stm32g4xx_hal_gpio.c ****         EXTI->RTSR1 = temp;
 186              		.loc 1 253 9 is_stmt 1 view .LVU68
 187              		.loc 1 253 21 is_stmt 0 view .LVU69
 188 009c 524C     		ldr	r4, .L26+4
 189 009e A560     		str	r5, [r4, #8]
 254:Drivers/STM32G4xx_HAL_Driver/Src/stm32g4xx_hal_gpio.c **** 
 255:Drivers/STM32G4xx_HAL_Driver/Src/stm32g4xx_hal_gpio.c ****         temp = EXTI->FTSR1;
 190              		.loc 1 255 9 is_stmt 1 view .LVU70
 191              		.loc 1 255 14 is_stmt 0 view .LVU71
 192 00a0 E468     		ldr	r4, [r4, #12]
 193              	.LVL19:
 256:Drivers/STM32G4xx_HAL_Driver/Src/stm32g4xx_hal_gpio.c ****         temp &= ~(iocurrent);
 194              		.loc 1 256 9 is_stmt 1 view .LVU72
 195              		.loc 1 256 14 is_stmt 0 view .LVU73
 196 00a2 0CEA0405 		and	r5, ip, r4
 197              	.LVL20:
 257:Drivers/STM32G4xx_HAL_Driver/Src/stm32g4xx_hal_gpio.c ****         if ((GPIO_Init->Mode & TRIGGER_FALLING) != 0x00U)
 198              		.loc 1 257 9 is_stmt 1 view .LVU74
ARM GAS  /tmp/ccuyu1K5.s 			page 9


 199              		.loc 1 257 12 is_stmt 0 view .LVU75
 200 00a6 4E68     		ldr	r6, [r1, #4]
 201 00a8 16F4001F 		tst	r6, #2097152
 202 00ac 01D0     		beq	.L10
 258:Drivers/STM32G4xx_HAL_Driver/Src/stm32g4xx_hal_gpio.c ****         {
 259:Drivers/STM32G4xx_HAL_Driver/Src/stm32g4xx_hal_gpio.c ****           temp |= iocurrent;
 203              		.loc 1 259 11 is_stmt 1 view .LVU76
 204              		.loc 1 259 16 is_stmt 0 view .LVU77
 205 00ae 42EA0405 		orr	r5, r2, r4
 206              	.LVL21:
 207              	.L10:
 260:Drivers/STM32G4xx_HAL_Driver/Src/stm32g4xx_hal_gpio.c ****         }
 261:Drivers/STM32G4xx_HAL_Driver/Src/stm32g4xx_hal_gpio.c ****         EXTI->FTSR1 = temp;
 208              		.loc 1 261 9 is_stmt 1 view .LVU78
 209              		.loc 1 261 21 is_stmt 0 view .LVU79
 210 00b2 4D4C     		ldr	r4, .L26+4
 211 00b4 E560     		str	r5, [r4, #12]
 262:Drivers/STM32G4xx_HAL_Driver/Src/stm32g4xx_hal_gpio.c **** 
 263:Drivers/STM32G4xx_HAL_Driver/Src/stm32g4xx_hal_gpio.c ****         temp = EXTI->EMR1;
 212              		.loc 1 263 9 is_stmt 1 view .LVU80
 213              		.loc 1 263 14 is_stmt 0 view .LVU81
 214 00b6 6468     		ldr	r4, [r4, #4]
 215              	.LVL22:
 264:Drivers/STM32G4xx_HAL_Driver/Src/stm32g4xx_hal_gpio.c ****         temp &= ~(iocurrent);
 216              		.loc 1 264 9 is_stmt 1 view .LVU82
 217              		.loc 1 264 14 is_stmt 0 view .LVU83
 218 00b8 0CEA0405 		and	r5, ip, r4
 219              	.LVL23:
 265:Drivers/STM32G4xx_HAL_Driver/Src/stm32g4xx_hal_gpio.c ****         if ((GPIO_Init->Mode & EXTI_EVT) != 0x00U)
 220              		.loc 1 265 9 is_stmt 1 view .LVU84
 221              		.loc 1 265 12 is_stmt 0 view .LVU85
 222 00bc 4E68     		ldr	r6, [r1, #4]
 223 00be 16F4003F 		tst	r6, #131072
 224 00c2 01D0     		beq	.L11
 266:Drivers/STM32G4xx_HAL_Driver/Src/stm32g4xx_hal_gpio.c ****         {
 267:Drivers/STM32G4xx_HAL_Driver/Src/stm32g4xx_hal_gpio.c ****           temp |= iocurrent;
 225              		.loc 1 267 11 is_stmt 1 view .LVU86
 226              		.loc 1 267 16 is_stmt 0 view .LVU87
 227 00c4 42EA0405 		orr	r5, r2, r4
 228              	.LVL24:
 229              	.L11:
 268:Drivers/STM32G4xx_HAL_Driver/Src/stm32g4xx_hal_gpio.c ****         }
 269:Drivers/STM32G4xx_HAL_Driver/Src/stm32g4xx_hal_gpio.c ****         EXTI->EMR1 = temp;
 230              		.loc 1 269 9 is_stmt 1 view .LVU88
 231              		.loc 1 269 20 is_stmt 0 view .LVU89
 232 00c8 474C     		ldr	r4, .L26+4
 233 00ca 6560     		str	r5, [r4, #4]
 270:Drivers/STM32G4xx_HAL_Driver/Src/stm32g4xx_hal_gpio.c **** 
 271:Drivers/STM32G4xx_HAL_Driver/Src/stm32g4xx_hal_gpio.c ****         /* Clear EXTI line configuration */
 272:Drivers/STM32G4xx_HAL_Driver/Src/stm32g4xx_hal_gpio.c ****         temp = EXTI->IMR1;
 234              		.loc 1 272 9 is_stmt 1 view .LVU90
 235              		.loc 1 272 14 is_stmt 0 view .LVU91
 236 00cc 2468     		ldr	r4, [r4]
 237              	.LVL25:
 273:Drivers/STM32G4xx_HAL_Driver/Src/stm32g4xx_hal_gpio.c ****         temp &= ~(iocurrent);
 238              		.loc 1 273 9 is_stmt 1 view .LVU92
 239              		.loc 1 273 14 is_stmt 0 view .LVU93
ARM GAS  /tmp/ccuyu1K5.s 			page 10


 240 00ce 0CEA0405 		and	r5, ip, r4
 241              	.LVL26:
 274:Drivers/STM32G4xx_HAL_Driver/Src/stm32g4xx_hal_gpio.c ****         if ((GPIO_Init->Mode & EXTI_IT) != 0x00U)
 242              		.loc 1 274 9 is_stmt 1 view .LVU94
 243              		.loc 1 274 12 is_stmt 0 view .LVU95
 244 00d2 4E68     		ldr	r6, [r1, #4]
 245 00d4 16F4803F 		tst	r6, #65536
 246 00d8 01D0     		beq	.L12
 275:Drivers/STM32G4xx_HAL_Driver/Src/stm32g4xx_hal_gpio.c ****         {
 276:Drivers/STM32G4xx_HAL_Driver/Src/stm32g4xx_hal_gpio.c ****           temp |= iocurrent;
 247              		.loc 1 276 11 is_stmt 1 view .LVU96
 248              		.loc 1 276 16 is_stmt 0 view .LVU97
 249 00da 42EA0405 		orr	r5, r2, r4
 250              	.LVL27:
 251              	.L12:
 277:Drivers/STM32G4xx_HAL_Driver/Src/stm32g4xx_hal_gpio.c ****         }
 278:Drivers/STM32G4xx_HAL_Driver/Src/stm32g4xx_hal_gpio.c ****         EXTI->IMR1 = temp;
 252              		.loc 1 278 9 is_stmt 1 view .LVU98
 253              		.loc 1 278 20 is_stmt 0 view .LVU99
 254 00de 424A     		ldr	r2, .L26+4
 255              	.LVL28:
 256              		.loc 1 278 20 view .LVU100
 257 00e0 1560     		str	r5, [r2]
 258              	.LVL29:
 259              	.L3:
 279:Drivers/STM32G4xx_HAL_Driver/Src/stm32g4xx_hal_gpio.c ****       }
 280:Drivers/STM32G4xx_HAL_Driver/Src/stm32g4xx_hal_gpio.c ****     }
 281:Drivers/STM32G4xx_HAL_Driver/Src/stm32g4xx_hal_gpio.c **** 
 282:Drivers/STM32G4xx_HAL_Driver/Src/stm32g4xx_hal_gpio.c ****     position++;
 260              		.loc 1 282 5 is_stmt 1 view .LVU101
 261              		.loc 1 282 13 is_stmt 0 view .LVU102
 262 00e2 0133     		adds	r3, r3, #1
 263              	.LVL30:
 264              	.L2:
 174:Drivers/STM32G4xx_HAL_Driver/Src/stm32g4xx_hal_gpio.c ****   {
 265              		.loc 1 174 41 is_stmt 1 view .LVU103
 174:Drivers/STM32G4xx_HAL_Driver/Src/stm32g4xx_hal_gpio.c ****   {
 266              		.loc 1 174 21 is_stmt 0 view .LVU104
 267 00e4 0A68     		ldr	r2, [r1]
 174:Drivers/STM32G4xx_HAL_Driver/Src/stm32g4xx_hal_gpio.c ****   {
 268              		.loc 1 174 41 view .LVU105
 269 00e6 32FA03F4 		lsrs	r4, r2, r3
 270 00ea 79D0     		beq	.L21
 177:Drivers/STM32G4xx_HAL_Driver/Src/stm32g4xx_hal_gpio.c **** 
 271              		.loc 1 177 5 is_stmt 1 view .LVU106
 177:Drivers/STM32G4xx_HAL_Driver/Src/stm32g4xx_hal_gpio.c **** 
 272              		.loc 1 177 41 is_stmt 0 view .LVU107
 273 00ec 4FF0010C 		mov	ip, #1
 274 00f0 0CFA03FC 		lsl	ip, ip, r3
 275              	.LVL31:
 179:Drivers/STM32G4xx_HAL_Driver/Src/stm32g4xx_hal_gpio.c ****     {
 276              		.loc 1 179 5 is_stmt 1 view .LVU108
 179:Drivers/STM32G4xx_HAL_Driver/Src/stm32g4xx_hal_gpio.c ****     {
 277              		.loc 1 179 8 is_stmt 0 view .LVU109
 278 00f4 1CEA0202 		ands	r2, ip, r2
 279              	.LVL32:
 179:Drivers/STM32G4xx_HAL_Driver/Src/stm32g4xx_hal_gpio.c ****     {
ARM GAS  /tmp/ccuyu1K5.s 			page 11


 280              		.loc 1 179 8 view .LVU110
 281 00f8 F3D0     		beq	.L3
 183:Drivers/STM32G4xx_HAL_Driver/Src/stm32g4xx_hal_gpio.c ****          ((GPIO_Init->Mode & GPIO_MODE) == MODE_AF))
 282              		.loc 1 183 7 is_stmt 1 view .LVU111
 183:Drivers/STM32G4xx_HAL_Driver/Src/stm32g4xx_hal_gpio.c ****          ((GPIO_Init->Mode & GPIO_MODE) == MODE_AF))
 283              		.loc 1 183 28 is_stmt 0 view .LVU112
 284 00fa 4C68     		ldr	r4, [r1, #4]
 285 00fc 04F0030E 		and	lr, r4, #3
 183:Drivers/STM32G4xx_HAL_Driver/Src/stm32g4xx_hal_gpio.c ****          ((GPIO_Init->Mode & GPIO_MODE) == MODE_AF))
 286              		.loc 1 183 57 view .LVU113
 287 0100 0EF1FF3E 		add	lr, lr, #-1
 183:Drivers/STM32G4xx_HAL_Driver/Src/stm32g4xx_hal_gpio.c ****          ((GPIO_Init->Mode & GPIO_MODE) == MODE_AF))
 288              		.loc 1 183 9 view .LVU114
 289 0104 BEF1010F 		cmp	lr, #1
 290 0108 7FF67EAF 		bls	.L22
 291              	.L4:
 201:Drivers/STM32G4xx_HAL_Driver/Src/stm32g4xx_hal_gpio.c ****           (((GPIO_Init->Mode & GPIO_MODE) == MODE_ANALOG) && (GPIO_Init->Pull != GPIO_PULLUP)))
 292              		.loc 1 201 7 is_stmt 1 view .LVU115
 201:Drivers/STM32G4xx_HAL_Driver/Src/stm32g4xx_hal_gpio.c ****           (((GPIO_Init->Mode & GPIO_MODE) == MODE_ANALOG) && (GPIO_Init->Pull != GPIO_PULLUP)))
 293              		.loc 1 201 29 is_stmt 0 view .LVU116
 294 010c 4C68     		ldr	r4, [r1, #4]
 295 010e 04F0030C 		and	ip, r4, #3
 201:Drivers/STM32G4xx_HAL_Driver/Src/stm32g4xx_hal_gpio.c ****           (((GPIO_Init->Mode & GPIO_MODE) == MODE_ANALOG) && (GPIO_Init->Pull != GPIO_PULLUP)))
 296              		.loc 1 201 10 view .LVU117
 297 0112 BCF1030F 		cmp	ip, #3
 298 0116 90D0     		beq	.L23
 299              	.L5:
 205:Drivers/STM32G4xx_HAL_Driver/Src/stm32g4xx_hal_gpio.c **** 
 300              		.loc 1 205 9 is_stmt 1 view .LVU118
 208:Drivers/STM32G4xx_HAL_Driver/Src/stm32g4xx_hal_gpio.c ****         temp &= ~(GPIO_PUPDR_PUPD0 << (position * 2U));
 301              		.loc 1 208 9 view .LVU119
 208:Drivers/STM32G4xx_HAL_Driver/Src/stm32g4xx_hal_gpio.c ****         temp &= ~(GPIO_PUPDR_PUPD0 << (position * 2U));
 302              		.loc 1 208 14 is_stmt 0 view .LVU120
 303 0118 C568     		ldr	r5, [r0, #12]
 304              	.LVL33:
 209:Drivers/STM32G4xx_HAL_Driver/Src/stm32g4xx_hal_gpio.c ****         temp |= ((GPIO_Init->Pull) << (position * 2U));
 305              		.loc 1 209 9 is_stmt 1 view .LVU121
 209:Drivers/STM32G4xx_HAL_Driver/Src/stm32g4xx_hal_gpio.c ****         temp |= ((GPIO_Init->Pull) << (position * 2U));
 306              		.loc 1 209 49 is_stmt 0 view .LVU122
 307 011a 5C00     		lsls	r4, r3, #1
 209:Drivers/STM32G4xx_HAL_Driver/Src/stm32g4xx_hal_gpio.c ****         temp |= ((GPIO_Init->Pull) << (position * 2U));
 308              		.loc 1 209 36 view .LVU123
 309 011c 4FF0030C 		mov	ip, #3
 310 0120 0CFA04FC 		lsl	ip, ip, r4
 209:Drivers/STM32G4xx_HAL_Driver/Src/stm32g4xx_hal_gpio.c ****         temp |= ((GPIO_Init->Pull) << (position * 2U));
 311              		.loc 1 209 14 view .LVU124
 312 0124 25EA0C0E 		bic	lr, r5, ip
 313              	.LVL34:
 210:Drivers/STM32G4xx_HAL_Driver/Src/stm32g4xx_hal_gpio.c ****         GPIOx->PUPDR = temp;
 314              		.loc 1 210 9 is_stmt 1 view .LVU125
 210:Drivers/STM32G4xx_HAL_Driver/Src/stm32g4xx_hal_gpio.c ****         GPIOx->PUPDR = temp;
 315              		.loc 1 210 36 is_stmt 0 view .LVU126
 316 0128 8D68     		ldr	r5, [r1, #8]
 317 012a 05FA04FC 		lsl	ip, r5, r4
 210:Drivers/STM32G4xx_HAL_Driver/Src/stm32g4xx_hal_gpio.c ****         GPIOx->PUPDR = temp;
 318              		.loc 1 210 14 view .LVU127
 319 012e 4CEA0E04 		orr	r4, ip, lr
ARM GAS  /tmp/ccuyu1K5.s 			page 12


 320              	.LVL35:
 211:Drivers/STM32G4xx_HAL_Driver/Src/stm32g4xx_hal_gpio.c ****       }
 321              		.loc 1 211 9 is_stmt 1 view .LVU128
 211:Drivers/STM32G4xx_HAL_Driver/Src/stm32g4xx_hal_gpio.c ****       }
 322              		.loc 1 211 22 is_stmt 0 view .LVU129
 323 0132 C460     		str	r4, [r0, #12]
 324              	.LVL36:
 325              	.L6:
 215:Drivers/STM32G4xx_HAL_Driver/Src/stm32g4xx_hal_gpio.c ****       {
 326              		.loc 1 215 7 is_stmt 1 view .LVU130
 215:Drivers/STM32G4xx_HAL_Driver/Src/stm32g4xx_hal_gpio.c ****       {
 327              		.loc 1 215 28 is_stmt 0 view .LVU131
 328 0134 4C68     		ldr	r4, [r1, #4]
 329 0136 04F0030C 		and	ip, r4, #3
 215:Drivers/STM32G4xx_HAL_Driver/Src/stm32g4xx_hal_gpio.c ****       {
 330              		.loc 1 215 10 view .LVU132
 331 013a BCF1020F 		cmp	ip, #2
 332 013e 80D0     		beq	.L24
 333              	.L7:
 229:Drivers/STM32G4xx_HAL_Driver/Src/stm32g4xx_hal_gpio.c ****       temp &= ~(GPIO_MODER_MODE0 << (position * 2U));
 334              		.loc 1 229 7 is_stmt 1 view .LVU133
 229:Drivers/STM32G4xx_HAL_Driver/Src/stm32g4xx_hal_gpio.c ****       temp &= ~(GPIO_MODER_MODE0 << (position * 2U));
 335              		.loc 1 229 12 is_stmt 0 view .LVU134
 336 0140 0568     		ldr	r5, [r0]
 337              	.LVL37:
 230:Drivers/STM32G4xx_HAL_Driver/Src/stm32g4xx_hal_gpio.c ****       temp |= ((GPIO_Init->Mode & GPIO_MODE) << (position * 2U));
 338              		.loc 1 230 7 is_stmt 1 view .LVU135
 230:Drivers/STM32G4xx_HAL_Driver/Src/stm32g4xx_hal_gpio.c ****       temp |= ((GPIO_Init->Mode & GPIO_MODE) << (position * 2U));
 339              		.loc 1 230 47 is_stmt 0 view .LVU136
 340 0142 5C00     		lsls	r4, r3, #1
 230:Drivers/STM32G4xx_HAL_Driver/Src/stm32g4xx_hal_gpio.c ****       temp |= ((GPIO_Init->Mode & GPIO_MODE) << (position * 2U));
 341              		.loc 1 230 34 view .LVU137
 342 0144 4FF0030C 		mov	ip, #3
 343 0148 0CFA04FC 		lsl	ip, ip, r4
 230:Drivers/STM32G4xx_HAL_Driver/Src/stm32g4xx_hal_gpio.c ****       temp |= ((GPIO_Init->Mode & GPIO_MODE) << (position * 2U));
 344              		.loc 1 230 12 view .LVU138
 345 014c 25EA0C0E 		bic	lr, r5, ip
 346              	.LVL38:
 231:Drivers/STM32G4xx_HAL_Driver/Src/stm32g4xx_hal_gpio.c ****       GPIOx->MODER = temp;
 347              		.loc 1 231 7 is_stmt 1 view .LVU139
 231:Drivers/STM32G4xx_HAL_Driver/Src/stm32g4xx_hal_gpio.c ****       GPIOx->MODER = temp;
 348              		.loc 1 231 33 is_stmt 0 view .LVU140
 349 0150 4D68     		ldr	r5, [r1, #4]
 350 0152 05F0030C 		and	ip, r5, #3
 231:Drivers/STM32G4xx_HAL_Driver/Src/stm32g4xx_hal_gpio.c ****       GPIOx->MODER = temp;
 351              		.loc 1 231 46 view .LVU141
 352 0156 0CFA04FC 		lsl	ip, ip, r4
 231:Drivers/STM32G4xx_HAL_Driver/Src/stm32g4xx_hal_gpio.c ****       GPIOx->MODER = temp;
 353              		.loc 1 231 12 view .LVU142
 354 015a 4CEA0E04 		orr	r4, ip, lr
 355              	.LVL39:
 232:Drivers/STM32G4xx_HAL_Driver/Src/stm32g4xx_hal_gpio.c **** 
 356              		.loc 1 232 7 is_stmt 1 view .LVU143
 232:Drivers/STM32G4xx_HAL_Driver/Src/stm32g4xx_hal_gpio.c **** 
 357              		.loc 1 232 20 is_stmt 0 view .LVU144
 358 015e 0460     		str	r4, [r0]
 236:Drivers/STM32G4xx_HAL_Driver/Src/stm32g4xx_hal_gpio.c ****       {
ARM GAS  /tmp/ccuyu1K5.s 			page 13


 359              		.loc 1 236 7 is_stmt 1 view .LVU145
 236:Drivers/STM32G4xx_HAL_Driver/Src/stm32g4xx_hal_gpio.c ****       {
 360              		.loc 1 236 21 is_stmt 0 view .LVU146
 361 0160 4C68     		ldr	r4, [r1, #4]
 362              	.LVL40:
 236:Drivers/STM32G4xx_HAL_Driver/Src/stm32g4xx_hal_gpio.c ****       {
 363              		.loc 1 236 10 view .LVU147
 364 0162 14F4403F 		tst	r4, #196608
 365 0166 BCD0     		beq	.L3
 239:Drivers/STM32G4xx_HAL_Driver/Src/stm32g4xx_hal_gpio.c **** 
 366              		.loc 1 239 9 is_stmt 1 view .LVU148
 367              	.LBB2:
 239:Drivers/STM32G4xx_HAL_Driver/Src/stm32g4xx_hal_gpio.c **** 
 368              		.loc 1 239 9 view .LVU149
 239:Drivers/STM32G4xx_HAL_Driver/Src/stm32g4xx_hal_gpio.c **** 
 369              		.loc 1 239 9 view .LVU150
 370 0168 204C     		ldr	r4, .L26+8
 371 016a 256E     		ldr	r5, [r4, #96]
 372 016c 45F00105 		orr	r5, r5, #1
 373 0170 2566     		str	r5, [r4, #96]
 374              	.LVL41:
 239:Drivers/STM32G4xx_HAL_Driver/Src/stm32g4xx_hal_gpio.c **** 
 375              		.loc 1 239 9 view .LVU151
 376 0172 246E     		ldr	r4, [r4, #96]
 377 0174 04F00104 		and	r4, r4, #1
 378 0178 0194     		str	r4, [sp, #4]
 239:Drivers/STM32G4xx_HAL_Driver/Src/stm32g4xx_hal_gpio.c **** 
 379              		.loc 1 239 9 view .LVU152
 380 017a 019C     		ldr	r4, [sp, #4]
 381              	.LBE2:
 239:Drivers/STM32G4xx_HAL_Driver/Src/stm32g4xx_hal_gpio.c **** 
 382              		.loc 1 239 9 view .LVU153
 241:Drivers/STM32G4xx_HAL_Driver/Src/stm32g4xx_hal_gpio.c ****         temp &= ~(0x0FUL << (4U * (position & 0x03U)));
 383              		.loc 1 241 9 view .LVU154
 241:Drivers/STM32G4xx_HAL_Driver/Src/stm32g4xx_hal_gpio.c ****         temp &= ~(0x0FUL << (4U * (position & 0x03U)));
 384              		.loc 1 241 40 is_stmt 0 view .LVU155
 385 017c 4FEA930C 		lsr	ip, r3, #2
 386              	.LVL42:
 241:Drivers/STM32G4xx_HAL_Driver/Src/stm32g4xx_hal_gpio.c ****         temp &= ~(0x0FUL << (4U * (position & 0x03U)));
 387              		.loc 1 241 14 view .LVU156
 388 0180 0CF10205 		add	r5, ip, #2
 389 0184 174C     		ldr	r4, .L26
 390 0186 54F82550 		ldr	r5, [r4, r5, lsl #2]
 391              	.LVL43:
 242:Drivers/STM32G4xx_HAL_Driver/Src/stm32g4xx_hal_gpio.c ****         temp |= (GPIO_GET_INDEX(GPIOx) << (4U * (position & 0x03U)));
 392              		.loc 1 242 9 is_stmt 1 view .LVU157
 242:Drivers/STM32G4xx_HAL_Driver/Src/stm32g4xx_hal_gpio.c ****         temp |= (GPIO_GET_INDEX(GPIOx) << (4U * (position & 0x03U)));
 393              		.loc 1 242 45 is_stmt 0 view .LVU158
 394 018a 03F0030E 		and	lr, r3, #3
 242:Drivers/STM32G4xx_HAL_Driver/Src/stm32g4xx_hal_gpio.c ****         temp |= (GPIO_GET_INDEX(GPIOx) << (4U * (position & 0x03U)));
 395              		.loc 1 242 33 view .LVU159
 396 018e 4FEA8E0E 		lsl	lr, lr, #2
 242:Drivers/STM32G4xx_HAL_Driver/Src/stm32g4xx_hal_gpio.c ****         temp |= (GPIO_GET_INDEX(GPIOx) << (4U * (position & 0x03U)));
 397              		.loc 1 242 26 view .LVU160
 398 0192 0F24     		movs	r4, #15
 399 0194 04FA0EF4 		lsl	r4, r4, lr
 242:Drivers/STM32G4xx_HAL_Driver/Src/stm32g4xx_hal_gpio.c ****         temp |= (GPIO_GET_INDEX(GPIOx) << (4U * (position & 0x03U)));
ARM GAS  /tmp/ccuyu1K5.s 			page 14


 400              		.loc 1 242 14 view .LVU161
 401 0198 25EA0405 		bic	r5, r5, r4
 402              	.LVL44:
 243:Drivers/STM32G4xx_HAL_Driver/Src/stm32g4xx_hal_gpio.c ****         SYSCFG->EXTICR[position >> 2U] = temp;
 403              		.loc 1 243 9 is_stmt 1 view .LVU162
 243:Drivers/STM32G4xx_HAL_Driver/Src/stm32g4xx_hal_gpio.c ****         SYSCFG->EXTICR[position >> 2U] = temp;
 404              		.loc 1 243 18 is_stmt 0 view .LVU163
 405 019c B0F1904F 		cmp	r0, #1207959552
 406 01a0 3FF467AF 		beq	.L14
 243:Drivers/STM32G4xx_HAL_Driver/Src/stm32g4xx_hal_gpio.c ****         SYSCFG->EXTICR[position >> 2U] = temp;
 407              		.loc 1 243 18 discriminator 1 view .LVU164
 408 01a4 124C     		ldr	r4, .L26+12
 409 01a6 A042     		cmp	r0, r4
 410 01a8 12D0     		beq	.L15
 243:Drivers/STM32G4xx_HAL_Driver/Src/stm32g4xx_hal_gpio.c ****         SYSCFG->EXTICR[position >> 2U] = temp;
 411              		.loc 1 243 18 discriminator 3 view .LVU165
 412 01aa 04F58064 		add	r4, r4, #1024
 413 01ae A042     		cmp	r0, r4
 414 01b0 10D0     		beq	.L16
 243:Drivers/STM32G4xx_HAL_Driver/Src/stm32g4xx_hal_gpio.c ****         SYSCFG->EXTICR[position >> 2U] = temp;
 415              		.loc 1 243 18 discriminator 5 view .LVU166
 416 01b2 04F58064 		add	r4, r4, #1024
 417 01b6 A042     		cmp	r0, r4
 418 01b8 0ED0     		beq	.L17
 243:Drivers/STM32G4xx_HAL_Driver/Src/stm32g4xx_hal_gpio.c ****         SYSCFG->EXTICR[position >> 2U] = temp;
 419              		.loc 1 243 18 discriminator 7 view .LVU167
 420 01ba 04F58064 		add	r4, r4, #1024
 421 01be A042     		cmp	r0, r4
 422 01c0 0CD0     		beq	.L18
 243:Drivers/STM32G4xx_HAL_Driver/Src/stm32g4xx_hal_gpio.c ****         SYSCFG->EXTICR[position >> 2U] = temp;
 423              		.loc 1 243 18 discriminator 9 view .LVU168
 424 01c2 04F58064 		add	r4, r4, #1024
 425 01c6 A042     		cmp	r0, r4
 426 01c8 3FF451AF 		beq	.L25
 243:Drivers/STM32G4xx_HAL_Driver/Src/stm32g4xx_hal_gpio.c ****         SYSCFG->EXTICR[position >> 2U] = temp;
 427              		.loc 1 243 18 discriminator 12 view .LVU169
 428 01cc 0624     		movs	r4, #6
 429 01ce 51E7     		b	.L8
 430              	.L15:
 243:Drivers/STM32G4xx_HAL_Driver/Src/stm32g4xx_hal_gpio.c ****         SYSCFG->EXTICR[position >> 2U] = temp;
 431              		.loc 1 243 18 discriminator 4 view .LVU170
 432 01d0 0124     		movs	r4, #1
 433 01d2 4FE7     		b	.L8
 434              	.L16:
 243:Drivers/STM32G4xx_HAL_Driver/Src/stm32g4xx_hal_gpio.c ****         SYSCFG->EXTICR[position >> 2U] = temp;
 435              		.loc 1 243 18 discriminator 6 view .LVU171
 436 01d4 0224     		movs	r4, #2
 437 01d6 4DE7     		b	.L8
 438              	.L17:
 243:Drivers/STM32G4xx_HAL_Driver/Src/stm32g4xx_hal_gpio.c ****         SYSCFG->EXTICR[position >> 2U] = temp;
 439              		.loc 1 243 18 discriminator 8 view .LVU172
 440 01d8 0324     		movs	r4, #3
 441 01da 4BE7     		b	.L8
 442              	.L18:
 243:Drivers/STM32G4xx_HAL_Driver/Src/stm32g4xx_hal_gpio.c ****         SYSCFG->EXTICR[position >> 2U] = temp;
 443              		.loc 1 243 18 discriminator 10 view .LVU173
 444 01dc 0424     		movs	r4, #4
ARM GAS  /tmp/ccuyu1K5.s 			page 15


 445 01de 49E7     		b	.L8
 446              	.LVL45:
 447              	.L21:
 283:Drivers/STM32G4xx_HAL_Driver/Src/stm32g4xx_hal_gpio.c ****   }
 284:Drivers/STM32G4xx_HAL_Driver/Src/stm32g4xx_hal_gpio.c **** }
 448              		.loc 1 284 1 view .LVU174
 449 01e0 02B0     		add	sp, sp, #8
 450              		.cfi_def_cfa_offset 16
 451              		@ sp needed
 452 01e2 70BD     		pop	{r4, r5, r6, pc}
 453              	.L27:
 454              		.align	2
 455              	.L26:
 456 01e4 00000140 		.word	1073807360
 457 01e8 00040140 		.word	1073808384
 458 01ec 00100240 		.word	1073876992
 459 01f0 00040048 		.word	1207960576
 460              		.cfi_endproc
 461              	.LFE132:
 463              		.section	.text.HAL_GPIO_DeInit,"ax",%progbits
 464              		.align	1
 465              		.global	HAL_GPIO_DeInit
 466              		.syntax unified
 467              		.thumb
 468              		.thumb_func
 470              	HAL_GPIO_DeInit:
 471              	.LVL46:
 472              	.LFB133:
 285:Drivers/STM32G4xx_HAL_Driver/Src/stm32g4xx_hal_gpio.c **** 
 286:Drivers/STM32G4xx_HAL_Driver/Src/stm32g4xx_hal_gpio.c **** /**
 287:Drivers/STM32G4xx_HAL_Driver/Src/stm32g4xx_hal_gpio.c ****   * @brief  De-initialize the GPIOx peripheral registers to their default reset values.
 288:Drivers/STM32G4xx_HAL_Driver/Src/stm32g4xx_hal_gpio.c ****   * @param  GPIOx where x can be (A..G) to select the GPIO peripheral for STM32G4xx family
 289:Drivers/STM32G4xx_HAL_Driver/Src/stm32g4xx_hal_gpio.c ****   * @param  GPIO_Pin specifies the port bit to be written.
 290:Drivers/STM32G4xx_HAL_Driver/Src/stm32g4xx_hal_gpio.c ****   *         This parameter can be any combination of GPIO_PIN_x where x can be (0..15).
 291:Drivers/STM32G4xx_HAL_Driver/Src/stm32g4xx_hal_gpio.c ****   * @retval None
 292:Drivers/STM32G4xx_HAL_Driver/Src/stm32g4xx_hal_gpio.c ****   */
 293:Drivers/STM32G4xx_HAL_Driver/Src/stm32g4xx_hal_gpio.c **** void HAL_GPIO_DeInit(GPIO_TypeDef  *GPIOx, uint32_t GPIO_Pin)
 294:Drivers/STM32G4xx_HAL_Driver/Src/stm32g4xx_hal_gpio.c **** {
 473              		.loc 1 294 1 is_stmt 1 view -0
 474              		.cfi_startproc
 475              		@ args = 0, pretend = 0, frame = 0
 476              		@ frame_needed = 0, uses_anonymous_args = 0
 295:Drivers/STM32G4xx_HAL_Driver/Src/stm32g4xx_hal_gpio.c ****   uint32_t position = 0x00U;
 477              		.loc 1 295 3 view .LVU176
 296:Drivers/STM32G4xx_HAL_Driver/Src/stm32g4xx_hal_gpio.c ****   uint32_t iocurrent;
 478              		.loc 1 296 3 view .LVU177
 297:Drivers/STM32G4xx_HAL_Driver/Src/stm32g4xx_hal_gpio.c ****   uint32_t tmp;
 479              		.loc 1 297 3 view .LVU178
 298:Drivers/STM32G4xx_HAL_Driver/Src/stm32g4xx_hal_gpio.c **** 
 299:Drivers/STM32G4xx_HAL_Driver/Src/stm32g4xx_hal_gpio.c ****   /* Check the parameters */
 300:Drivers/STM32G4xx_HAL_Driver/Src/stm32g4xx_hal_gpio.c ****   assert_param(IS_GPIO_ALL_INSTANCE(GPIOx));
 480              		.loc 1 300 3 view .LVU179
 301:Drivers/STM32G4xx_HAL_Driver/Src/stm32g4xx_hal_gpio.c ****   assert_param(IS_GPIO_PIN(GPIO_Pin));
 481              		.loc 1 301 3 view .LVU180
 302:Drivers/STM32G4xx_HAL_Driver/Src/stm32g4xx_hal_gpio.c **** 
 303:Drivers/STM32G4xx_HAL_Driver/Src/stm32g4xx_hal_gpio.c ****   /* Configure the port pins */
 304:Drivers/STM32G4xx_HAL_Driver/Src/stm32g4xx_hal_gpio.c ****   while ((GPIO_Pin >> position) != 0U)
ARM GAS  /tmp/ccuyu1K5.s 			page 16


 482              		.loc 1 304 3 view .LVU181
 295:Drivers/STM32G4xx_HAL_Driver/Src/stm32g4xx_hal_gpio.c ****   uint32_t iocurrent;
 483              		.loc 1 295 12 is_stmt 0 view .LVU182
 484 0000 0023     		movs	r3, #0
 485              	.LVL47:
 486              		.loc 1 304 33 is_stmt 1 view .LVU183
 487 0002 31FA03F2 		lsrs	r2, r1, r3
 488 0006 00F08180 		beq	.L43
 294:Drivers/STM32G4xx_HAL_Driver/Src/stm32g4xx_hal_gpio.c ****   uint32_t position = 0x00U;
 489              		.loc 1 294 1 is_stmt 0 view .LVU184
 490 000a F0B5     		push	{r4, r5, r6, r7, lr}
 491              		.cfi_def_cfa_offset 20
 492              		.cfi_offset 4, -20
 493              		.cfi_offset 5, -16
 494              		.cfi_offset 6, -12
 495              		.cfi_offset 7, -8
 496              		.cfi_offset 14, -4
 497 000c 2EE0     		b	.L33
 498              	.LVL48:
 499              	.L46:
 305:Drivers/STM32G4xx_HAL_Driver/Src/stm32g4xx_hal_gpio.c ****   {
 306:Drivers/STM32G4xx_HAL_Driver/Src/stm32g4xx_hal_gpio.c ****     /* Get current io position */
 307:Drivers/STM32G4xx_HAL_Driver/Src/stm32g4xx_hal_gpio.c ****     iocurrent = (GPIO_Pin) & (1UL << position);
 308:Drivers/STM32G4xx_HAL_Driver/Src/stm32g4xx_hal_gpio.c **** 
 309:Drivers/STM32G4xx_HAL_Driver/Src/stm32g4xx_hal_gpio.c ****     if (iocurrent != 0x00u)
 310:Drivers/STM32G4xx_HAL_Driver/Src/stm32g4xx_hal_gpio.c ****     {
 311:Drivers/STM32G4xx_HAL_Driver/Src/stm32g4xx_hal_gpio.c ****       /*------------------------- EXTI Mode Configuration --------------------*/
 312:Drivers/STM32G4xx_HAL_Driver/Src/stm32g4xx_hal_gpio.c ****       /* Clear the External Interrupt or Event for the current IO */
 313:Drivers/STM32G4xx_HAL_Driver/Src/stm32g4xx_hal_gpio.c **** 
 314:Drivers/STM32G4xx_HAL_Driver/Src/stm32g4xx_hal_gpio.c ****       tmp = SYSCFG->EXTICR[position >> 2U];
 315:Drivers/STM32G4xx_HAL_Driver/Src/stm32g4xx_hal_gpio.c ****       tmp &= (0x0FUL << (4U * (position & 0x03U)));
 316:Drivers/STM32G4xx_HAL_Driver/Src/stm32g4xx_hal_gpio.c ****       if (tmp == (GPIO_GET_INDEX(GPIOx) << (4U * (position & 0x03U))))
 500              		.loc 1 316 19 discriminator 11 view .LVU185
 501 000e 0525     		movs	r5, #5
 502 0010 00E0     		b	.L31
 503              	.L34:
 504              		.loc 1 316 19 discriminator 2 view .LVU186
 505 0012 0025     		movs	r5, #0
 506              	.L31:
 507              		.loc 1 316 41 discriminator 13 view .LVU187
 508 0014 05FA0CF5 		lsl	r5, r5, ip
 509              		.loc 1 316 10 discriminator 13 view .LVU188
 510 0018 A542     		cmp	r5, r4
 511 001a 5BD0     		beq	.L44
 512              	.LVL49:
 513              	.L32:
 317:Drivers/STM32G4xx_HAL_Driver/Src/stm32g4xx_hal_gpio.c ****       {
 318:Drivers/STM32G4xx_HAL_Driver/Src/stm32g4xx_hal_gpio.c ****         /* Clear EXTI line configuration */
 319:Drivers/STM32G4xx_HAL_Driver/Src/stm32g4xx_hal_gpio.c ****         EXTI->IMR1 &= ~(iocurrent);
 320:Drivers/STM32G4xx_HAL_Driver/Src/stm32g4xx_hal_gpio.c ****         EXTI->EMR1 &= ~(iocurrent);
 321:Drivers/STM32G4xx_HAL_Driver/Src/stm32g4xx_hal_gpio.c **** 
 322:Drivers/STM32G4xx_HAL_Driver/Src/stm32g4xx_hal_gpio.c ****         /* Clear Rising Falling edge configuration */
 323:Drivers/STM32G4xx_HAL_Driver/Src/stm32g4xx_hal_gpio.c ****         EXTI->FTSR1 &= ~(iocurrent);
 324:Drivers/STM32G4xx_HAL_Driver/Src/stm32g4xx_hal_gpio.c ****         EXTI->RTSR1 &= ~(iocurrent);
 325:Drivers/STM32G4xx_HAL_Driver/Src/stm32g4xx_hal_gpio.c **** 
 326:Drivers/STM32G4xx_HAL_Driver/Src/stm32g4xx_hal_gpio.c ****         tmp = 0x0FUL << (4U * (position & 0x03U));
 327:Drivers/STM32G4xx_HAL_Driver/Src/stm32g4xx_hal_gpio.c ****         SYSCFG->EXTICR[position >> 2U] &= ~tmp;
ARM GAS  /tmp/ccuyu1K5.s 			page 17


 328:Drivers/STM32G4xx_HAL_Driver/Src/stm32g4xx_hal_gpio.c ****       }
 329:Drivers/STM32G4xx_HAL_Driver/Src/stm32g4xx_hal_gpio.c **** 
 330:Drivers/STM32G4xx_HAL_Driver/Src/stm32g4xx_hal_gpio.c ****       /*------------------------- GPIO Mode Configuration --------------------*/
 331:Drivers/STM32G4xx_HAL_Driver/Src/stm32g4xx_hal_gpio.c ****       /* Configure IO in Analog Mode */
 332:Drivers/STM32G4xx_HAL_Driver/Src/stm32g4xx_hal_gpio.c ****       GPIOx->MODER |= (GPIO_MODER_MODE0 << (position * 2u));
 514              		.loc 1 332 7 is_stmt 1 view .LVU189
 515              		.loc 1 332 12 is_stmt 0 view .LVU190
 516 001c 0468     		ldr	r4, [r0]
 517              		.loc 1 332 54 view .LVU191
 518 001e 5D00     		lsls	r5, r3, #1
 519              		.loc 1 332 41 view .LVU192
 520 0020 4FF0030C 		mov	ip, #3
 521 0024 0CFA05FC 		lsl	ip, ip, r5
 522              		.loc 1 332 20 view .LVU193
 523 0028 44EA0C04 		orr	r4, r4, ip
 524 002c 0460     		str	r4, [r0]
 333:Drivers/STM32G4xx_HAL_Driver/Src/stm32g4xx_hal_gpio.c **** 
 334:Drivers/STM32G4xx_HAL_Driver/Src/stm32g4xx_hal_gpio.c ****       /* Configure the default Alternate Function in current IO */
 335:Drivers/STM32G4xx_HAL_Driver/Src/stm32g4xx_hal_gpio.c ****       GPIOx->AFR[position >> 3u] &= ~(0xFu << ((position & 0x07u) * 4u));
 525              		.loc 1 335 7 is_stmt 1 view .LVU194
 526              		.loc 1 335 17 is_stmt 0 view .LVU195
 527 002e 4FEAD30E 		lsr	lr, r3, #3
 528 0032 0EF1080E 		add	lr, lr, #8
 529 0036 50F82E40 		ldr	r4, [r0, lr, lsl #2]
 530              		.loc 1 335 58 view .LVU196
 531 003a 03F00706 		and	r6, r3, #7
 532              		.loc 1 335 67 view .LVU197
 533 003e B600     		lsls	r6, r6, #2
 534              		.loc 1 335 44 view .LVU198
 535 0040 0F25     		movs	r5, #15
 536 0042 B540     		lsls	r5, r5, r6
 537              		.loc 1 335 34 view .LVU199
 538 0044 24EA0504 		bic	r4, r4, r5
 539 0048 40F82E40 		str	r4, [r0, lr, lsl #2]
 336:Drivers/STM32G4xx_HAL_Driver/Src/stm32g4xx_hal_gpio.c **** 
 337:Drivers/STM32G4xx_HAL_Driver/Src/stm32g4xx_hal_gpio.c ****       /* Deactivate the Pull-up and Pull-down resistor for the current IO */
 338:Drivers/STM32G4xx_HAL_Driver/Src/stm32g4xx_hal_gpio.c ****       GPIOx->PUPDR &= ~(GPIO_PUPDR_PUPD0 << (position * 2u));
 540              		.loc 1 338 7 is_stmt 1 view .LVU200
 541              		.loc 1 338 12 is_stmt 0 view .LVU201
 542 004c C468     		ldr	r4, [r0, #12]
 543              		.loc 1 338 20 view .LVU202
 544 004e 24EA0C04 		bic	r4, r4, ip
 545 0052 C460     		str	r4, [r0, #12]
 339:Drivers/STM32G4xx_HAL_Driver/Src/stm32g4xx_hal_gpio.c **** 
 340:Drivers/STM32G4xx_HAL_Driver/Src/stm32g4xx_hal_gpio.c ****       /* Configure the default value IO Output Type */
 341:Drivers/STM32G4xx_HAL_Driver/Src/stm32g4xx_hal_gpio.c ****       GPIOx->OTYPER  &= ~(GPIO_OTYPER_OT0 << position);
 546              		.loc 1 341 7 is_stmt 1 view .LVU203
 547              		.loc 1 341 12 is_stmt 0 view .LVU204
 548 0054 4468     		ldr	r4, [r0, #4]
 549              		.loc 1 341 22 view .LVU205
 550 0056 24EA0202 		bic	r2, r4, r2
 551              	.LVL50:
 552              		.loc 1 341 22 view .LVU206
 553 005a 4260     		str	r2, [r0, #4]
 342:Drivers/STM32G4xx_HAL_Driver/Src/stm32g4xx_hal_gpio.c **** 
 343:Drivers/STM32G4xx_HAL_Driver/Src/stm32g4xx_hal_gpio.c ****       /* Configure the default value for IO Speed */
 344:Drivers/STM32G4xx_HAL_Driver/Src/stm32g4xx_hal_gpio.c ****       GPIOx->OSPEEDR &= ~(GPIO_OSPEEDR_OSPEED0 << (position * 2u));
ARM GAS  /tmp/ccuyu1K5.s 			page 18


 554              		.loc 1 344 7 is_stmt 1 view .LVU207
 555              		.loc 1 344 12 is_stmt 0 view .LVU208
 556 005c 8268     		ldr	r2, [r0, #8]
 557              		.loc 1 344 22 view .LVU209
 558 005e 22EA0C02 		bic	r2, r2, ip
 559 0062 8260     		str	r2, [r0, #8]
 560              	.L30:
 345:Drivers/STM32G4xx_HAL_Driver/Src/stm32g4xx_hal_gpio.c ****     }
 346:Drivers/STM32G4xx_HAL_Driver/Src/stm32g4xx_hal_gpio.c **** 
 347:Drivers/STM32G4xx_HAL_Driver/Src/stm32g4xx_hal_gpio.c ****     position++;
 561              		.loc 1 347 5 is_stmt 1 view .LVU210
 562              		.loc 1 347 13 is_stmt 0 view .LVU211
 563 0064 0133     		adds	r3, r3, #1
 564              	.LVL51:
 304:Drivers/STM32G4xx_HAL_Driver/Src/stm32g4xx_hal_gpio.c ****   {
 565              		.loc 1 304 33 is_stmt 1 view .LVU212
 566 0066 31FA03F2 		lsrs	r2, r1, r3
 567 006a 4ED0     		beq	.L45
 568              	.LVL52:
 569              	.L33:
 307:Drivers/STM32G4xx_HAL_Driver/Src/stm32g4xx_hal_gpio.c **** 
 570              		.loc 1 307 5 view .LVU213
 307:Drivers/STM32G4xx_HAL_Driver/Src/stm32g4xx_hal_gpio.c **** 
 571              		.loc 1 307 35 is_stmt 0 view .LVU214
 572 006c 0122     		movs	r2, #1
 573 006e 9A40     		lsls	r2, r2, r3
 574              	.LVL53:
 309:Drivers/STM32G4xx_HAL_Driver/Src/stm32g4xx_hal_gpio.c ****     {
 575              		.loc 1 309 5 is_stmt 1 view .LVU215
 309:Drivers/STM32G4xx_HAL_Driver/Src/stm32g4xx_hal_gpio.c ****     {
 576              		.loc 1 309 8 is_stmt 0 view .LVU216
 577 0070 12EA0107 		ands	r7, r2, r1
 578              	.LVL54:
 309:Drivers/STM32G4xx_HAL_Driver/Src/stm32g4xx_hal_gpio.c ****     {
 579              		.loc 1 309 8 view .LVU217
 580 0074 F6D0     		beq	.L30
 314:Drivers/STM32G4xx_HAL_Driver/Src/stm32g4xx_hal_gpio.c ****       tmp &= (0x0FUL << (4U * (position & 0x03U)));
 581              		.loc 1 314 7 is_stmt 1 view .LVU218
 314:Drivers/STM32G4xx_HAL_Driver/Src/stm32g4xx_hal_gpio.c ****       tmp &= (0x0FUL << (4U * (position & 0x03U)));
 582              		.loc 1 314 37 is_stmt 0 view .LVU219
 583 0076 4FEA930E 		lsr	lr, r3, #2
 314:Drivers/STM32G4xx_HAL_Driver/Src/stm32g4xx_hal_gpio.c ****       tmp &= (0x0FUL << (4U * (position & 0x03U)));
 584              		.loc 1 314 11 view .LVU220
 585 007a 0EF10205 		add	r5, lr, #2
 586 007e 244C     		ldr	r4, .L47
 587 0080 54F82540 		ldr	r4, [r4, r5, lsl #2]
 588              	.LVL55:
 315:Drivers/STM32G4xx_HAL_Driver/Src/stm32g4xx_hal_gpio.c ****       if (tmp == (GPIO_GET_INDEX(GPIOx) << (4U * (position & 0x03U))))
 589              		.loc 1 315 7 is_stmt 1 view .LVU221
 315:Drivers/STM32G4xx_HAL_Driver/Src/stm32g4xx_hal_gpio.c ****       if (tmp == (GPIO_GET_INDEX(GPIOx) << (4U * (position & 0x03U))))
 590              		.loc 1 315 41 is_stmt 0 view .LVU222
 591 0084 03F0030C 		and	ip, r3, #3
 315:Drivers/STM32G4xx_HAL_Driver/Src/stm32g4xx_hal_gpio.c ****       if (tmp == (GPIO_GET_INDEX(GPIOx) << (4U * (position & 0x03U))))
 592              		.loc 1 315 29 view .LVU223
 593 0088 4FEA8C0C 		lsl	ip, ip, #2
 315:Drivers/STM32G4xx_HAL_Driver/Src/stm32g4xx_hal_gpio.c ****       if (tmp == (GPIO_GET_INDEX(GPIOx) << (4U * (position & 0x03U))))
 594              		.loc 1 315 22 view .LVU224
ARM GAS  /tmp/ccuyu1K5.s 			page 19


 595 008c 0F25     		movs	r5, #15
 596 008e 05FA0CF6 		lsl	r6, r5, ip
 315:Drivers/STM32G4xx_HAL_Driver/Src/stm32g4xx_hal_gpio.c ****       if (tmp == (GPIO_GET_INDEX(GPIOx) << (4U * (position & 0x03U))))
 597              		.loc 1 315 11 view .LVU225
 598 0092 3440     		ands	r4, r4, r6
 599              	.LVL56:
 316:Drivers/STM32G4xx_HAL_Driver/Src/stm32g4xx_hal_gpio.c ****       {
 600              		.loc 1 316 7 is_stmt 1 view .LVU226
 316:Drivers/STM32G4xx_HAL_Driver/Src/stm32g4xx_hal_gpio.c ****       {
 601              		.loc 1 316 19 is_stmt 0 view .LVU227
 602 0094 B0F1904F 		cmp	r0, #1207959552
 603 0098 BBD0     		beq	.L34
 316:Drivers/STM32G4xx_HAL_Driver/Src/stm32g4xx_hal_gpio.c ****       {
 604              		.loc 1 316 19 discriminator 1 view .LVU228
 605 009a 1E4D     		ldr	r5, .L47+4
 606 009c A842     		cmp	r0, r5
 607 009e 11D0     		beq	.L35
 316:Drivers/STM32G4xx_HAL_Driver/Src/stm32g4xx_hal_gpio.c ****       {
 608              		.loc 1 316 19 discriminator 3 view .LVU229
 609 00a0 05F58065 		add	r5, r5, #1024
 610 00a4 A842     		cmp	r0, r5
 611 00a6 0FD0     		beq	.L36
 316:Drivers/STM32G4xx_HAL_Driver/Src/stm32g4xx_hal_gpio.c ****       {
 612              		.loc 1 316 19 discriminator 5 view .LVU230
 613 00a8 05F58065 		add	r5, r5, #1024
 614 00ac A842     		cmp	r0, r5
 615 00ae 0DD0     		beq	.L37
 316:Drivers/STM32G4xx_HAL_Driver/Src/stm32g4xx_hal_gpio.c ****       {
 616              		.loc 1 316 19 discriminator 7 view .LVU231
 617 00b0 05F58065 		add	r5, r5, #1024
 618 00b4 A842     		cmp	r0, r5
 619 00b6 0BD0     		beq	.L38
 316:Drivers/STM32G4xx_HAL_Driver/Src/stm32g4xx_hal_gpio.c ****       {
 620              		.loc 1 316 19 discriminator 9 view .LVU232
 621 00b8 05F58065 		add	r5, r5, #1024
 622 00bc A842     		cmp	r0, r5
 623 00be A6D0     		beq	.L46
 316:Drivers/STM32G4xx_HAL_Driver/Src/stm32g4xx_hal_gpio.c ****       {
 624              		.loc 1 316 19 discriminator 12 view .LVU233
 625 00c0 0625     		movs	r5, #6
 626 00c2 A7E7     		b	.L31
 627              	.L35:
 316:Drivers/STM32G4xx_HAL_Driver/Src/stm32g4xx_hal_gpio.c ****       {
 628              		.loc 1 316 19 discriminator 4 view .LVU234
 629 00c4 0125     		movs	r5, #1
 630 00c6 A5E7     		b	.L31
 631              	.L36:
 316:Drivers/STM32G4xx_HAL_Driver/Src/stm32g4xx_hal_gpio.c ****       {
 632              		.loc 1 316 19 discriminator 6 view .LVU235
 633 00c8 0225     		movs	r5, #2
 634 00ca A3E7     		b	.L31
 635              	.L37:
 316:Drivers/STM32G4xx_HAL_Driver/Src/stm32g4xx_hal_gpio.c ****       {
 636              		.loc 1 316 19 discriminator 8 view .LVU236
 637 00cc 0325     		movs	r5, #3
 638 00ce A1E7     		b	.L31
 639              	.L38:
ARM GAS  /tmp/ccuyu1K5.s 			page 20


 316:Drivers/STM32G4xx_HAL_Driver/Src/stm32g4xx_hal_gpio.c ****       {
 640              		.loc 1 316 19 discriminator 10 view .LVU237
 641 00d0 0425     		movs	r5, #4
 642 00d2 9FE7     		b	.L31
 643              	.L44:
 319:Drivers/STM32G4xx_HAL_Driver/Src/stm32g4xx_hal_gpio.c ****         EXTI->EMR1 &= ~(iocurrent);
 644              		.loc 1 319 9 is_stmt 1 view .LVU238
 319:Drivers/STM32G4xx_HAL_Driver/Src/stm32g4xx_hal_gpio.c ****         EXTI->EMR1 &= ~(iocurrent);
 645              		.loc 1 319 13 is_stmt 0 view .LVU239
 646 00d4 104C     		ldr	r4, .L47+8
 647              	.LVL57:
 319:Drivers/STM32G4xx_HAL_Driver/Src/stm32g4xx_hal_gpio.c ****         EXTI->EMR1 &= ~(iocurrent);
 648              		.loc 1 319 13 view .LVU240
 649 00d6 2568     		ldr	r5, [r4]
 319:Drivers/STM32G4xx_HAL_Driver/Src/stm32g4xx_hal_gpio.c ****         EXTI->EMR1 &= ~(iocurrent);
 650              		.loc 1 319 20 view .LVU241
 651 00d8 25EA0705 		bic	r5, r5, r7
 652 00dc 2560     		str	r5, [r4]
 320:Drivers/STM32G4xx_HAL_Driver/Src/stm32g4xx_hal_gpio.c **** 
 653              		.loc 1 320 9 is_stmt 1 view .LVU242
 320:Drivers/STM32G4xx_HAL_Driver/Src/stm32g4xx_hal_gpio.c **** 
 654              		.loc 1 320 13 is_stmt 0 view .LVU243
 655 00de 6568     		ldr	r5, [r4, #4]
 320:Drivers/STM32G4xx_HAL_Driver/Src/stm32g4xx_hal_gpio.c **** 
 656              		.loc 1 320 20 view .LVU244
 657 00e0 25EA0705 		bic	r5, r5, r7
 658 00e4 6560     		str	r5, [r4, #4]
 323:Drivers/STM32G4xx_HAL_Driver/Src/stm32g4xx_hal_gpio.c ****         EXTI->RTSR1 &= ~(iocurrent);
 659              		.loc 1 323 9 is_stmt 1 view .LVU245
 323:Drivers/STM32G4xx_HAL_Driver/Src/stm32g4xx_hal_gpio.c ****         EXTI->RTSR1 &= ~(iocurrent);
 660              		.loc 1 323 13 is_stmt 0 view .LVU246
 661 00e6 E568     		ldr	r5, [r4, #12]
 323:Drivers/STM32G4xx_HAL_Driver/Src/stm32g4xx_hal_gpio.c ****         EXTI->RTSR1 &= ~(iocurrent);
 662              		.loc 1 323 21 view .LVU247
 663 00e8 25EA0705 		bic	r5, r5, r7
 664 00ec E560     		str	r5, [r4, #12]
 324:Drivers/STM32G4xx_HAL_Driver/Src/stm32g4xx_hal_gpio.c **** 
 665              		.loc 1 324 9 is_stmt 1 view .LVU248
 324:Drivers/STM32G4xx_HAL_Driver/Src/stm32g4xx_hal_gpio.c **** 
 666              		.loc 1 324 13 is_stmt 0 view .LVU249
 667 00ee A568     		ldr	r5, [r4, #8]
 324:Drivers/STM32G4xx_HAL_Driver/Src/stm32g4xx_hal_gpio.c **** 
 668              		.loc 1 324 21 view .LVU250
 669 00f0 25EA0705 		bic	r5, r5, r7
 670 00f4 A560     		str	r5, [r4, #8]
 326:Drivers/STM32G4xx_HAL_Driver/Src/stm32g4xx_hal_gpio.c ****         SYSCFG->EXTICR[position >> 2U] &= ~tmp;
 671              		.loc 1 326 9 is_stmt 1 view .LVU251
 672              	.LVL58:
 327:Drivers/STM32G4xx_HAL_Driver/Src/stm32g4xx_hal_gpio.c ****       }
 673              		.loc 1 327 9 view .LVU252
 327:Drivers/STM32G4xx_HAL_Driver/Src/stm32g4xx_hal_gpio.c ****       }
 674              		.loc 1 327 23 is_stmt 0 view .LVU253
 675 00f6 064F     		ldr	r7, .L47
 676              	.LVL59:
 327:Drivers/STM32G4xx_HAL_Driver/Src/stm32g4xx_hal_gpio.c ****       }
 677              		.loc 1 327 23 view .LVU254
 678 00f8 0EF10204 		add	r4, lr, #2
ARM GAS  /tmp/ccuyu1K5.s 			page 21


 679 00fc 57F82450 		ldr	r5, [r7, r4, lsl #2]
 327:Drivers/STM32G4xx_HAL_Driver/Src/stm32g4xx_hal_gpio.c ****       }
 680              		.loc 1 327 40 view .LVU255
 681 0100 25EA0605 		bic	r5, r5, r6
 682 0104 47F82450 		str	r5, [r7, r4, lsl #2]
 683 0108 88E7     		b	.L32
 684              	.LVL60:
 685              	.L45:
 348:Drivers/STM32G4xx_HAL_Driver/Src/stm32g4xx_hal_gpio.c ****   }
 349:Drivers/STM32G4xx_HAL_Driver/Src/stm32g4xx_hal_gpio.c **** }
 686              		.loc 1 349 1 view .LVU256
 687 010a F0BD     		pop	{r4, r5, r6, r7, pc}
 688              	.LVL61:
 689              	.L43:
 690              		.cfi_def_cfa_offset 0
 691              		.cfi_restore 4
 692              		.cfi_restore 5
 693              		.cfi_restore 6
 694              		.cfi_restore 7
 695              		.cfi_restore 14
 696              		.loc 1 349 1 view .LVU257
 697 010c 7047     		bx	lr
 698              	.L48:
 699 010e 00BF     		.align	2
 700              	.L47:
 701 0110 00000140 		.word	1073807360
 702 0114 00040048 		.word	1207960576
 703 0118 00040140 		.word	1073808384
 704              		.cfi_endproc
 705              	.LFE133:
 707              		.section	.text.HAL_GPIO_ReadPin,"ax",%progbits
 708              		.align	1
 709              		.global	HAL_GPIO_ReadPin
 710              		.syntax unified
 711              		.thumb
 712              		.thumb_func
 714              	HAL_GPIO_ReadPin:
 715              	.LVL62:
 716              	.LFB134:
 350:Drivers/STM32G4xx_HAL_Driver/Src/stm32g4xx_hal_gpio.c **** 
 351:Drivers/STM32G4xx_HAL_Driver/Src/stm32g4xx_hal_gpio.c **** /**
 352:Drivers/STM32G4xx_HAL_Driver/Src/stm32g4xx_hal_gpio.c ****   * @}
 353:Drivers/STM32G4xx_HAL_Driver/Src/stm32g4xx_hal_gpio.c ****   */
 354:Drivers/STM32G4xx_HAL_Driver/Src/stm32g4xx_hal_gpio.c **** 
 355:Drivers/STM32G4xx_HAL_Driver/Src/stm32g4xx_hal_gpio.c **** /** @addtogroup GPIO_Exported_Functions_Group2
 356:Drivers/STM32G4xx_HAL_Driver/Src/stm32g4xx_hal_gpio.c ****   *  @brief GPIO Read, Write, Toggle, Lock and EXTI management functions.
 357:Drivers/STM32G4xx_HAL_Driver/Src/stm32g4xx_hal_gpio.c ****   *
 358:Drivers/STM32G4xx_HAL_Driver/Src/stm32g4xx_hal_gpio.c **** @verbatim
 359:Drivers/STM32G4xx_HAL_Driver/Src/stm32g4xx_hal_gpio.c ****  ===============================================================================
 360:Drivers/STM32G4xx_HAL_Driver/Src/stm32g4xx_hal_gpio.c ****                        ##### IO operation functions #####
 361:Drivers/STM32G4xx_HAL_Driver/Src/stm32g4xx_hal_gpio.c ****  ===============================================================================
 362:Drivers/STM32G4xx_HAL_Driver/Src/stm32g4xx_hal_gpio.c **** 
 363:Drivers/STM32G4xx_HAL_Driver/Src/stm32g4xx_hal_gpio.c **** @endverbatim
 364:Drivers/STM32G4xx_HAL_Driver/Src/stm32g4xx_hal_gpio.c ****   * @{
 365:Drivers/STM32G4xx_HAL_Driver/Src/stm32g4xx_hal_gpio.c ****   */
 366:Drivers/STM32G4xx_HAL_Driver/Src/stm32g4xx_hal_gpio.c **** 
 367:Drivers/STM32G4xx_HAL_Driver/Src/stm32g4xx_hal_gpio.c **** /**
ARM GAS  /tmp/ccuyu1K5.s 			page 22


 368:Drivers/STM32G4xx_HAL_Driver/Src/stm32g4xx_hal_gpio.c ****   * @brief  Read the specified input port pin.
 369:Drivers/STM32G4xx_HAL_Driver/Src/stm32g4xx_hal_gpio.c ****   * @param  GPIOx where x can be (A..G) to select the GPIO peripheral for STM32G4xx family
 370:Drivers/STM32G4xx_HAL_Driver/Src/stm32g4xx_hal_gpio.c ****   * @param  GPIO_Pin specifies the port bit to read.
 371:Drivers/STM32G4xx_HAL_Driver/Src/stm32g4xx_hal_gpio.c ****   *         This parameter can be any combination of GPIO_PIN_x where x can be (0..15).
 372:Drivers/STM32G4xx_HAL_Driver/Src/stm32g4xx_hal_gpio.c ****   * @retval The input port pin value.
 373:Drivers/STM32G4xx_HAL_Driver/Src/stm32g4xx_hal_gpio.c ****   */
 374:Drivers/STM32G4xx_HAL_Driver/Src/stm32g4xx_hal_gpio.c **** GPIO_PinState HAL_GPIO_ReadPin(GPIO_TypeDef const *GPIOx, uint16_t GPIO_Pin)
 375:Drivers/STM32G4xx_HAL_Driver/Src/stm32g4xx_hal_gpio.c **** {
 717              		.loc 1 375 1 is_stmt 1 view -0
 718              		.cfi_startproc
 719              		@ args = 0, pretend = 0, frame = 0
 720              		@ frame_needed = 0, uses_anonymous_args = 0
 721              		@ link register save eliminated.
 376:Drivers/STM32G4xx_HAL_Driver/Src/stm32g4xx_hal_gpio.c ****   GPIO_PinState bitstatus;
 722              		.loc 1 376 3 view .LVU259
 377:Drivers/STM32G4xx_HAL_Driver/Src/stm32g4xx_hal_gpio.c **** 
 378:Drivers/STM32G4xx_HAL_Driver/Src/stm32g4xx_hal_gpio.c ****   /* Check the parameters */
 379:Drivers/STM32G4xx_HAL_Driver/Src/stm32g4xx_hal_gpio.c ****   assert_param(IS_GPIO_PIN(GPIO_Pin));
 723              		.loc 1 379 3 view .LVU260
 380:Drivers/STM32G4xx_HAL_Driver/Src/stm32g4xx_hal_gpio.c **** 
 381:Drivers/STM32G4xx_HAL_Driver/Src/stm32g4xx_hal_gpio.c ****   if ((GPIOx->IDR & GPIO_Pin) != 0x00U)
 724              		.loc 1 381 3 view .LVU261
 725              		.loc 1 381 13 is_stmt 0 view .LVU262
 726 0000 0369     		ldr	r3, [r0, #16]
 727              		.loc 1 381 6 view .LVU263
 728 0002 1942     		tst	r1, r3
 729 0004 01D0     		beq	.L51
 382:Drivers/STM32G4xx_HAL_Driver/Src/stm32g4xx_hal_gpio.c ****   {
 383:Drivers/STM32G4xx_HAL_Driver/Src/stm32g4xx_hal_gpio.c ****     bitstatus = GPIO_PIN_SET;
 730              		.loc 1 383 15 view .LVU264
 731 0006 0120     		movs	r0, #1
 732              	.LVL63:
 733              		.loc 1 383 15 view .LVU265
 734 0008 7047     		bx	lr
 735              	.LVL64:
 736              	.L51:
 384:Drivers/STM32G4xx_HAL_Driver/Src/stm32g4xx_hal_gpio.c ****   }
 385:Drivers/STM32G4xx_HAL_Driver/Src/stm32g4xx_hal_gpio.c ****   else
 386:Drivers/STM32G4xx_HAL_Driver/Src/stm32g4xx_hal_gpio.c ****   {
 387:Drivers/STM32G4xx_HAL_Driver/Src/stm32g4xx_hal_gpio.c ****     bitstatus = GPIO_PIN_RESET;
 737              		.loc 1 387 15 view .LVU266
 738 000a 0020     		movs	r0, #0
 739              	.LVL65:
 388:Drivers/STM32G4xx_HAL_Driver/Src/stm32g4xx_hal_gpio.c ****   }
 389:Drivers/STM32G4xx_HAL_Driver/Src/stm32g4xx_hal_gpio.c ****   return bitstatus;
 740              		.loc 1 389 3 is_stmt 1 view .LVU267
 390:Drivers/STM32G4xx_HAL_Driver/Src/stm32g4xx_hal_gpio.c **** }
 741              		.loc 1 390 1 is_stmt 0 view .LVU268
 742 000c 7047     		bx	lr
 743              		.cfi_endproc
 744              	.LFE134:
 746              		.section	.text.HAL_GPIO_WritePin,"ax",%progbits
 747              		.align	1
 748              		.global	HAL_GPIO_WritePin
 749              		.syntax unified
 750              		.thumb
 751              		.thumb_func
ARM GAS  /tmp/ccuyu1K5.s 			page 23


 753              	HAL_GPIO_WritePin:
 754              	.LVL66:
 755              	.LFB135:
 391:Drivers/STM32G4xx_HAL_Driver/Src/stm32g4xx_hal_gpio.c **** 
 392:Drivers/STM32G4xx_HAL_Driver/Src/stm32g4xx_hal_gpio.c **** /**
 393:Drivers/STM32G4xx_HAL_Driver/Src/stm32g4xx_hal_gpio.c ****   * @brief  Set or clear the selected data port bit.
 394:Drivers/STM32G4xx_HAL_Driver/Src/stm32g4xx_hal_gpio.c ****   *
 395:Drivers/STM32G4xx_HAL_Driver/Src/stm32g4xx_hal_gpio.c ****   * @note   This function uses GPIOx_BSRR and GPIOx_BRR registers to allow atomic read/modify
 396:Drivers/STM32G4xx_HAL_Driver/Src/stm32g4xx_hal_gpio.c ****   *         accesses. In this way, there is no risk of an IRQ occurring between
 397:Drivers/STM32G4xx_HAL_Driver/Src/stm32g4xx_hal_gpio.c ****   *         the read and the modify access.
 398:Drivers/STM32G4xx_HAL_Driver/Src/stm32g4xx_hal_gpio.c ****   *
 399:Drivers/STM32G4xx_HAL_Driver/Src/stm32g4xx_hal_gpio.c ****   * @param  GPIOx where x can be (A..G) to select the GPIO peripheral for STM32G4xx family
 400:Drivers/STM32G4xx_HAL_Driver/Src/stm32g4xx_hal_gpio.c ****   * @param  GPIO_Pin specifies the port bit to be written.
 401:Drivers/STM32G4xx_HAL_Driver/Src/stm32g4xx_hal_gpio.c ****   *         This parameter can be any combination of GPIO_PIN_x where x can be (0..15).
 402:Drivers/STM32G4xx_HAL_Driver/Src/stm32g4xx_hal_gpio.c ****   * @param  PinState specifies the value to be written to the selected bit.
 403:Drivers/STM32G4xx_HAL_Driver/Src/stm32g4xx_hal_gpio.c ****   *         This parameter can be one of the GPIO_PinState enum values:
 404:Drivers/STM32G4xx_HAL_Driver/Src/stm32g4xx_hal_gpio.c ****   *            @arg GPIO_PIN_RESET: to clear the port pin
 405:Drivers/STM32G4xx_HAL_Driver/Src/stm32g4xx_hal_gpio.c ****   *            @arg GPIO_PIN_SET: to set the port pin
 406:Drivers/STM32G4xx_HAL_Driver/Src/stm32g4xx_hal_gpio.c ****   * @retval None
 407:Drivers/STM32G4xx_HAL_Driver/Src/stm32g4xx_hal_gpio.c ****   */
 408:Drivers/STM32G4xx_HAL_Driver/Src/stm32g4xx_hal_gpio.c **** void HAL_GPIO_WritePin(GPIO_TypeDef *GPIOx, uint16_t GPIO_Pin, GPIO_PinState PinState)
 409:Drivers/STM32G4xx_HAL_Driver/Src/stm32g4xx_hal_gpio.c **** {
 756              		.loc 1 409 1 is_stmt 1 view -0
 757              		.cfi_startproc
 758              		@ args = 0, pretend = 0, frame = 0
 759              		@ frame_needed = 0, uses_anonymous_args = 0
 760              		@ link register save eliminated.
 410:Drivers/STM32G4xx_HAL_Driver/Src/stm32g4xx_hal_gpio.c ****   /* Check the parameters */
 411:Drivers/STM32G4xx_HAL_Driver/Src/stm32g4xx_hal_gpio.c ****   assert_param(IS_GPIO_PIN(GPIO_Pin));
 761              		.loc 1 411 3 view .LVU270
 412:Drivers/STM32G4xx_HAL_Driver/Src/stm32g4xx_hal_gpio.c ****   assert_param(IS_GPIO_PIN_ACTION(PinState));
 762              		.loc 1 412 3 view .LVU271
 413:Drivers/STM32G4xx_HAL_Driver/Src/stm32g4xx_hal_gpio.c **** 
 414:Drivers/STM32G4xx_HAL_Driver/Src/stm32g4xx_hal_gpio.c ****   if (PinState != GPIO_PIN_RESET)
 763              		.loc 1 414 3 view .LVU272
 764              		.loc 1 414 6 is_stmt 0 view .LVU273
 765 0000 0AB1     		cbz	r2, .L53
 415:Drivers/STM32G4xx_HAL_Driver/Src/stm32g4xx_hal_gpio.c ****   {
 416:Drivers/STM32G4xx_HAL_Driver/Src/stm32g4xx_hal_gpio.c ****     GPIOx->BSRR = (uint32_t)GPIO_Pin;
 766              		.loc 1 416 5 is_stmt 1 view .LVU274
 767              		.loc 1 416 17 is_stmt 0 view .LVU275
 768 0002 8161     		str	r1, [r0, #24]
 769 0004 7047     		bx	lr
 770              	.L53:
 417:Drivers/STM32G4xx_HAL_Driver/Src/stm32g4xx_hal_gpio.c ****   }
 418:Drivers/STM32G4xx_HAL_Driver/Src/stm32g4xx_hal_gpio.c ****   else
 419:Drivers/STM32G4xx_HAL_Driver/Src/stm32g4xx_hal_gpio.c ****   {
 420:Drivers/STM32G4xx_HAL_Driver/Src/stm32g4xx_hal_gpio.c ****     GPIOx->BRR = (uint32_t)GPIO_Pin;
 771              		.loc 1 420 5 is_stmt 1 view .LVU276
 772              		.loc 1 420 16 is_stmt 0 view .LVU277
 773 0006 8162     		str	r1, [r0, #40]
 421:Drivers/STM32G4xx_HAL_Driver/Src/stm32g4xx_hal_gpio.c ****   }
 422:Drivers/STM32G4xx_HAL_Driver/Src/stm32g4xx_hal_gpio.c **** }
 774              		.loc 1 422 1 view .LVU278
 775 0008 7047     		bx	lr
 776              		.cfi_endproc
 777              	.LFE135:
ARM GAS  /tmp/ccuyu1K5.s 			page 24


 779              		.section	.text.HAL_GPIO_TogglePin,"ax",%progbits
 780              		.align	1
 781              		.global	HAL_GPIO_TogglePin
 782              		.syntax unified
 783              		.thumb
 784              		.thumb_func
 786              	HAL_GPIO_TogglePin:
 787              	.LVL67:
 788              	.LFB136:
 423:Drivers/STM32G4xx_HAL_Driver/Src/stm32g4xx_hal_gpio.c **** 
 424:Drivers/STM32G4xx_HAL_Driver/Src/stm32g4xx_hal_gpio.c **** /**
 425:Drivers/STM32G4xx_HAL_Driver/Src/stm32g4xx_hal_gpio.c ****   * @brief  Toggle the specified GPIO pin.
 426:Drivers/STM32G4xx_HAL_Driver/Src/stm32g4xx_hal_gpio.c ****   * @param  GPIOx where x can be (A..G) to select the GPIO peripheral for STM32G4xx family
 427:Drivers/STM32G4xx_HAL_Driver/Src/stm32g4xx_hal_gpio.c ****   * @param  GPIO_Pin specifies the pin to be toggled.
 428:Drivers/STM32G4xx_HAL_Driver/Src/stm32g4xx_hal_gpio.c ****   *         This parameter can be any combination of GPIO_PIN_x where x can be (0..15).
 429:Drivers/STM32G4xx_HAL_Driver/Src/stm32g4xx_hal_gpio.c ****   * @retval None
 430:Drivers/STM32G4xx_HAL_Driver/Src/stm32g4xx_hal_gpio.c ****   */
 431:Drivers/STM32G4xx_HAL_Driver/Src/stm32g4xx_hal_gpio.c **** void HAL_GPIO_TogglePin(GPIO_TypeDef *GPIOx, uint16_t GPIO_Pin)
 432:Drivers/STM32G4xx_HAL_Driver/Src/stm32g4xx_hal_gpio.c **** {
 789              		.loc 1 432 1 is_stmt 1 view -0
 790              		.cfi_startproc
 791              		@ args = 0, pretend = 0, frame = 0
 792              		@ frame_needed = 0, uses_anonymous_args = 0
 793              		@ link register save eliminated.
 433:Drivers/STM32G4xx_HAL_Driver/Src/stm32g4xx_hal_gpio.c ****   uint32_t odr;
 794              		.loc 1 433 3 view .LVU280
 434:Drivers/STM32G4xx_HAL_Driver/Src/stm32g4xx_hal_gpio.c **** 
 435:Drivers/STM32G4xx_HAL_Driver/Src/stm32g4xx_hal_gpio.c ****   /* Check the parameters */
 436:Drivers/STM32G4xx_HAL_Driver/Src/stm32g4xx_hal_gpio.c ****   assert_param(IS_GPIO_PIN(GPIO_Pin));
 795              		.loc 1 436 3 view .LVU281
 437:Drivers/STM32G4xx_HAL_Driver/Src/stm32g4xx_hal_gpio.c **** 
 438:Drivers/STM32G4xx_HAL_Driver/Src/stm32g4xx_hal_gpio.c ****   /* get current Output Data Register value */
 439:Drivers/STM32G4xx_HAL_Driver/Src/stm32g4xx_hal_gpio.c ****   odr = GPIOx->ODR;
 796              		.loc 1 439 3 view .LVU282
 797              		.loc 1 439 7 is_stmt 0 view .LVU283
 798 0000 4369     		ldr	r3, [r0, #20]
 799              	.LVL68:
 440:Drivers/STM32G4xx_HAL_Driver/Src/stm32g4xx_hal_gpio.c **** 
 441:Drivers/STM32G4xx_HAL_Driver/Src/stm32g4xx_hal_gpio.c ****   /* Set selected pins that were at low level, and reset ones that were high */
 442:Drivers/STM32G4xx_HAL_Driver/Src/stm32g4xx_hal_gpio.c ****   GPIOx->BSRR = ((odr & GPIO_Pin) << GPIO_NUMBER) | (~odr & GPIO_Pin);
 800              		.loc 1 442 3 is_stmt 1 view .LVU284
 801              		.loc 1 442 23 is_stmt 0 view .LVU285
 802 0002 01EA0302 		and	r2, r1, r3
 803              		.loc 1 442 59 view .LVU286
 804 0006 21EA0301 		bic	r1, r1, r3
 805              	.LVL69:
 806              		.loc 1 442 51 view .LVU287
 807 000a 41EA0241 		orr	r1, r1, r2, lsl #16
 808              		.loc 1 442 15 view .LVU288
 809 000e 8161     		str	r1, [r0, #24]
 443:Drivers/STM32G4xx_HAL_Driver/Src/stm32g4xx_hal_gpio.c **** }
 810              		.loc 1 443 1 view .LVU289
 811 0010 7047     		bx	lr
 812              		.cfi_endproc
 813              	.LFE136:
 815              		.section	.text.HAL_GPIO_LockPin,"ax",%progbits
 816              		.align	1
ARM GAS  /tmp/ccuyu1K5.s 			page 25


 817              		.global	HAL_GPIO_LockPin
 818              		.syntax unified
 819              		.thumb
 820              		.thumb_func
 822              	HAL_GPIO_LockPin:
 823              	.LVL70:
 824              	.LFB137:
 444:Drivers/STM32G4xx_HAL_Driver/Src/stm32g4xx_hal_gpio.c **** 
 445:Drivers/STM32G4xx_HAL_Driver/Src/stm32g4xx_hal_gpio.c **** /**
 446:Drivers/STM32G4xx_HAL_Driver/Src/stm32g4xx_hal_gpio.c ****   * @brief  Lock GPIO Pins configuration registers.
 447:Drivers/STM32G4xx_HAL_Driver/Src/stm32g4xx_hal_gpio.c ****   * @note   The locked registers are GPIOx_MODER, GPIOx_OTYPER, GPIOx_OSPEEDR,
 448:Drivers/STM32G4xx_HAL_Driver/Src/stm32g4xx_hal_gpio.c ****   *         GPIOx_PUPDR, GPIOx_AFRL and GPIOx_AFRH.
 449:Drivers/STM32G4xx_HAL_Driver/Src/stm32g4xx_hal_gpio.c ****   * @note   The configuration of the locked GPIO pins can no longer be modified
 450:Drivers/STM32G4xx_HAL_Driver/Src/stm32g4xx_hal_gpio.c ****   *         until the next reset.
 451:Drivers/STM32G4xx_HAL_Driver/Src/stm32g4xx_hal_gpio.c ****   * @param  GPIOx where x can be (A..G) to select the GPIO peripheral for STM32G4xx family
 452:Drivers/STM32G4xx_HAL_Driver/Src/stm32g4xx_hal_gpio.c ****   * @param  GPIO_Pin specifies the port bits to be locked.
 453:Drivers/STM32G4xx_HAL_Driver/Src/stm32g4xx_hal_gpio.c ****   *         This parameter can be any combination of GPIO_PIN_x where x can be (0..15).
 454:Drivers/STM32G4xx_HAL_Driver/Src/stm32g4xx_hal_gpio.c ****   * @retval None
 455:Drivers/STM32G4xx_HAL_Driver/Src/stm32g4xx_hal_gpio.c ****   */
 456:Drivers/STM32G4xx_HAL_Driver/Src/stm32g4xx_hal_gpio.c **** HAL_StatusTypeDef HAL_GPIO_LockPin(GPIO_TypeDef *GPIOx, uint16_t GPIO_Pin)
 457:Drivers/STM32G4xx_HAL_Driver/Src/stm32g4xx_hal_gpio.c **** {
 825              		.loc 1 457 1 is_stmt 1 view -0
 826              		.cfi_startproc
 827              		@ args = 0, pretend = 0, frame = 8
 828              		@ frame_needed = 0, uses_anonymous_args = 0
 829              		@ link register save eliminated.
 830              		.loc 1 457 1 is_stmt 0 view .LVU291
 831 0000 82B0     		sub	sp, sp, #8
 832              		.cfi_def_cfa_offset 8
 458:Drivers/STM32G4xx_HAL_Driver/Src/stm32g4xx_hal_gpio.c ****   __IO uint32_t tmp = GPIO_LCKR_LCKK;
 833              		.loc 1 458 3 is_stmt 1 view .LVU292
 834              		.loc 1 458 17 is_stmt 0 view .LVU293
 835 0002 4FF48033 		mov	r3, #65536
 836 0006 0193     		str	r3, [sp, #4]
 459:Drivers/STM32G4xx_HAL_Driver/Src/stm32g4xx_hal_gpio.c **** 
 460:Drivers/STM32G4xx_HAL_Driver/Src/stm32g4xx_hal_gpio.c ****   /* Check the parameters */
 461:Drivers/STM32G4xx_HAL_Driver/Src/stm32g4xx_hal_gpio.c ****   assert_param(IS_GPIO_LOCK_INSTANCE(GPIOx));
 837              		.loc 1 461 3 is_stmt 1 view .LVU294
 462:Drivers/STM32G4xx_HAL_Driver/Src/stm32g4xx_hal_gpio.c ****   assert_param(IS_GPIO_PIN(GPIO_Pin));
 838              		.loc 1 462 3 view .LVU295
 463:Drivers/STM32G4xx_HAL_Driver/Src/stm32g4xx_hal_gpio.c **** 
 464:Drivers/STM32G4xx_HAL_Driver/Src/stm32g4xx_hal_gpio.c ****   /* Apply lock key write sequence */
 465:Drivers/STM32G4xx_HAL_Driver/Src/stm32g4xx_hal_gpio.c ****   tmp |= GPIO_Pin;
 839              		.loc 1 465 3 view .LVU296
 840              		.loc 1 465 7 is_stmt 0 view .LVU297
 841 0008 019B     		ldr	r3, [sp, #4]
 842 000a 0B43     		orrs	r3, r3, r1
 843 000c 0193     		str	r3, [sp, #4]
 466:Drivers/STM32G4xx_HAL_Driver/Src/stm32g4xx_hal_gpio.c ****   /* Set LCKx bit(s): LCKK='1' + LCK[15-0] */
 467:Drivers/STM32G4xx_HAL_Driver/Src/stm32g4xx_hal_gpio.c ****   GPIOx->LCKR = tmp;
 844              		.loc 1 467 3 is_stmt 1 view .LVU298
 845              		.loc 1 467 15 is_stmt 0 view .LVU299
 846 000e 019B     		ldr	r3, [sp, #4]
 847 0010 C361     		str	r3, [r0, #28]
 468:Drivers/STM32G4xx_HAL_Driver/Src/stm32g4xx_hal_gpio.c ****   /* Reset LCKx bit(s): LCKK='0' + LCK[15-0] */
 469:Drivers/STM32G4xx_HAL_Driver/Src/stm32g4xx_hal_gpio.c ****   GPIOx->LCKR = GPIO_Pin;
 848              		.loc 1 469 3 is_stmt 1 view .LVU300
ARM GAS  /tmp/ccuyu1K5.s 			page 26


 849              		.loc 1 469 15 is_stmt 0 view .LVU301
 850 0012 C161     		str	r1, [r0, #28]
 470:Drivers/STM32G4xx_HAL_Driver/Src/stm32g4xx_hal_gpio.c ****   /* Set LCKx bit(s): LCKK='1' + LCK[15-0] */
 471:Drivers/STM32G4xx_HAL_Driver/Src/stm32g4xx_hal_gpio.c ****   GPIOx->LCKR = tmp;
 851              		.loc 1 471 3 is_stmt 1 view .LVU302
 852              		.loc 1 471 15 is_stmt 0 view .LVU303
 853 0014 019B     		ldr	r3, [sp, #4]
 854 0016 C361     		str	r3, [r0, #28]
 472:Drivers/STM32G4xx_HAL_Driver/Src/stm32g4xx_hal_gpio.c ****   /* Read LCKK register. This read is mandatory to complete key lock sequence */
 473:Drivers/STM32G4xx_HAL_Driver/Src/stm32g4xx_hal_gpio.c ****   tmp = GPIOx->LCKR;
 855              		.loc 1 473 3 is_stmt 1 view .LVU304
 856              		.loc 1 473 14 is_stmt 0 view .LVU305
 857 0018 C369     		ldr	r3, [r0, #28]
 858              		.loc 1 473 7 view .LVU306
 859 001a 0193     		str	r3, [sp, #4]
 474:Drivers/STM32G4xx_HAL_Driver/Src/stm32g4xx_hal_gpio.c **** 
 475:Drivers/STM32G4xx_HAL_Driver/Src/stm32g4xx_hal_gpio.c ****   /* read again in order to confirm lock is active */
 476:Drivers/STM32G4xx_HAL_Driver/Src/stm32g4xx_hal_gpio.c ****   if ((GPIOx->LCKR & GPIO_LCKR_LCKK) != 0x00u)
 860              		.loc 1 476 3 is_stmt 1 view .LVU307
 861              		.loc 1 476 13 is_stmt 0 view .LVU308
 862 001c C369     		ldr	r3, [r0, #28]
 863              		.loc 1 476 6 view .LVU309
 864 001e 13F4803F 		tst	r3, #65536
 865 0022 02D0     		beq	.L58
 477:Drivers/STM32G4xx_HAL_Driver/Src/stm32g4xx_hal_gpio.c ****   {
 478:Drivers/STM32G4xx_HAL_Driver/Src/stm32g4xx_hal_gpio.c ****     return HAL_OK;
 866              		.loc 1 478 12 view .LVU310
 867 0024 0020     		movs	r0, #0
 868              	.LVL71:
 869              	.L57:
 479:Drivers/STM32G4xx_HAL_Driver/Src/stm32g4xx_hal_gpio.c ****   }
 480:Drivers/STM32G4xx_HAL_Driver/Src/stm32g4xx_hal_gpio.c ****   else
 481:Drivers/STM32G4xx_HAL_Driver/Src/stm32g4xx_hal_gpio.c ****   {
 482:Drivers/STM32G4xx_HAL_Driver/Src/stm32g4xx_hal_gpio.c ****     return HAL_ERROR;
 483:Drivers/STM32G4xx_HAL_Driver/Src/stm32g4xx_hal_gpio.c ****   }
 484:Drivers/STM32G4xx_HAL_Driver/Src/stm32g4xx_hal_gpio.c **** }
 870              		.loc 1 484 1 view .LVU311
 871 0026 02B0     		add	sp, sp, #8
 872              		.cfi_remember_state
 873              		.cfi_def_cfa_offset 0
 874              		@ sp needed
 875 0028 7047     		bx	lr
 876              	.LVL72:
 877              	.L58:
 878              		.cfi_restore_state
 482:Drivers/STM32G4xx_HAL_Driver/Src/stm32g4xx_hal_gpio.c ****   }
 879              		.loc 1 482 12 view .LVU312
 880 002a 0120     		movs	r0, #1
 881              	.LVL73:
 482:Drivers/STM32G4xx_HAL_Driver/Src/stm32g4xx_hal_gpio.c ****   }
 882              		.loc 1 482 12 view .LVU313
 883 002c FBE7     		b	.L57
 884              		.cfi_endproc
 885              	.LFE137:
 887              		.section	.text.HAL_GPIO_EXTI_Callback,"ax",%progbits
 888              		.align	1
 889              		.weak	HAL_GPIO_EXTI_Callback
ARM GAS  /tmp/ccuyu1K5.s 			page 27


 890              		.syntax unified
 891              		.thumb
 892              		.thumb_func
 894              	HAL_GPIO_EXTI_Callback:
 895              	.LVL74:
 896              	.LFB139:
 485:Drivers/STM32G4xx_HAL_Driver/Src/stm32g4xx_hal_gpio.c **** 
 486:Drivers/STM32G4xx_HAL_Driver/Src/stm32g4xx_hal_gpio.c **** /**
 487:Drivers/STM32G4xx_HAL_Driver/Src/stm32g4xx_hal_gpio.c ****   * @brief  Handle EXTI interrupt request.
 488:Drivers/STM32G4xx_HAL_Driver/Src/stm32g4xx_hal_gpio.c ****   * @param  GPIO_Pin Specifies the port pin connected to corresponding EXTI line.
 489:Drivers/STM32G4xx_HAL_Driver/Src/stm32g4xx_hal_gpio.c ****   * @retval None
 490:Drivers/STM32G4xx_HAL_Driver/Src/stm32g4xx_hal_gpio.c ****   */
 491:Drivers/STM32G4xx_HAL_Driver/Src/stm32g4xx_hal_gpio.c **** void HAL_GPIO_EXTI_IRQHandler(uint16_t GPIO_Pin)
 492:Drivers/STM32G4xx_HAL_Driver/Src/stm32g4xx_hal_gpio.c **** {
 493:Drivers/STM32G4xx_HAL_Driver/Src/stm32g4xx_hal_gpio.c ****   /* EXTI line interrupt detected */
 494:Drivers/STM32G4xx_HAL_Driver/Src/stm32g4xx_hal_gpio.c ****   if (__HAL_GPIO_EXTI_GET_IT(GPIO_Pin) != 0x00u)
 495:Drivers/STM32G4xx_HAL_Driver/Src/stm32g4xx_hal_gpio.c ****   {
 496:Drivers/STM32G4xx_HAL_Driver/Src/stm32g4xx_hal_gpio.c ****     __HAL_GPIO_EXTI_CLEAR_IT(GPIO_Pin);
 497:Drivers/STM32G4xx_HAL_Driver/Src/stm32g4xx_hal_gpio.c ****     HAL_GPIO_EXTI_Callback(GPIO_Pin);
 498:Drivers/STM32G4xx_HAL_Driver/Src/stm32g4xx_hal_gpio.c ****   }
 499:Drivers/STM32G4xx_HAL_Driver/Src/stm32g4xx_hal_gpio.c **** }
 500:Drivers/STM32G4xx_HAL_Driver/Src/stm32g4xx_hal_gpio.c **** 
 501:Drivers/STM32G4xx_HAL_Driver/Src/stm32g4xx_hal_gpio.c **** /**
 502:Drivers/STM32G4xx_HAL_Driver/Src/stm32g4xx_hal_gpio.c ****   * @brief  EXTI line detection callback.
 503:Drivers/STM32G4xx_HAL_Driver/Src/stm32g4xx_hal_gpio.c ****   * @param  GPIO_Pin: Specifies the port pin connected to corresponding EXTI line.
 504:Drivers/STM32G4xx_HAL_Driver/Src/stm32g4xx_hal_gpio.c ****   * @retval None
 505:Drivers/STM32G4xx_HAL_Driver/Src/stm32g4xx_hal_gpio.c ****   */
 506:Drivers/STM32G4xx_HAL_Driver/Src/stm32g4xx_hal_gpio.c **** __weak void HAL_GPIO_EXTI_Callback(uint16_t GPIO_Pin)
 507:Drivers/STM32G4xx_HAL_Driver/Src/stm32g4xx_hal_gpio.c **** {
 897              		.loc 1 507 1 is_stmt 1 view -0
 898              		.cfi_startproc
 899              		@ args = 0, pretend = 0, frame = 0
 900              		@ frame_needed = 0, uses_anonymous_args = 0
 901              		@ link register save eliminated.
 508:Drivers/STM32G4xx_HAL_Driver/Src/stm32g4xx_hal_gpio.c ****   /* Prevent unused argument(s) compilation warning */
 509:Drivers/STM32G4xx_HAL_Driver/Src/stm32g4xx_hal_gpio.c ****   UNUSED(GPIO_Pin);
 902              		.loc 1 509 3 view .LVU315
 510:Drivers/STM32G4xx_HAL_Driver/Src/stm32g4xx_hal_gpio.c **** 
 511:Drivers/STM32G4xx_HAL_Driver/Src/stm32g4xx_hal_gpio.c ****   /* NOTE: This function should not be modified, when the callback is needed,
 512:Drivers/STM32G4xx_HAL_Driver/Src/stm32g4xx_hal_gpio.c ****            the HAL_GPIO_EXTI_Callback could be implemented in the user file
 513:Drivers/STM32G4xx_HAL_Driver/Src/stm32g4xx_hal_gpio.c ****    */
 514:Drivers/STM32G4xx_HAL_Driver/Src/stm32g4xx_hal_gpio.c **** }
 903              		.loc 1 514 1 is_stmt 0 view .LVU316
 904 0000 7047     		bx	lr
 905              		.cfi_endproc
 906              	.LFE139:
 908              		.section	.text.HAL_GPIO_EXTI_IRQHandler,"ax",%progbits
 909              		.align	1
 910              		.global	HAL_GPIO_EXTI_IRQHandler
 911              		.syntax unified
 912              		.thumb
 913              		.thumb_func
 915              	HAL_GPIO_EXTI_IRQHandler:
 916              	.LVL75:
 917              	.LFB138:
 492:Drivers/STM32G4xx_HAL_Driver/Src/stm32g4xx_hal_gpio.c ****   /* EXTI line interrupt detected */
 918              		.loc 1 492 1 is_stmt 1 view -0
ARM GAS  /tmp/ccuyu1K5.s 			page 28


 919              		.cfi_startproc
 920              		@ args = 0, pretend = 0, frame = 0
 921              		@ frame_needed = 0, uses_anonymous_args = 0
 492:Drivers/STM32G4xx_HAL_Driver/Src/stm32g4xx_hal_gpio.c ****   /* EXTI line interrupt detected */
 922              		.loc 1 492 1 is_stmt 0 view .LVU318
 923 0000 08B5     		push	{r3, lr}
 924              		.cfi_def_cfa_offset 8
 925              		.cfi_offset 3, -8
 926              		.cfi_offset 14, -4
 494:Drivers/STM32G4xx_HAL_Driver/Src/stm32g4xx_hal_gpio.c ****   {
 927              		.loc 1 494 3 is_stmt 1 view .LVU319
 494:Drivers/STM32G4xx_HAL_Driver/Src/stm32g4xx_hal_gpio.c ****   {
 928              		.loc 1 494 7 is_stmt 0 view .LVU320
 929 0002 054B     		ldr	r3, .L65
 930 0004 5B69     		ldr	r3, [r3, #20]
 494:Drivers/STM32G4xx_HAL_Driver/Src/stm32g4xx_hal_gpio.c ****   {
 931              		.loc 1 494 6 view .LVU321
 932 0006 0342     		tst	r3, r0
 933 0008 00D1     		bne	.L64
 934              	.LVL76:
 935              	.L61:
 499:Drivers/STM32G4xx_HAL_Driver/Src/stm32g4xx_hal_gpio.c **** 
 936              		.loc 1 499 1 view .LVU322
 937 000a 08BD     		pop	{r3, pc}
 938              	.LVL77:
 939              	.L64:
 496:Drivers/STM32G4xx_HAL_Driver/Src/stm32g4xx_hal_gpio.c ****     HAL_GPIO_EXTI_Callback(GPIO_Pin);
 940              		.loc 1 496 5 is_stmt 1 view .LVU323
 941 000c 024B     		ldr	r3, .L65
 942 000e 5861     		str	r0, [r3, #20]
 497:Drivers/STM32G4xx_HAL_Driver/Src/stm32g4xx_hal_gpio.c ****   }
 943              		.loc 1 497 5 view .LVU324
 944 0010 FFF7FEFF 		bl	HAL_GPIO_EXTI_Callback
 945              	.LVL78:
 499:Drivers/STM32G4xx_HAL_Driver/Src/stm32g4xx_hal_gpio.c **** 
 946              		.loc 1 499 1 is_stmt 0 view .LVU325
 947 0014 F9E7     		b	.L61
 948              	.L66:
 949 0016 00BF     		.align	2
 950              	.L65:
 951 0018 00040140 		.word	1073808384
 952              		.cfi_endproc
 953              	.LFE138:
 955              		.text
 956              	.Letext0:
 957              		.file 2 "/home/charlie/.config/Code/User/globalStorage/bmd.stm32-for-vscode/@xpack-dev-tools/arm-n
 958              		.file 3 "/home/charlie/.config/Code/User/globalStorage/bmd.stm32-for-vscode/@xpack-dev-tools/arm-n
 959              		.file 4 "Drivers/CMSIS/Device/ST/STM32G4xx/Include/stm32g431xx.h"
 960              		.file 5 "Drivers/STM32G4xx_HAL_Driver/Inc/stm32g4xx_hal_def.h"
 961              		.file 6 "Drivers/STM32G4xx_HAL_Driver/Inc/stm32g4xx_hal_gpio.h"
ARM GAS  /tmp/ccuyu1K5.s 			page 29


DEFINED SYMBOLS
                            *ABS*:00000000 stm32g4xx_hal_gpio.c
     /tmp/ccuyu1K5.s:21     .text.HAL_GPIO_Init:00000000 $t
     /tmp/ccuyu1K5.s:27     .text.HAL_GPIO_Init:00000000 HAL_GPIO_Init
     /tmp/ccuyu1K5.s:456    .text.HAL_GPIO_Init:000001e4 $d
     /tmp/ccuyu1K5.s:464    .text.HAL_GPIO_DeInit:00000000 $t
     /tmp/ccuyu1K5.s:470    .text.HAL_GPIO_DeInit:00000000 HAL_GPIO_DeInit
     /tmp/ccuyu1K5.s:701    .text.HAL_GPIO_DeInit:00000110 $d
     /tmp/ccuyu1K5.s:708    .text.HAL_GPIO_ReadPin:00000000 $t
     /tmp/ccuyu1K5.s:714    .text.HAL_GPIO_ReadPin:00000000 HAL_GPIO_ReadPin
     /tmp/ccuyu1K5.s:747    .text.HAL_GPIO_WritePin:00000000 $t
     /tmp/ccuyu1K5.s:753    .text.HAL_GPIO_WritePin:00000000 HAL_GPIO_WritePin
     /tmp/ccuyu1K5.s:780    .text.HAL_GPIO_TogglePin:00000000 $t
     /tmp/ccuyu1K5.s:786    .text.HAL_GPIO_TogglePin:00000000 HAL_GPIO_TogglePin
     /tmp/ccuyu1K5.s:816    .text.HAL_GPIO_LockPin:00000000 $t
     /tmp/ccuyu1K5.s:822    .text.HAL_GPIO_LockPin:00000000 HAL_GPIO_LockPin
     /tmp/ccuyu1K5.s:888    .text.HAL_GPIO_EXTI_Callback:00000000 $t
     /tmp/ccuyu1K5.s:894    .text.HAL_GPIO_EXTI_Callback:00000000 HAL_GPIO_EXTI_Callback
     /tmp/ccuyu1K5.s:909    .text.HAL_GPIO_EXTI_IRQHandler:00000000 $t
     /tmp/ccuyu1K5.s:915    .text.HAL_GPIO_EXTI_IRQHandler:00000000 HAL_GPIO_EXTI_IRQHandler
     /tmp/ccuyu1K5.s:951    .text.HAL_GPIO_EXTI_IRQHandler:00000018 $d

NO UNDEFINED SYMBOLS
